{"current":{"colors_solid_button_labels":"#ffffff","colors_accent_1":"#9f2b68","gradient_accent_1":"","colors_accent_2":"#321748","colors_accent_3":"#be9452","colors_accent_4":"#00989b","colors_text":"#222222","colors_outline_button_labels":"#9f2b68","colors_background_1":"#ffffff","gradient_background_1":"","colors_background_2":"#fcfaf7","gradient_background_2":"","type_header_font":"lobster_n4","heading_scale":175,"type_body_font":"lobster_n4","body_scale":125,"page_width":1200,"spacing_sections":0,"spacing_grid_horizontal":40,"spacing_grid_vertical":8,"buttons_border_thickness":1,"buttons_border_opacity":100,"buttons_radius":6,"buttons_shadow_opacity":0,"buttons_shadow_horizontal_offset":0,"buttons_shadow_vertical_offset":4,"buttons_shadow_blur":5,"variant_pills_border_thickness":2,"variant_pills_border_opacity":0,"variant_pills_radius":10,"variant_pills_shadow_opacity":50,"variant_pills_shadow_horizontal_offset":0,"variant_pills_shadow_vertical_offset":4,"variant_pills_shadow_blur":5,"inputs_border_thickness":1,"inputs_border_opacity":55,"inputs_radius":0,"inputs_shadow_opacity":0,"inputs_shadow_horizontal_offset":0,"inputs_shadow_vertical_offset":4,"inputs_shadow_blur":5,"card_style":"standard","card_image_padding":0,"card_text_alignment":"center","card_color_scheme":"background-1","card_border_thickness":0,"card_border_opacity":0,"card_corner_radius":0,"card_shadow_opacity":0,"card_shadow_horizontal_offset":0,"card_shadow_vertical_offset":4,"card_shadow_blur":5,"text_boxes_border_thickness":0,"text_boxes_border_opacity":10,"text_boxes_radius":0,"text_boxes_shadow_opacity":0,"text_boxes_shadow_horizontal_offset":0,"text_boxes_shadow_vertical_offset":4,"text_boxes_shadow_blur":5,"media_border_thickness":0,"media_border_opacity":0,"media_radius":0,"media_shadow_opacity":0,"media_shadow_horizontal_offset":0,"media_shadow_vertical_offset":0,"media_shadow_blur":0,"popup_border_thickness":1,"popup_border_opacity":10,"popup_corner_radius":0,"popup_shadow_opacity":0,"popup_shadow_horizontal_offset":0,"popup_shadow_vertical_offset":4,"popup_shadow_blur":5,"drawer_border_thickness":1,"drawer_border_opacity":10,"drawer_shadow_opacity":0,"drawer_shadow_horizontal_offset":0,"drawer_shadow_vertical_offset":4,"drawer_shadow_blur":5,"badge_position":"top right","badge_corner_radius":40,"sale_badge_color_scheme":"accent-2","sold_out_badge_color_scheme":"inverse","accent_icons":"text","social_twitter_link":"","social_facebook_link":"https:\/\/dranna.com\/fb","social_pinterest_link":"https:\/\/dranna.com\/pinterest","social_instagram_link":"https:\/\/dranna.com\/ig","social_tiktok_link":"https:\/\/dranna.com\/tiktok","social_tumblr_link":"","social_snapchat_link":"","social_youtube_link":"https:\/\/dranna.com\/yt","social_vimeo_link":"","favicon":"shopify:\/\/shop_images\/DrAnna_Favicon-01_fd2fecc2-2446-448c-a37c-9db02045923e.png","subscription_title":"Regular Delivery","one_time_title":"One-time Purchase","one_time_description_ss":"[servings]-day supply delivered once.","one_time_description":"Delivered Once.","cart_type":"drawer","show_additional_checkout_buttons":false,"cart_continue_shopping":true,"free_gift_enabled":false,"cart_show_free_shipping_threshold":true,"shipping_threshold":7500,"progress_note":"You're --amount-- away from Free Shipping in the USA","progress_success":"Qualifies for Free Shipping in the USA","free_shipping_eligible_products":"Qualifies for Free Shipping in the USA","cart_show_custom_tiered_progress":false,"tiered_progress_type":"items_subtotal_price","tier_1_threshold":5000,"tier_1_progress_note":"You're --amount-- away from a Free $10 gift card","tier_2_threshold":10000,"tier_2_progress_note":"You're --amount-- away away from a Free $25 gift card","tier_3_threshold":20000,"tier_3_progress_note":"You're --amount-- away from a Free $50 gift card","tiers_completed_note":"You've Unlocked the Free $50 gift card","currency_code_enabled":false,"collections_meta_description":"Explore Dr. Anna Cabeca's collections for health, wellness, and empowerment. Discover curated products and resources for a healthier you.","show_additional_checkout_buttons_drawer":false,"checkout_logo_image":"shopify:\/\/shop_images\/the-girlfriend-doctor-logo.png","checkout_logo_size":"small","checkout_heading_font":"Open Sans","checkout_body_font":"Open Sans","checkout_accent_color":"#9f2b68","checkout_button_color":"#9f2b68","sections":{"header":{"type":"header","blocks":{"image_xKipyr":{"type":"image","settings":{"megamenu_name":"shop","megamenu_column_count":"5","megamenu_column_gap":"1.8rem 1.4rem","megamenu_image":"shopify:\/\/shop_images\/Frame_13.png","megamenu_image_link":"shopify:\/\/products\/julva","megamenu_image_name":"Julva Vaginal Cream","megamenu_image_position":"last","megamenu_first_product":"","megamenu_first_product_name":"","megamenu_first_product_position":"last","megamenu_first_product_atc":true,"megamenu_second_product":"","megamenu_second_product_name":"","megamenu_second_product_position":"first","megamenu_second_product_atc":true,"megamenu_image_mobile":"shopify:\/\/shop_images\/shop-all_bcb96aba-2a0a-4aa0-be37-71898ff0ffb3.png","megamenu_image_link_mobile":"shopify:\/\/collections\/all","megamenu_image_name_mobile":"","megamenu_image_position_mobile":"last","megamenu_first_product_position_mobile":"last","megamenu_second_product_position_mobile":"last"}},"image_cAeQxW":{"type":"image","settings":{"megamenu_name":"shop","megamenu_column_count":"5","megamenu_column_gap":"1.8rem 1.4rem","megamenu_image":"shopify:\/\/shop_images\/Hand.jpg","megamenu_image_link":"shopify:\/\/products\/pura-balance-ppr-cream","megamenu_image_name":"Balance Progesterone","megamenu_image_position":"last","megamenu_first_product":"","megamenu_first_product_name":"","megamenu_first_product_position":"first","megamenu_first_product_atc":true,"megamenu_second_product":"","megamenu_second_product_name":"","megamenu_second_product_position":"first","megamenu_second_product_atc":true,"megamenu_image_mobile":"shopify:\/\/shop_images\/julva3.png","megamenu_image_link_mobile":"shopify:\/\/products\/julva","megamenu_image_name_mobile":"","megamenu_image_position_mobile":"first","megamenu_first_product_position_mobile":"last","megamenu_second_product_position_mobile":"last"}},"image_PFfkDn":{"type":"image","settings":{"megamenu_name":"shop","megamenu_column_count":"5","megamenu_column_gap":"1.8rem 1.4rem","megamenu_image":"shopify:\/\/shop_images\/Frame_23.png","megamenu_image_link":"shopify:\/\/collections\/best-sellers","megamenu_image_name":"","megamenu_image_position":"last","megamenu_first_product":"","megamenu_first_product_name":"","megamenu_first_product_position":"last","megamenu_first_product_atc":true,"megamenu_second_product":"","megamenu_second_product_name":"","megamenu_second_product_position":"first","megamenu_second_product_atc":true,"megamenu_image_link_mobile":"","megamenu_image_name_mobile":"","megamenu_image_position_mobile":"first","megamenu_first_product_position_mobile":"first","megamenu_second_product_position_mobile":"first"}},"image_diXfth":{"type":"image","settings":{"megamenu_name":"learn","megamenu_column_count":"5","megamenu_column_gap":"1.8rem 2rem","megamenu_image":"shopify:\/\/shop_images\/Frame_14-2.png","megamenu_image_link":"shopify:\/\/pages\/breeze-through-menopause","megamenu_image_name":"Breeze thru Menopause","megamenu_image_position":"last","megamenu_first_product":"","megamenu_first_product_name":"","megamenu_first_product_position":"first","megamenu_first_product_atc":true,"megamenu_second_product":"","megamenu_second_product_name":"","megamenu_second_product_position":"first","megamenu_second_product_atc":true,"megamenu_image_mobile":"shopify:\/\/shop_images\/breeze.png","megamenu_image_link_mobile":"shopify:\/\/pages\/breeze-through-menopause","megamenu_image_name_mobile":"","megamenu_image_position_mobile":"last","megamenu_first_product_position_mobile":"last","megamenu_second_product_position_mobile":"last"}},"image_iy4cL8":{"type":"image","settings":{"megamenu_name":"Dr. Anna","megamenu_column_count":"5","megamenu_column_gap":"1.8rem 2rem","megamenu_image":"shopify:\/\/shop_images\/Frame_9_6f71d398-d058-4501-bfb7-f1072fdd67af.png","megamenu_image_link":"shopify:\/\/collections\/books","megamenu_image_name":"Books","megamenu_image_position":"last","megamenu_first_product":"","megamenu_first_product_name":"","megamenu_first_product_position":"first","megamenu_first_product_atc":true,"megamenu_second_product":"","megamenu_second_product_name":"","megamenu_second_product_position":"first","megamenu_second_product_atc":true,"megamenu_image_mobile":"shopify:\/\/shop_images\/Frame_18_f72cfbce-9035-43a0-a35f-508c5547c236.png","megamenu_image_link_mobile":"shopify:\/\/collections\/books","megamenu_image_name_mobile":"","megamenu_image_position_mobile":"last","megamenu_first_product_position_mobile":"last","megamenu_second_product_position_mobile":"last"}},"image_67tYhm":{"type":"image","settings":{"megamenu_name":"Dr. Anna","megamenu_column_count":"5","megamenu_column_gap":"1.8rem 2rem","megamenu_image":"shopify:\/\/shop_images\/Frame_10_8a911934-ac75-4880-a9c5-53f20bc231fe.png","megamenu_image_link":"shopify:\/\/pages\/press","megamenu_image_name":"Press","megamenu_image_position":"last","megamenu_first_product":"","megamenu_first_product_name":"","megamenu_first_product_position":"first","megamenu_first_product_atc":true,"megamenu_second_product":"","megamenu_second_product_name":"","megamenu_second_product_position":"first","megamenu_second_product_atc":true,"megamenu_image_mobile":"shopify:\/\/shop_images\/Frame_19_5fc3156c-81cc-4697-ad56-8ee895ec4977.png","megamenu_image_link_mobile":"shopify:\/\/pages\/press","megamenu_image_name_mobile":"","megamenu_image_position_mobile":"last","megamenu_first_product_position_mobile":"last","megamenu_second_product_position_mobile":"last"}},"image_FMiURW":{"type":"image","settings":{"megamenu_name":"Dr. Anna","megamenu_column_count":"5","megamenu_column_gap":"1.8rem 2rem","megamenu_image":"shopify:\/\/shop_images\/unnamed_5_1.png","megamenu_image_link":"shopify:\/\/blogs\/podcast","megamenu_image_name":"Podcast","megamenu_image_position":"last","megamenu_first_product":"","megamenu_first_product_name":"","megamenu_first_product_position":"first","megamenu_first_product_atc":true,"megamenu_second_product":"","megamenu_second_product_name":"","megamenu_second_product_position":"first","megamenu_second_product_atc":true,"megamenu_image_mobile":"shopify:\/\/shop_images\/Frame_20_1b550d57-10dc-4922-b47a-bf5a6671d8f3.png","megamenu_image_link_mobile":"shopify:\/\/blogs\/podcast","megamenu_image_name_mobile":"","megamenu_image_position_mobile":"last","megamenu_first_product_position_mobile":"last","megamenu_second_product_position_mobile":"last"}}},"block_order":["image_xKipyr","image_cAeQxW","image_PFfkDn","image_diXfth","image_iy4cL8","image_67tYhm","image_FMiURW"],"settings":{"color_scheme":"background-1","logo":"shopify:\/\/shop_images\/the-girlfriend-doctor-logo.png","logo_width":230,"logo_position":"middle-left","menu":"mega-menu-2024","menu_type_desktop":"mega","show_line_separator":false,"enable_sticky_header":true,"margin_bottom":0}},"footer":{"type":"footer","blocks":{"bc3edb25-f372-4276-9a44-3f17bd5dac47":{"type":"custom_liquid","settings":{"heading":"Let's Get Social","custom_liquid":"{%- render 'social-icons', class: 'footer__list-social' -%}","css_class":"dac-alt-font-h2"}},"4b5f6ae7-d4bb-4acd-995d-0e7d05051f71":{"type":"link_list","settings":{"heading":"Support","menu":"support"}},"footer-0":{"type":"link_list","settings":{"heading":"About TGFD","menu":"about-tgfd"}},"footer-1":{"type":"link_list","settings":{"heading":"Learn","menu":"learn"}},"825ebd50-e677-48b2-93de-547a637a4e42":{"type":"custom_liquid","settings":{"heading":"Subscribe","custom_liquid":"<div>\n  <p id=\"newsletter\">Sign up to get the latest on sales, new releases and more.<\/p>\n<\/div>\n<div class=\"klaviyo-form-TcBPiy\" data-name=\"Newsletter Sign Up - Footer\" data-no-view-event=\"true\"><\/div>","css_class":""}}},"block_order":["bc3edb25-f372-4276-9a44-3f17bd5dac47","4b5f6ae7-d4bb-4acd-995d-0e7d05051f71","footer-0","footer-1","825ebd50-e677-48b2-93de-547a637a4e42"],"custom_css":["button {background-color: #e28db4 !important; color: var(--dac-color-awaken) !important;}"],"settings":{"color_scheme":"accent-2","newsletter_enable":false,"newsletter_heading":"Subscribe to our emails","show_social":true,"enable_country_selector":false,"enable_language_selector":false,"payment_enable":true,"margin_top":0,"padding_top":36,"padding_bottom":36}},"main-password-header":{"type":"main-password-header","settings":{"logo_max_width":100,"color_scheme":"background-1"}},"main-password-footer":{"type":"main-password-footer","settings":{"color_scheme":"background-1"}},"footer-pre":{"type":"footer-pre","blocks":{"4a922388-cdc6-4977-9571-9d75dfaf1e99":{"type":"column_with_icon","disabled":true,"settings":{"icon":"icon-thumbs-up","system_icon":"icon-3d-model","title":"Satisfaction Guarantee","text":"<p>On All Products & Courses<\/p>","link_label":"","link":"","css_class":""}},"54586a79-37f0-4854-9631-877d728697fb":{"type":"column_with_icon","disabled":true,"settings":{"icon":"icon-truck","system_icon":"icon-3d-model","title":"*Free USA Shipping","text":"<p>On Orders Over $75<\/p>","link_label":"","link":"","css_class":""}},"31f959bb-33e9-425e-a262-ffd2a7e30c92":{"type":"column_with_icon","disabled":true,"settings":{"icon":"icon-bag-shopping","system_icon":"icon-3d-model","title":"All Subscriptions","text":"<p>Save Up To 14% Plus Free Shipping<\/p>","link_label":"","link":"","css_class":""}}},"block_order":["4a922388-cdc6-4977-9571-9d75dfaf1e99","54586a79-37f0-4854-9631-877d728697fb","31f959bb-33e9-425e-a262-ffd2a7e30c92"],"custom_css":[],"settings":{"title":"","text":"","heading_size":"h1","image_width":"full","image_ratio":"adapt","columns_desktop":3,"column_alignment":"center","column_link_type":"button","background_style":"none","button_label":"","button_link":"","color_scheme":"background-1","columns_mobile":"1","swipe_on_mobile":false,"padding_top":0,"padding_bottom":0,"css_class":"","custom_css":"","custom_css_mobile":""}},"header-offer-page":{"type":"header-offer-page","settings":{"color_scheme":"accent-1","show_line_separator":true,"enable_sticky_header":true,"margin_bottom":0}},"footer-offer-page":{"type":"footer-offer-page","blocks":{"ed68fa3a-c7f3-4a09-b8eb-3d0fba157df7":{"type":"image","settings":{"image":"{{ shop.brand.logo }}","image_width":200,"alignment":"center"}},"footer-offer-page-0":{"type":"link_list","settings":{"heading":"Quick links","menu":"footer"}},"footer-offer-page-1":{"type":"text","settings":{"heading":"","subtext":"<p><em>* A portion of purchases is wholeheartedly donated to causes close to Dr. Anna: <br\/>House of Hope, House of Dawn and The Garrett V. Bivens Foundation<\/em><\/p><p><a href=\"https:\/\/drannacabeca.com\/\" title=\"https:\/\/drannacabeca.com\/\">DrAnnaCabeca.com<\/a><\/p>"}}},"block_order":["ed68fa3a-c7f3-4a09-b8eb-3d0fba157df7","footer-offer-page-0","footer-offer-page-1"],"custom_css":["p {color:#ffffff; font-size:18px;}"],"settings":{"color_scheme":"accent-2","newsletter_enable":false,"newsletter_heading":"Subscribe to our emails","show_social":false,"enable_country_selector":false,"enable_language_selector":false,"payment_enable":true,"margin_top":0,"padding_top":24,"padding_bottom":24}},"footer-checkout-responsive":{"type":"footer-checkout-responsive","blocks":{"a3d2fd59-f3bb-45ee-9049-7834bf87f0a7":{"type":"image","settings":{"image":"shopify:\/\/shop_images\/dac-money-back-guarantee.png"}},"7c6e79f9-97c8-4557-a1b0-6c93be34c77d":{"type":"image","settings":{"image":"shopify:\/\/shop_images\/dac-secure-order-form.png"}}},"block_order":["a3d2fd59-f3bb-45ee-9049-7834bf87f0a7","7c6e79f9-97c8-4557-a1b0-6c93be34c77d"],"settings":{}},"footer-checkout-static":{"type":"footer-checkout-static","blocks":{"f74f99e4-1ab8-4775-bf5c-b55f2e6e5b1c":{"type":"dac_marketing_disclaimer","settings":{"text":"<p><em>By subscribing, you agree to receive recurring automated marketing messages at this phone number and email address. Reply STOP to unsubscribe from SMS. Msg & data rates may apply. View our <\/em><a href=\"https:\/\/drannacabeca.com\/policies\/privacy-policy\" target=\"_blank\"><em>Privacy Policy<\/em><\/a><em> and <\/em><a href=\"https:\/\/drannacabeca.com\/policies\/terms-of-service\" target=\"_blank\"><em>Terms of Service<\/em><\/a><em>.<\/em><\/p>","text_alignment":"center"}}},"block_order":["f74f99e4-1ab8-4775-bf5c-b55f2e6e5b1c"],"settings":{}},"announcement-bar":{"type":"announcement-bar","blocks":{"680d067b-56db-4140-8f4c-ae1a02997c12":{"type":"announcement","disabled":true,"settings":{"text":"Subscriptions & Orders Over $75 Ship FREE*","color_scheme":"accent-1","link":"https:\/\/drannacabeca.com\/collections\/best-sellers"}},"8e19e440-151c-4e4d-acd2-c6a2bc4c41d4":{"type":"countdown_timer","disabled":true,"settings":{"title":"Build Your Bundle – Save up to 25%  SHOP NOW","end_date_time":"May 12, 2025 03:00:00 GMT-0400","first_countdown":true,"color_scheme":"accent-1","link":"https:\/\/drannacabeca.com\/products\/mothers-day-build-your-bundle","padding_top":40,"padding_bottom":52,"css_class":""}},"countdown_timer_NkgYVX":{"type":"countdown_timer","disabled":true,"settings":{"title":"25% Off Any New Maca Subscription","end_date_time":"March 18, 2025 03:00:00 GMT-0400","first_countdown":true,"color_scheme":"accent-1","link":"https:\/\/drannacabeca.com\/pages\/offers-mm-spring-sale","padding_top":40,"padding_bottom":52,"css_class":""}},"cfbbd479-073d-4993-88aa-b8aebd23ba2d":{"type":"countdown_timer","name":"Summer Of Love","settings":{"title":"Summer of Love Sale!","end_date_time":"Jun 07, 2025 03:00:00 GMT-0400","first_countdown":true,"color_scheme":"accent-1","link":"https:\/\/drannacabeca.com\/pages\/offers-summer-of-love-sale","padding_top":40,"padding_bottom":52,"css_class":""}},"6b639249-fbb5-4d2e-92c0-cd54d9c0c9c7":{"type":"countdown_timer","disabled":true,"settings":{"title":"Free Shipping This Weekend Only","end_date_time":"May 27, 2025 03:00:00 GMT-0400","first_countdown":true,"color_scheme":"accent-1","link":"https:\/\/drannacabeca.com\/collections\/all","padding_top":40,"padding_bottom":52,"css_class":""}},"8a41fc31-5f49-4732-a1a5-ae7d4d48ad02":{"type":"countdown_timer","disabled":true,"settings":{"title":"It's not too late! Magic Menopause still has a spot waiting for you!","end_date_time":"Apr 15, 2024 03:00:00 GMT-0400","first_countdown":true,"color_scheme":"accent-1","link":"https:\/\/drannacabeca.com\/pages\/offers-magic-menopause","padding_top":40,"padding_bottom":52,"css_class":""}},"4883b1f9-e1df-401e-b83f-2b02376a0684":{"type":"countdown_timer","disabled":true,"settings":{"title":"Save 30% and Join the Keto-Green 16 Day Challenge!","end_date_time":"January 4, 2025 3:00:00 GMT-0500","first_countdown":true,"color_scheme":"accent-1","link":"https:\/\/drannacabeca.com\/pages\/offers-keto-green-16-challenge","padding_top":40,"padding_bottom":52,"css_class":""}},"4c89b8be-c13e-467c-9fe8-a2a25ada0d32":{"type":"countdown_timer","disabled":true,"settings":{"title":"LAST-MINUTE BUNDLE SAVINGS","end_date_time":"Dec 5, 2024 03:00:00 GMT-0500","first_countdown":true,"color_scheme":"accent-1","link":"shopify:\/\/pages\/offers-black-friday-specials","padding_top":40,"padding_bottom":52,"css_class":""}},"announcement_TGgWeV":{"type":"announcement","disabled":true,"settings":{"text":"Discover magic in menopause! Join our Magic Menopause program now!","color_scheme":"accent-1","link":"https:\/\/order.magicmenopause.com\/"}},"announcement_gkREE4":{"type":"announcement","disabled":true,"settings":{"text":"Now Accepting HSA\/FSA Payments","color_scheme":"accent-1","link":"shopify:\/\/collections\/hsa-fsa-eligible"}},"announcement_hHV6FN":{"type":"announcement","disabled":true,"settings":{"text":"Orders Over $75 Get FREE PRIORITY Shipping Through Dec 18th","color_scheme":"accent-1","link":"https:\/\/drannacabeca.com\/collections\/all"}}},"block_order":["680d067b-56db-4140-8f4c-ae1a02997c12","8e19e440-151c-4e4d-acd2-c6a2bc4c41d4","countdown_timer_NkgYVX","cfbbd479-073d-4993-88aa-b8aebd23ba2d","6b639249-fbb5-4d2e-92c0-cd54d9c0c9c7","8a41fc31-5f49-4732-a1a5-ae7d4d48ad02","4883b1f9-e1df-401e-b83f-2b02376a0684","4c89b8be-c13e-467c-9fe8-a2a25ada0d32","announcement_TGgWeV","announcement_gkREE4","announcement_hHV6FN"],"settings":{}}},"content_for_index":[]},"presets":{"Default":{"colors_solid_button_labels":"#ffffff","colors_accent_1":"#121212","gradient_accent_1":"","colors_accent_2":"#334fb4","gradient_accent_2":"","colors_text":"#121212","colors_outline_button_labels":"#121212","colors_background_1":"#ffffff","gradient_background_1":"","colors_background_2":"#f3f3f3","gradient_background_2":"","type_header_font":"assistant_n4","heading_scale":100,"type_body_font":"assistant_n4","body_scale":100,"page_width":1200,"spacing_sections":0,"spacing_grid_horizontal":8,"spacing_grid_vertical":8,"buttons_border_thickness":1,"buttons_border_opacity":100,"buttons_radius":0,"buttons_shadow_opacity":0,"buttons_shadow_horizontal_offset":0,"buttons_shadow_vertical_offset":4,"buttons_shadow_blur":5,"variant_pills_border_thickness":1,"variant_pills_border_opacity":55,"variant_pills_radius":40,"variant_pills_shadow_opacity":0,"variant_pills_shadow_horizontal_offset":0,"variant_pills_shadow_vertical_offset":4,"variant_pills_shadow_blur":5,"inputs_border_thickness":1,"inputs_border_opacity":55,"inputs_radius":0,"inputs_shadow_opacity":0,"inputs_shadow_horizontal_offset":0,"inputs_shadow_vertical_offset":4,"inputs_shadow_blur":5,"card_style":"standard","card_image_padding":0,"card_text_alignment":"left","card_color_scheme":"background-2","card_border_thickness":0,"card_border_opacity":10,"card_corner_radius":0,"card_shadow_opacity":0,"card_shadow_horizontal_offset":0,"card_shadow_vertical_offset":4,"card_shadow_blur":5,"text_boxes_border_thickness":0,"text_boxes_border_opacity":10,"text_boxes_radius":0,"text_boxes_shadow_opacity":0,"text_boxes_shadow_horizontal_offset":0,"text_boxes_shadow_vertical_offset":4,"text_boxes_shadow_blur":5,"media_border_thickness":1,"media_border_opacity":5,"media_radius":0,"media_shadow_opacity":0,"media_shadow_horizontal_offset":0,"media_shadow_vertical_offset":4,"media_shadow_blur":5,"popup_border_thickness":1,"popup_border_opacity":10,"popup_corner_radius":0,"popup_shadow_opacity":0,"popup_shadow_horizontal_offset":0,"popup_shadow_vertical_offset":4,"popup_shadow_blur":5,"drawer_border_thickness":1,"drawer_border_opacity":10,"drawer_shadow_opacity":0,"drawer_shadow_horizontal_offset":0,"drawer_shadow_vertical_offset":4,"drawer_shadow_blur":5,"badge_position":"bottom left","badge_corner_radius":40,"sale_badge_color_scheme":"accent-2","sold_out_badge_color_scheme":"inverse","accent_icons":"text","social_twitter_link":"","social_facebook_link":"","social_pinterest_link":"","social_instagram_link":"","social_tiktok_link":"","social_tumblr_link":"","social_snapchat_link":"","social_youtube_link":"","social_vimeo_link":"","predictive_search_enabled":true,"predictive_search_show_vendor":false,"predictive_search_show_price":false,"currency_code_enabled":true,"sections":{"header":{"type":"header","settings":{"color_scheme":"background-1","logo_width":90,"logo_position":"middle-left","menu":"main-menu","show_line_separator":true,"enable_sticky_header":true,"margin_bottom":0}},"footer":{"type":"footer","blocks":{"footer-0":{"type":"link_list","settings":{"heading":"Quick links","menu":"footer"}},"footer-1":{"type":"link_list","settings":{"heading":"Info","menu":"footer"}},"footer-2":{"type":"text","settings":{"heading":"Our mission","subtext":"<p>Share contact information, store details, and brand content with your customers.<\/p>"}}},"block_order":["footer-0","footer-1","footer-2"],"settings":{"color_scheme":"background-1","newsletter_enable":true,"newsletter_heading":"Subscribe to our emails","show_social":true,"enable_country_selector":false,"enable_language_selector":false,"payment_enable":true,"margin_top":48,"padding_top":36,"padding_bottom":36}},"main-password-header":{"type":"main-password-header","settings":{"logo_max_width":100,"color_scheme":"background-1"}},"main-password-footer":{"type":"main-password-footer","settings":{"color_scheme":"background-1"}}}}},"platform_customizations":{"custom_css":[]}}