{"name":"t:sections.header.name","type":"header","sections":{"announcement-bar":{"type":"announcement-bar","blocks":{"announcement-bar-0":{"type":"announcement","settings":{"text":"Welcome to our store","color_scheme":"background-1","link":""}}},"block_order":["announcement-bar-0"],"settings":{}},"header":{"type":"header","settings":{"color_scheme":"background-1","logo_position":"middle-left","menu":"main-menu","menu_type_desktop":"dropdown","show_line_separator":true,"margin_bottom":0}}},"order":["announcement-bar","header"]}