{
  "sections": {
    "banner": {
      "type": "main-collection-banner",
      "disabled": true,
      "settings": {
        "show_collection_description": false,
        "show_collection_image": false,
        "color_scheme": "background-1",
        "content_alignment": "left",
        "css_class": "",
        "custom_css": ""
      }
    },
    "product-grid": {
      "type": "main-collection-product-summaries",
      "blocks": {
        "5e06e16f-e0a6-4349-acc2-95b5a4b22366": {
          "type": "title",
          "settings": {
            "heading_size": "h2"
          }
        },
        "356945d2-6537-4599-912a-17a4204f1bae": {
          "type": "collection_subtitle",
          "settings": {
          }
        },
        "6c2cfafd-cb6b-4358-bd5c-1d596a05b55e": {
          "type": "description",
          "settings": {
          }
        },
        "6ffeaf1d-f61c-4442-a52e-7437b8f36196": {
          "type": "buy_buttons",
          "settings": {
            "show_dynamic_checkout": false
          }
        }
      },
      "block_order": [
        "5e06e16f-e0a6-4349-acc2-95b5a4b22366",
        "356945d2-6537-4599-912a-17a4204f1bae",
        "6c2cfafd-cb6b-4358-bd5c-1d596a05b55e",
        "6ffeaf1d-f61c-4442-a52e-7437b8f36196"
      ],
      "settings": {
        "height": "adapt",
        "desktop_image_width": "medium",
        "layout": "image_first_then_alternate",
        "desktop_content_position": "top",
        "desktop_content_alignment": "left",
        "content_layout": "no-overlap",
        "color_scheme": "background-1",
        "mobile_content_alignment": "left",
        "padding_top": 0,
        "padding_bottom": 36,
        "css_class": "dac-full-width dac-padding-side-none",
        "custom_css": "strong { font-weight: normal; }\nb { font-weight: normal; }\n.subtitle { --color-heading-a: var(--color-foreground);\nfont-size: .9em;margin-top: 0; text-transform: uppercase;}\n\/* DAC Fix Invisible Title *\/\n.product__title a { display: inline; }"
      }
    }
  },
  "order": [
    "banner",
    "product-grid"
  ]
}