{
  "sections": {
    "image_banner_Tbr39z": {
      "type": "image-banner",
      "blocks": {
        "heading_Uz4VnH": {
          "type": "heading",
          "settings": {
            "heading": "On Sale!",
            "heading_size": "h1"
          }
        }
      },
      "block_order": [
        "heading_Uz4VnH"
      ],
      "custom_css": [
        ".banner {max-width: 1600px; margin: 0 auto;}"
      ],
      "settings": {
        "image": "shopify:\/\/shop_images\/TGFD_CollectionsPage_Sale1-01.jpg",
        "mobile_image": "shopify:\/\/shop_images\/TGFD_CollectionsPage_Sale1-02.jpg",
        "link": "",
        "image_overlay_opacity": 0,
        "image_height": "medium",
        "adapt_height_first_image": true,
        "desktop_content_position": "middle-right",
        "show_text_box": false,
        "desktop_content_alignment": "right",
        "color_scheme": "background-1",
        "mobile_content_alignment": "center",
        "stack_images_on_mobile": true,
        "show_text_below": false,
        "css_class": "banner",
        "custom_css": "h2 { color:#ffffff;}\n.banner__text {width: 50%;\nfont-size:23px}",
        "custom_css_mobile": ".banner__text {width: 100%;}\n.banner__content{\nalign-items: start;}"
      }
    },
    "banner": {
      "type": "main-collection-banner",
      "disabled": true,
      "settings": {
        "show_collection_description": true,
        "show_collection_image": true,
        "color_scheme": "background-1",
        "content_alignment": "center",
        "css_class": "",
        "custom_css": ".collection-hero__image-container {\nwidth: 100%; \nbackground-image: url('https:\/\/drannacabeca.com\/cdn\/shop\/collections\/weight-loss.jpg'); \nbackground-size: cover;\nbackground-position: center; }",
        "custom_css_mobile": ""
      }
    },
    "product-grid": {
      "type": "main-collection-product-grid",
      "settings": {
        "products_per_page": 48,
        "columns_desktop": 3,
        "image_ratio": "square",
        "show_secondary_image": false,
        "show_vendor": false,
        "show_rating": true,
        "enable_quick_add": false,
        "enable_filtering": true,
        "filter_type": "horizontal",
        "enable_sorting": true,
        "columns_mobile": "2",
        "padding_top": 16,
        "padding_bottom": 36
      }
    }
  },
  "order": [
    "image_banner_Tbr39z",
    "banner",
    "product-grid"
  ]
}
