{"sections":{"053efba3-de18-4873-8d4e-7dcf69a49477":{"type":"image-banner","blocks":{"buttons_8rfHaF":{"type":"buttons","disabled":true,"settings":{"button_label_1":"Shop HSA\/FSA","button_link_1":"shopify:\/\/collections\/hsa-fsa-eligible","button_style_secondary_1":false,"button_label_2":"","button_link_2":"","button_style_secondary_2":false}}},"block_order":["buttons_8rfHaF"],"custom_css":[".banner--desktop-transparent .banner__box {position: absolute; bottom: 1.5em; padding: 0;}","@media (min-width: 750px) {.banner--desktop-transparent .banner__box {--color-button-text: white; --color-button: var(--color-base-accent-1); bottom: 20%; left: 57%; transform: translate(-50%, -50%); max-width: initial; } .banner__content {max-width: initial !important; } .banner__box > * + .banner__buttons {margin-top: 0; }}","@media (min-width: 1900px) {.banner__buttons a {font-size: 1.5em; line-height: 1.75em; }}"],"settings":{"image":"shopify:\/\/shop_images\/TGFD_SummerofLove_HomePageBanner_2025-01_2aceb1f2-d3de-4e72-864c-c541b457ca7a.jpg","mobile_image":"shopify:\/\/shop_images\/TGFD_SummerofLove_HomePageBanner_2025-02_1f5f2d8a-8edc-483c-a347-8c07f4c5f0ba.jpg","link":"https:\/\/drannacabeca.com\/pages\/offers-summer-of-love-sale","image_overlay_opacity":0,"image_height":"large","adapt_height_first_image":true,"desktop_content_position":"bottom-left","show_text_box":false,"desktop_content_alignment":"center","color_scheme":"accent-1","mobile_content_alignment":"center","stack_images_on_mobile":false,"show_text_below":false,"css_class":"","custom_css":"{ background: #fff;}\n.banner {\n   max-width: 1920px;\n    margin: 0 auto;\nobject-fit: cover;\n}","custom_css_mobile":".banner--desktop-transparent .banner__box {     --color-button-text: white;\n    --color-button: var(--color-base-accent-1);}"}},"image_banner_AMp9rX":{"type":"image-banner","blocks":{"buttons_8MPedT":{"type":"buttons","settings":{"button_label_1":"Shop Now","button_link_1":"shopify:\/\/products\/julva","button_style_secondary_1":false,"button_label_2":"","button_link_2":"","button_style_secondary_2":false}},"text_PGUVCJ":{"type":"text","disabled":true,"settings":{"text":"↑ Use for Promos","text_style":"body"}}},"block_order":["buttons_8MPedT","text_PGUVCJ"],"disabled":true,"settings":{"image":"shopify:\/\/shop_images\/Women_sWorld_LandingPage-09.jpg","mobile_image":"shopify:\/\/shop_images\/Women_sWorld_LandingPage-06.jpg","link":"shopify:\/\/collections\/all","image_overlay_opacity":0,"image_height":"large","adapt_height_first_image":true,"desktop_content_position":"bottom-left","show_text_box":false,"desktop_content_alignment":"center","color_scheme":"accent-1","mobile_content_alignment":"center","stack_images_on_mobile":false,"show_text_below":false,"css_class":"","custom_css":"{ background: #351748;}\n.banner {\n   max-width: 1920px;\n    margin: 0 auto;\nobject-fit: cover;\n}","custom_css_mobile":".banner--desktop-transparent .banner__box { --color-button-text: var(--color-base-accent-1);}"}},"69d31c32-cf98-4a09-b934-7d03709ee210":{"type":"image-banner","blocks":{"4789ac10-d0d3-413c-88f7-22e377f77028":{"type":"buttons","settings":{"button_label_1":"Learn More","button_link_1":"shopify:\/\/pages\/menopause","button_style_secondary_1":false,"button_label_2":"Shop Now","button_link_2":"shopify:\/\/collections\/all","button_style_secondary_2":false}},"09e2b1a0-3240-45f0-8c6e-070b5568f14c":{"type":"text","disabled":true,"settings":{"text":"↑ 2023 Banner","text_style":"body"}}},"block_order":["4789ac10-d0d3-413c-88f7-22e377f77028","09e2b1a0-3240-45f0-8c6e-070b5568f14c"],"disabled":true,"custom_css":[".button {--color-button: var(--color-base-accent-1);}",".banner {max-width: 1600px; margin: 0 auto;}","@media (min-width: 750px) {.banner__box {background-color: transparent; }}","@media (min-width: 750px) {.banner__box {position: absolute; bottom: -3.5em; }}","@media (min-width: 1024px) {.banner__box {bottom: -5%; left: -2em; }}","@media (min-width: 1200px) {.banner__box {bottom: 3%; left: 6%; }}"],"settings":{"image":"shopify:\/\/shop_images\/TGFD_WebsiteDesign_LR_SiteRevisions2-04_cc2f780c-aaa8-464a-9b9f-6b1335b4fb7a.jpg","mobile_image":"shopify:\/\/shop_images\/TGFD_WebsiteDesign_LR_SiteRevisions2-19_1087f36f-20cc-49f8-bc51-5355c3209c92.jpg","link":"shopify:\/\/collections\/all","image_overlay_opacity":0,"image_height":"large","adapt_height_first_image":true,"desktop_content_position":"bottom-left","show_text_box":true,"desktop_content_alignment":"center","color_scheme":"accent-2","mobile_content_alignment":"center","stack_images_on_mobile":false,"show_text_below":true,"css_class":"","custom_css":"{background-color: #331547;}","custom_css_mobile":".banner__box { padding-top: 0; }"}},"multicolumn":{"type":"multicolumn","blocks":{"1bf651e5-62ec-4b85-9b30-778be29a6be4":{"type":"column_with_bkgd_img","settings":{"background_image":"shopify:\/\/shop_images\/TGFD_homepage_quizzes-Keto-GreenMacro.jpg","title":"Keto-Macro Calculator","heading_color":"foreground","text":"<p>Get your personalized Keto-Green™ macros.<\/p>","link_label":"I'm Ready","link":"https:\/\/drannacabeca.com\/pages\/keto-macro-calculator","css_class":"dac-hp-quiz"}},"b68bcf49-caeb-4f5f-a20c-72ae6e3c4933":{"type":"column_with_bkgd_img","settings":{"background_image":"shopify:\/\/shop_images\/TGFD_homepage_quizzes-Evesquiz.jpg","title":"How Healthy is Your Vajayjay?","heading_color":"foreground","text":"<p>Dr. Anna Eve's Quiz<\/p>","link_label":"Find out now","link":"https:\/\/drannacabeca.com\/pages\/eve-quiz","css_class":"dac-hp-quiz"}}},"block_order":["1bf651e5-62ec-4b85-9b30-778be29a6be4","b68bcf49-caeb-4f5f-a20c-72ae6e3c4933"],"disabled":true,"settings":{"anchor_id":"","title":"Get Answers to Better Health","text":"<p><\/p>","heading_size":"h2","heading_color":"color-scheme","text_size":"p","column_heading_size":"h3","column_text_size":"p","image_width":"full","image_ratio":"adapt","columns_desktop":2,"column_alignment":"center","column_link_type":"button","background_style":"none","button_label":"","button_link":"","button_color":"color-scheme","color_scheme":"background-2","width":"page-width","internal_padding":"true","columns_mobile":"1","swipe_on_mobile":false,"padding_top":36,"padding_bottom":36,"css_class":"dac-full-width dac-hp-quizzes","custom_css":"","custom_css_mobile":""}},"cb9b7f75-fcae-4bf0-92ca-2802a45f37d6":{"type":"image-with-text","blocks":{"template--14245623726135__cb9b7f75-fcae-4bf0-92ca-2802a45f37d6-167121831271a14ab5-0":{"type":"heading","settings":{"heading":"Meet Dr. Anna","heading_size":"h2","heading_color":"color-scheme","css_class":""}},"template--14245623726135__cb9b7f75-fcae-4bf0-92ca-2802a45f37d6-167121831271a14ab5-1":{"type":"text","settings":{"text":"<p>I’m Dr. Anna Cabeca. My story begins as an OB-GYN, and a tragic loss led me through a personal healing journey over the past decade. Traveling the globe, I looked for medical and natural solutions so that we can all thrive and heal—beautifully, powerfully, and vibrantly.<\/p><p><a href=\"\/pages\/about\" title=\"About Dr. Anna Cabeca\">READ MORE &gt;&lt;span class=\"visually-hidden\"&gt;about Dr. Anna Cabeca&lt;\/span&gt;<\/a><\/p>","text_style":"body","css_class":""}}},"block_order":["template--14245623726135__cb9b7f75-fcae-4bf0-92ca-2802a45f37d6-167121831271a14ab5-0","template--14245623726135__cb9b7f75-fcae-4bf0-92ca-2802a45f37d6-167121831271a14ab5-1"],"settings":{"anchor_id":"","image":"shopify:\/\/shop_images\/Dallas_Photographer-_AJK_Images-_Dallas_Photography_Studio-_Andrew_Knowles-_Dr_Anna_Cabeca_The_Girlfriend_Doctor_Dallas_Texas_Portraits--7.jpg","height":"small","desktop_image_width":"medium","layout":"text_first","desktop_content_position":"top","desktop_content_alignment":"left","content_layout":"no-overlap","color_scheme":"background-1","width":"page-width","internal_padding":"true","mobile_layout":"image_top","mobile_content_alignment":"left","padding_top":60,"padding_bottom":48,"css_class":"dac-allow-media-resize","custom_css":"","custom_css_mobile":".grid { flex-direction: column-reverse; }\n.image-with-text__content { padding-top: 0; }\n\n.image-with-text__content { padding: 2rem calc(2rem \/ var(--font-body-scale)) 2rem; }"}},"1662649071e1dcfd54":{"type":"media-logos","settings":{"color_scheme":"background-1","display_borders":true,"display_text":false,"svg_color":"accent-2","padding_top":36,"padding_bottom":36,"css_class":"","custom_css":"","custom_css_mobile":""}},"d2281a31-4d17-4513-b416-e05d780f211c":{"type":"image","settings":{"image":"shopify:\/\/shop_images\/TGFD_MenopauseKit-PromoAd_HomePageBanner2023-01.jpg","mobile_image":"shopify:\/\/shop_images\/TGFD_MenopauseKit-PromoAd_HomePageBanner2023-02.jpg","max_width":0,"color_scheme":"background-1","link":"shopify:\/\/pages\/offers-menopause-kit","padding_top":36,"padding_bottom":76,"css_class":"","custom_css":"","custom_css_mobile":""}},"a9f1319a-449c-4995-9498-cd4d803a337c":{"type":"rich-text","settings":{"anchor_id":"symptoms","color_scheme":"background-1","full_width":true,"padding_top":0,"padding_bottom":0,"css_class":"","custom_css":"","custom_css_mobile":""}},"dc040bf9-8dbe-4fd8-a401-26a1484b6604":{"type":"multicolumn","blocks":{"template--14245623726135__dc040bf9-8dbe-4fd8-a401-26a1484b6604-167336835059b42226-0":{"type":"column","settings":{"title":"What are your symptoms?","heading_color":"color-scheme","text":"<ul><li><a href=\"\/pages\/vaginal-dryness\" title=\"Menopause Vaginal Dryness\">Vaginal Dryness <\/a><\/li><li><a href=\"\/pages\/hot-flashes-and-chills\" title=\"Menopause Hot Flashes and Chills\">Hot Flashes & Night Sweats <\/a><\/li><li><a href=\"\/pages\/incontinence\" title=\"Menopause Incontinence\">Urinary Incontinence<\/a><\/li><li><a href=\"\/pages\/fatigue-and-weight-gain\" title=\"Menopause Fatigue\">Fatique & Weight Gain<\/a><\/li><li><a href=\"\/pages\/low-libido\" title=\"Menopause Low Libido\">Painful Sex & Low Libido<\/a><\/li><li><a href=\"\/pages\/hair-loss\" title=\"Menopause Hair Loss\">Hair Loss<\/a><\/li><li><a href=\"\/collections\/all\" title=\"All Products\">Shop All<\/a><\/li><\/ul>","link_label":"","link":"","button_color":"color-scheme","css_class":"one col"}},"158fc6d6-1d01-4258-bb06-7172316b8a9c":{"type":"column_with_bkgd_img","settings":{"background_image":"shopify:\/\/shop_images\/TGFD_WebsiteDesign_LR_SiteRevisions2-02.jpg","title":"","heading_color":"color-scheme","text":"","link_label":"","link":"","css_class":"two col"}},"template--14245623726135__dc040bf9-8dbe-4fd8-a401-26a1484b6604-167336835059b42226-1":{"type":"column","settings":{"title":"Don’t know where to start?","heading_color":"color-scheme","text":"<p>Take the quiz to find out how healthy and happy your hormones are.<\/p>","link_label":"Get Started","link":"shopify:\/\/pages\/hormone-toxicity-questionnaire","button_color":"accent-1","css_class":"three col"}}},"block_order":["template--14245623726135__dc040bf9-8dbe-4fd8-a401-26a1484b6604-167336835059b42226-0","158fc6d6-1d01-4258-bb06-7172316b8a9c","template--14245623726135__dc040bf9-8dbe-4fd8-a401-26a1484b6604-167336835059b42226-1"],"disabled":true,"settings":{"anchor_id":"","title":"","text":"","heading_size":"h1","heading_color":"color-scheme","text_size":"p","column_heading_size":"h3","column_text_size":"p","image_width":"full","image_ratio":"adapt","columns_desktop":3,"column_alignment":"left","column_link_type":"button","background_style":"none","button_label":"","button_link":"","button_color":"color-scheme","color_scheme":"accent-1","width":"page-width","internal_padding":"true","columns_mobile":"1","swipe_on_mobile":false,"padding_top":0,"padding_bottom":0,"css_class":"","custom_css":".grid__item:nth-child(3) { background-color: #d5a7c1; \n--color-heading-a: 0,0,0; \n--color-foreground: 0,0,0; \n}\n.grid__item:nth-child(3) p { color: black; }\n.multicolumn-list__item { margin-bottom: 0; padding: 4em 3% 6em;}\n.grid { column-gap: 0; }\n.page-width { max-width: initial; padding: 0; }\n\n.background-none .grid--2-col-tablet .multicolumn-list__item { max-width: initial; }\n\n.one { width: 45%; }\n.two { width: 25%; }\n.three { width: 30%; }\n\n.col ul { width: 100%; position: relative; list-style-type: none; padding-left: 0; margin-top: 1em;}\n.col li { border-bottom: 1px solid #ffffff66; padding-top: .5em; }\n.one a { width:calc(100% - 1em); font-weight: normal; display: inline-block; color: white; padding: .1em 0 .2em; text-decoration: none; }\n.one a:hover { font-weight: var(--font-body-weight-bold); }\n.one a:after { position: absolute; right: 0; content: '&gt;'; }\n\n.three .multicolumn-card { height: 100%; }\n.button { position: absolute; bottom: -2em; font-size: .9em;}","custom_css_mobile":".col { width: 100%; min-height: 14em;}\n.multicolumn-list:not(.slider) { padding: 0; }\n.grid { row-gap: 0; }.button {font-size: 1em; }"}},"024b5afc-e7e5-41d3-a052-cd86c6a49dc6":{"type":"image-with-text","blocks":{"template--14234270695479__024b5afc-e7e5-41d3-a052-cd86c6a49dc6-166913368858cb4a1a-0":{"type":"heading","settings":{"heading":"What are your symptoms?","heading_size":"h2","heading_color":"color-scheme","css_class":""}},"4c49fa68-c8d9-4ab1-a293-0635718e2961":{"type":"list","settings":{"list_items":"<p><a href=\"\/pages\/girl-talk-my-vagina-is-so-dry-that-sex-is-painful\" title=\"Girl Talk - My vagina is so dry that sex is painful. How can I fix this?\">Vaginal Dryness <\/a><\/p><p><a href=\"\/pages\/girl-talk-my-nights-are-nothing-but-hot-flashes-and-sleeplessness\" title=\"Girl Talk - My nights are nothing but hot flashes and sleeplessness. What can I do?\">Hot Flashes & Night Sweats <\/a><\/p><p><a href=\"\/pages\/girl-talk-omg-i-m-losing-my-hair-help\" title=\"Girl Talk - OMG, I’m losing my hair. Help!\">Hair Loss & Dryness <\/a><\/p><p><a href=\"\/pages\/girl-talk-my-vagina-is-so-dry-that-sex-is-painful\" title=\"Girl Talk - My vagina is so dry that sex is painful. How can I fix this?\">Painful Intercourse <\/a><\/p><p><a href=\"\/pages\/girl-talk-what-can-i-do-about-a-leaky-bladder\" title=\"Girl Talk - What can I do about a leaky bladder?\">Urinary Incontinence<\/a><\/p><p><a href=\"\/pages\/girl-talk-i-just-don-t-want-to-have-sex-anymore\" title=\"Girl Talk - I just don’t want to have sex anymore. Why?\">Low Libido<\/a><\/p><p><a href=\"\/pages\/girl-talk\" title=\"Girl Talk\">Shop All<\/a><\/p>","list_style_type":"bullets","list_color":"background-1","text_alignment":"left","css_class":""}}},"block_order":["template--14234270695479__024b5afc-e7e5-41d3-a052-cd86c6a49dc6-166913368858cb4a1a-0","4c49fa68-c8d9-4ab1-a293-0635718e2961"],"disabled":true,"settings":{"anchor_id":"","image":"shopify:\/\/shop_images\/TGFD_WebsiteDesign_LR_SiteRevisions2-02.jpg","height":"adapt","desktop_image_width":"medium","layout":"text_first","desktop_content_position":"top","desktop_content_alignment":"left","content_layout":"no-overlap","color_scheme":"accent-1","width":"page-width","internal_padding":"true","mobile_layout":"image_top","mobile_content_alignment":"left","padding_top":32,"padding_bottom":32,"css_class":"dac-full-width dac-padding-side-none","custom_css":".list { width: 100%; position: relative; }\n\nul { list-style-type: none;\n    padding-left: 0; margin-top: 1em; }\nli { border-bottom: 1px solid #ffffff66; }\nli a { width:calc(100% - 1em); font-weight: normal; display: inline-block; color: white; padding: .1em 0 .2em;}\n.list.rte a { text-decoration: none; }\n.list.rte a:hover { font-weight: var(--font-body-weight-bold); }\nli a:after { position: absolute; right: 0; content: '&gt;'; }","custom_css_mobile":".image-with-text__grid {flex-direction: column-reverse;}"}},"52b8594b-8b25-43b0-b89c-8ffe0eaa7a42":{"type":"multicolumn","blocks":{"76b63a48-a03c-4376-9db2-d45cb6ae30b4":{"type":"custom_liquid","settings":{"custom_liquid":"<svg id=\"Layer_1\" data-name=\"Layer 1\" xmlns=\"http:\/\/www.w3.org\/2000\/svg\" xmlns:xlink=\"http:\/\/www.w3.org\/1999\/xlink\"\n  viewBox=\"0 0 247.81 246.7\">\n  <defs>\n    <style>\n      .nourish-cls-1,\n      .nourish-cls-4 {\n        fill: none;\n      }\n\n      .nourish-cls-2 {\n        clip-path: url(#clip-path);\n      }\n\n      .nourish-cls-3 {\n        fill: #009697;\n      }\n\n      .nourish-cls-4 {\n        stroke: #009697;\n        stroke-miterlimit: 10;\n        stroke-width: 3.32px;\n      }\n    <\/style>\n    <clipPath id=\"clip-path\">\n      <rect class=\"nourish-cls-1\" x=\"-382.88\" y=\"420.95\" width=\"759.37\" height=\"593.62\" \/>\n    <\/clipPath>\n  <\/defs>\n  <path class=\"nourish-cls-3\"\n    d=\"M43.81,226.71a5.08,5.08,0,0,1-.08-1.33,78,78,0,0,1,2.81-17.31,18.93,18.93,0,0,1,1.87-4.14c.7-.85,1.48-1.56,2.58-1.24.78.31,1.09.7.93,1.79-3.12,3.59-4.05,8.58-4.83,15.05v.55a.86.86,0,0,0,.31.78c.62-1,1.25-2,2-3s1.56-2,2.42-3A14,14,0,0,1,54,212.75a3.92,3.92,0,0,1,2.18-.94,3.94,3.94,0,0,1,.94.24,1.85,1.85,0,0,1,1.09,1.56,9,9,0,0,1,.16,2.18c0,2.73-.24,5.69.7,6.63a2.1,2.1,0,0,0,1.25.47c1.48,0,2.88-1.8,4.6-3.75l2.57-3.43c.63-.86,1.64-2.18,2.42-2.34.08,0,.16-.08.31-.08a1.23,1.23,0,0,1,1.1,1v.23a2.43,2.43,0,0,1-.71,1.64c-1.48,2.11-3,4.21-4.6,6.16a11.68,11.68,0,0,1-3.43,2.81,4.77,4.77,0,0,1-2.65.86c-1.87,0-3.43-1.25-4.29-3.36a14.2,14.2,0,0,1-.63-4.29v-.7c0-.39,0-.86-.23-1a4.26,4.26,0,0,0-1.72,1.4,43.26,43.26,0,0,0-4.21,6.55c-.7,1.41-1.56,3.05-2.65,3.44A2.36,2.36,0,0,1,43.81,226.71Z\" \/>\n  <path class=\"nourish-cls-3\"\n    d=\"M66.51,228a4.54,4.54,0,0,1-1.33-3.43c.08-4,.7-7.73,3.12-10.92,1-1.56,1-1.56,3.43-2.42a1.93,1.93,0,0,1,1.64.86,17.33,17.33,0,0,1,1.17,1.32,10.85,10.85,0,0,0,2.26.24,24.72,24.72,0,0,0,3.43-.24c1.33-.08,2.73-.15,4-.15h.47a2.87,2.87,0,0,1,2,.62,1.48,1.48,0,0,1,.31,1.33,2.13,2.13,0,0,1-2.11,1c-2.26,0-4.6,0-6.86.16h-.94a3.53,3.53,0,0,0-1.79.31,3.56,3.56,0,0,0-.7,2.26,15.72,15.72,0,0,1-3.43,7.57,4.13,4.13,0,0,1-3.12,1.79A3.75,3.75,0,0,1,66.51,228Zm5.38-10.69a1.48,1.48,0,0,0-.39-.86,5.62,5.62,0,0,0-1.48-.23,13.71,13.71,0,0,0-1.72,6.4,17.18,17.18,0,0,0,.16,2A9.57,9.57,0,0,0,71.89,217.27Z\" \/>\n  <path class=\"nourish-cls-3\"\n    d=\"M96.3,221.72c0-.86,0-1.56.08-2.42-1,1.4-1.95,2.5-2.81,3.59a21.45,21.45,0,0,1-4.45,4.37,5.49,5.49,0,0,1-2.34.62,3.37,3.37,0,0,1-3.27-3.43c-.16-4.29,1.4-9.91,3.12-14.28,1-2.73,1.4-3.19,2-3.43.23,0,.31-.08.46-.08.63,0,1,.39,1.33,1.1a2.28,2.28,0,0,1-.23,1.17c-2,5.85-3.83,10.92-3.83,13.72a3.25,3.25,0,0,0,.39,1.8c1.25.93,3.59-2.19,5.93-5.31a92.48,92.48,0,0,0,6.56-11.38,6,6,0,0,1,1.71-2.27,1.24,1.24,0,0,1,.78-.23,1.41,1.41,0,0,1,1.25,1.09c0,.16.16.39.16.47a8.69,8.69,0,0,1-.63,2.18,75.89,75.89,0,0,0-3,9.91,30.57,30.57,0,0,0-.31,3.35,5.65,5.65,0,0,0,2.65,5.31,4,4,0,0,0,1.32.15,8.35,8.35,0,0,0,4.06-1.32,28.13,28.13,0,0,0,9-9.44,18.56,18.56,0,0,1,1.33-2.34c.39-.7.85-1.25,1.56-1.25.62.16,1.48.55,1.24,1.72a7.36,7.36,0,0,1-.54,1.32,31.88,31.88,0,0,1-9.13,11.24c-2.81,2.18-5.38,3.12-7.56,3.12C98.88,230.77,96.3,227.33,96.3,221.72Z\" \/>\n  <path class=\"nourish-cls-3\"\n    d=\"M137.72,206.82c-.39.78-1.25.62-1.95.86-5.7,1-9.91,4.37-13.42,8.81a23.67,23.67,0,0,0-4,7.41,4.46,4.46,0,0,1-1,2.5,1.51,1.51,0,0,1-.94.31,1.44,1.44,0,0,1-1-.55,2.75,2.75,0,0,1-.31-1.32,5,5,0,0,1,.31-1.8c1.64-7.25,3.2-14.5,5.38-21.68a12.29,12.29,0,0,1,1.87-4.37,2.08,2.08,0,0,1,1.17-.47c.39,0,.71.24,1,.78a1.15,1.15,0,0,1,.08.47,3.93,3.93,0,0,1-.16,1.09,82.81,82.81,0,0,0-3.43,11.63,8,8,0,0,0-.47,3,39.56,39.56,0,0,1,7.72-6.24,24.61,24.61,0,0,1,6.16-2.42,3.78,3.78,0,0,1,.94-.08,3.06,3.06,0,0,1,1.4.31C137.72,205.49,138.26,206,137.72,206.82Z\" \/>\n  <path class=\"nourish-cls-3\"\n    d=\"M139.51,220.24a4.52,4.52,0,0,1,.15-1.41,20.29,20.29,0,0,1,2-6.55,2.55,2.55,0,0,1,2.27-1.72,1.42,1.42,0,0,1,1.09,1.1l.08.39a4.35,4.35,0,0,1-.63,1.56,14.6,14.6,0,0,0-1.95,6.55,5.38,5.38,0,0,0,.08,1.17c.31,1.56.86,2.18,2.11,2.18s3.43-.93,5.38-2.65a35.7,35.7,0,0,0,4.37-4.76c.39-.54.86-1.17,1.25-1.64a1.9,1.9,0,0,1,1.56-.85c1.32,0,1.32,1.48,1,2.1a29.31,29.31,0,0,1-9.13,9.21,11,11,0,0,1-5.3,1.48C140.76,226.32,139.51,223.36,139.51,220.24Zm5-14.51a2.2,2.2,0,0,1,.24-1.25,2.54,2.54,0,0,1,1.79-1.48c1.09.93,1.4,1.25,1.4,1.87,0,.31-.07.86-.15,1.48a2.34,2.34,0,0,1-1.56.7A2.07,2.07,0,0,1,144.5,205.73Z\" \/>\n  <path class=\"nourish-cls-3\"\n    d=\"M154.48,232.87a4.12,4.12,0,0,1-.46-4.52,9.61,9.61,0,0,1,2.26-2.89,32.56,32.56,0,0,1,6.24-4.05c.7-.39,1.95-.94,3-1.49v-.46a2.46,2.46,0,0,0-.55-1.72c-.54-.78-2.18-.7-3.51-.7h-.93c-2.11,0-3.59-.39-4.29-1.64a5.19,5.19,0,0,1-.31-2,9.35,9.35,0,0,1,.85-3.59,18.25,18.25,0,0,1,6-7.48,5.9,5.9,0,0,1,3.35-1.1,5.7,5.7,0,0,1,2.27.47,5.23,5.23,0,0,1,2.57,2.89,12.3,12.3,0,0,1,.62,5.85c-.15,1-.7,1.56-1.4,1.64a1.55,1.55,0,0,1-1.4-.63,9.31,9.31,0,0,1-.16-2.18v-.55c.08-1.4.08-2.88-1.09-3.9a1.74,1.74,0,0,0-1.33-.54,4,4,0,0,0-1.79.54,11,11,0,0,0-3.51,3.82c-.94,1.64-2,3.2-2,5.07.31.63,1.09.63,1.71.63s1.88-.08,3.28-.08c2.57.08,3.9,1.56,4.84,4.29a63.32,63.32,0,0,0,11.07-4.84,1.32,1.32,0,0,1,.7-.15,1.3,1.3,0,0,1,1.25,1.32v.24c0,.62-.54,1.09-1.56,1.71a45.47,45.47,0,0,1-6.86,3.36c-1.17.54-2.89,1.17-4.6,2a12,12,0,0,1-.94,2.81c-2,4.83-5.46,8.34-9.36,9.28A4.53,4.53,0,0,1,154.48,232.87Zm6.56-3.12a10,10,0,0,0,4-6.08,26.38,26.38,0,0,0-7.41,4.6,2.91,2.91,0,0,0-.78,1.8,2.65,2.65,0,0,0,.16.77,1.06,1.06,0,0,0,.86.47A5.92,5.92,0,0,0,161,229.75Z\" \/>\n  <path class=\"nourish-cls-3\"\n    d=\"M177.18,226.16a1.83,1.83,0,0,1-.47-1.32,6,6,0,0,1,.16-1.33c1.09-4.68,3-11.23,4.21-15.83a180.89,180.89,0,0,1,7.57-21,11.64,11.64,0,0,1,1-2,1.84,1.84,0,0,1,1.56-1,2.45,2.45,0,0,1,1.09.55,1.19,1.19,0,0,1,.39.7c-1.32,3.43-2.81,6.87-4.13,10.38a113.86,113.86,0,0,0-5.23,15.6,26.8,26.8,0,0,0-.62,3.27,38.56,38.56,0,0,1,5.22-4.68,3,3,0,0,1,1.88-.62,6.89,6.89,0,0,1,1.09.15,3,3,0,0,1,1.25,2.5,9.25,9.25,0,0,1-.16,1.4,20.5,20.5,0,0,0-.55,4.37,10.66,10.66,0,0,0,.08,1.56c.24,1.25.55,2.34,2.11,2.89,1.33.23,3-1.33,4.29-2.73,1.09-1.33,2.18-2.5,3.28-3.82.54-.63,1.56-1.88,2.1-1.64.7.08,1,.39,1.25,1.32,0,.24,0,.55-.23.71a44.72,44.72,0,0,1-6,7.09,6.66,6.66,0,0,1-4.45,2.11,4.88,4.88,0,0,1-3.9-2,9.41,9.41,0,0,1-1.64-5.77,21.75,21.75,0,0,1,.32-4c-4.14,3-7,9.36-9.36,13.18a2.87,2.87,0,0,1-1.25.32A1.16,1.16,0,0,1,177.18,226.16Z\" \/>\n  <path class=\"nourish-cls-3\"\n    d=\"M124.35,102.57c9.26-8,21.07-20.26,22.28-33.09,1.64-17.34-15-38.89-24.71-52.23H122c-9.68,13.34-26.44,34.89-24.8,52.23,1.22,12.83,13.87,24.22,22.28,33.09A3.53,3.53,0,0,0,124.35,102.57Z\" \/>\n  <path class=\"nourish-cls-3\"\n    d=\"M115.1,128.39c.27,0-3.21-9.29-3.45-9.81a40.69,40.69,0,0,0-14.23-16.91c-8.93-5.77-20.14-6.83-30.52-6.46a120.51,120.51,0,0,0-15.28,1.51c-.62.11-9.69,2.72-9.81,2.58S57.27,118,76.72,124.57,115.09,128.4,115.1,128.39Z\" \/>\n  <path class=\"nourish-cls-3\"\n    d=\"M128.93,128.39c-.27,0,3.21-9.29,3.45-9.81a40.69,40.69,0,0,1,14.23-16.91c8.93-5.77,20.14-6.83,30.52-6.46a120.51,120.51,0,0,1,15.28,1.51c.62.11,9.69,2.72,9.81,2.58S186.77,118,167.31,124.57,129,128.4,128.93,128.39Z\" \/>\n  <line class=\"nourish-cls-4\" x1=\"121.46\" y1=\"51.47\" x2=\"121.46\" y2=\"157.88\" \/>\n  <path class=\"nourish-cls-3\" d=\"M122.55,139.12l6.38-10.73S143.65,107.3,164.38,108\" \/>\n  <path class=\"nourish-cls-3\" d=\"M121.28,139.31l-6.38-10.73s-14.72-21.1-35.45-20.37\" \/>\n<\/svg>\n<p class=\"rte\">Let’s all feel whole, fortified, and ready to live our most delicious lives, in every way&nbsp;possible.\n<\/p>","css_class":""}},"566a243f-4b49-4a37-9d36-aa8fb0ac8d22":{"type":"custom_liquid","settings":{"custom_liquid":"<svg id=\"Layer_1\" data-name=\"Layer 1\" xmlns=\"http:\/\/www.w3.org\/2000\/svg\" xmlns:xlink=\"http:\/\/www.w3.org\/1999\/xlink\"\n  viewBox=\"0 0 247.81 246.7\">\n  <defs>\n    <style>\n      .embrace-cls-1 {\n        fill: none;\n      }\n\n      .embrace-cls-2 {\n        clip-path: url(#clip-path);\n      }\n\n      .embrace-cls-3 {\n        fill: #9e2968;\n      }\n    <\/style>\n    <clipPath id=\"clip-path\">\n      <rect class=\"embrace-cls-1\" x=\"-661.95\" y=\"420.95\" width=\"759.37\" height=\"593.62\" \/>\n    <\/clipPath>\n  <\/defs>\n  <path class=\"embrace-cls-3\"\n    d=\"M37.52,227.62a6.15,6.15,0,0,1-3.43-2.88,11.76,11.76,0,0,1-.86-4.6,19.8,19.8,0,0,1,.23-2.27c.7-4.91,2.81-8.34,5.85-12.24,1.41-1.88,3.12-3,4.53-3a3.09,3.09,0,0,1,2.41,1.25,3.66,3.66,0,0,1,.71,2.5,6.56,6.56,0,0,1-1.56,4.37c-2,2.41-4.37,4.6-7.34,5.54a5.88,5.88,0,0,0-1.24.46,9.15,9.15,0,0,0-.63,3.59,10.66,10.66,0,0,0,.08,1.56,4.74,4.74,0,0,0,1.33,2.89,5.21,5.21,0,0,0,2.8.7,8.9,8.9,0,0,0,3.9-.94c5.7-2.88,7.57-4.68,12.8-9.2.7-.62,1.32-1.4,1.87-1.48.93,0,1.09.62,1.25,1.48a3.24,3.24,0,0,1-.78,1.4l-3.75,3.44c-3.9,3.43-10,8-15.44,8A7.84,7.84,0,0,1,37.52,227.62Zm6.47-20a3.86,3.86,0,0,0,.16-.94.85.85,0,0,0-.31-.7c-2.27.7-3.59,2.5-6,7.33A13.36,13.36,0,0,0,44,207.58Z\" \/>\n  <path class=\"embrace-cls-3\"\n    d=\"M54.44,231a1.66,1.66,0,0,1-.39-.94v-.39a5,5,0,0,1,.08-1.09c.86-3.51,1.56-7,2.73-10.61.7-2.57,2-8.11,2.57-10.68l.71-2.42.54-1.64a3.45,3.45,0,0,1,.31-.7A2.58,2.58,0,0,1,62.63,201c.78.07,1.09.54,1.41,1.48-.24,1.71-1.41,3.51-1.8,5.3l-.31,1.25-2.42,10a7.28,7.28,0,0,1-.31,1.25A16.2,16.2,0,0,0,61.85,217a26.21,26.21,0,0,1,5.7-6.09c1.17-.86,2.18-1.56,3.43-2.34a6.26,6.26,0,0,1,2.89-.7,4.6,4.6,0,0,1,1.71.23,4,4,0,0,1,1.56,3.51,5.48,5.48,0,0,1-.15,1.56,26.14,26.14,0,0,1-.94,4.37c1.09-.08,1.56-.7,2.34-1a21.12,21.12,0,0,1,2.57-1.1c.71-.07,1.56,0,2.27,0a4.08,4.08,0,0,1,2.41,2.81,20.07,20.07,0,0,1,.71,2.73c.46,1.87,1.79,4.61,3.35,5.62a6.86,6.86,0,0,0,1.25.23,10.68,10.68,0,0,0,1.56-.23c1.17-.31,1.87-1.33,3-1.56a1.39,1.39,0,0,1,1.33,1.56,6,6,0,0,1-5.85,3.2c-3.83-.47-6.24-4.21-7.34-7.65-.54-1.24-.54-2.73-1.24-3.74a1.49,1.49,0,0,0-.78-.23,2.77,2.77,0,0,0-1.1.38,15.76,15.76,0,0,0-5.46,4.61,5.83,5.83,0,0,1-1.87,2.1c-.08.08-.39.08-.47.08a1.48,1.48,0,0,1-1.09-.54,2.85,2.85,0,0,1-.31-1.1,12.8,12.8,0,0,1,.31-1.71c.63-2.19,1.4-4.37,1.87-6.56a9.13,9.13,0,0,0,.47-3,5,5,0,0,0-.15-1.48c-.32-.08-.47-.23-.71-.23s-.54.23-.85.31A20.56,20.56,0,0,0,64.74,218a117.45,117.45,0,0,0-6.94,10.77,6.09,6.09,0,0,1-1.72,2.34,7.29,7.29,0,0,1-.78.15C55,231.21,54.75,231,54.44,231Z\" \/>\n  <path class=\"embrace-cls-3\"\n    d=\"M89.31,227.23a8.35,8.35,0,0,1,.07-1.32,6.62,6.62,0,0,1,1.8-3.67,23,23,0,0,1,1.95-1.87,25,25,0,0,1,2.49-1.64,3.41,3.41,0,0,0,.55-1.4c2.34-8.89,5.62-17.63,8.5-26.29.71-2.11,1.49-4.13,2.19-6.16.31-.94.86-1.87,1.87-1.95a1.5,1.5,0,0,1,1.33,1.17v.31a2.43,2.43,0,0,1-.32,1.25l-7.95,23.48A24.24,24.24,0,0,0,100.7,213a29.52,29.52,0,0,1,2.1-2.18,18.8,18.8,0,0,1,3.43-2.19,6.34,6.34,0,0,1,2.27-.39,4.32,4.32,0,0,1,4.21,3.2c.39.93.62,1.79.93,2.73,1.1-.08,8.74-.86,8.9-.86.93.16,1.48.47,1.56,1.41-.08.77-.39,1-1.1,1.32a67,67,0,0,1-7.48.86,11.67,11.67,0,0,0-2.34.39c-.32.62-.71,1.95-1,2.73a25.11,25.11,0,0,1-7.72,11.08,14.89,14.89,0,0,1-8.27,3.27C92.19,234.49,89.31,230.9,89.31,227.23Zm8.42,4a14.08,14.08,0,0,0,6.32-3.74A25.25,25.25,0,0,0,109,220a6.39,6.39,0,0,0,.47-2,60.71,60.71,0,0,0-9.36,2.34A18.81,18.81,0,0,0,97.73,225c-.15.39-.55.63-.62.78a2.47,2.47,0,0,1-1.41.24c-1.25-.71-.62-1.88-1.32-2.58a3.07,3.07,0,0,0-1.56,1.87,5.25,5.25,0,0,0-.55,2.19,4.91,4.91,0,0,0,1.17,2.81,3.48,3.48,0,0,0,2.73,1.09A11.47,11.47,0,0,0,97.73,231.21Zm12.17-16.38c0-1.4-.16-3.27-1.72-3.59-2.65.63-4.21,2.34-6.08,5.31C105.06,215.92,107.48,215.38,109.9,214.83Z\" \/>\n  <path class=\"embrace-cls-3\"\n    d=\"M141.57,207c-.39.78-1.25.62-1.95.86-5.7,1-9.91,4.37-13.42,8.81a23.67,23.67,0,0,0-4,7.41,4.46,4.46,0,0,1-1,2.5,1.53,1.53,0,0,1-.94.31,1.46,1.46,0,0,1-1-.54,2.7,2.7,0,0,1-.31-1.33,4.69,4.69,0,0,1,.31-1.79c1.64-7.26,3.2-14.51,5.38-21.69a12.29,12.29,0,0,1,1.87-4.37,2.08,2.08,0,0,1,1.17-.47c.39,0,.7.24,1,.78a1.3,1.3,0,0,1,.07.47,4,4,0,0,1-.15,1.09,82.81,82.81,0,0,0-3.43,11.63,7.82,7.82,0,0,0-.47,3,39.26,39.26,0,0,1,7.72-6.24,24.61,24.61,0,0,1,6.16-2.42,3.74,3.74,0,0,1,.94-.08,3,3,0,0,1,1.4.32C141.57,205.7,142.11,206.25,141.57,207Z\" \/>\n  <path class=\"embrace-cls-3\"\n    d=\"M140.86,222a7.88,7.88,0,0,1-.08-1.33c0-1.32.32-2.73,1.56-5.69a24.79,24.79,0,0,1,5-7.1c2.8-2.81,4.44-3.12,7.8-3.12.15,0,.15.08.39-.24.62-.93,1.24-1.87,1.87-2.65a2.37,2.37,0,0,1,.86-.47h.31a1.4,1.4,0,0,1,1.32,1.1,2.33,2.33,0,0,1,0,.78,38.22,38.22,0,0,0-2.57,6.7,17.88,17.88,0,0,0-1.25,7.26c0,1,.08,2.81.78,3.43a1.62,1.62,0,0,0,1.09.31c1.72,0,3.91-2.42,5.39-4.29.7-.93,2.42-3.12,3.12-3.12h.23a1,1,0,0,1,1,1.1,1.18,1.18,0,0,1-.24.77c-1.87,2.74-4.21,5.62-6.55,7.18a5.08,5.08,0,0,1-3.59,1.09c-2.34,0-3.67-1.71-4.06-3.9a25.71,25.71,0,0,1-.31-5.14c-1.4,1.56-2.65,3.12-3.9,4.52-.93,1.17-1.87,2.18-2.88,3.28a4.36,4.36,0,0,1-2.81,1.24C141.49,223.57,141.17,222.86,140.86,222Zm4.37-3a72.21,72.21,0,0,0,8-10.76c.39-.47.47-.7-.31-.47-2,.47-3.27,1.72-4.6,3.28-2.18,2.81-4.37,6.39-4.37,9A14.88,14.88,0,0,0,145.23,219Z\" \/>\n  <path class=\"embrace-cls-3\"\n    d=\"M165.59,221.85a7.76,7.76,0,0,1-.7-3.35,14.86,14.86,0,0,1,.39-2.89c1.09-3.74,2.65-6.86,5.77-9.2a7.28,7.28,0,0,1,3.82-1.33,5.58,5.58,0,0,1,1.48.24,4.45,4.45,0,0,1,2.5,3.74V210a3.31,3.31,0,0,1-.94,2.66,3.6,3.6,0,0,1-1.09.23,1.66,1.66,0,0,1-1.33-.93c0-.71.32-1.49.32-2.19a2.08,2.08,0,0,0-1-1.79c-1.48.23-2.49,1.4-3.66,2.49-1.95,2.11-3,5.46-3.44,8.35a3.8,3.8,0,0,0,2.11,3.35,4.19,4.19,0,0,0,2,.39,12.68,12.68,0,0,0,7.17-2.8,37.2,37.2,0,0,0,5.15-4.14c.63-.62,1.09-1.17,1.72-1.71a1.59,1.59,0,0,1,1.09-.47,1.55,1.55,0,0,1,.94.31c.46.39.39.7.31,1.33a3.47,3.47,0,0,1-1.09,1.48,54.93,54.93,0,0,1-7,5.69c-1.56,1-3.43,2.58-6.24,2.89a7.78,7.78,0,0,1-1.79.23A7.16,7.16,0,0,1,165.59,221.85Z\" \/>\n  <path class=\"embrace-cls-3\"\n    d=\"M189.61,227.62a6.18,6.18,0,0,1-3.43-2.88,11.76,11.76,0,0,1-.86-4.6,22.33,22.33,0,0,1,.23-2.27c.71-4.91,2.81-8.34,5.85-12.24,1.41-1.88,3.12-3,4.53-3a3.12,3.12,0,0,1,2.42,1.25,3.71,3.71,0,0,1,.7,2.5,6.56,6.56,0,0,1-1.56,4.37c-2,2.41-4.37,4.6-7.33,5.54a5.77,5.77,0,0,0-1.25.46,9.15,9.15,0,0,0-.63,3.59,10.66,10.66,0,0,0,.08,1.56,4.74,4.74,0,0,0,1.33,2.89,5.25,5.25,0,0,0,2.81.7,8.94,8.94,0,0,0,3.9-.94c5.69-2.88,7.56-4.68,12.79-9.2.7-.62,1.33-1.4,1.87-1.48.94,0,1.09.62,1.25,1.48a3.14,3.14,0,0,1-.78,1.4l-3.74,3.44c-3.9,3.43-10,8-15.45,8A7.84,7.84,0,0,1,189.61,227.62Zm6.47-20a3.86,3.86,0,0,0,.16-.94.85.85,0,0,0-.31-.7c-2.26.7-3.59,2.5-6,7.33A13.31,13.31,0,0,0,196.08,207.58Z\" \/>\n  <path class=\"embrace-cls-3\"\n    d=\"M195.81,40.23c-.11-.11-.23-.21-.35-.31s-.17-.13-.14-.23a.68.68,0,0,0-.22-.71.28.28,0,0,1,0-.24,1,1,0,0,0-.32-.82.91.91,0,0,1-.31-1,.46.46,0,0,0-.16-.57.53.53,0,0,1-.28-.56.58.58,0,0,0-.61-.65.51.51,0,0,1-.31-.13.86.86,0,0,0-.55-.26,1.25,1.25,0,0,1-.88-.55.48.48,0,0,0-.32-.23,1.12,1.12,0,0,1-.54-.3,1,1,0,0,0-1.27-.06.59.59,0,0,1-.64.06,2.43,2.43,0,0,0-1.19-.19.76.76,0,0,1-.53-.13,3.92,3.92,0,0,0-1.19-.46.24.24,0,0,0-.24,0,1.37,1.37,0,0,1-1.16.22,1.43,1.43,0,0,0-.58.08.32.32,0,0,0-.27.34,2.15,2.15,0,0,1-.26,1,.86.86,0,0,0-.12.54,2.46,2.46,0,0,0,.83,1.72.46.46,0,0,1,.14.17,4.89,4.89,0,0,0,.74,1.39,1.71,1.71,0,0,1,.13,1.45,1.35,1.35,0,0,0,1.22,1.69.58.58,0,0,1,.46.93,31.78,31.78,0,0,0-2.73,6.77c-.32,1.09-.58,2.19-.85,3.3a2.56,2.56,0,0,1-.05-.27,20.83,20.83,0,0,0-.79-4.49.5.5,0,0,1,.09-.52,2.56,2.56,0,0,0,.48-2,2.58,2.58,0,0,1,0-.68,2,2,0,0,0-.95-2,9.11,9.11,0,0,0-2.12-1,.48.48,0,0,0-.45,0,.9.9,0,0,1-.81.11,2.29,2.29,0,0,0-1.61.09c-.15.07-.22.12-.13.27s0,.29-.14.36-.22.22-.15.41a.65.65,0,0,1-.07.73c-.08.09,0,.21,0,.3a1.46,1.46,0,0,0,.27.38,1.88,1.88,0,0,1,.56,1.15,1.39,1.39,0,0,0,.45.88,9.87,9.87,0,0,0,2.5,1.7,1.48,1.48,0,0,0,1.36,0c.11-.06.17,0,.21.08l.06.21a22.56,22.56,0,0,1,.74,5,20.12,20.12,0,0,1,0,2.69c-.17,1.65-.34,3.3-.4,4.95a59.84,59.84,0,0,0,.26,7.69q.27,2.85.8,5.67c.13.73.29,1.45.43,2.18a.28.28,0,0,0,.37.26c.26,0,.14-.22.12-.34-.06-.33-.13-.65-.19-1a26,26,0,0,1-.67-5.9,1.19,1.19,0,0,1-.16-.34,30.23,30.23,0,0,1-.53-5.11.91.91,0,0,1,.14-.54,58.35,58.35,0,0,1,.3-6,44.37,44.37,0,0,1,2.12-9.73,29.8,29.8,0,0,1,2.05-4.67c.11-.2.19-.25.4-.09a6.17,6.17,0,0,0,1.64.83,1.43,1.43,0,0,0,.76.13,1.37,1.37,0,0,1,.82.14.85.85,0,0,0,.89-.09.68.68,0,0,1,.48-.19,1.06,1.06,0,0,0,1-.6.63.63,0,0,1,.48-.3,2.35,2.35,0,0,1,.75,0,.49.49,0,0,0,.42-.14,1.29,1.29,0,0,0,.51-.87,2.81,2.81,0,0,1,.34-1.06A.41.41,0,0,0,195.81,40.23Z\" \/>\n  <path class=\"embrace-cls-3\"\n    d=\"M187.14,61.58c-.76-1.67-3.3-2.77-5.27-3.54-1.05-.42-2.58.4-3.89.65-9,1.74-17.76,4.86-27.22,3.8-7-.78-14.12-1.29-21.18-1.39a15.68,15.68,0,0,1-1-1.94,11.43,11.43,0,1,0-11.93-12.38c-5.84-11.53-11.76-23-17.61-34.56C97.78,9.67,96.28,7.53,93,8.06c-3.73.61-4.92,4.21-2.74,8.5,7.28,14.32,14.62,28.6,21.89,42.92a17.26,17.26,0,0,1,1.91,4.94c1.92,11.91,6.47,22.87-4.42,34.49-2.18,2.32-2.79,4.86-6.31,5.3-4.55.56-9,2.15-13.53,2.7a19.06,19.06,0,0,1-8.53-.84c-6.83-2.51-13.44-5.6-20.16-8.4-4.25-1.77-7.66-.81-9.14,2.46-1.62,3.56,0,6.67,4.61,8.65,7.65,3.27,15.24,6.71,23,9.54a20.25,20.25,0,0,0,9.86.83c9.07-1.54,18-3.68,27.05-5.6,3.59-.77,6.56-.18,9.18,2.79a153.51,153.51,0,0,0,11.6,11.78,29.81,29.81,0,0,1,8.24,12.94c2.83,8.29,6,16.46,9.17,24.64,1.65,4.31,4.84,6,8.23,4.65s4.49-4.73,2.91-9c-3.88-10.45-7.73-20.9-11.77-31.29a16.21,16.21,0,0,0-3.65-5.47c-6.44-6.39-14.36-11.36-19.56-18.87-.58-14.27,8.07-22.88,8.75-34.5,2.14.19,5.2.55,6.81.8,12.89,2,25.06-1.74,37.32-4.68C186.67,66.64,188.3,64.16,187.14,61.58Z\" \/>\n<\/svg>\n<p class=\"rte\">There is no age limit on sexual health and pleasure. We have to be balanced and whole to truly enjoy\n  ourselves and&nbsp;others.<\/p>","css_class":""}},"deac647d-f043-4f46-8976-ca156c9e8de9":{"type":"custom_liquid","settings":{"custom_liquid":"<svg id=\"Layer_1\" data-name=\"Layer 1\" xmlns=\"http:\/\/www.w3.org\/2000\/svg\" xmlns:xlink=\"http:\/\/www.w3.org\/1999\/xlink\"\n  viewBox=\"0 0 247.81 246.7\">\n  <defs>\n    <style>\n      .shine-cls-1,\n      .shine-cls-4 {\n        fill: none;\n      }\n\n      .shine-cls-2 {\n        clip-path: url(#clip-path);\n      }\n\n      .shine-cls-3 {\n        fill: #ba9050;\n      }\n\n      .shine-cls-4 {\n        stroke: #fff;\n        stroke-miterlimit: 10;\n        stroke-width: 3.97px;\n      }\n    <\/style>\n    <clipPath id=\"clip-path\">\n      <rect class=\"shine-cls-1\" x=\"-929.86\" y=\"420.95\" width=\"759.37\" height=\"593.62\" \/>\n    <\/clipPath>\n  <\/defs>\n  <path class=\"shine-cls-3\"\n    d=\"M67.19,232.87a5.12,5.12,0,0,1-.93-2.65,5.37,5.37,0,0,1,.46-1.87A9.81,9.81,0,0,1,69,225.46a32.56,32.56,0,0,1,6.24-4.05c.7-.39,2-.94,3-1.49v-.46a2.46,2.46,0,0,0-.55-1.72c-.54-.78-2.18-.7-3.51-.7h-.93c-2.11,0-3.59-.39-4.29-1.64a5.19,5.19,0,0,1-.32-2,9.37,9.37,0,0,1,.86-3.59,18.25,18.25,0,0,1,6-7.48,5.9,5.9,0,0,1,3.35-1.1,5.7,5.7,0,0,1,2.27.47,5.23,5.23,0,0,1,2.57,2.89,12.3,12.3,0,0,1,.62,5.85c-.15,1-.7,1.56-1.4,1.64a1.55,1.55,0,0,1-1.4-.63,9.31,9.31,0,0,1-.16-2.18v-.55c.08-1.4.08-2.88-1.09-3.9a1.74,1.74,0,0,0-1.33-.54,4,4,0,0,0-1.79.54,11,11,0,0,0-3.51,3.82c-.94,1.64-2,3.2-2,5.07.31.63,1.09.63,1.71.63s1.88-.08,3.28-.08c2.57.08,3.9,1.56,4.84,4.29a63.32,63.32,0,0,0,11.07-4.84,1.32,1.32,0,0,1,.7-.15,1.3,1.3,0,0,1,1.25,1.32v.24c0,.62-.54,1.09-1.56,1.71a45.47,45.47,0,0,1-6.86,3.36c-1.17.54-2.89,1.17-4.6,2a12,12,0,0,1-.94,2.81c-2,4.83-5.46,8.34-9.36,9.28A4.53,4.53,0,0,1,67.19,232.87Zm6.56-3.12a10,10,0,0,0,4-6.08,26.38,26.38,0,0,0-7.41,4.6,2.91,2.91,0,0,0-.78,1.8,2.65,2.65,0,0,0,.16.77,1.06,1.06,0,0,0,.86.47A5.92,5.92,0,0,0,73.75,229.75Z\" \/>\n  <path class=\"shine-cls-3\"\n    d=\"M91.29,221.48a3.14,3.14,0,0,1-.46-.78v-.54a10.41,10.41,0,0,1,.31-2.19,163.6,163.6,0,0,1,6.78-21.45c1.17-3,2.27-6.08,3.51-9.2a26,26,0,0,1,3-6.08,4.34,4.34,0,0,1,.93-.08,1.7,1.7,0,0,1,1,.39,1.53,1.53,0,0,1,.23.78,3.71,3.71,0,0,1-.62,1.56c-3.44,7.88-6.32,16-9.13,24.18a4.71,4.71,0,0,0-.55,2.73c2.19-1.48,4-3.51,6.63-4.06h.47a1.62,1.62,0,0,1,1.72,1.33,5.76,5.76,0,0,1,.15,1.56c0,1.25-.15,2.65-.15,4.05a12.35,12.35,0,0,0,.31,3.36c.55,1,1.25,1.79,2.18,1.64,3.28-.78,5.46-3.83,8.27-5.31a1.54,1.54,0,0,1,1.33,1.09v.16a2.62,2.62,0,0,1-.86,1.72,37.63,37.63,0,0,1-6,4.44,5.57,5.57,0,0,1-2.88.7c-2.34,0-4.21-1.4-4.92-4.13a48.26,48.26,0,0,1-.39-7.25,17.24,17.24,0,0,0-5.3,5.07c-1.56,1.87-2.42,4.36-3.59,6.16a1.93,1.93,0,0,1-1.25.47A1.12,1.12,0,0,1,91.29,221.48Z\" \/>\n  <path class=\"shine-cls-3\"\n    d=\"M113.44,220.24a4.25,4.25,0,0,1,.16-1.41,20,20,0,0,1,2-6.55,2.55,2.55,0,0,1,2.26-1.72,1.41,1.41,0,0,1,1.09,1.1l.08.39a4.5,4.5,0,0,1-.62,1.56,14.6,14.6,0,0,0-2,6.55,5.38,5.38,0,0,0,.08,1.17c.31,1.56.85,2.18,2.1,2.18s3.43-.93,5.38-2.65a35,35,0,0,0,4.37-4.76c.39-.54.86-1.17,1.25-1.64a1.91,1.91,0,0,1,1.56-.85c1.33,0,1.33,1.48,1,2.1a29.52,29.52,0,0,1-9.13,9.21,11,11,0,0,1-5.31,1.48C114.69,226.32,113.44,223.36,113.44,220.24Zm5-14.51a2.28,2.28,0,0,1,.23-1.25,2.54,2.54,0,0,1,1.79-1.48c1.1.93,1.41,1.25,1.41,1.87,0,.31-.08.86-.16,1.48a2.34,2.34,0,0,1-1.56.7A2,2,0,0,1,118.44,205.73Z\" \/>\n  <path class=\"shine-cls-3\"\n    d=\"M128.42,226.71a5.08,5.08,0,0,1-.08-1.33,78,78,0,0,1,2.81-17.31,18.93,18.93,0,0,1,1.87-4.14c.7-.85,1.48-1.56,2.58-1.24.78.31,1.09.7.93,1.79-3.12,3.59-4.05,8.58-4.83,15.05v.55a.86.86,0,0,0,.31.78c.62-1,1.25-2,2-3s1.56-2,2.42-3a14,14,0,0,1,2.18-2.18,2.62,2.62,0,0,1,3.12-.7,1.85,1.85,0,0,1,1.09,1.56,9,9,0,0,1,.16,2.18c0,2.73-.24,5.69.7,6.63a2.1,2.1,0,0,0,1.25.47c1.48,0,2.88-1.8,4.6-3.75l2.57-3.43c.63-.86,1.64-2.18,2.42-2.34.08,0,.16-.08.31-.08a1.23,1.23,0,0,1,1.1,1v.23a2.43,2.43,0,0,1-.71,1.64c-1.48,2.11-3,4.21-4.6,6.16a11.68,11.68,0,0,1-3.43,2.81,4.77,4.77,0,0,1-2.65.86c-1.87,0-3.43-1.25-4.29-3.36a14.2,14.2,0,0,1-.63-4.29v-.7c0-.39,0-.86-.23-1a4.26,4.26,0,0,0-1.72,1.4,43.26,43.26,0,0,0-4.21,6.55c-.7,1.41-1.56,3.05-2.65,3.44A2.36,2.36,0,0,1,128.42,226.71Z\" \/>\n  <path class=\"shine-cls-3\"\n    d=\"M157,227.41a6.18,6.18,0,0,1-3.43-2.88,12,12,0,0,1-.86-4.61,19.57,19.57,0,0,1,.24-2.26c.7-4.91,2.81-8.34,5.85-12.24,1.4-1.88,3.12-3,4.52-3a3.11,3.11,0,0,1,2.42,1.25,3.64,3.64,0,0,1,.7,2.5,6.56,6.56,0,0,1-1.56,4.37c-2,2.41-4.37,4.6-7.33,5.53a6.36,6.36,0,0,0-1.25.47,9.11,9.11,0,0,0-.62,3.59,10.73,10.73,0,0,0,.08,1.56,4.68,4.68,0,0,0,1.32,2.89,5.25,5.25,0,0,0,2.81.7,8.94,8.94,0,0,0,3.9-.94c5.69-2.88,7.57-4.68,12.79-9.2.7-.63,1.33-1.41,1.87-1.48.94,0,1.1.62,1.25,1.48a3.1,3.1,0,0,1-.78,1.4l-3.74,3.43c-3.9,3.44-10,8-15.45,8A8.12,8.12,0,0,1,157,227.41Zm6.48-20a3.91,3.91,0,0,0,.15-.94.82.82,0,0,0-.31-.7c-2.26.7-3.59,2.49-6,7.33A13.46,13.46,0,0,0,163.52,207.37Z\" \/>\n  <path class=\"shine-cls-3\"\n    d=\"M122.42,163a23.06,23.06,0,0,0-3.21-19.63,25.1,25.1,0,0,1-4.14-12.86c-.06-1.05,0-2.11,0-3.69a17.91,17.91,0,0,0-1.91,1.41,24,24,0,0,0-6,11.54c-1.45,6.23-3.86,11.89-9.13,15.9a8.13,8.13,0,0,1-5.3,2.11c1.19-2,2.42-3.92,3.46-5.92a20.44,20.44,0,0,0,1.87-13.3,28,28,0,0,1,1.85-17,2.13,2.13,0,0,0,.15-.49,3.86,3.86,0,0,0-.12-.62,14.6,14.6,0,0,0-5.21,2.41c-3.39,2.19-5.7,5.4-8.11,8.51-3.47,4.47-7.64,7.93-13.34,9.18a9.55,9.55,0,0,1-5.92-.32c3.61-1,6-3.53,8.26-6.19a22.79,22.79,0,0,0,4.75-9.94,26.24,26.24,0,0,1,7.41-13.59c.43-.41.79-.9,1.42-1.63a14.77,14.77,0,0,0-7.88.71c-3.47,1.43-6.77,3.26-10.13,5-5.06,2.54-10.3,4-16,2.41a29.41,29.41,0,0,1-3.78-1.61c3-.91,6-1.56,8.7-2.68a19.41,19.41,0,0,0,8.8-7.15A28.45,28.45,0,0,1,82.08,94.75,15.58,15.58,0,0,0,83.55,94c-.79-.42-1.28-.74-1.81-1a24.73,24.73,0,0,0-13.63-1c-4.84.85-9.69,1-14.31-.87a37.08,37.08,0,0,1-6.33-3.72,4.49,4.49,0,0,1-1.26-2.09,22.35,22.35,0,0,0,13,.58A23.78,23.78,0,0,0,66.35,83a30.13,30.13,0,0,1,16.12-4.78c.37,0,.74-.1,1.74-.24-1.4-1.25-2.38-2.26-3.49-3.11-3.24-2.5-7-3.68-11-4.61-6.35-1.51-12-4.28-15.65-10a31.3,31.3,0,0,1-1.7-3.55l.39-.29c1,.59,1.92,1.2,2.9,1.79a23.47,23.47,0,0,0,16.51,3.33,28.19,28.19,0,0,1,16.7,1.67,7.8,7.8,0,0,0,1,.3c.09,0,.2-.05.49-.13a13.31,13.31,0,0,0-3.85-7.06A57,57,0,0,0,80,50.76c-5.34-4-9.22-8.89-10.36-15.62a25.36,25.36,0,0,1,0-3.74c1.24,1.59,2.21,2.86,3.22,4.1a24.43,24.43,0,0,0,14.42,8.77,26.48,26.48,0,0,1,13.81,7.65,2.22,2.22,0,0,0,1.42.58,53.56,53.56,0,0,0-.52-5.67c-.79-4.1-3-7.6-5.11-11.13a22.92,22.92,0,0,1-3-16.71,8.65,8.65,0,0,1,1.74-3.48c.18.61.4,1.22.52,1.84a25.24,25.24,0,0,0,11.23,16.77,22.85,22.85,0,0,1,8.5,10.46c.34.81.81,1.56,1.37,2.62a17,17,0,0,0,2.43-9.27c-.07-3.64-.65-7.26-.92-10.89A21,21,0,0,1,122.46,13a10.49,10.49,0,0,1,2.89-2.73c-.22,2.44-.56,4.88-.65,7.32a18.42,18.42,0,0,0,2.42,10.56c3.67,5.89,6.38,12,5.95,19.19l.54.25c1.08-1.21,2.27-2.34,3.23-3.64,2.29-3.08,3.4-6.68,4.3-10.37C142.8,26.75,146,21,152.35,17.41c.86-.48,1.78-.86,3.11-1.49-1.31,2.38-2.43,4.29-3.44,6.26-2.43,4.75-2.77,9.78-1.92,15a25.51,25.51,0,0,1-1.7,15,3.8,3.8,0,0,0-.29,2c1.47-.68,3-1.24,4.39-2,3.59-2.07,6.12-5.27,8.51-8.54,4.66-6.37,10.84-10,19.29-10.64-1.14,1-1.89,1.77-2.72,2.42-5.22,4.11-8.85,9.17-10.17,15.83a25.18,25.18,0,0,1-7.74,13.38,4.6,4.6,0,0,0-.55.62c-.06.08,0,.21-.06.81,2.43-.3,4.92-.19,7.08-1a78.77,78.77,0,0,0,10.19-4.8c4.91-2.64,10-4,15.58-3a12.7,12.7,0,0,1,4.6,2.25c-3.28-.27-6,1.13-8.7,2.34a20.12,20.12,0,0,0-8.55,6.94A28.57,28.57,0,0,1,166,79.66a13.32,13.32,0,0,0-1.59.92c1.05.48,1.76.89,2.52,1.14a25.47,25.47,0,0,0,12.5.8c5.69-1,11.3-1,16.72,1.46,2.7,1.21,4.81,2.92,5.43,4.74a25.93,25.93,0,0,0-16.06.78,45.72,45.72,0,0,0-5.64,3,27.77,27.77,0,0,1-13.22,3.61c-.76,0-1.52.09-2.28.15l-.29.52c1.33,1.12,2.6,2.34,4,3.35,3.47,2.47,7.55,3.39,11.59,4.45,6,1.56,11,4.55,14.37,9.91.87,1.38,1.54,2.82.89,4.49-5.7-5.83-12.59-7.17-20.2-5.89a26.39,26.39,0,0,1-13.95-1.23c-1-.37-2-.69-3.3-1.14a13.74,13.74,0,0,0,3.91,7.25,101.76,101.76,0,0,0,7.79,6.7c4.2,3.37,7.43,7.4,8.63,12.73a12.24,12.24,0,0,1-.34,5.2c-.53-.89-1-1.82-1.61-2.66A23.83,23.83,0,0,0,161,130.29a26.69,26.69,0,0,1-13.84-7.59c-.3-.3-.65-.54-1.21-1a12,12,0,0,0,.47,7.15,106.26,106.26,0,0,0,5,10.11c2.75,5.08,4,10.4,2.82,16.11a17.16,17.16,0,0,1-1.6,3.57l-.49-.11a12.56,12.56,0,0,1-.46-1.7,21,21,0,0,0-9-14.9,29.86,29.86,0,0,1-11.27-13.72,7.45,7.45,0,0,0-.6-1,25.6,25.6,0,0,0-1.19,2.53,24.46,24.46,0,0,0-.73,12.65c1.17,6.07.78,12-2.26,17.53a31,31,0,0,1-2.15,3Z\" \/>\n  <circle class=\"shine-cls-4\" cx=\"124.96\" cy=\"86.44\" r=\"29.94\" \/>\n<\/svg>\n<p class=\"rte\">You’re a radiant being, meant to be beautiful at every age. Just look in the mirror and see how\n  you&nbsp;glow.<\/p>","css_class":""}},"2bc1729c-a39d-4863-a7f2-0c0f7e9d8820":{"type":"custom_liquid","settings":{"custom_liquid":"<svg id=\"Layer_1\" data-name=\"Layer 1\" xmlns=\"http:\/\/www.w3.org\/2000\/svg\" xmlns:xlink=\"http:\/\/www.w3.org\/1999\/xlink\"\n  viewBox=\"0 0 247.81 246.7\">\n  <defs>\n    <style>\n      .awaken-cls-1 {\n        fill: none;\n      }\n\n      .awaken-cls-2 {\n        clip-path: url(#clip-path);\n      }\n\n      .awaken-cls-3 {\n        fill: #321648;\n      }\n    <\/style>\n    <clipPath id=\"clip-path\">\n      <rect class=\"awaken-cls-1\" x=\"488.99\" y=\"465.04\" width=\"741.31\" height=\"581.62\" \/>\n    <\/clipPath>\n  <\/defs>\n  <path class=\"awaken-cls-3\"\n    d=\"M59.36,221.44a3.11,3.11,0,0,1-.7-2.18,12.73,12.73,0,0,1,.31-2.35,2.06,2.06,0,0,0-1.17.55c-.93.7-1.63,1.56-2.57,2.42-.78.62-2.18,1.72-3.35,1.72a2.37,2.37,0,0,1-2.11-2.81A4.87,4.87,0,0,1,50,217.7a23,23,0,0,1,5.85-9.83c1.56-1.41,2.34-1.72,5-1.72,1,1,2.88,1,4.05,2.5-1.09,3.51-2.81,6.08-3.27,9.44-.08.54-.16,1.17.23,1.32.08.16.31.16.55.16A6.13,6.13,0,0,0,65,218.48a38.58,38.58,0,0,0,6-4.37l1.56-1.41c.54-.46,1.17-1.09,1.56-.93.93.08,1.4.47,1.4,1.4a2.47,2.47,0,0,1-.93,1.25c-3.28,3.12-7.49,6.86-12.17,8-.24,0-.47.08-.63.08A3.21,3.21,0,0,1,59.36,221.44Zm1-11.78-.63-.86a13.16,13.16,0,0,0-6.39,8.66A24.89,24.89,0,0,0,60.38,209.66Z\" \/>\n  <path class=\"awaken-cls-3\"\n    d=\"M71.77,228.07a13.05,13.05,0,0,1-.63-3.82,14.76,14.76,0,0,1,.24-2.65A112.16,112.16,0,0,1,74,209.43a3.77,3.77,0,0,1,1.17-1.88,2,2,0,0,1,.7-.15,1.46,1.46,0,0,1,.62.08c.55.23.78.62.86,1.48a101.09,101.09,0,0,0-2.57,10.61,27.47,27.47,0,0,0-.63,5,3.76,3.76,0,0,0,.47,2.34,1,1,0,0,0,.63.31.94.94,0,0,0,.78-.47,3.23,3.23,0,0,0,.46-.54A9.69,9.69,0,0,0,78.24,224c1.25-1.87,2.34-3.82,3.51-5.85.62-.93,1.25-1.87,1.79-2.88.71-1.17,1.41-2.26,1.95-3.12a2.54,2.54,0,0,1,1.33-.39,1.55,1.55,0,0,1,.94.31c0,.08.15.16.15.31l.16.16a4.94,4.94,0,0,1,.15,1.48,21.63,21.63,0,0,1-.23,2.26,22.12,22.12,0,0,0-.55,4.91c0,1.25.16,2.5.16,3.75,0,.39.08.55.16.55s.54-.47.93-1.25c.94-2,1.87-4,2.73-5.93.86-1.72,1.56-3.28,2.19-4.84a2.06,2.06,0,0,1,1.48-.78,47.75,47.75,0,0,1,5.38-.54c.94-.08,1.64-.24,2.26-.31a2,2,0,0,1,1.72.7,2.39,2.39,0,0,1,.08,1.24c-.63.86-2,.94-3.67,1.17a47.81,47.81,0,0,0-5,.86c-1,2.34-2.26,5.15-3.51,7.8-1.25,2.89-1.87,3.83-4,5.62a4.65,4.65,0,0,1-1,.08,3.75,3.75,0,0,1-1.56-.31c-1.33-1.17-1.49-2.73-1.49-4.37,0-.63.16-1.25.16-1.8a5.79,5.79,0,0,0-.31-1.71V221c-.31,0-.86.78-1.09,1.17A13.24,13.24,0,0,0,81.83,224c-.7,1-1.41,2-2,3.05a8.75,8.75,0,0,1-3.12,3,5.32,5.32,0,0,1-1.87.31A3,3,0,0,1,71.77,228.07Z\" \/>\n  <path class=\"awaken-cls-3\"\n    d=\"M100.47,220.35a7.88,7.88,0,0,1-.08-1.33c0-1.32.31-2.73,1.56-5.69a24.76,24.76,0,0,1,5-7.1c2.81-2.81,4.45-3.12,7.8-3.12.16,0,.16.08.39-.24.63-.93,1.25-1.87,1.87-2.65a2.54,2.54,0,0,1,.86-.47h.31a1.41,1.41,0,0,1,1.33,1.1,2.33,2.33,0,0,1,0,.78,38.22,38.22,0,0,0-2.57,6.7,17.72,17.72,0,0,0-1.25,7.26c0,1,.08,2.81.78,3.43a1.61,1.61,0,0,0,1.09.31c1.72,0,3.9-2.42,5.38-4.29.71-.93,2.42-3.12,3.12-3.12h.24a1,1,0,0,1,1,1.1,1.22,1.22,0,0,1-.23.77,27.9,27.9,0,0,1-6.55,7.18,5.1,5.1,0,0,1-3.59,1.09c-2.34,0-3.67-1.71-4.06-3.9a25.71,25.71,0,0,1-.31-5.14c-1.41,1.55-2.65,3.12-3.9,4.52-.94,1.17-1.87,2.18-2.89,3.28a4.34,4.34,0,0,1-2.81,1.24C101.09,221.91,100.78,221.2,100.47,220.35Zm4.37-3a72.91,72.91,0,0,0,8-10.76c.39-.47.47-.7-.31-.47-2,.47-3.28,1.72-4.6,3.28-2.19,2.81-4.37,6.39-4.37,9C104,218.09,104.52,217.7,104.84,217.38Z\" \/>\n  <path class=\"awaken-cls-3\"\n    d=\"M122.7,225a2.14,2.14,0,0,1-.63-1.48c0-.47.24-1.09.31-1.64.86-3.12,1.56-6.24,2.42-9.36a207.27,207.27,0,0,1,11-31.75c.55-1.09,1.17-2.26,1.8-3.27.54-.86,1-1.8,2.1-2.11l.39-.08a1.41,1.41,0,0,1,1.33,1.25c-1.09,2.34-2.5,4.84-3.59,7.33-1.17,2.73-2.34,5.31-3.35,8s-1.88,5.3-2.81,8a72.78,72.78,0,0,0-2.5,8.42c2.89-2.34,5.07-4.91,8.66-5.3,2,.08,3,1.4,3.2,3.59-1.17,4.68-4.14,7.8-9.13,9.36a7.85,7.85,0,0,0,3.12,4,8.11,8.11,0,0,0,2.58.54,9.46,9.46,0,0,0,5-1.79,17.76,17.76,0,0,0,3.43-3.82c.55-.78,1-2.11,1.95-2.5h.47c1,0,1.56,1,1.25,1.56a18,18,0,0,1-6.4,7.8,10.11,10.11,0,0,1-5.38,1.64,9.08,9.08,0,0,1-7.72-4.06c-.63-1-1.25-2-1.88-3.12-1.25,1.49-1.25,1.88-2.18,4.45-.63,2-.47,3.35-1.72,4.37a1.82,1.82,0,0,1-.86.23A1.3,1.3,0,0,1,122.7,225Zm11.38-13.18c1.72-1.41,3.44-3,3.75-5.78a13,13,0,0,0-7.1,6.25,2.08,2.08,0,0,0,1.25.46A3.89,3.89,0,0,0,134.08,211.77Z\" \/>\n  <path class=\"awaken-cls-3\"\n    d=\"M144.38,221.6a15.06,15.06,0,0,1,.62-4.06A33.89,33.89,0,0,1,152,205.92a7.25,7.25,0,0,1,4.91-2.19,2.77,2.77,0,0,1,2.57,1.88,3.19,3.19,0,0,1,.24,1.48,5.74,5.74,0,0,1-.7,2.65,19.46,19.46,0,0,1-8.9,8.11c-.7.31-1.4.55-2.18.86a9.64,9.64,0,0,0-.62,3.2,2.45,2.45,0,0,0,1.09,2.42,2.42,2.42,0,0,0,1.32.31c1.56,0,3.36-.94,5.62-2.19,5.54-3.19,9-5.69,14.66-9.28.71-.39,1.33-.78,1.8-1h.39c.86,0,1,.62,1,1.48a2.12,2.12,0,0,1-.93,1.25c-1.33.93-2.58,1.71-4.14,2.81-4.29,2.57-6.94,4.52-11.46,7.17-1.25.63-2.34,1.25-3.51,1.72a8.71,8.71,0,0,1-3.67.78C145.71,227.37,144.38,224.72,144.38,221.6Zm12.56-14.44a.71.71,0,0,0-.78-.62,4.14,4.14,0,0,0-2.65,1.79,34.48,34.48,0,0,0-4.45,6.87C152,214.73,156.63,210.36,156.94,207.16Z\" \/>\n  <path class=\"awaken-cls-3\"\n    d=\"M170,225.26a5,5,0,0,1-.08-1.32,78,78,0,0,1,2.81-17.32,18.93,18.93,0,0,1,1.87-4.14c.7-.85,1.48-1.56,2.58-1.24.78.31,1.09.7.93,1.79-3.12,3.59-4,8.58-4.83,15.06v.54a.86.86,0,0,0,.31.78c.62-1,1.25-2,1.95-3s1.56-2,2.42-3a14,14,0,0,1,2.18-2.18,2.62,2.62,0,0,1,3.12-.7,1.85,1.85,0,0,1,1.09,1.56,9,9,0,0,1,.16,2.18c0,2.73-.24,5.69.7,6.63a2.1,2.1,0,0,0,1.25.47c1.48,0,2.89-1.79,4.6-3.74l2.58-3.44c.62-.86,1.63-2.18,2.41-2.34.08,0,.16-.07.32-.07a1.23,1.23,0,0,1,1.09,1v.23a2.42,2.42,0,0,1-.7,1.64c-1.49,2.11-3.05,4.21-4.61,6.16a11.68,11.68,0,0,1-3.43,2.81,4.75,4.75,0,0,1-2.65.86c-1.87,0-3.43-1.25-4.29-3.36a14.15,14.15,0,0,1-.63-4.29v-.7c0-.39,0-.85-.23-1a4.26,4.26,0,0,0-1.72,1.4,43.26,43.26,0,0,0-4.21,6.55c-.7,1.41-1.56,3-2.65,3.44A2.36,2.36,0,0,1,170,225.26Z\" \/>\n  <path class=\"awaken-cls-3\"\n    d=\"M116.06,20.39S118,72.46,58.2,74.15c0,0,57.86,3.85,57.86,55.92,0,0,1.93-49.66,59.54-55.2C175.6,74.87,120.16,75.11,116.06,20.39Z\" \/>\n  <path class=\"awaken-cls-3\"\n    d=\"M116.71,130.1l-1.3,0c0-50.87-56.68-55.24-57.25-55.28l0-1.29C77.06,73,91.67,67.33,101.6,56.73,116,41.34,115.42,20.62,115.41,20.41l1.29-.07c4,53.35,58.1,53.88,58.89,53.88h0l.06,1.29C119.26,80.94,116.73,129.61,116.71,130.1ZM64.59,74.41c14.31,2.68,48.1,12.84,51.79,49,2.77-13.17,13.33-42,53-48.43-13.94-1.79-46.8-10-53.12-47.72-1,7.61-4.14,20.11-13.7,30.31C93.52,67.24,80.78,72.88,64.59,74.41Z\" \/>\n  <rect class=\"awaken-cls-3\" x=\"65.37\" y=\"145.31\" width=\"105.13\" height=\"6.86\" \/>\n<\/svg>\n<p class=\"rte\">Wake up to the most essential information about your body, your hormones and how you can live a healthy,\n  exciting&nbsp;life.<\/p>","css_class":""}}},"block_order":["76b63a48-a03c-4376-9db2-d45cb6ae30b4","566a243f-4b49-4a37-9d36-aa8fb0ac8d22","deac647d-f043-4f46-8976-ca156c9e8de9","2bc1729c-a39d-4863-a7f2-0c0f7e9d8820"],"settings":{"anchor_id":"","title":"Four Pillars of Well-Being","text":"<p>My Four Pillars of Well-Being are designed to help you live the highest and best version of your life. Dive in below to learn more, now it’s time for you to get started.<\/p>","heading_size":"h1","heading_color":"color-scheme","text_size":"p","column_heading_size":"h3","column_text_size":"p","image_width":"full","image_ratio":"adapt","columns_desktop":4,"column_alignment":"center","column_link_type":"button","background_style":"none","button_label":"Learn More","button_link":"shopify:\/\/pages\/get-started","button_color":"color-scheme","color_scheme":"background-1","width":"page-width","internal_padding":"true","columns_mobile":"1","swipe_on_mobile":false,"padding_top":76,"padding_bottom":60,"css_class":"","custom_css":"{ max-width: 1400px; margin: 0 auto; }\nsvg { max-width: 205px;}\nh2 + div { max-width: 850px; margin: 0 auto;}","custom_css_mobile":"svg { max-width: 160px;}\nli:not(:first-child) { margin-top: 2em; }\nli { margin-bottom:2em; }\nli p { padding: 0 1em; }"}},"6dafaa87-51bd-463e-ba05-b1e20a0e97d2":{"type":"multicolumn","blocks":{"3755ec26-711d-4beb-87ad-185d46d93e2f":{"type":"column_with_bkgd_img","settings":{"background_image":"shopify:\/\/shop_images\/TGFD_WebsiteDesign_LR_SiteRevisions2-11.jpg","title":"Menopause Is Mandatory,\\nSuffering Is Optional!","heading_color":"color-scheme","text":"<p>Reclaim control of your body, lose weight, and recover your love life in this FREE masterclass.<\/p>","link_label":"Watch Free MasterClass","link":"shopify:\/\/pages\/breeze-through-menopause","css_class":""}},"bce14795-5911-4352-a86f-e57aacd263d4":{"type":"column_with_bkgd_img","settings":{"background_image":"shopify:\/\/shop_images\/TGFD_WebsiteDesign_LR_SiteRevisions2-12.jpg","title":"How Healthy Is Your Vajayjay?","heading_color":"color-scheme","text":"<p>Get The ‘Skinny’ On Your Female Pelvic and Sexual Health<\/p>","link_label":"Take the Eve Quiz","link":"shopify:\/\/pages\/eve-quiz","css_class":""}}},"block_order":["3755ec26-711d-4beb-87ad-185d46d93e2f","bce14795-5911-4352-a86f-e57aacd263d4"],"settings":{"anchor_id":"","title":"","text":"","heading_size":"h1","heading_color":"color-scheme","text_size":"p","column_heading_size":"h3","column_text_size":"p","image_width":"full","image_ratio":"adapt","columns_desktop":2,"column_alignment":"left","column_link_type":"button","background_style":"none","button_label":"","button_link":"","button_color":"color-scheme","color_scheme":"background-2","width":"page-width","internal_padding":"true","columns_mobile":"1","swipe_on_mobile":false,"padding_top":60,"padding_bottom":48,"css_class":"","custom_css":"h3 {  \n\nbackground-image: linear-gradient(0deg, rgba(0,0,0,0) 4%, rgba(var(--color-base-accent-1)) 4%, \nrgba(var(--color-base-accent-1)) 80%,\nrgba(0,0,0,0) 80%);\n\ndisplay: inline; color: white; }\nli { padding: 6em 2em 8em; position: relative; }\n.multicolumn-card { position: static; }\np { color: white; }\n.button { position: absolute; bottom: 5em;}","custom_css_mobile":".grid { row-gap: 1em; }\n.button { max-width: 80%;}"}},"16445979972de79e36":{"type":"apps","blocks":{"heading_TNAzB8":{"type":"heading","settings":{"heading":"What My Girlfriends Are Saying","heading_size":"h1","heading_color":"color-scheme"}}},"block_order":["heading_TNAzB8"],"settings":{"include_margins":false,"color_scheme":"background-1","padding_top":36,"padding_bottom":36,"css_class":"","custom_css":".okeReviews-ratingsBadge-holder {\n    transform: scale(1.5);\nborder: none;\n}\n.okeReviews .okeReviews-ratingsBadge--small .okeReviews-lazyPoweredBy.is-okeReviews-lazyLoaded, .okeReviews .okeReviews-ratingsBadge--small .okeReviews-poweredBy {\n    background-image: unset;\n}","custom_css_mobile":""}},"multicolumn_qf4k4R":{"type":"multicolumn","blocks":{"column_gUTfjB":{"type":"column","settings":{"image":"shopify:\/\/shop_images\/womeincommunit_blog-11.png","title":"Julva","heading_color":"accent-1","text":"<h3>★★★★★<\/h3><p>“My sister said this changed everything. So I tried it.”<\/p><p>— Michele P.<br\/><\/p><h6>✓ Verified Purchase<\/h6>","link_label":"","link":"","button_color":"color-scheme","css_class":""}},"column_4PcATr":{"type":"column","settings":{"image":"shopify:\/\/shop_images\/mightyMacaPlus_nobg.png","title":"Mighty Maca Plus","heading_color":"accent-1","text":"<h3>★★★★★<\/h3><p>“It’s like a secret weapon. I notice when I skip it.”<\/p><p>—  Rebecca F.<\/p><h6>✓ Verified Purchase<\/h6>","link_label":"","link":"","button_color":"color-scheme","css_class":""}},"column_6rTqdx":{"type":"column","settings":{"image":"shopify:\/\/shop_images\/TGFD_Balance-May2025Update.png","title":"Balance","heading_color":"accent-1","text":"<h3>★★★★★<\/h3><p>“I love this creamy dreamy stuff! My skin looks and feels great and it smells terrific.”<\/p><p>— Anita R.<\/p><h6>✓ Verified Purchase<\/h6>","link_label":"","link":"","button_color":"color-scheme","css_class":""}}},"block_order":["column_gUTfjB","column_4PcATr","column_6rTqdx"],"name":"t:sections.multicolumn.presets.name","settings":{"anchor_id":"customer_reviews","title":"","text":"","heading_size":"h1","heading_color":"color-scheme","text_size":"p","column_heading_size":"h3","column_text_size":"p","image_width":"half","image_ratio":"adapt","columns_desktop":3,"column_alignment":"center","column_link_type":"button","background_style":"none","button_label":"","button_link":"","button_color":"color-scheme","color_scheme":"background-1","width":"page-width","internal_padding":"true","columns_mobile":"1","swipe_on_mobile":false,"padding_top":36,"padding_bottom":36,"css_class":"","custom_css":"#customer_reviews h6{\ncolor: rgb(190,148,82);\n}\n\n#customer_reviews .multicolumn-card__info h3{\ncolor: rgb(159,43,104)\n}","custom_css_mobile":""}},"1644598357a3cc54c4":{"type":"multicolumn","blocks":{"16445983578b466b8a-2":{"type":"column","settings":{"image":"shopify:\/\/shop_images\/TGFD_WebsiteDesign_LR_SiteRevisions2-13.jpg","title":"Podcast","heading_color":"color-scheme","text":"<p>Awaken to new ideas in my conversations with experts<\/p>","link_label":"Listen Now","link":"shopify:\/\/blogs\/show","button_color":"color-scheme","css_class":""}},"16445983578b466b8a-1":{"type":"column","settings":{"image":"shopify:\/\/shop_images\/TGFD_WebsiteDesign_LR_SiteRevisions2-14.jpg","title":"Blog","heading_color":"color-scheme","text":"<p>Get educated and get empowered<\/p>","link_label":"Read Now","link":"shopify:\/\/blogs\/keto-alkaline-diet","button_color":"color-scheme","css_class":""}},"16445983578b466b8a-0":{"type":"column","settings":{"image":"shopify:\/\/shop_images\/TGFD_WebsiteDesign_LR_SiteRevisions2-15.jpg","title":"Recipes","heading_color":"color-scheme","text":"<p>Nourish your health and hormones, deliciously<\/p>","link_label":"Get Cookin","link":"shopify:\/\/blogs\/recipes","button_color":"color-scheme","css_class":""}},"63bebc7b-7452-46c4-983e-65d5124846d2":{"type":"column","settings":{"image":"shopify:\/\/shop_images\/TGFD_WebsiteDesign_LR_SiteRevisions2-16.jpg","title":"Free Gifts","heading_color":"color-scheme","text":"<p>Explore quizzes, classes, and downloads<\/p>","link_label":"Get Your Gift","link":"shopify:\/\/pages\/girlfriend-gifts","button_color":"color-scheme","css_class":""}}},"block_order":["16445983578b466b8a-2","16445983578b466b8a-1","16445983578b466b8a-0","63bebc7b-7452-46c4-983e-65d5124846d2"],"settings":{"anchor_id":"","title":"You Need to Know","text":"","heading_size":"h0","heading_color":"color-scheme","text_size":"p","column_heading_size":"h3","column_text_size":"p","image_width":"full","image_ratio":"adapt","columns_desktop":4,"column_alignment":"left","column_link_type":"button","background_style":"none","button_label":"","button_link":"","button_color":"color-scheme","color_scheme":"background-1","width":"page-width","internal_padding":"true","columns_mobile":"1","swipe_on_mobile":false,"padding_top":36,"padding_bottom":36,"css_class":"dac-page-width-plus-plus dac-alt-font-h2 dac-border-top","custom_css":".background-none .multicolumn-card__image-wrapper { margin: 0; }\n.multicolumn-card__info { padding-top: 1em; }\n.button { font-size: .9em; }\n\nli { display: flex; flex-direction: column; }\nli &gt; div { flex-grow: 1; }\nli p { padding-bottom: 3em; }\n.button { position: absolute; bottom: 0; }","custom_css_mobile":"li p { padding-bottom: 6em; }\n.button { bottom: 3em; }"}},"164459672896cc4fe4":{"type":"multicolumn","blocks":{"16445967277cc3c23a-0":{"type":"column","settings":{"image":"shopify:\/\/shop_images\/TGFD_HomePage_PillarsFeatureImages-nourish.jpg","title":"Nourish","heading_color":"accent-4","text":"<p>Let’s all feel whole, fortified, and ready to live our most delicious lives, in every way possible.<\/p>","link_label":"Shop Now","link":"shopify:\/\/collections\/nutrition","button_color":"accent-4","css_class":"dac-nourish-icon"}},"16445967277cc3c23a-1":{"type":"column","settings":{"image":"shopify:\/\/shop_images\/TGFD_HomePage_PillarsFeatureImages-embrace.jpg","title":"Embrace","heading_color":"color-scheme","text":"<p>There is no age limit on sexual health and pleasure. We have to be balanced and whole to truly enjoy ourselves and others.<\/p>","link_label":"Shop Now","link":"shopify:\/\/collections\/intimacy-1","button_color":"accent-1","css_class":"dac-embrace-icon"}},"16445967277cc3c23a-2":{"type":"column","settings":{"image":"shopify:\/\/shop_images\/TGFD_HomePage_PillarsFeatureImages-shine.jpg","title":"Shine","heading_color":"color-scheme","text":"<p>You’re a radiant being, meant to be beautiful at every age. Just look in the mirror and see how you glow.<\/p>","link_label":"Shop Now","link":"shopify:\/\/collections\/revive","button_color":"accent-3","css_class":"dac-shine-icon"}},"20c2a166-14e6-454a-97c6-2b3b46dfcbad":{"type":"column","settings":{"image":"shopify:\/\/shop_images\/TGFD_HomePage_PillarsFeatureImages-awaken.jpg","title":"Awaken","heading_color":"color-scheme","text":"<p>Wake up to the most essential information about your body, your hormones and how you can live a healthy, exciting life.<\/p>","link_label":"Shop Now","link":"shopify:\/\/collections\/mood-energy","button_color":"accent-2","css_class":"dac-awaken-icon"}}},"block_order":["16445967277cc3c23a-0","16445967277cc3c23a-1","16445967277cc3c23a-2","20c2a166-14e6-454a-97c6-2b3b46dfcbad"],"disabled":true,"settings":{"anchor_id":"","title":"Let's Go","text":"<p>You want whole health, powerful immunity, vibrant beauty and a great sex life. Let's get started!<\/p>","heading_size":"h0","heading_color":"color-scheme","text_size":"p","column_heading_size":"h3","column_text_size":"p","image_width":"full","image_ratio":"adapt","columns_desktop":2,"column_alignment":"center","column_link_type":"button","background_style":"none","button_label":"","button_link":"","button_color":"color-scheme","color_scheme":"background-2","width":"page-width","internal_padding":"true","columns_mobile":"1","swipe_on_mobile":false,"padding_top":36,"padding_bottom":36,"css_class":"dac-alt-font-h2 dac-page-width-minus","custom_css":".background-none .multicolumn-card__image-wrapper { margin: 0; }","custom_css_mobile":""}},"16445974992c90a50c":{"type":"image-with-text","blocks":{"1644597499f9c6d065-0":{"type":"heading","settings":{"heading":"Inspirational. Empowering. Bold. Fun.","heading_size":"h2","heading_color":"color-scheme","css_class":""}},"1644597499f9c6d065-1":{"type":"text","settings":{"text":"<p>Never miss an episode of The Girlfriend Doctor Show!<\/p><p>Every week, Dr Anna Cabeca and her guests share insights and information to help women of all ages truly thrive.<\/p>","text_style":"body","css_class":""}},"1644597499f9c6d065-2":{"type":"button","settings":{"button_label":"Listen Now","button_link":"shopify:\/\/pages\/show","button_color":"accent-2","css_class":""}}},"block_order":["1644597499f9c6d065-0","1644597499f9c6d065-1","1644597499f9c6d065-2"],"disabled":true,"settings":{"anchor_id":"","image":"shopify:\/\/shop_images\/Theshow_homepage-01.jpg","height":"adapt","desktop_image_width":"medium-plus","layout":"text_first","desktop_content_position":"middle","desktop_content_alignment":"left","content_layout":"no-overlap","color_scheme":"background-1","width":"page-width","internal_padding":"true","mobile_layout":"image_top","mobile_content_alignment":"left","padding_top":60,"padding_bottom":0,"css_class":"dac-page-width-plus","custom_css":".image-with-text__content { padding-left: 0 }\n.media img { object-position: 10% center; }","custom_css_mobile":""}},"1645569853e930dbfb":{"type":"image","disabled":true,"settings":{"image":"shopify:\/\/shop_images\/HOMEPAGE-logos.png","mobile_image":"shopify:\/\/shop_images\/HOMEPAGE-moblie-logos-01.png","max_width":0,"color_scheme":"background-1","link":"","padding_top":36,"padding_bottom":36,"css_class":"dac-page-width-minus","custom_css":"","custom_css_mobile":""}},"70f0077a-79eb-46e4-9f71-28a8d569518d":{"type":"rich-text","blocks":{"template--14245623726135__70f0077a-79eb-46e4-9f71-28a8d569518d-1671225163f0d8c3ad-1":{"type":"text","settings":{"text":"<p><a href=\"\/pages\/giving-back\" title=\"Giving Back\">Giving Back<\/a>. Learn About The Foundations We Support.<\/p>","text_alignment":"center","text_size":"h4","css_class":""}}},"block_order":["template--14245623726135__70f0077a-79eb-46e4-9f71-28a8d569518d-1671225163f0d8c3ad-1"],"settings":{"anchor_id":"","color_scheme":"accent-2","full_width":true,"padding_top":24,"padding_bottom":24,"css_class":"","custom_css":"","custom_css_mobile":""}},"1658860361deb34c71":{"type":"image-banner","disabled":true,"settings":{"image":"shopify:\/\/shop_images\/TGFD_BirthdaySale10_Off_HomePageBanner_revised-04_e81683ee-a92d-4a03-9dac-bbd1d96fadf5.jpg","mobile_image":"shopify:\/\/shop_images\/TGFD_BirthdaySale10_Off_HomePageBanner_revised-05_e3ff417c-97e4-499e-bb22-2bd4184edd66.jpg","link":"shopify:\/\/pages\/giving-back","image_overlay_opacity":0,"image_height":"small","adapt_height_first_image":true,"desktop_content_position":"bottom-center","show_text_box":false,"desktop_content_alignment":"center","color_scheme":"background-1","mobile_content_alignment":"center","stack_images_on_mobile":false,"show_text_below":false,"css_class":"givingback","custom_css":".banner__media  {height: 50px !important;}\n\n@media only screen and (max-width: 600px) {\n.banner__media  {height: 10px !important;}\n}","custom_css_mobile":""}},"1644598184e3b65e19":{"type":"image-with-text","blocks":{"164459818430c31d33-0":{"type":"heading","settings":{"heading":"Girlfriend Gifts","heading_size":"h1","heading_color":"color-scheme","css_class":""}},"164459818430c31d33-1":{"type":"text","settings":{"text":"<p>FREE giveaways for all my girlfriends.<\/p>","text_style":"subtitle","css_class":""}},"164459818430c31d33-2":{"type":"button","settings":{"button_label":"I Want Gifts","button_link":"shopify:\/\/pages\/girlfriend-gifts","button_color":"color-scheme","css_class":""}}},"block_order":["164459818430c31d33-0","164459818430c31d33-1","164459818430c31d33-2"],"disabled":true,"settings":{"anchor_id":"","image":"shopify:\/\/shop_images\/TGFD_Girlfriendgiftsimage.jpg","height":"adapt","desktop_image_width":"medium","layout":"image_first","desktop_content_position":"middle","desktop_content_alignment":"center","content_layout":"no-overlap","color_scheme":"background-2","width":"page-width","internal_padding":"true","mobile_layout":"image_top","mobile_content_alignment":"center","padding_top":36,"padding_bottom":36,"css_class":"dac-page-width-minus","custom_css":".subtitle { margin-top: 0; color: rgb(var(--color-foreground)); }","custom_css_mobile":""}},"66e5a9f5-9ad0-469c-bedc-a4684db3ca84":{"type":"image","settings":{"image":"shopify:\/\/shop_images\/TGFD_WebsiteDesign_LR_SiteRevisions2-17a.jpg","mobile_image":"shopify:\/\/shop_images\/TGFD_WebsiteDesign_LR_SiteRevisions2-20a.jpg","max_width":0,"color_scheme":"background-1","link":"https:\/\/go.drannacabeca.com\/the-girlfriend-doctor-club","padding_top":0,"padding_bottom":36,"css_class":"dac-padding-side-none dac-full-width","custom_css":"","custom_css_mobile":""}},"16445989760e0f4526":{"type":"custom-liquid","settings":{"anchor_id":"","custom_liquid":"<div><h2 class=\"h0 title\">Let's Get Social<\/h2><div>\n{% render 'social-icons' %}<\/div><\/div>","color_scheme":"background-1","padding_top":24,"padding_bottom":24,"css_class":"dac-alt-font-h2 page-width dac-border-bottom","custom_css":".title {margin: 0;}.list-social__link { --color-foreground: var(--color-base-accent-2); }\n.list-social__item .icon {\n--dac-sm-size: 4rem;height: var(--dac-sm-size); width: var(--dac-sm-size); }","custom_css_mobile":".list-social__item .icon {\n--dac-sm-size: 3rem; }\n.list-social__link { padding: .75em; margin-top: 1em;}"}},"image_banner":{"type":"image-banner","disabled":true,"settings":{"image":"shopify:\/\/shop_images\/TGFD_WebsiteDesign_LR_SiteRevisions2-04.jpg","mobile_image":"shopify:\/\/shop_images\/TGFD_WebsiteDesign_LR_SiteRevisions2-19_1087f36f-20cc-49f8-bc51-5355c3209c92.jpg","link":"shopify:\/\/collections\/all","image_overlay_opacity":0,"image_height":"large","adapt_height_first_image":true,"desktop_content_position":"bottom-center","show_text_box":false,"desktop_content_alignment":"center","color_scheme":"background-1","mobile_content_alignment":"center","stack_images_on_mobile":false,"show_text_below":false,"css_class":"","custom_css":"","custom_css_mobile":""}}},"order":["053efba3-de18-4873-8d4e-7dcf69a49477","image_banner_AMp9rX","69d31c32-cf98-4a09-b934-7d03709ee210","multicolumn","cb9b7f75-fcae-4bf0-92ca-2802a45f37d6","1662649071e1dcfd54","d2281a31-4d17-4513-b416-e05d780f211c","a9f1319a-449c-4995-9498-cd4d803a337c","dc040bf9-8dbe-4fd8-a401-26a1484b6604","024b5afc-e7e5-41d3-a052-cd86c6a49dc6","52b8594b-8b25-43b0-b89c-8ffe0eaa7a42","6dafaa87-51bd-463e-ba05-b1e20a0e97d2","16445979972de79e36","multicolumn_qf4k4R","1644598357a3cc54c4","164459672896cc4fe4","16445974992c90a50c","1645569853e930dbfb","70f0077a-79eb-46e4-9f71-28a8d569518d","1658860361deb34c71","1644598184e3b65e19","66e5a9f5-9ad0-469c-bedc-a4684db3ca84","16445989760e0f4526","image_banner"]}