{"layout":"theme-offer-page","sections":{"1640097424c2f7eec2":{"type":"header-offer-page","blocks":{"64d5290e-0111-45f8-add9-b15e6899534a":{"type":"countdown_timer","settings":{"title":"Ends In:","end_date_time":"Nov 19, 2023 03:00:00 GMT-0500","first_countdown":true,"color_scheme":"background-1","padding_top":20,"padding_bottom":20,"css_class":""}}},"block_order":["64d5290e-0111-45f8-add9-b15e6899534a"],"settings":{"color_scheme":"accent-1","display_logo":true,"enable_logo_link":false,"logo_color":"white","show_line_separator":false,"enable_sticky_header":true,"margin_bottom":0,"css_class":"","custom_css":"","custom_css_mobile":".header--offer-page {\n    grid-template-columns: 1fr auto .25fr;\n    column-gap: 1rem;\n}"}},"main":{"type":"main-page","disabled":true,"settings":{"display_title":true,"color_scheme":"background-1","padding_top":40,"padding_bottom":40,"css_class":"","custom_css":"","custom_css_mobile":""}},"16475248305a1a0206":{"type":"image-banner","settings":{"image":"shopify:\/\/shop_images\/Landing_page_-_desktop.png","mobile_image":"shopify:\/\/shop_images\/Landing_page_-_mobile.png","link":"#buy","image_overlay_opacity":0,"image_height":"medium","adapt_height_first_image":true,"desktop_content_position":"middle-center","show_text_box":true,"desktop_content_alignment":"center","color_scheme":"background-1","mobile_content_alignment":"center","stack_images_on_mobile":true,"show_text_below":true,"css_class":"","custom_css":"{ background-color: var(--dac-color-awaken); }\n.banner { max-width: 1600px; margin: auto; }","custom_css_mobile":""}},"4c343672-3501-43b1-bd8c-c1f2da2477b2":{"type":"offer-boxes-collection","custom_css":[".pricing .standout {display: none;}",".payment-types {display: none;}","@media (min-width: 750px) {.product__title {min-height: 90px; } .offer-snippet:first-child {min-height: 135px; }}","@media (min-width: 990px) {.product__title {min-height: 60px; } .offer-snippet:first-child {min-height: 115px; }}"],"settings":{"collection":"black-friday","anchor_id":"buy","exclude_variant_titles":"2-Pack, 3-Pack, 4-Pack, 6-Pack","price_features":"total","guarantee_length":"none","layout":"title\nimage\nsave_sticker\nprice\nsnippets\ninventory\nbuy_buttons\npayment_types","button_label":"Add to Cart","show_inventory":false,"inventory_label":"","offer_name":"Black Friday VIP","color_scheme":"background-1","start_at_product":1,"end_at_product":17,"padding_top":80,"padding_bottom":36,"css_class":"","custom_css":"","custom_css_mobile":""}},"1636459665d3e2f5da":{"type":"rich-text","blocks":{"beca679f-ba51-450c-b157-3528bae0d68c":{"type":"image","settings":{"image":"shopify:\/\/shop_images\/TGFD_BlackFriday-desktop-limited.png","mobile_image":"shopify:\/\/shop_images\/TGFD_BlackFriday-moblielimited.png","max_width":575,"css_class":""}},"68ebcc31-a2f9-42fc-ad62-d3f4c0e0be97":{"type":"image","settings":{"image":"shopify:\/\/shop_images\/TGFD_BlackFriday-desktop2.png","mobile_image":"shopify:\/\/shop_images\/TGFD_BlackFriday-1mobile.png","max_width":425,"css_class":""}}},"block_order":["beca679f-ba51-450c-b157-3528bae0d68c","68ebcc31-a2f9-42fc-ad62-d3f4c0e0be97"],"settings":{"anchor_id":"","color_scheme":"background-1","full_width":true,"padding_top":0,"padding_bottom":56,"css_class":"","custom_css":"","custom_css_mobile":""}},"c413611e-27d8-4bc0-84f0-c16737bc39d4":{"type":"offer-boxes-collection","custom_css":[".pricing .standout {display: none;}",".payment-types {display: none;}","@media (min-width: 750px) {.product__title {min-height: 90px; } .offer-snippet:first-child {min-height: 135px; }}","@media (min-width: 990px) {.product__title {min-height: 60px; } .offer-snippet:first-child {min-height: 115px; }}"],"settings":{"collection":"black-friday","anchor_id":"buy","exclude_variant_titles":"2-Pack, 3-Pack, 4-Pack, 6-Pack","price_features":"total","guarantee_length":"none","layout":"title\nimage\nsave_sticker\nprice\nsnippets\ninventory\nbuy_buttons\npayment_types","button_label":"Add to Cart","show_inventory":false,"inventory_label":"","offer_name":"Black Friday VIP","color_scheme":"background-1","start_at_product":18,"end_at_product":100,"padding_top":80,"padding_bottom":36,"css_class":"","custom_css":"","custom_css_mobile":""}},"630abaef-153c-4402-9b7a-6d44998b3cad":{"type":"rich-text","blocks":{"52f2046d-4227-4e35-822d-b90753b0baec":{"type":"image","settings":{"image":"shopify:\/\/shop_images\/TGFD_BlackFriday-desktop-limited.png","mobile_image":"shopify:\/\/shop_images\/TGFD_BlackFriday-moblielimited.png","max_width":575,"css_class":""}},"f7353900-5e0d-484c-aaad-01be63a13bc0":{"type":"image","settings":{"image":"shopify:\/\/shop_images\/TGFD_BlackFriday-desktop2.png","mobile_image":"shopify:\/\/shop_images\/TGFD_BlackFriday-1mobile.png","max_width":425,"css_class":""}},"46634027-7163-4682-9941-89b5cf506f32":{"type":"custom_liquid","settings":{"custom_liquid":"<script>document.querySelectorAll('.save-sticker').forEach(element => {\n      element.textContent += '+';\n    });\n\nvar shortentitle = document.getElementById(\"Slide-template--14659280732215__4c343672-3501-43b1-bd8c-c1f2da2477b2-39992105074743\").querySelector(\"h3\");\n\n  shortentitle.textContent = shortentitle.textContent.replace(\"Keto Urine\", \"Urine\").replace(\"Uric Acid Test Strips\", \"\");\n\n\n<\/script>","css_class":""}}},"block_order":["52f2046d-4227-4e35-822d-b90753b0baec","f7353900-5e0d-484c-aaad-01be63a13bc0","46634027-7163-4682-9941-89b5cf506f32"],"settings":{"anchor_id":"","color_scheme":"background-1","full_width":true,"padding_top":0,"padding_bottom":56,"css_class":"","custom_css":"","custom_css_mobile":""}}},"order":["1640097424c2f7eec2","main","16475248305a1a0206","4c343672-3501-43b1-bd8c-c1f2da2477b2","1636459665d3e2f5da","c413611e-27d8-4bc0-84f0-c16737bc39d4","630abaef-153c-4402-9b7a-6d44998b3cad"]}