{"layout":"theme-offer-page","sections":{"main":{"type":"main-page","settings":{"display_title":true,"color_scheme":"background-1","padding_top":40,"padding_bottom":40,"css_class":"visually-hidden","custom_css":"","custom_css_mobile":""}},"1640097424c2f7eec2":{"type":"header-offer-page","blocks":{"64d5290e-0111-45f8-add9-b15e6899534a":{"type":"countdown_timer","disabled":true,"settings":{"title":"","end_date_time":"August 19, 2022 23:59:59 GMT-0500","first_countdown":true,"color_scheme":"background-1","padding_top":20,"padding_bottom":20,"css_class":""}},"bd5c02bc-ed1a-47fb-93b9-a67e14efaa95":{"type":"custom_colors","settings":{"colors_solid_button_labels":"","colors_accent_1":"rgba(0,0,0,0)","gradient_accent_1":"","colors_accent_2":"#e4f4f5","gradient_accent_2":"","colors_accent_3":"#321748","colors_accent_4":"","colors_text":"#000000","colors_outline_button_labels":"","colors_background_1":"#ffffff","gradient_background_1":"","colors_background_2":"#fcfaf7","gradient_background_2":""}},"3bc82201-33bf-4bac-8745-e9330ba18fb0":{"type":"image","settings":{"image":"shopify:\/\/shop_images\/TGFD_BreezeThroughMenopause_logos-06_copy.png","max_width":0,"css_class":"breeze"}}},"block_order":["64d5290e-0111-45f8-add9-b15e6899534a","bd5c02bc-ed1a-47fb-93b9-a67e14efaa95","3bc82201-33bf-4bac-8745-e9330ba18fb0"],"custom_css":[],"settings":{"color_scheme":"background-1","display_logo":false,"enable_logo_link":false,"logo_color":"gold","show_line_separator":false,"enable_sticky_header":false,"margin_bottom":0,"css_class":"","custom_css":".header--offer-page {\n    grid-template-columns: var(--cart-width) auto var(--cart-width);\ngrid-\n}\n\n.grid { margin-bottom: 0; }\n\n.breeze{ max-width:400px; margin: auto;}\n\n.header__icon, .header__icon--cart .icon {color: rgb(var(--color-base-accent-4));}","custom_css_mobile":""}},"15cf8d77-29a6-4770-b9f6-cff765d67d34":{"type":"image-with-text","blocks":{"heading_ft9xyc":{"type":"heading","disabled":true,"settings":{"heading":"IT’S TIME TO TAKE BACK CONTROL","heading_size":"h2","heading_color":"accent-3","css_class":""}},"text_b8HqyY":{"type":"text","settings":{"text":"<p><em>March 17 - March 26, 2025<\/em><\/p>","text_style":"body","css_class":"blk"}},"b2a95e37-a521-4a02-a008-6d636b59a33c":{"type":"text","settings":{"text":"<p>Join Dr. Anna LIVE for the FIRST TIME EVER<\/p><p>in this 10 day Journey so YOU can<\/p>","text_style":"body","css_class":"headline"}},"dc064dcb-6328-4912-a527-ab7c9ea9f9a0":{"type":"list","settings":{"list_items":"<p>Replenish your ENERGY<\/p><p>Recover your CLARITY<\/p><p>Reignite your VITALITY<\/p><p>Restore your JOY<\/p><p>Revive your DESIRE<\/p>","list_style_type":"bullets","text_alignment":"left","css_class":""}},"bb62357b-7304-4f3b-ac79-2de58bfac29c":{"type":"text","settings":{"text":"<p>You CAN be a NEW WOMAN by March 26th!<\/p>","text_style":"body","css_class":"mid"}},"3f37faf5-48b8-4fd7-b5f0-f0f6d328ba1f":{"type":"button","settings":{"button_label":"Yes, Secure my Spot with Dr Anna","button_link":"https:\/\/vidapura.myshopify.com\/cart\/41524813660215:1?channel=buy_button","button_color":"accent-1","css_class":""}},"text_RpV4xt":{"type":"text","settings":{"text":"<p><em>*Get your prep steps right away<\/em><\/p>","text_style":"body","css_class":"lower"}}},"block_order":["heading_ft9xyc","text_b8HqyY","b2a95e37-a521-4a02-a008-6d636b59a33c","dc064dcb-6328-4912-a527-ab7c9ea9f9a0","bb62357b-7304-4f3b-ac79-2de58bfac29c","3f37faf5-48b8-4fd7-b5f0-f0f6d328ba1f","text_RpV4xt"],"custom_css":["@media (min-width: 750px) {li {font-size: 2rem; } p {font-size: 1.1em; }}"],"settings":{"anchor_id":"","image":"shopify:\/\/shop_images\/TGFD_BreezeThroughMenopause_17Lander-04_copy_91dd1342-7088-4942-8dca-4c406ea29d64.png","height":"adapt","desktop_image_width":"medium","layout":"text_first","desktop_content_position":"middle","desktop_content_alignment":"left","content_layout":"no-overlap","color_scheme":"accent-2","width":"page-width","internal_padding":"true","mobile_layout":"image_top","mobile_content_alignment":"left","padding_top":0,"padding_bottom":0,"css_class":"dac-full-width dac-padding-side-none dac-allow-media-resize dac-image-wider","custom_css":".headline p:first-of-type { text-transform: uppercase; font-size: 1.1em; color: rgb(var(--color-base-accent-4)); line-height:1em;margin-bottom: .1em;}\n\np+p {color: black;}\n\n.image-with-text__grid {\n  background-color: rgb(var(--color-base-accent-2)); padding: 20px 75px;\n}\n\n.image-with-text__content {padding-right:0px;}\n\nli {line-height:1.1em; color:#000; }\n\nul {\n  list-style-type: none; padding-inline-start: 25px;\nposition: relative;\nmargin-bottom: 0px;\n}\n\nul li:before {\n  content: '';\n  display: inline-block;\n  height: 20px;\n  width: 20px;\n   background-size: 20px;\n  background-image: url(\"https:\/\/cdn.shopify.com\/s\/files\/1\/0524\/5661\/files\/tealcheckmark-03.png\");\n  background-repeat: no-repeat;\nposition: absolute;\nleft: 0px;\n}\n\n.mid p {line-height: 1.3em; color:black; text-transform: none; margin-top:0px; padding-top:0px;}\n\n.lifetime p { color:#333333; text-transform: none; padding: 0px 50px; margin-bottom: 0px;}\n\n.lower p {font-size:0.75em; color:#333333; text-transform: none;}\n\nh2 {font-weight: bold;}\n\n.blk p { color:#333333; text-transform: none; }\n\n.button {\nfont-size: 1.75rem;\nmargin-top: 20px;\n}\n\n.blk.image-with-text__text.rte.body {\nmargin-top:5px;}\n\n.mid.image-with-text__text.rte.body{\nmargin-top:5px;}\n\n.lower.image-with-text__text.rte.body{\nmargin-top:10px;}","custom_css_mobile":".image-with-text__grid {\n  padding: 20px 0px;\n}\n\n.image-with-text__content {padding:0px 20px 50px;}\n.rte { margin-top: .5em; }"}},"166265011699cfe00e":{"type":"media-logos","settings":{"color_scheme":"accent-2","display_borders":false,"display_text":false,"svg_color":"accent-4","padding_top":0,"padding_bottom":0,"css_class":"","custom_css":"","custom_css_mobile":""}},"rich_text_PQYBbE":{"type":"rich-text","blocks":{"text_dPfJNr":{"type":"text","settings":{"text":"<p>“I lost at least 10 pounds, which was much needed, but my energy is through the roof.” &lt;br\/&gt;<strong>— ANNIE T.<\/strong><\/p>","text_alignment":"center","text_size":"p","css_class":""}}},"block_order":["text_dPfJNr"],"settings":{"anchor_id":"","color_scheme":"background-1","full_width":true,"padding_top":40,"padding_bottom":52,"css_class":"","custom_css":"strong {color:#00989B;}\np {font-size:1.1em;}","custom_css_mobile":""}},"image_with_text_Vf9HQ6":{"type":"image-with-text","blocks":{"heading_YJVtGQ":{"type":"heading","settings":{"heading":"Are You Fed Up With Menopause?","heading_size":"h2","heading_color":"accent-4","css_class":""}},"text_Y4GyHQ":{"type":"text","settings":{"text":"<p>This 10 Day Live Experience with Dr Anna is for you if…..<\/p>","text_style":"body","css_class":"top"}},"text_kr3Uqd":{"type":"text","settings":{"text":"<ul><li><strong>Your Body<\/strong> is suddenly betraying you with extra Weight Gain, Aches, Pains and  Horrible HOT FLASHES!<\/li><li><strong>Your Mind<\/strong> is playing hide and seek with your words and Brain Fog has you second guessing your sanity.<\/li><li><strong>Your Emotions<\/strong> have been hijacked by horrible mood swings and random anxiety.<\/li><li><strong>Your Energy<\/strong> is disappearing along with your desire for intimacy.<\/li><\/ul>","text_style":"body","css_class":"custom-arrows"}},"text_ddMRgw":{"type":"text","settings":{"text":"<p>What if you could <em><strong>transform<\/strong><\/em> your menopause journey from a daily struggle to a <em><strong>refreshing<\/strong><\/em> BREEZE?<\/p>","text_style":"body","css_class":"btm"}}},"block_order":["heading_YJVtGQ","text_Y4GyHQ","text_kr3Uqd","text_ddMRgw"],"settings":{"anchor_id":"","image":"shopify:\/\/shop_images\/TGFD_BreezeThroughMenopause_17Lander_-05.jpg","mobile_image":"shopify:\/\/shop_images\/TGFD_BreezeThroughMenopause_17Lander_-05.jpg","height":"adapt","desktop_image_width":"medium","layout":"text_first","desktop_content_position":"middle","desktop_content_alignment":"left","content_layout":"no-overlap","color_scheme":"background-2","width":"page-width","internal_padding":"true","mobile_layout":"image_top","mobile_content_alignment":"left","padding_top":0,"padding_bottom":0,"css_class":"dac-full-width dac-padding-side-none","custom_css":"{background-color: #FCFAF7;}\n.top {color: #00989B; font-size:1.1em;}\n.btm strong {color: #00989B; font-size:1.1em;}\n.btm {font-size:1.1em;}\np {font-size:1.1em;}\n\n\nul {\n  list-style: none; \n  padding: 0;\n  margin: 0;\n}\n\nul li {\n  padding-left: 30px; \n  position: relative; \npadding-top:20px;\n}\n\nul li:before {\n  content: '→'; \n  position: absolute;\n  left: 0;\n  color: #00989B; \n  font-size: 2rem; \n}\n\nli {font-size: 2rem; \n}","custom_css_mobile":""}},"image_with_text_GPQDmj":{"type":"image-with-text","blocks":{"heading_zrekGR":{"type":"heading","settings":{"heading":"I’m not just saying it’s possible - I’ve helped thousands of women do exactly that!","heading_size":"h2","heading_color":"accent-4","css_class":""}},"text_T7QpqA":{"type":"text","settings":{"text":"<p>In just <em><strong>10 days<\/strong><\/em>, you will feel empowered, <em><strong>at home in your body<\/strong><\/em>, clear, competent and slimmer!<\/p>","text_style":"body","css_class":"btm"}},"text_HV4erX":{"type":"text","settings":{"text":"<p>YOUR WAY, ON YOUR TERMS.<\/p>","text_style":"body","css_class":"top"}},"text_kW9GHb":{"type":"text","settings":{"text":"<p>Dr. Anna, with over 30 years of experience, has been leading women, <em><strong>Before, During and After Menopause<\/strong><\/em> through some of the most significant hormone challenges of their lives with Ease and Grace. <\/p><p>Don’t miss this opportunity to be a part of the <em><strong>FIRST EVER LIVE<\/strong><\/em>  “Breeze Through Menopause” 10 day Experience and Reclaim the BEST version of yourself.<\/p>","text_style":"body","css_class":"btm"}},"text_Ygfm3d":{"type":"text","disabled":true,"settings":{"text":"<p>Ready to <strong>reclaim<\/strong> the best version of yourself?<\/p>","text_style":"body","css_class":"btm"}}},"block_order":["heading_zrekGR","text_T7QpqA","text_HV4erX","text_kW9GHb","text_Ygfm3d"],"settings":{"anchor_id":"","image":"shopify:\/\/shop_images\/TGFD_BreezeThroughMenopause_17Lander-23.png","mobile_image":"shopify:\/\/shop_images\/TGFD_BreezeThroughMenopause_17Lander--07.jpg","height":"adapt","desktop_image_width":"medium","layout":"image_first","desktop_content_position":"middle","desktop_content_alignment":"left","content_layout":"no-overlap","color_scheme":"background-2","width":"full-width","internal_padding":"true","mobile_layout":"image_top","mobile_content_alignment":"left","padding_top":0,"padding_bottom":0,"css_class":"dac-full-width dac-padding-side-none","custom_css":"{background-color: #FCFAF7;}\n.top {color: #00989B; font-size:1.1em;}\n.btm strong {color: #00989B; font-size:1.2em;}\n.btm {font-size:1.2em;}\np {font-size:1.1em;}\nstrong {color: #00989B; font-weight: normal; }","custom_css_mobile":""}},"rich_text_iJcREU":{"type":"rich-text","blocks":{"text_iqM9yg":{"type":"text","settings":{"text":"<h2>LIFETIME ACCESS FOR ONLY $17<\/h2>","text_alignment":"center","text_size":"p","css_class":"top"}},"button_wMhpKd":{"type":"button","settings":{"button_label":"Yes, I AM READY TO FEEL CONFIDENT IN MY BODY","button_link":"https:\/\/vidapura.myshopify.com\/cart\/41524813660215:1?channel=buy_button","button_style_secondary":false,"button_alignment":"center","button_color":"color-scheme","css_class":""}},"text_9zrVEU":{"type":"text","settings":{"text":"<p><em>Get your prep steps right away<\/em><\/p>","text_alignment":"center","text_size":"p","css_class":"sup"}}},"block_order":["text_iqM9yg","button_wMhpKd","text_9zrVEU"],"settings":{"anchor_id":"","color_scheme":"accent-2","full_width":true,"padding_top":48,"padding_bottom":48,"css_class":"","custom_css":".rich-text__blocks&gt;*+* {\n    margin-top: 0.5rem;\n}\n.sup {font-size: 1rem;}\n\n.button {\nfont-size: 1.75rem;\nbackground-color: #9F2B68;\nborder: none;\n}\n\np {font-size:1.1em; margin-bottom: 15px; color: #333;}\n\nh2 { margin-top: 0px;  color: #00989B;}","custom_css_mobile":""}},"3509cb98-22e2-4ac0-9036-519a9df44eff":{"type":"multicolumn","blocks":{"column_m6RNPr":{"type":"column","settings":{"image":"shopify:\/\/shop_images\/Breeze-Ipad2.png","title":"Dr. Anna Will Support you Live on Zoom","heading_color":"color-scheme","text":"<p>answering the tough questions March 17, 19, 21, 25 & 26 (replays available)<\/p>","link_label":"","link":"","button_color":"color-scheme","css_class":"icons"}},"template--14495786434615__3509cb98-22e2-4ac0-9036-519a9df44eff-1681392802896589c9-0":{"type":"column","settings":{"image":"shopify:\/\/shop_images\/Breeze-ipad.png","title":"Daily Recorded Videos from Dr. Anna","heading_color":"accent-4","text":"<p>guiding you through your biggest hormonal challenges<\/p>","link_label":"","link":"","button_color":"color-scheme","css_class":"icons"}},"template--14495786434615__3509cb98-22e2-4ac0-9036-519a9df44eff-1681392802896589c9-1":{"type":"column","settings":{"image":"shopify:\/\/shop_images\/MealPlan-ipad.png","title":"10-day Keto-GreenMeal Plan","heading_color":"color-scheme","text":"<p>to heal your body and mind and finally feel amazing<\/p>","link_label":"","link":"","button_color":"color-scheme","css_class":"icons"}},"template--14495786434615__3509cb98-22e2-4ac0-9036-519a9df44eff-1681392802896589c9-2":{"type":"column","settings":{"image":"shopify:\/\/shop_images\/Breeze-ipad1.png","title":"10 Days of Delicious Recipes","heading_color":"color-scheme","text":"<p>that make healthy eating simple and fun again<\/p>","link_label":"","link":"","button_color":"color-scheme","css_class":"icons"}},"ec208740-3d03-482c-81cb-9025942260cd":{"type":"column","settings":{"image":"shopify:\/\/shop_images\/Diary-ipad.png","title":"10-day “Love YourLife” Diary","heading_color":"color-scheme","text":"<p>with daily goal cues to help you<br\/>set achievable goals<\/p>","link_label":"","link":"","button_color":"color-scheme","css_class":"icons"}},"82d2d3c3-817a-4dc1-8cc9-5bdb8e4ce543":{"type":"column","settings":{"image":"shopify:\/\/shop_images\/Facebook-ipad.png","title":"Access to the Breeze Through Menopause","heading_color":"color-scheme","text":"<p>private Facebook group for easy, breezy accountability<\/p>","link_label":"","link":"","button_color":"color-scheme","css_class":"icons"}}},"block_order":["column_m6RNPr","template--14495786434615__3509cb98-22e2-4ac0-9036-519a9df44eff-1681392802896589c9-0","template--14495786434615__3509cb98-22e2-4ac0-9036-519a9df44eff-1681392802896589c9-1","template--14495786434615__3509cb98-22e2-4ac0-9036-519a9df44eff-1681392802896589c9-2","ec208740-3d03-482c-81cb-9025942260cd","82d2d3c3-817a-4dc1-8cc9-5bdb8e4ce543"],"settings":{"anchor_id":"","title":"HERE’S WHAT YOU GET","text":"<h1>When You Join Breeze Through Menopause<\/h1>","heading_size":"h2","heading_color":"accent-3","text_size":"p","column_heading_size":"h3","column_text_size":"p","image_width":"full","image_ratio":"adapt","columns_desktop":3,"column_alignment":"center","column_link_type":"button","background_style":"none","button_label":"","button_link":"#breezeoptin","button_color":"color-scheme","color_scheme":"background-1","width":"page-width","internal_padding":"true","columns_mobile":"1","swipe_on_mobile":false,"padding_top":52,"padding_bottom":36,"css_class":"","custom_css":"h3 { text-transform: uppercase; font-size: 1.4em; color: #000; line-height:1em; margin-top:0px;}\n\nh1 {font-size: 2em; color: rgb(var(--color-base-accent-4)); line-height:1em; margin-top:0px;}\n\nh2 {font-size: 1.4em; color: rgb(var(--color-base-accent-3)); line-height:1em; margin-top:0px;}\n\n.icons p {\ncolor:#000;\n}\np {font-size:1.1em;}\n\n.icons h3 {\ntext-transform: none;\ncolor: rgb(var(--color-base-accent-4)); \n}","custom_css_mobile":""}},"rich_text_J3nDKN":{"type":"rich-text","blocks":{"text_8nWCjf":{"type":"text","settings":{"text":"<p>Finally <em><strong>give yourself<\/strong><\/em> the love and support you deserve in this 10 day reboot that will reclaim your <em><strong>VITALITY <\/strong><\/em>and restore your JOY and have you feeling <em><strong>BETTER THAN EVER<\/strong><\/em>.<\/p>","text_alignment":"center","text_size":"h4","css_class":""}},"text_xWEzFW":{"type":"text","settings":{"text":"<p>Lifetime Access: &lt;s&gt;$197&lt;\/s&gt;<\/p><h2>JOIN US FOR $17<\/h2>","text_alignment":"center","text_size":"p","css_class":"top"}},"button_zffCDa":{"type":"button","settings":{"button_label":"I want to breeze through menopause","button_link":"https:\/\/vidapura.myshopify.com\/cart\/41524813660215:1?channel=buy_button","button_style_secondary":false,"button_alignment":"center","button_color":"accent-1","css_class":""}},"text_kEUBrU":{"type":"text","settings":{"text":"<p><em>Get your prep steps right away<\/em><\/p>","text_alignment":"center","text_size":"p","css_class":"sup"}}},"block_order":["text_8nWCjf","text_xWEzFW","button_zffCDa","text_kEUBrU"],"settings":{"anchor_id":"","color_scheme":"accent-2","full_width":true,"padding_top":40,"padding_bottom":52,"css_class":"","custom_css":".rich-text__blocks&gt;*+* {\n    margin-top: 0.5rem;\n}\n.top {color: #333;}\n.sup {font-size: 1rem; color: #333;}\n\np {color: #333; font-size:1.1em; margin-bottom: 15px;}\nstrong {color: #00989B;}\n\n.button {\nfont-size: 1.75rem;\n}\nh2 { margin-top: 0px; margin-bottom: 15px; color: #00989B;}","custom_css_mobile":""}},"rich_text_eLdrxj":{"type":"rich-text","blocks":{"text_F7QTkB":{"type":"text","settings":{"text":"<p>“Life changing!... I have unintentionally lost over 15lbs and feel 1000% better.”&lt;br\/&gt;<strong>— <\/strong> <strong>HEATHER S.<\/strong><\/p>","text_alignment":"center","text_size":"p","css_class":""}}},"block_order":["text_F7QTkB"],"settings":{"anchor_id":"","color_scheme":"background-1","full_width":true,"padding_top":40,"padding_bottom":52,"css_class":"","custom_css":"strong {color:#00989B;}\np {font-size:1.1em;}","custom_css_mobile":""}},"94478a64-ec38-461a-886a-f14ad6d76667":{"type":"rich-text","blocks":{"template--14495786434615__94478a64-ec38-461a-886a-f14ad6d76667-1680794590ef26f5ba-1":{"type":"text","settings":{"text":"<h4>THIS IS NOT A DIET<\/h4><h1>This is a lifestyle.<\/h1>","text_alignment":"center","text_size":"h4","css_class":""}},"f87ee16a-5eec-43ad-b495-325b5da6e7ea":{"type":"text","settings":{"text":"<p>If you're looking for another bootcamp-strict regimen that leaves you constantly hungry, grumpy, and depleted... you'll need to look elsewhere!<br\/><\/p><p>The Keto-Green Way focuses on nourishing your body with delicious, healing (and satisfying) foods.<\/p>","text_alignment":"center","text_size":"p","css_class":""}}},"block_order":["template--14495786434615__94478a64-ec38-461a-886a-f14ad6d76667-1680794590ef26f5ba-1","f87ee16a-5eec-43ad-b495-325b5da6e7ea"],"disabled":true,"settings":{"anchor_id":"","color_scheme":"background-2","full_width":true,"padding_top":28,"padding_bottom":52,"css_class":"dac-full-width dac-padding-side-none","custom_css":"h1 { color: #000; margin-top:-20px; color: rgb(var(--color-base-accent-4)); }\nh4 { text-transform: uppercase;   font-weight: var(--font-body-weight-bold);}\np {font-size:1.1em;}","custom_css_mobile":""}},"c8657a41-00a9-4cb1-9612-93d89ea990b6":{"type":"multicolumn","blocks":{"template--14495786434615__c8657a41-00a9-4cb1-9612-93d89ea990b6-168079452406b22d89-0":{"type":"column","settings":{"image":"shopify:\/\/shop_images\/TGFD_BreezeThroughMenopause_LandingPage-13.jpg","mobile_image":"shopify:\/\/shop_images\/TGFD_BreezeThroughMenopause_17Lander-17.jpg","title":"","heading_color":"color-scheme","text":"","link_label":"","link":"","button_color":"color-scheme","css_class":""}},"template--14495786434615__c8657a41-00a9-4cb1-9612-93d89ea990b6-168079452406b22d89-1":{"type":"column","settings":{"image":"shopify:\/\/shop_images\/TGFD_BreezeThroughMenopause_LandingPage-14.jpg","mobile_image":"shopify:\/\/shop_images\/TGFD_BreezeThroughMenopause_17Lander-18.jpg","title":"","heading_color":"color-scheme","text":"","link_label":"","link":"","button_color":"color-scheme","css_class":""}},"template--14495786434615__c8657a41-00a9-4cb1-9612-93d89ea990b6-168079452406b22d89-2":{"type":"column","settings":{"image":"shopify:\/\/shop_images\/TGFD_BreezeThroughMenopause_LandingPage-15.jpg","mobile_image":"shopify:\/\/shop_images\/TGFD_BreezeThroughMenopause_17Lander-19.jpg","title":"","heading_color":"color-scheme","text":"","link_label":"","link":"","button_color":"color-scheme","css_class":""}}},"block_order":["template--14495786434615__c8657a41-00a9-4cb1-9612-93d89ea990b6-168079452406b22d89-0","template--14495786434615__c8657a41-00a9-4cb1-9612-93d89ea990b6-168079452406b22d89-1","template--14495786434615__c8657a41-00a9-4cb1-9612-93d89ea990b6-168079452406b22d89-2"],"disabled":true,"settings":{"anchor_id":"","title":"","text":"","heading_size":"h1","heading_color":"color-scheme","text_size":"p","column_heading_size":"h3","column_text_size":"p","image_width":"full","image_ratio":"adapt","columns_desktop":3,"column_alignment":"center","column_link_type":"button","background_style":"none","button_label":"","button_link":"","button_color":"color-scheme","color_scheme":"background-2","width":"page-width","internal_padding":"true","columns_mobile":"1","swipe_on_mobile":false,"padding_top":0,"padding_bottom":36,"css_class":"","custom_css":"","custom_css_mobile":""}},"rich_text_hpx9VN":{"type":"rich-text","blocks":{"text_ymfqzB":{"type":"text","settings":{"text":"<p>Simply follow my trusted recipes for breakfast, lunch, and dinner<br\/>(that's 10 days of FREE meal plans) and watch your body respond.<\/p>","text_alignment":"center","text_size":"h4","css_class":""}},"text_BWhYH9":{"type":"text","settings":{"text":"<p>No confusion, no complicated calculations—just real food that works with your hormones, not against them.<\/p>","text_alignment":"center","text_size":"p","css_class":""}},"text_AepXBT":{"type":"text","settings":{"text":"<p>Discover <em><strong>healing foods<\/strong><\/em> that taste amazing!<\/p>","text_alignment":"center","text_size":"h5","css_class":""}},"text_jDyCYc":{"type":"text","settings":{"text":"<p>Lifetime Access: &lt;s&gt;$197&lt;\/s&gt;<\/p><h2>JOIN US FOR $17<\/h2>","text_alignment":"center","text_size":"p","css_class":"top"}},"button_pdnDWX":{"type":"button","settings":{"button_label":"YES, I am ready to feel better","button_link":"https:\/\/vidapura.myshopify.com\/cart\/41524813660215:1?channel=buy_button","button_style_secondary":false,"button_alignment":"center","button_color":"accent-1","css_class":""}},"text_zayfTG":{"type":"text","settings":{"text":"<p><em>Get your prep steps right away<\/em><\/p>","text_alignment":"center","text_size":"p","css_class":"sup"}}},"block_order":["text_ymfqzB","text_BWhYH9","text_AepXBT","text_jDyCYc","button_pdnDWX","text_zayfTG"],"disabled":true,"settings":{"anchor_id":"","color_scheme":"background-1","full_width":true,"padding_top":40,"padding_bottom":52,"css_class":"","custom_css":".rich-text__blocks&gt;*+* {\n    margin-top: 0.5rem;\n}\n.top {color: #333;}\n.sup {font-size: 1rem; color: #333;}\n\np {color: #333; font-size:1.1em; margin-bottom: 10px;}\nstrong {color: #00989B; }\n.button {\nfont-size: 1.75rem;\n}\n\nh2 { margin-top: 0px; margin-bottom: 15px; color: #00989B;}","custom_css_mobile":""}},"image_with_text_iUXkej":{"type":"image-with-text","blocks":{"heading_ExwHij":{"type":"heading","settings":{"heading":"Here’s What Happens When You Join","heading_size":"h2","heading_color":"accent-4","css_class":""}},"text_dnwxx3":{"type":"text","settings":{"text":"<p>INSTANTLY …. Get access to prep steps including 10 day meal plan, recipes, shopping lists and more<\/p>","text_style":"body","css_class":""}},"text_iGxBHx":{"type":"text","settings":{"text":"<p>STARTING Monday March 17th you will join Dr. ANNA LIVE for your First Interactive Kick Off Call. <\/p>","text_style":"body","css_class":""}},"text_gjhJrC":{"type":"text","settings":{"text":"<p>Over the next 10 days you will <\/p>","text_style":"body","css_class":""}},"list_bymJw8":{"type":"list","settings":{"list_items":"<p>Meet with Dr. Anna Live for her expert guidance March 17, 19, 21, 25 & 26 (replays available)<\/p><p>Fuel your body with delicious meals<\/p><p>Watch daily quick videos from Dr. Anna sharing her best secrets to Breeze Through Menopause<\/p><p>Interact with Dr. Anna and your Breeze Community in a private Facebook Group curated just for this special group of powerful women in the second Spring of Life<\/p>","list_style_type":"bullets","text_alignment":"left","css_class":""}},"text_pDKhBn":{"type":"text","settings":{"text":"<p>You won’t journey alone... We’re in this <em><strong>together!<\/strong><\/em><\/p>","text_style":"body","css_class":"btm"}}},"block_order":["heading_ExwHij","text_dnwxx3","text_iGxBHx","text_gjhJrC","list_bymJw8","text_pDKhBn"],"settings":{"anchor_id":"","image":"shopify:\/\/shop_images\/TGFD_BreezeThroughMenopause_17Lander_-20_a934be84-6068-43de-8daf-e26dedb37c24.jpg","mobile_image":"shopify:\/\/shop_images\/TGFD_BreezeThroughMenopause_17Lander_-21_009f0b3c-5872-4582-9990-64ee9691f153.jpg","height":"adapt","desktop_image_width":"medium","layout":"image_first","desktop_content_position":"top","desktop_content_alignment":"left","content_layout":"no-overlap","color_scheme":"background-2","width":"full-width","internal_padding":"true","mobile_layout":"image_top","mobile_content_alignment":"left","padding_top":0,"padding_bottom":0,"css_class":"dac-full-width dac-padding-side-none","custom_css":"{background-color: #FCFAF7;}\n.top {color: #00989B;}\n.btm strong {color: #00989B; font-size:1.2em;}\n.btm {font-size:1.2em;}\n\nstrong {color: #00989B; font-weight: normal;}\n\nli {line-height:1.1em; color:#000; font-size:1.1em;}\n\nul {\n  list-style-type: none; padding-inline-start: 25px;\nposition: relative;\n}\n\nul li:before {\n  content: '';\n  display: inline-block;\n  height: 20px;\n  width: 20px;\n   background-size: 20px;\n  background-image: url(\"https:\/\/cdn.shopify.com\/s\/files\/1\/0524\/5661\/files\/tealcheckmark-03.png\");\n  background-repeat: no-repeat;\nposition: absolute;\nleft: 0px;\nfont-size:1.1em;\n}\np {font-size:1.1em;}","custom_css_mobile":""}},"rich_text_mqnNhX":{"type":"rich-text","blocks":{"text_NxQEUP":{"type":"text","settings":{"text":"<p>Lifetime Access: &lt;s&gt;$197&lt;\/s&gt;<\/p><h2>YES, JOIN US FOR $17<\/h2>","text_alignment":"center","text_size":"p","css_class":"top"}},"button_Qc8xmM":{"type":"button","settings":{"button_label":"YES, I want to Join Dr. Anna LIVE","button_link":"https:\/\/vidapura.myshopify.com\/cart\/41524813660215:1?channel=buy_button","button_style_secondary":false,"button_alignment":"center","button_color":"color-scheme","css_class":""}},"text_pAQdJb":{"type":"text","settings":{"text":"<p><em>Get your prep steps right away<\/em><\/p>","text_alignment":"center","text_size":"p","css_class":"sup"}}},"block_order":["text_NxQEUP","button_Qc8xmM","text_pAQdJb"],"settings":{"anchor_id":"","color_scheme":"background-1","full_width":true,"padding_top":40,"padding_bottom":52,"css_class":"","custom_css":".rich-text__blocks&gt;*+* {\n    margin-top: 0.5rem;\n}\n.sup {font-size: 1rem;}\n\n.button {\nfont-size: 1.75rem;\n}\n\np {font-size:1.1em; margin-bottom: 10px;}\n\nh2 { margin-top: 0px; margin-bottom: 15px; color: #00989B;}","custom_css_mobile":""}},"d03892e0-5daa-4af8-b52e-86251f95196f":{"type":"image-with-text","blocks":{"template--14495786434615__d03892e0-5daa-4af8-b52e-86251f95196f-1680723310c72bb550-0":{"type":"heading","settings":{"heading":"Meet Dr. Anna Cabeca","heading_size":"h2","heading_color":"accent-4","css_class":""}},"4767f2a8-fe7c-4e07-84bb-34e8d7e59f03":{"type":"text","settings":{"text":"<p>Menopause can upend your life—and most women aren’t prepared. I saw it firsthand in my gynecology practice, then lived it myself.<\/p><p>In my 30s, after a personal tragedy, I faced premature menopause. Despite my medical training, I felt lost. Doctors told me to accept it, but I refused. I traveled the world, learning from scientists and healers, and restored my health. At 41, I miraculously conceived a baby, proving menopause could be reversed.<\/p><p>Later, when menopause came again, I had the tools to navigate it with ease. <\/p><p>Now as The Girlfriend Doctor, I'm committed to helping women before, during, and after menopause reclaim their vibrancy, sexuality, health and happiness.<\/p>","text_style":"body","css_class":""}},"3573c8cb-da7f-4efd-978c-83a47c23848a":{"type":"text","settings":{"text":"<h4>Let me show you how to  breeze through menopause!<\/h4>","text_style":"body","css_class":""}},"template--14495786434615__d03892e0-5daa-4af8-b52e-86251f95196f-1680723310c72bb550-2":{"type":"button","settings":{"button_label":"YES, I WANT IN!","button_link":"https:\/\/vidapura.myshopify.com\/cart\/41524813660215:1?channel=buy_button","button_color":"accent-1","css_class":""}}},"block_order":["template--14495786434615__d03892e0-5daa-4af8-b52e-86251f95196f-1680723310c72bb550-0","4767f2a8-fe7c-4e07-84bb-34e8d7e59f03","3573c8cb-da7f-4efd-978c-83a47c23848a","template--14495786434615__d03892e0-5daa-4af8-b52e-86251f95196f-1680723310c72bb550-2"],"settings":{"anchor_id":"","image":"shopify:\/\/shop_images\/TGFD_BreezeThroughMenopause_17Lander--27.jpg","height":"adapt","desktop_image_width":"medium","layout":"text_first","desktop_content_position":"top","desktop_content_alignment":"left","content_layout":"no-overlap","color_scheme":"background-1","width":"page-width","internal_padding":"true","mobile_layout":"image_top","mobile_content_alignment":"left","padding_top":36,"padding_bottom":36,"css_class":"dac-full-width dac-padding-side-none dac-allow-media-resize","custom_css":"h4 { color: rgb(var(--color-base-accent-4)); padding:0px; margin-top:-20px; margin-bottom:0px;}\n\n.image-with-text__media img {width:90%;}\n\n.button {\nfont-size: 1.75rem;\n}\n\np {font-size:1.1em;}","custom_css_mobile":".image-with-text__media img {width:100%;}"}},"157f1dd0-aa41-4512-a6bb-97b3d13aa2d4":{"type":"image-banner","settings":{"image":"shopify:\/\/shop_images\/TGFD_BreezeThroughMenopause_17Lander--25.jpg","mobile_image":"shopify:\/\/shop_images\/TGFD_BreezeThroughMenopause_17Lander-03_1.jpg","link":"","image_overlay_opacity":0,"image_height":"medium","adapt_height_first_image":true,"desktop_content_position":"middle-center","show_text_box":false,"desktop_content_alignment":"center","color_scheme":"background-1","mobile_content_alignment":"center","stack_images_on_mobile":true,"show_text_below":true,"css_class":"","custom_css":"","custom_css_mobile":""}},"rich_text_yDrQw4":{"type":"rich-text","blocks":{"text_4LGrEN":{"type":"text","settings":{"text":"<p>Start your <em><strong>menopause makeover<\/strong><\/em> today!<\/p>","text_alignment":"center","text_size":"h4","css_class":""}},"text_tWGXre":{"type":"text","settings":{"text":"<p>Lifetime Access: &lt;s&gt;$197&lt;\/s&gt;<\/p><h2>JOIN US FOR $17<\/h2>","text_alignment":"center","text_size":"p","css_class":"top"}},"button_LyUcfi":{"type":"button","settings":{"button_label":"YES, I am ready to conquer Menopause with Confidence ","button_link":"https:\/\/vidapura.myshopify.com\/cart\/41524813660215:1?channel=buy_button","button_style_secondary":false,"button_alignment":"center","button_color":"accent-1","css_class":""}},"text_fbVXFQ":{"type":"text","settings":{"text":"<p><em>Get your prep steps right away<\/em><\/p>","text_alignment":"center","text_size":"p","css_class":"sup"}}},"block_order":["text_4LGrEN","text_tWGXre","button_LyUcfi","text_fbVXFQ"],"settings":{"anchor_id":"","color_scheme":"accent-2","full_width":true,"padding_top":40,"padding_bottom":52,"css_class":"","custom_css":".rich-text__blocks&gt;*+* {\n    margin-top: 0.5rem;\n}\n.top {color: #333;}\n.sup {font-size: 1rem; color: #333;}\n\np {color: #333; font-size:1.1em; margin-bottom: 10px;}\nstrong {color: #00989B;}\n\n.button {\nfont-size: 1.75rem;\n}\n\nh2 { margin-top: 0px; margin-bottom: 15px; color: #00989B;}","custom_css_mobile":""}},"136de414-3ab2-47ff-a698-b952257dc28e":{"type":"rich-text","blocks":{"5a7dac0f-718b-4d1a-8543-696da40a2e52":{"type":"heading","settings":{"heading":"Yes, Dr. Anna!","heading_size":"h2","heading_alignment":"center","heading_color":"accent-4","css_class":"","heading_divider":false}},"text_c8Lggb":{"type":"text","settings":{"text":"<h3>I'd love to experience a 10-day menopause makeover for just $17.<\/h3>","text_alignment":"center","text_size":"p","css_class":""}}},"block_order":["5a7dac0f-718b-4d1a-8543-696da40a2e52","text_c8Lggb"],"disabled":true,"settings":{"anchor_id":"breezeoptin","color_scheme":"background-1","full_width":true,"padding_top":88,"padding_bottom":0,"css_class":"","custom_css":"ul {\n    list-style:none; \n    margin:0 auto;\n}\n\nli {\n    border-bottom:1.5px solid #000;\n  padding:12px 0px;\n    margin:0 auto;\ntext-align: center;\nwidth:75%;\nfont-size:1.1em;\n}\n\n.small{\nfont-size: 1em;\n}\n\n.button { \n    background-color: rgb(var(--color-base-accent-1)); \n}\n\np {font-size:1.1em;}","custom_css_mobile":"ul {\npadding-inline-start: 0px;\n}"}},"multicolumn_GQVTLb":{"type":"multicolumn","blocks":{"product_bundle_CchQdd":{"type":"product_bundle","settings":{"image":"shopify:\/\/shop_images\/TGFD_BreezeThroughMenopause_17Lander-04_1bb05e64-b629-4bbe-949d-a4fcde1d981b.png","title":"","variants":"breeze-through-menopause-live, BREEZE-LIVE, 1","offer_name":"","price_features":"msrp","banner":"","text":"<p><\/p><p>5 Live Q&A Calls with Dr Anna Cabeca<\/p><p>10-days of videos guiding you through Menopause's biggest challenges<\/p><p>10-days of Dr. Anna's Keto-Green friendly recipes<\/p><p>Keto-Green® 10-Day Shopping List<\/p><p>10-Day \"Love Your Life\" Goal Motivational Diary<\/p><p>Keto-Green Facebook group<\/p>","show_servings":false,"show_cost_per_day":false,"guarantee_length":"none","calculate_free_shipping":"show-if-free","offer_inventory_policy":"deny","show_inventory":false,"inventory_label":"","coupon_discounts":"","layout":"recommended\ntitle\nimage\nprice\nsnippets\ninventory\nbuy_buttons\npayment_types","css_class":""}}},"block_order":["product_bundle_CchQdd"],"disabled":true,"settings":{"anchor_id":"","title":"","text":"","heading_size":"h0","heading_color":"color-scheme","text_size":"h5","column_heading_size":"h2","column_text_size":"p","image_width":"full","image_ratio":"adapt","columns_desktop":1,"column_alignment":"center","column_link_type":"button","background_style":"none","button_label":"","button_link":"","button_color":"color-scheme","color_scheme":"background-1","width":"full-width","internal_padding":"true","columns_mobile":"1","swipe_on_mobile":false,"padding_top":0,"padding_bottom":36,"css_class":"","custom_css":".save-sticker { display: none; }\np {font-size:1em;}","custom_css_mobile":""}},"165065014014909f6a":{"type":"apps","blocks":{"d59b13cc-7d9b-49a4-8fd7-2349f46e7f12":{"type":"heading","settings":{"heading":"What my girlfriends are saying\\nabout Breeze Through Menopause","heading_size":"h1","heading_color":"color-scheme"}}},"block_order":["d59b13cc-7d9b-49a4-8fd7-2349f46e7f12"],"settings":{"include_margins":true,"color_scheme":"background-1","padding_top":36,"padding_bottom":36,"css_class":"","custom_css":"h2 { margin-bottom: 0; }\n.okeReviews-reviewsCarousel-review-product { display: none; }\n.okeReviews-reviewsCarousel-heading { display: none; }","custom_css_mobile":""}}},"order":["main","1640097424c2f7eec2","15cf8d77-29a6-4770-b9f6-cff765d67d34","166265011699cfe00e","rich_text_PQYBbE","image_with_text_Vf9HQ6","image_with_text_GPQDmj","rich_text_iJcREU","3509cb98-22e2-4ac0-9036-519a9df44eff","rich_text_J3nDKN","rich_text_eLdrxj","94478a64-ec38-461a-886a-f14ad6d76667","c8657a41-00a9-4cb1-9612-93d89ea990b6","rich_text_hpx9VN","image_with_text_iUXkej","rich_text_mqnNhX","d03892e0-5daa-4af8-b52e-86251f95196f","157f1dd0-aa41-4512-a6bb-97b3d13aa2d4","rich_text_yDrQw4","136de414-3ab2-47ff-a698-b952257dc28e","multicolumn_GQVTLb","165065014014909f6a"]}