{
  "layout": "theme-offer-page",
  "sections": {
    "16462238058b508f23": {
      "type": "header-offer-page",
      "blocks": {
        "2d234c6a-ad15-4b01-b895-79b7c0f04cdf": {
          "type": "custom_colors",
          "settings": {
            "colors_solid_button_labels": "",
            "colors_accent_1": "#63316e",
            "gradient_accent_1": "",
            "colors_accent_2": "#ff8f19",
            "gradient_accent_2": "",
            "colors_accent_3": "rgba(0,0,0,0)",
            "colors_accent_4": "",
            "colors_text": "",
            "colors_outline_button_labels": "",
            "colors_background_1": "",
            "gradient_background_1": "",
            "colors_background_2": "rgba(0,0,0,0)",
            "gradient_background_2": ""
          }
        }
      },
      "block_order": [
        "2d234c6a-ad15-4b01-b895-79b7c0f04cdf"
      ],
      "settings": {
        "color_scheme": "background-1",
        "display_logo": true,
        "enable_logo_link": false,
        "logo_color": "gold",
        "show_line_separator": false,
        "enable_sticky_header": true,
        "margin_bottom": 0,
        "css_class": "",
        "custom_css": "@font-face {\n  font-family: 'Larsseit';\n  src: url(https:\/\/d2saw6je89goi1.cloudfront.net\/uploads\/digital_asset\/file\/962385\/Type_Dynamic_-_Larsseit_Regular.otf);\n  font-weight: normal;\n  font-style: normal;\n}\n@font-face {\n  font-family: 'Larsseit-Bold';\n  src: url(https:\/\/d2saw6je89goi1.cloudfront.net\/uploads\/digital_asset\/file\/962384\/Type_Dynamic_-_Larsseit_Bold.otf) format('truetype');\n  font-weight: var(--font-body-weight-bold);\n  font-style: normal;\n}\n@font-face {\n  font-family: 'Larsseit-Thin';\n  src: url(https:\/\/d2saw6je89goi1.cloudfront.net\/uploads\/digital_asset\/file\/962386\/Type_Dynamic_-_Larsseit_Thin.otf) format('truetype');\n  font-weight: lighter;\n  font-style: normal;\n}\n\n@font-face {\n  font-family: 'Larsseit-Light';\n  src: url(https:\/\/d2saw6je89goi1.cloudfront.net\/uploads\/digital_asset\/file\/965155\/Larsseit-Light.ttf) format('truetype');\n  font-weight: lighter;\n  font-style: normal;\n}\n\nbody {\n  font-family: 'Larsseit-Light', serif !important;\n}",
        "custom_css_mobile": ""
      }
    },
    "16611758835f2bca50": {
      "type": "multicolumn",
      "blocks": {
        "bf8af3a8-3ff5-4967-a03f-ea89df6bc4cf": {
          "type": "custom_liquid",
          "settings": {
            "custom_liquid": "<script>\n    document.addEventListener(\"DOMContentLoaded\", (event) => {\n      let q = new URLSearchParams(window.location.search);\n      let t = document.querySelector('.' + q.get('bonus'));\n      if (t) {\n        t.style.display = 'block';\n      }\n    });\n  <\/script>",
            "css_class": ""
          }
        },
        "16611758831630ea5e-0": {
          "type": "column",
          "settings": {
            "title": "",
            "heading_color": "color-scheme",
            "text": "",
            "link_label": "Download Your Sneak Peek",
            "link": "https:\/\/cdn.shopify.com\/s\/files\/1\/0524\/5661\/files\/Menupause_sneak_peek.pdf",
            "button_color": "foreground",
            "css_class": "sneakpeek"
          }
        },
        "99aa94f8-2ea5-41c5-a393-652c5ce940d4": {
          "type": "column",
          "settings": {
            "title": "",
            "heading_color": "color-scheme",
            "text": "",
            "link_label": "Download Your Checklist",
            "link": "https:\/\/cdn.shopify.com\/s\/files\/1\/0524\/5661\/files\/MenuPause_9WayBreakPlateau.pdf",
            "button_color": "foreground",
            "css_class": "checklist"
          }
        },
        "3e255779-a5d8-4e20-b8bf-90be2806e692": {
          "type": "column",
          "settings": {
            "title": "",
            "heading_color": "color-scheme",
            "text": "",
            "link_label": "Download Your Recipes",
            "link": "https:\/\/cdn.shopify.com\/s\/files\/1\/0524\/5661\/files\/MenuPause_RecipeBook_070c3390-bdf0-41f0-a5d2-fb1f6f56a406.pdf",
            "button_color": "foreground",
            "css_class": "recipes"
          }
        },
        "526bb7c9-d629-4a43-9b27-dfeadaaef279": {
          "type": "column",
          "settings": {
            "title": "",
            "heading_color": "color-scheme",
            "text": "",
            "link_label": "Watch Masterclass",
            "link": "https:\/\/drannacabeca.com\/pages\/f-masterclass-diabetes-prediabetes",
            "button_color": "foreground",
            "css_class": "masterclass"
          }
        },
        "dee1963c-8640-4fc5-82e5-b0fa6e124b25": {
          "type": "column",
          "disabled": true,
          "settings": {
            "title": "",
            "heading_color": "color-scheme",
            "text": "",
            "link_label": "Check your email for next steps",
            "link": "#",
            "button_color": "foreground",
            "css_class": "booksquad"
          }
        }
      },
      "block_order": [
        "bf8af3a8-3ff5-4967-a03f-ea89df6bc4cf",
        "16611758831630ea5e-0",
        "99aa94f8-2ea5-41c5-a393-652c5ce940d4",
        "3e255779-a5d8-4e20-b8bf-90be2806e692",
        "526bb7c9-d629-4a43-9b27-dfeadaaef279",
        "dee1963c-8640-4fc5-82e5-b0fa6e124b25"
      ],
      "settings": {
        "anchor_id": "",
        "title": "",
        "text": "",
        "heading_size": "h1",
        "heading_color": "color-scheme",
        "text_size": "p",
        "column_heading_size": "h3",
        "column_text_size": "p",
        "image_width": "full",
        "image_ratio": "adapt",
        "columns_desktop": 1,
        "column_alignment": "center",
        "column_link_type": "button",
        "background_style": "none",
        "button_label": "",
        "button_link": "",
        "button_color": "color-scheme",
        "color_scheme": "accent-2",
        "columns_mobile": "1",
        "swipe_on_mobile": false,
        "padding_top": 0,
        "padding_bottom": 0,
        "css_class": "",
        "custom_css": ".button {\ncolor:#63316e;\nfont-size:30px;\npadding:10px 25px;\nbackground-color: #ffffff;\n}\n.sneakpeek, .checklist, .recipes, .masterclass, .booksquad {\ndisplay: none;\n  }",
        "custom_css_mobile": ".button {\ncolor:#63316e;\nfont-size:16px;\npadding:10px 25px;\n}"
      }
    },
    "16461663454a306e26": {
      "type": "rich-text",
      "blocks": {
        "1646166345821458f3-0": {
          "type": "heading",
          "settings": {
            "heading": "Break Your Weight Loss Plateau",
            "heading_size": "h1",
            "heading_alignment": "center",
            "heading_color": "accent-1",
            "css_class": "topheading",
            "heading_divider": false
          }
        },
        "58b948bb-ef27-4ed1-85a5-1d89b6a13e2e": {
          "type": "text",
          "settings": {
            "text": "<p>with safe, sane, 6-day plans created by an OB-GYN<\/p>",
            "text_alignment": "center",
            "text_size": "p",
            "css_class": ""
          }
        }
      },
      "block_order": [
        "1646166345821458f3-0",
        "58b948bb-ef27-4ed1-85a5-1d89b6a13e2e"
      ],
      "settings": {
        "anchor_id": "",
        "color_scheme": "background-2",
        "full_width": true,
        "padding_top": 24,
        "padding_bottom": 24,
        "css_class": "",
        "custom_css": "h2 {\nfont-size: 53px;\n}\np {\nfont-size: 33px;\n}",
        "custom_css_mobile": ".topheading {\nfont-size:45px;\n}\np {\nfont-size: 30px;\n}"
      }
    },
    "1661182888336e42fc": {
      "type": "video-with-text",
      "blocks": {
        "c0b06d92-4edf-445d-85b5-5a13cf2b0275": {
          "type": "caption",
          "settings": {
            "caption": "Written by triple-board certified OB-GYN Dr. Anna Cabeca, The Girlfriend Doctor, author of the bestselling books, The Hormone Fix and Keto-Green 16",
            "text_alignment": "center"
          }
        },
        "e5a1f8db-c0e7-462a-b15c-e80795142424": {
          "type": "image",
          "settings": {
            "image": "shopify:\/\/shop_images\/MenuPause_LP_Book-Sales-Page_openingbook-image.jpg",
            "max_width": 0
          }
        },
        "341c9a92-cac1-4a53-b8fd-942d605f21ae": {
          "type": "button",
          "settings": {
            "button_label": "ORDER NOW",
            "button_link": "#optin",
            "button_color": "color-scheme"
          }
        },
        "ca9c9ef7-a571-49c7-bc4e-3f9014bda430": {
          "type": "text",
          "settings": {
            "text": "<p>Plus 6 free bonuses worth $125!<\/p>",
            "text_style": "body",
            "text_size": "p"
          }
        }
      },
      "block_order": [
        "c0b06d92-4edf-445d-85b5-5a13cf2b0275",
        "e5a1f8db-c0e7-462a-b15c-e80795142424",
        "341c9a92-cac1-4a53-b8fd-942d605f21ae",
        "ca9c9ef7-a571-49c7-bc4e-3f9014bda430"
      ],
      "settings": {
        "anchor_id": "",
        "cover_image": "shopify:\/\/shop_images\/MenuPauseBanner_General_1625x905_V3.jpg",
        "video_url_metafield": "",
        "video_url": "https:\/\/player.vimeo.com\/video\/663433522?h=446d9390d0",
        "description": "",
        "desktop_image_width": "medium",
        "layout": "video_first",
        "desktop_content_position": "middle",
        "desktop_content_alignment": "left",
        "color_scheme": "background-1",
        "padding_top": 0,
        "padding_bottom": 0,
        "css_class": "videotxt",
        "custom_css": ".button {\nmargin:0px auto;\nbackground-color:#ff8f19;\ncolor:#ffffff;\n--border-offset: none;\n}\n\np{\nmargin:0px auto;\n}\n\n.body{\nmargin:0px auto;\n}\n\n.videotxt {\npadding: 0px 20px;\nmargin-top:0px;\n}",
        "custom_css_mobile": ""
      }
    },
    "16543413375e4fa8d4": {
      "type": "rich-text",
      "blocks": {
        "16543413373de05a04-0": {
          "type": "heading",
          "settings": {
            "heading": "Shift your diet. Support your hormones. Start getting relief.",
            "heading_size": "h1",
            "heading_alignment": "center",
            "heading_color": "foreground",
            "css_class": "",
            "heading_divider": false
          }
        },
        "073f1e20-7f97-4d78-a166-363eb467d5e5": {
          "type": "image",
          "settings": {
            "image": "shopify:\/\/shop_images\/MenuPause_LP_Book-Sales-Page_symptonicons.webp",
            "mobile_image": "shopify:\/\/shop_images\/MenuPause_LP_Book-Sales-Page_iconsmobile.webp",
            "max_width": 0,
            "css_class": ""
          }
        }
      },
      "block_order": [
        "16543413373de05a04-0",
        "073f1e20-7f97-4d78-a166-363eb467d5e5"
      ],
      "settings": {
        "anchor_id": "",
        "color_scheme": "accent-1",
        "full_width": true,
        "padding_top": 40,
        "padding_bottom": 52,
        "css_class": "",
        "custom_css": "h2 {\nfont-size: 45px;\n}",
        "custom_css_mobile": "h2 {\nfont-size: 30px;\n}"
      }
    },
    "164616622356f72eeb": {
      "type": "image-with-text",
      "blocks": {
        "1646166223b6760f4c-0": {
          "type": "heading",
          "settings": {
            "heading": "Before, during, and after menopause, MenuPause will help!",
            "heading_size": "h2",
            "heading_color": "accent-1",
            "css_class": ""
          }
        },
        "edca199a-20ac-473f-b85f-6eb39b62a4b9": {
          "type": "text",
          "settings": {
            "text": "<p>Right NOW can be…<\/p>",
            "text_style": "subtitle",
            "css_class": ""
          }
        },
        "5cc900b8-f1f5-466a-abf2-ebfa1bc57071": {
          "type": "list",
          "settings": {
            "list_items": "<p>a time of renewal<\/p><p>a chance to improve your health & quality of life<\/p>",
            "list_style_type": "bullets",
            "text_alignment": "left",
            "css_class": ""
          }
        },
        "50c0331c-8f5f-4a59-a633-bf6785c817db": {
          "type": "text",
          "settings": {
            "text": "<p>In MenuPause, you’ll learn to...<\/p>",
            "text_style": "subtitle",
            "css_class": ""
          }
        },
        "2f9af4a3-ac51-4247-9e69-98eb8e4c7d64": {
          "type": "list",
          "settings": {
            "list_items": "<p>support your hormones with nutrition<\/p><p>use mindful pauses to end plateaus & enhance your results<\/p>",
            "list_style_type": "bullets",
            "text_alignment": "left",
            "css_class": ""
          }
        }
      },
      "block_order": [
        "1646166223b6760f4c-0",
        "edca199a-20ac-473f-b85f-6eb39b62a4b9",
        "5cc900b8-f1f5-466a-abf2-ebfa1bc57071",
        "50c0331c-8f5f-4a59-a633-bf6785c817db",
        "2f9af4a3-ac51-4247-9e69-98eb8e4c7d64"
      ],
      "settings": {
        "image": "shopify:\/\/shop_images\/MenuPause_LP_Book-Sales-Page_2ndsection.jpg",
        "height": "adapt",
        "desktop_image_width": "medium",
        "layout": "text_first",
        "desktop_content_position": "top",
        "desktop_content_alignment": "left",
        "content_layout": "no-overlap",
        "color_scheme": "background-2",
        "mobile_content_alignment": "left",
        "padding_top": 0,
        "padding_bottom": 36,
        "css_class": "dac-full-width dac-padding-side-none",
        "custom_css": "h2 {\nfont-size: 44px;\n}\n\nul li {\nfont-size: 21px;\n}\n\n.subtitle {\nfont-size: 33px;\ncolor: #63316e;\n}",
        "custom_css_mobile": "h2 {\nfont-size: 35px;\n}\n\n.button {\nfont-size: 14px;\npadding: 10px 25px;\n}"
      }
    },
    "1658250672dac6639f": {
      "type": "image",
      "settings": {
        "image": "shopify:\/\/shop_images\/TGFD_Logolist-desktop.png",
        "mobile_image": "shopify:\/\/shop_images\/TGFD_Logolist-02-1.png",
        "max_width": 0,
        "color_scheme": "background-1",
        "link": "",
        "padding_top": 36,
        "padding_bottom": 36,
        "css_class": "",
        "custom_css": "",
        "custom_css_mobile": ""
      }
    },
    "1654342987b12a4c39": {
      "type": "multicolumn",
      "blocks": {
        "1654342987af5fde1e-0": {
          "type": "column",
          "settings": {
            "image": "shopify:\/\/shop_images\/MenuPause_LP_SneakPeak_book-opt-in-page_Revised-DrKelly.png",
            "title": "“Stop suffering and start fighting back!”",
            "heading_color": "color-scheme",
            "text": "<p><em>— Dr. Kellyann Petrucci, NYT bestselling author of Dr. Kellyann's Bone Broth Diet<\/em><\/p>",
            "link_label": "",
            "link": "",
            "button_color": "color-scheme",
            "css_class": ""
          }
        },
        "180871fa-2274-4181-b9f9-96670eaff194": {
          "type": "column",
          "settings": {
            "image": "shopify:\/\/shop_images\/MenuPause_David-Perlmutter-01.png",
            "title": "“A loving, nutritious and empowering guide that can serve as the centerpiece in the overall plan to re-establish hormonal health...to more fully engage in life.”",
            "heading_color": "color-scheme",
            "text": "<p><em>— David Perlmutter, MD, FACN<\/em><\/p>",
            "link_label": "",
            "link": "",
            "button_color": "color-scheme",
            "css_class": "leftcolumn"
          }
        },
        "1654342987af5fde1e-2": {
          "type": "column",
          "settings": {
            "image": "shopify:\/\/shop_images\/MenuPause_LP_SneakPeak_book-opt-in-page_Revised-Dr.Sara.png",
            "title": "“Creative, internationally-inspired recipes!”",
            "heading_color": "color-scheme",
            "text": "<p>—<em>Sara Gottfried, NYT best-selling author of The Hormone Cure<\/em><\/p>",
            "link_label": "",
            "link": "",
            "button_color": "color-scheme",
            "css_class": "leftcolumn"
          }
        }
      },
      "block_order": [
        "1654342987af5fde1e-0",
        "180871fa-2274-4181-b9f9-96670eaff194",
        "1654342987af5fde1e-2"
      ],
      "settings": {
        "anchor_id": "",
        "title": "What the experts are saying",
        "text": "",
        "heading_size": "h1",
        "heading_color": "accent-1",
        "text_size": "h4",
        "column_heading_size": "h3",
        "column_text_size": "p",
        "image_width": "full",
        "image_ratio": "adapt",
        "columns_desktop": 3,
        "column_alignment": "left",
        "column_link_type": "button",
        "background_style": "none",
        "button_label": "",
        "button_link": "",
        "button_color": "color-scheme",
        "color_scheme": "background-1",
        "columns_mobile": "1",
        "swipe_on_mobile": false,
        "padding_top": 36,
        "padding_bottom": 36,
        "css_class": "",
        "custom_css": "h3 {\nfont-size: 21px;\ncolor:#000000;\n}\np {\nfont-size: 21px;\ncolor:#63316e;\n}",
        "custom_css_mobile": ""
      }
    },
    "166118067446941804": {
      "type": "image-banner",
      "blocks": {
        "1661180674ce0186c8-0": {
          "type": "heading",
          "settings": {
            "heading": "Rest. Reset. Reignite your progress.",
            "heading_size": "h1"
          }
        },
        "1661180674ce0186c8-1": {
          "type": "text",
          "settings": {
            "text": "MenuPause is where the magic begins.",
            "text_style": "body"
          }
        },
        "1661180674ce0186c8-2": {
          "type": "buttons",
          "settings": {
            "button_label_1": "ORDER NOW",
            "button_link_1": "#optin",
            "button_style_secondary_1": false,
            "button_label_2": "",
            "button_link_2": "",
            "button_style_secondary_2": false
          }
        }
      },
      "block_order": [
        "1661180674ce0186c8-0",
        "1661180674ce0186c8-1",
        "1661180674ce0186c8-2"
      ],
      "settings": {
        "image": "shopify:\/\/shop_images\/MenuPause_LP_Book-Sales-Page_RRR.jpg",
        "link": "",
        "image_overlay_opacity": 0,
        "image_height": "medium",
        "adapt_height_first_image": true,
        "desktop_content_position": "middle-center",
        "show_text_box": false,
        "desktop_content_alignment": "center",
        "color_scheme": "background-1",
        "mobile_content_alignment": "center",
        "stack_images_on_mobile": false,
        "show_text_below": false,
        "css_class": "",
        "custom_css": "h2 {\ncolor:#ffffff;\nfont-size:53px;\n}\n.body {\nfont-size:33px;\n}\n.button{\nbackground-color: #ff8f19;\ncolor: #ffffff;\nfont-size:24px;\n--border-offset: none;\n}",
        "custom_css_mobile": "h2 {\ncolor:#ffffff;\nfont-size:35px;\n}\n.body {\nfont-size:25px;\n}\n.button{\nbackground-color: #ff8f19;\ncolor: #ffffff;\nfont-size:14px;\n}"
      }
    },
    "165434335589c58515": {
      "type": "rich-text",
      "blocks": {
        "165434335569444dc8-0": {
          "type": "heading",
          "settings": {
            "heading": "Yes, you can break through your weight loss plateau  & get relief from hormone hell in just 6 days…",
            "heading_size": "h1",
            "heading_alignment": "center",
            "heading_color": "accent-1",
            "css_class": "",
            "heading_divider": false
          }
        },
        "be6e45ae-0b20-459f-8fb6-5fded8f70c71": {
          "type": "text",
          "settings": {
            "text": "<p>With Five Eating Plans...Which Plan will be right for you?<\/p>",
            "text_alignment": "center",
            "text_size": "p",
            "css_class": ""
          }
        },
        "7d47ffe0-b4f9-4e3f-9c88-e54ab36e4a5f": {
          "type": "image",
          "settings": {
            "image": "shopify:\/\/shop_images\/MenuPause_LP_Book-Sales-Page5plans-2.png",
            "mobile_image": "shopify:\/\/shop_images\/MenuPause_LP_Book-Sales-Page_5plans-mobile.png",
            "max_width": 0,
            "css_class": ""
          }
        }
      },
      "block_order": [
        "165434335569444dc8-0",
        "be6e45ae-0b20-459f-8fb6-5fded8f70c71",
        "7d47ffe0-b4f9-4e3f-9c88-e54ab36e4a5f"
      ],
      "settings": {
        "anchor_id": "",
        "color_scheme": "background-2",
        "full_width": true,
        "padding_top": 40,
        "padding_bottom": 52,
        "css_class": "",
        "custom_css": "h2 { \nfont-size: 45px; \n}\np { \nfont-size: 33px; \n}",
        "custom_css_mobile": "h2 { \nfont-size: 30px; \n}\np { \nfont-size: 25px; \n}"
      }
    },
    "1654429156cf23b65b": {
      "type": "image-with-text",
      "blocks": {
        "1654429156c9b37b07-0": {
          "type": "heading",
          "settings": {
            "heading": "What’s in MenuPause?",
            "heading_size": "h1",
            "heading_color": "accent-1",
            "css_class": ""
          }
        },
        "30d7a39f-130b-46fd-b81e-0d2d0c6e1351": {
          "type": "list",
          "settings": {
            "list_items": "<p>Essentials of the hormone-food connection<\/p><p>​3-day gut healing method​<\/p><p>5 symptom-based approaches<\/p><p>6-day meal plans​<\/p><p>125+ fantastic recipes<\/p><p>​Shopping lists​<\/p><p>Success strategies<\/p><p>​Menopause wisdom from around the world<\/p>",
            "list_style_type": "bullets",
            "text_alignment": "left",
            "css_class": ""
          }
        }
      },
      "block_order": [
        "1654429156c9b37b07-0",
        "30d7a39f-130b-46fd-b81e-0d2d0c6e1351"
      ],
      "settings": {
        "image": "shopify:\/\/shop_images\/BookBuyers.jpg",
        "height": "adapt",
        "desktop_image_width": "medium",
        "layout": "image_first",
        "desktop_content_position": "middle",
        "desktop_content_alignment": "left",
        "content_layout": "no-overlap",
        "color_scheme": "background-2",
        "mobile_content_alignment": "left",
        "padding_top": 0,
        "padding_bottom": 0,
        "css_class": "dac-full-width dac-padding-side-none",
        "custom_css": "h2 {\nfont-size: 53px;\n}\n\np {\nfont-size: 23px;\n}",
        "custom_css_mobile": ""
      }
    },
    "166118175461227b14": {
      "type": "multicolumn",
      "blocks": {
        "166118175404049317-0": {
          "type": "column",
          "settings": {
            "image": "shopify:\/\/shop_images\/MenuPause_LP_Book-Sales-Page_11-23-21-05.png",
            "title": "",
            "heading_color": "color-scheme",
            "text": "<p>Make meals with this guide that shows you what to eat, what to pause, and how to build your meals<\/p>",
            "link_label": "",
            "link": "",
            "button_color": "color-scheme",
            "css_class": ""
          }
        },
        "166118175404049317-1": {
          "type": "column",
          "settings": {
            "image": "shopify:\/\/shop_images\/MenuPause_LP_Book-Sales-Page_11-23-21-06.png",
            "title": "",
            "heading_color": "color-scheme",
            "text": "<p>Meals are a no-brainer with a full 6 days planned for you<\/p>",
            "link_label": "",
            "link": "",
            "button_color": "color-scheme",
            "css_class": ""
          }
        },
        "166118175404049317-2": {
          "type": "column",
          "settings": {
            "image": "shopify:\/\/shop_images\/MenuPause_LP_Book-Sales-Page_11-23-21-07.png",
            "title": "",
            "heading_color": "color-scheme",
            "text": "<p>In these videos I invite you into my kitchen to follow along as I make some of my favorite dishes<\/p>",
            "link_label": "",
            "link": "",
            "button_color": "color-scheme",
            "css_class": ""
          }
        },
        "d4bd8169-7d62-4db5-b568-f015ecc0e8be": {
          "type": "column",
          "settings": {
            "image": "shopify:\/\/shop_images\/MenuPause_LP_Book-Sales-Page_11-23-21-08.png",
            "title": "",
            "heading_color": "color-scheme",
            "text": "<p>Cook smarter instead and cut down your time in the kitchen<\/p>",
            "link_label": "",
            "link": "",
            "button_color": "color-scheme",
            "css_class": ""
          }
        },
        "e16a277e-d64d-406f-ac4d-11105e0d595f": {
          "type": "column",
          "settings": {
            "image": "shopify:\/\/shop_images\/MenuPause_LP_Book-Sales-Page_11-23-21-09.png",
            "title": "",
            "heading_color": "color-scheme",
            "text": "<p>Quickly see if a recipe fits your plan<\/p>",
            "link_label": "",
            "link": "",
            "button_color": "color-scheme",
            "css_class": ""
          }
        },
        "86fcd066-da01-4309-b9f4-9616ca3bcce1": {
          "type": "column",
          "settings": {
            "image": "shopify:\/\/shop_images\/MenuPause_LP_Book-Sales-Page_11-23-21-10.png",
            "title": "",
            "heading_color": "color-scheme",
            "text": "<p>Track your successes and identify where to focus<\/p>",
            "link_label": "",
            "link": "",
            "button_color": "color-scheme",
            "css_class": ""
          }
        }
      },
      "block_order": [
        "166118175404049317-0",
        "166118175404049317-1",
        "166118175404049317-2",
        "d4bd8169-7d62-4db5-b568-f015ecc0e8be",
        "e16a277e-d64d-406f-ac4d-11105e0d595f",
        "86fcd066-da01-4309-b9f4-9616ca3bcce1"
      ],
      "settings": {
        "anchor_id": "",
        "title": "Order MenuPause today & get 6 digital bonuses",
        "text": "",
        "heading_size": "h1",
        "heading_color": "accent-1",
        "text_size": "p",
        "column_heading_size": "h3",
        "column_text_size": "p",
        "image_width": "full",
        "image_ratio": "adapt",
        "columns_desktop": 3,
        "column_alignment": "center",
        "column_link_type": "button",
        "background_style": "none",
        "button_label": "ORDER NOW",
        "button_link": "#optin",
        "button_color": "accent-2",
        "color_scheme": "background-1",
        "columns_mobile": "1",
        "swipe_on_mobile": false,
        "padding_top": 36,
        "padding_bottom": 0,
        "css_class": "dac-full-width dac-padding-side-none",
        "custom_css": "",
        "custom_css_mobile": ""
      }
    },
    "1661193163fc27cd32": {
      "type": "image-with-text",
      "blocks": {
        "16611931635f734524-0": {
          "type": "heading",
          "settings": {
            "heading": "In my new book, MenuPause, I give you the key to feeling incredible at every stage of life. Plus, you'll...",
            "heading_size": "h1",
            "heading_color": "accent-1",
            "css_class": ""
          }
        },
        "b204de09-9724-4c86-8399-b227aaabca73": {
          "type": "list",
          "settings": {
            "list_items": "<p>Discover the connection between the food you eat and your menopause or perimenopause symptoms<\/p><p>​Learn why your health will benefit from taking a pause - and how best to do it<\/p><p>​Get over 125 recipes for delicious, nutritious foods that will ease your symptoms and help you achieve amazing well-being<\/p><p>Identify your ideal 6-day plan to get fast results—and relief!​<\/p><p>Feel revitalized physically, mentally, and emotionally - Woohoo!<\/p>",
            "list_style_type": "bullets",
            "text_alignment": "left",
            "css_class": ""
          }
        }
      },
      "block_order": [
        "16611931635f734524-0",
        "b204de09-9724-4c86-8399-b227aaabca73"
      ],
      "settings": {
        "image": "shopify:\/\/shop_images\/MenuPause_LP_Book-Sales-Page_inmybook.jpg",
        "height": "adapt",
        "desktop_image_width": "medium",
        "layout": "text_first",
        "desktop_content_position": "top",
        "desktop_content_alignment": "left",
        "content_layout": "no-overlap",
        "color_scheme": "background-1",
        "mobile_content_alignment": "left",
        "padding_top": 36,
        "padding_bottom": 36,
        "css_class": "dac-full-width dac-padding-side-none",
        "custom_css": "h2 {\nfont-size:33px;\n}\n\np {\nfont-size:23px;\n}",
        "custom_css_mobile": "h2 {\nfont-size:25px;\n}\np {\nfont-size:23px;\n}"
      }
    },
    "16614326465be58f2f": {
      "type": "rich-text",
      "blocks": {
        "166143264606252614-0": {
          "type": "heading",
          "settings": {
            "heading": "These are just some of the recipes you will find in the book.",
            "heading_size": "h1",
            "heading_alignment": "center",
            "heading_color": "accent-1",
            "css_class": "",
            "heading_divider": false
          }
        },
        "940c8053-0f7e-439c-a736-6787810ddfde": {
          "type": "image",
          "settings": {
            "image": "shopify:\/\/shop_images\/MenuPause_LP_Book-Sales-Page_recipeshots.png",
            "mobile_image": "shopify:\/\/shop_images\/MenuPause_LP_Book-Sales-Page_recipesshots_mobile.png",
            "max_width": 0,
            "css_class": ""
          }
        }
      },
      "block_order": [
        "166143264606252614-0",
        "940c8053-0f7e-439c-a736-6787810ddfde"
      ],
      "settings": {
        "anchor_id": "",
        "color_scheme": "background-1",
        "full_width": true,
        "padding_top": 40,
        "padding_bottom": 52,
        "css_class": "dac-full-width dac-padding-side-none",
        "custom_css": "",
        "custom_css_mobile": ""
      }
    },
    "166143580145277b12": {
      "type": "image-with-text",
      "blocks": {
        "16614358019d6e5b19-0": {
          "type": "heading",
          "settings": {
            "heading": "Get Over 125 Delicious Recipes",
            "heading_size": "h1",
            "heading_color": "accent-1",
            "css_class": ""
          }
        },
        "16614358019d6e5b19-2": {
          "type": "button",
          "settings": {
            "button_label": "ORDER NOW",
            "button_link": "#optin",
            "button_color": "accent-2",
            "css_class": ""
          }
        }
      },
      "block_order": [
        "16614358019d6e5b19-0",
        "16614358019d6e5b19-2"
      ],
      "settings": {
        "image": "shopify:\/\/shop_images\/MenuPause_LP_Book-Sales-Page_bonuses.jpg",
        "height": "adapt",
        "desktop_image_width": "medium",
        "layout": "image_first",
        "desktop_content_position": "top",
        "desktop_content_alignment": "left",
        "content_layout": "no-overlap",
        "color_scheme": "background-1",
        "mobile_content_alignment": "left",
        "padding_top": 36,
        "padding_bottom": 36,
        "css_class": "",
        "custom_css": "h2 {\nfont-size: 53px;\n}\n\n.button {\nfont-size: 24px;\npadding: 10px 40px;\n}",
        "custom_css_mobile": "h2 {\nfont-size: 25px;\n}\n\n.button {\nfont-size: 14px;\npadding: 10px 40px;\n}"
      }
    },
    "16614360339d03b034": {
      "type": "multicolumn",
      "blocks": {
        "16614360330a53bf91-0": {
          "type": "column",
          "settings": {
            "image": "shopify:\/\/shop_images\/AprilTestimonial_MenuPause.png",
            "title": "",
            "heading_color": "color-scheme",
            "text": "<p>\"I noticed a clearer thought process and a lot more energy and motivation. Those things are far more important to me than the pounds, so WIN!! Thanks for putting this together and helping us all!\"<\/p><p>— APRIL<\/p>",
            "link_label": "",
            "link": "",
            "button_color": "color-scheme",
            "css_class": ""
          }
        },
        "16614360330a53bf91-1": {
          "type": "column",
          "settings": {
            "image": "shopify:\/\/shop_images\/LoriTestimonial_MenuPause_copy.png",
            "title": "",
            "heading_color": "color-scheme",
            "text": "<p>\"I loved it. Dropped 4 lbs of bloat and inflammation. The recipes were good to great. I actually miss the liver flush every morning. Sleep improved. Mood was fair even with detox. Skin was fantastic!\"<\/p><p>— LORI<\/p>",
            "link_label": "",
            "link": "",
            "button_color": "color-scheme",
            "css_class": ""
          }
        },
        "16614360330a53bf91-2": {
          "type": "column",
          "settings": {
            "image": "shopify:\/\/shop_images\/JoanneTestimonial_MenuPause_copy.png",
            "title": "",
            "heading_color": "color-scheme",
            "text": "<p>\"I really enjoyed this cleanse. I enjoyed ALL the shakes. I really enjoyed that morning lemon drink. It tastes like a lemon Creamsicle.<\/p><p>— JOANNE<\/p>",
            "link_label": "",
            "link": "",
            "button_color": "color-scheme",
            "css_class": ""
          }
        }
      },
      "block_order": [
        "16614360330a53bf91-0",
        "16614360330a53bf91-1",
        "16614360330a53bf91-2"
      ],
      "settings": {
        "anchor_id": "",
        "title": "What Our Readers are Saying",
        "text": "",
        "heading_size": "h1",
        "heading_color": "accent-1",
        "text_size": "p",
        "column_heading_size": "h3",
        "column_text_size": "p",
        "image_width": "full",
        "image_ratio": "adapt",
        "columns_desktop": 3,
        "column_alignment": "left",
        "column_link_type": "button",
        "background_style": "none",
        "button_label": "",
        "button_link": "",
        "button_color": "color-scheme",
        "color_scheme": "background-2",
        "columns_mobile": "1",
        "swipe_on_mobile": false,
        "padding_top": 36,
        "padding_bottom": 36,
        "css_class": "",
        "custom_css": "",
        "custom_css_mobile": ""
      }
    },
    "16582571767cd40403": {
      "type": "image-with-text",
      "blocks": {
        "16582571765aa1deec-0": {
          "type": "heading",
          "settings": {
            "heading": "Hi, I’m Dr. Anna Cabeca.",
            "heading_size": "h1",
            "heading_color": "accent-1",
            "css_class": ""
          }
        },
        "16582571765aa1deec-1": {
          "type": "text",
          "settings": {
            "text": "<p>Dr. Anna Cabeca, DO, OBGYN, FACOG, is triple-board certified and a fellow of gynecology and obstetrics, integrative medicine, and anti-aging and regenerative medicine. She has special certifications in functional medicine, sexual health, and bioidentical hormone replacement therapy.<\/p><p>For the past 20 years, she’s served <strong>10,000+ women <\/strong>in her private practice— and <strong>millions more <\/strong>through her books, online videos and articles. <\/p><p>When her own health took a troubling turn during menopause, she sought out the wisdom of healers around the world. She learned that modern medicine and time-tested natural remedies are not at odds. Working together, they create indisputable results and true well being. Using delicious, healing foods and simple lifestyle changes, Dr. Anna reclaimed her health and life.<\/p><p>Fueled by her belief that every woman deserves to be empowered and in control of their health and life, she developed the Keto-Green lifestyle, which has helped thousands of women opt out of menopause misery and experience a joyful transition to the next stage of their lives. With her methods, you, too, can breeze through menopause into your “second spring”, feeling the best you ever have.<\/p>",
            "text_style": "body",
            "css_class": ""
          }
        },
        "16582571765aa1deec-2": {
          "type": "button",
          "settings": {
            "button_label": "ORDER NOW",
            "button_link": "#optin",
            "button_color": "accent-2",
            "css_class": ""
          }
        }
      },
      "block_order": [
        "16582571765aa1deec-0",
        "16582571765aa1deec-1",
        "16582571765aa1deec-2"
      ],
      "settings": {
        "image": "shopify:\/\/shop_images\/MenuPause_LP_Book-Sales-Page_DrAnnaCoat-13.jpg",
        "height": "adapt",
        "desktop_image_width": "medium",
        "layout": "text_first",
        "desktop_content_position": "top",
        "desktop_content_alignment": "left",
        "content_layout": "no-overlap",
        "color_scheme": "background-1",
        "mobile_content_alignment": "left",
        "padding_top": 36,
        "padding_bottom": 36,
        "css_class": "dac-full-width  dac-padding-side-none",
        "custom_css": "h2 {\nfont-size: 33px;\n}\np {\nfont-size: 21px;\n}\nbutton {\nfont-size: 24;\npadding: 10px 25px;\n}",
        "custom_css_mobile": ""
      }
    },
    "main": {
      "type": "main-page",
      "disabled": true,
      "settings": {
        "display_title": true,
        "color_scheme": "background-1",
        "padding_top": 28,
        "padding_bottom": 28,
        "css_class": "",
        "custom_css": "",
        "custom_css_mobile": ""
      }
    },
    "16614371194e515926": {
      "type": "multicolumn",
      "blocks": {
        "7bac96dc-6c15-4881-8ab3-d4683b91edf9": {
          "type": "custom_liquid",
          "settings": {
            "custom_liquid": "<style>\na.button {\n--border-offset: none;\n    -webkit-appearance: button;\n    -moz-appearance: button;\n    appearance: button;\n  border: none;\n  background-color:#ff8f19;\n  color: white;\n  padding: 15px 32px;\n  text-align: center;\n  text-decoration: none;\n  display: inline-block;\n  font-size: 16px;\n  margin: 4px 2px;\n  cursor: pointer;\n}\n<\/style>\n<h2 style=\"text-align: center;\"><span style=\"text-decoration: underline; color: #63316e;\">STEP 1<\/span><\/h2>\n<p style=\"text-align: center;\">Purchase the Book from any of these online retailers...<\/p>\n<p style=\"text-align: center;\"><a href=\"https:\/\/drannacabeca.com\/products\/menupause\" class=\"button\">The Girlfriend Doctor<\/a><\/p>\n<p style=\"text-align: center;\"><a href=\"https:\/\/amzn.to\/3qmJEEA\" class=\"button\">AMAZON<\/a><\/p>\n<p style=\"text-align: center;\"><a href=\"https:\/\/www.barnesandnoble.com\/w\/menupause-anna-cabeca-do-obgyn\/1139853883?ean=9780593234495&st=AFF&2sid=Random%20House%20Inc_8373827_NA&sourceId=AFFRandom%20House%20Inc\" class=\"button\">BARNES & NOBLE<\/a><\/p>\n<p style=\"text-align: center;\"><a href=\"https:\/\/www.indiebound.org\/book\/9780593234495?aff=PRHD8C92F83A071%20Bookshop.org\" class=\"button\">INDIEBOUND<\/a><\/p>\n<p style=\"text-align: center;\"><a href=\"https:\/\/bookshop.org\/books\/menupause-five-unique-eating-plans-to-breakthrough-your-weight-loss-plateau-and-improve-mood-sleep-and-hot-flashes\/9780593234495\" class=\"button\">BOOKSHOP.ORG<\/a><\/p>",
            "css_class": ""
          }
        },
        "815134f8-ad30-4c9e-b219-6bfe23951a49": {
          "type": "custom_liquid",
          "settings": {
            "custom_liquid": "<h2 style=\"text-align: center;\"><span style=\"text-decoration: underline; color: #63316e;\">STEP 2<\/span><\/h2>\n<p style=\"text-align: center;\">Copy your receipt number and come back to this page<\/p>",
            "css_class": ""
          }
        },
        "595faf85-0217-48ce-934d-a96d0fae0da2": {
          "type": "custom_liquid",
          "settings": {
            "custom_liquid": "<h2 style=\"text-align: center;\"><span style=\"text-decoration: underline; color: #63316e;\">STEP 3<\/span><\/h2>\n<p style=\"text-align: center;\">Verify your book purchase to claim your instant bonuses! <\/p>\n\n<div class=\"klaviyo-form-UZJmQg\" data-name=\"MenuPause Book Bonuses to Reset Kit Offer\"><\/div>",
            "css_class": ""
          }
        }
      },
      "block_order": [
        "7bac96dc-6c15-4881-8ab3-d4683b91edf9",
        "815134f8-ad30-4c9e-b219-6bfe23951a49",
        "595faf85-0217-48ce-934d-a96d0fae0da2"
      ],
      "settings": {
        "anchor_id": "optin",
        "title": "Order MenuPause today & get 6 digital bonuses",
        "text": "",
        "heading_size": "h1",
        "heading_color": "accent-1",
        "text_size": "p",
        "column_heading_size": "h3",
        "column_text_size": "p",
        "image_width": "full",
        "image_ratio": "adapt",
        "columns_desktop": 3,
        "column_alignment": "center",
        "column_link_type": "button",
        "background_style": "none",
        "button_label": "",
        "button_link": "",
        "button_color": "color-scheme",
        "color_scheme": "background-1",
        "columns_mobile": "1",
        "swipe_on_mobile": false,
        "padding_top": 36,
        "padding_bottom": 36,
        "css_class": "",
        "custom_css": "",
        "custom_css_mobile": ""
      }
    }
  },
  "order": [
    "16462238058b508f23",
    "16611758835f2bca50",
    "16461663454a306e26",
    "1661182888336e42fc",
    "16543413375e4fa8d4",
    "164616622356f72eeb",
    "1658250672dac6639f",
    "1654342987b12a4c39",
    "166118067446941804",
    "165434335589c58515",
    "1654429156cf23b65b",
    "166118175461227b14",
    "1661193163fc27cd32",
    "16614326465be58f2f",
    "166143580145277b12",
    "16614360339d03b034",
    "16582571767cd40403",
    "main",
    "16614371194e515926"
  ]
}
