{"layout":"theme-offer-page","sections":{"2d4b8347-1bc5-4140-b952-cfffdb57fa10":{"type":"header-offer-page","blocks":{"04f27697-7bf1-456a-a6f9-95b9039c0a7e":{"type":"custom_colors","settings":{"colors_solid_button_labels":"","colors_accent_1":"","gradient_accent_1":"","colors_accent_2":"","gradient_accent_2":"","colors_accent_3":"","colors_accent_4":"","colors_text":"","colors_outline_button_labels":"","colors_background_1":"","gradient_background_1":"","colors_background_2":"#fcfaf7","gradient_background_2":""}}},"block_order":["04f27697-7bf1-456a-a6f9-95b9039c0a7e"],"settings":{"color_scheme":"accent-3","display_logo":true,"enable_logo_link":false,"logo_color":"white","show_line_separator":true,"enable_sticky_header":true,"margin_bottom":0,"css_class":"","custom_css":"","custom_css_mobile":""}},"fd9b0066-3f47-4284-a898-6c3e1e34ecd3":{"type":"image","disabled":true,"settings":{"image":"shopify:\/\/shop_images\/TGFD_SupplementGuide_OptinPage-desktop.jpg","mobile_image":"shopify:\/\/shop_images\/TGFD_SupplementGuide_OptinPage-moblie.jpg","max_width":0,"color_scheme":"background-1","link":"","padding_top":12,"padding_bottom":0,"css_class":"","custom_css":"","custom_css_mobile":"{padding: 0px; margin: 0px;}"}},"2566e5fd-60c4-4086-be67-a3c228abae84":{"type":"rich-text","blocks":{"template--14503467188279__2566e5fd-60c4-4086-be67-a3c228abae84-1682525953639ad3e8-1":{"type":"text","settings":{"text":"<h2>Do I NEED supplements?<br\/><\/h2><h2>The question we should be asking is: What supplements DO I need?<br\/><\/h2><h4>Learn to Select the Nutrients that are Right for You.<\/h4>","text_alignment":"center","text_size":"p","css_class":""}}},"block_order":["template--14503467188279__2566e5fd-60c4-4086-be67-a3c228abae84-1682525953639ad3e8-1"],"settings":{"anchor_id":"","color_scheme":"background-2","full_width":true,"padding_top":40,"padding_bottom":0,"css_class":"large-up-hide","custom_css":"h4 { color: rgb(var(--color-base-accent-3)); }\n\nh2{margin-bottom:0px;}\nh4{margin-bottom:0px; color:#000;}\n\np {font-size:26.25px;}","custom_css_mobile":""}},"2c9ce010-615a-471b-974c-ad2c2c693210":{"type":"image-with-text","blocks":{"template--14503467188279__2c9ce010-615a-471b-974c-ad2c2c693210-1682523132ff10085f-1":{"type":"text","settings":{"text":"<h2>Do I NEED supplements?<br\/>The question we should be asking is: What supplements DO I need?<br\/><\/h2><p>Learn to Select the Nutrients that are Right for You.<\/p><p>This guide helps with: <\/p>","text_style":"body","css_class":""}},"21417fce-3cac-4ef8-a9ad-c3e5051b146c":{"type":"list","settings":{"list_items":"<p>Hormone Balance<\/p><p>Menopause<\/p><p>Men's Health<\/p><p>Weight Loss<\/p><p>Sleep<\/p><p>Well-Being<\/p><p>Anti-Aging<\/p><p>Mood and more<\/p>","list_style_type":"bullets","text_alignment":"left","css_class":""}},"template--14503467188279__2c9ce010-615a-471b-974c-ad2c2c693210-1682523132ff10085f-2":{"type":"button","settings":{"button_label":"GET MY FREE GUIDE","button_link":"#SupplementGuide","button_color":"color-scheme","css_class":"klaviyo_form_trigger"}}},"block_order":["template--14503467188279__2c9ce010-615a-471b-974c-ad2c2c693210-1682523132ff10085f-1","21417fce-3cac-4ef8-a9ad-c3e5051b146c","template--14503467188279__2c9ce010-615a-471b-974c-ad2c2c693210-1682523132ff10085f-2"],"settings":{"anchor_id":"","image":"shopify:\/\/shop_images\/SupplementGuide_Ipad.png","height":"adapt","desktop_image_width":"small-plus","layout":"image_first","desktop_content_position":"top","desktop_content_alignment":"left","content_layout":"no-overlap","color_scheme":"background-2","mobile_content_alignment":"left","padding_top":36,"padding_bottom":36,"css_class":"dac-allow-media-resize small-hide medium-hide","custom_css":"{ background-color: rgb(var(--color-base-background-2)); }\n\nh4 { color: rgb(var(--color-base-accent-3)); margin-bottom:5px;}\n\nh2{margin-bottom:35px;}\n\np{line-height:30px;}\n\nul {\n  list-style-type: none;\npadding-inline-start: 0px;\ncolumn-count: 2;\n}\n\n\nul li:before {\n  content: '';\n  display: inline-block;\n  height: 24px;\n  width: 24px;\n   background-size: 25px;\n  background-image: url(\"https:\/\/cdn.shopify.com\/s\/files\/1\/0524\/5661\/files\/Checkmark-01.svg\");\n  background-repeat: no-repeat;\n  margin-right: 8px;\nvertical-align: top;\n}\n\n\n\np {font-size:26.25px; padding-right: 20px;}","custom_css_mobile":".grid { flex-direction: column-reverse; }"}},"f26b2d35-64a7-4bf3-a14f-ec1d475e21e2":{"type":"image","settings":{"image":"shopify:\/\/shop_images\/SupplementGuide_Ipad.png","max_width":575,"color_scheme":"background-2","link":"","padding_top":0,"padding_bottom":0,"css_class":"large-up-hide","custom_css":"","custom_css_mobile":".color-background-2 { background: linear-gradient(180deg, #FCFAF7 50%, #FFFFFF 50%); }\n\n.image__media { background: transparent; }"}},"17ba98fe-e464-4f44-a5fb-8a118008fca6":{"type":"rich-text","blocks":{"template--14503467188279__17ba98fe-e464-4f44-a5fb-8a118008fca6-1682525953639ad3e8-1":{"type":"text","settings":{"text":"<h4>This guide helps with: <\/h4>","text_alignment":"left","text_size":"p","css_class":""}},"23807290-1f12-457d-bc63-4924c9332180":{"type":"list","settings":{"list_items":"<p>Hormone Balance<\/p><p>Menopause <\/p><p>Men's Health<\/p><p>Weight Loss<\/p><p>Sleep<\/p><p>Well-Being<\/p><p>Anti-Aging<\/p><p>Mood and more<\/p>","text_alignment":"left","text_size":"p","css_class":""}},"template--14503467188279__17ba98fe-e464-4f44-a5fb-8a118008fca6-1682525953639ad3e8-2":{"type":"button","settings":{"button_label":"GET MY FREE GUIDE","button_link":"#SupplementGuide","button_style_secondary":false,"button_alignment":"center","button_color":"color-scheme","css_class":"large-up-hide"}},"ad2e1040-09c9-4b9a-9d3a-ceb559cbb21d":{"type":"custom_liquid","settings":{"custom_liquid":"<script type=\"text\/javascript\">\n\tdocument.querySelector('.klaviyo_form_trigger').addEventListener('click', function (){\n\t\twindow._klOnsite = window._klOnsite || []; \n\t\twindow._klOnsite.push(['openForm', 'RixtJx']);\n\t});\n<\/script>","css_class":""}}},"block_order":["template--14503467188279__17ba98fe-e464-4f44-a5fb-8a118008fca6-1682525953639ad3e8-1","23807290-1f12-457d-bc63-4924c9332180","template--14503467188279__17ba98fe-e464-4f44-a5fb-8a118008fca6-1682525953639ad3e8-2","ad2e1040-09c9-4b9a-9d3a-ceb559cbb21d"],"settings":{"anchor_id":"","color_scheme":"background-1","full_width":true,"padding_top":0,"padding_bottom":52,"css_class":"large-up-hide","custom_css":"ul {\n  list-style-type: none;\npadding-inline-start: 0px;\ncolumn-count: 2;\ncolumn-gap: 10px;\n}\n\nul li:before {\n  content: '';\n  display: inline-block;\n  height: 24px;\n  width: 24px;\n   background-size: 25px;\n  background-image: url(\"https:\/\/cdn.shopify.com\/s\/files\/1\/0524\/5661\/files\/Checkmark-01.svg\");\n  background-repeat: no-repeat;\n  margin-right: 8px;\nvertical-align: top;\n}\n\nh4 { color: rgb(var(--color-base-accent-3));}","custom_css_mobile":"ul {\ncolumn-count: 1;\n}"}},"main":{"type":"main-page","disabled":true,"settings":{"display_title":false,"color_scheme":"background-1","padding_top":28,"padding_bottom":28,"css_class":"","custom_css":"","custom_css_mobile":""}}},"order":["2d4b8347-1bc5-4140-b952-cfffdb57fa10","fd9b0066-3f47-4284-a898-6c3e1e34ecd3","2566e5fd-60c4-4086-be67-a3c228abae84","2c9ce010-615a-471b-974c-ad2c2c693210","f26b2d35-64a7-4bf3-a14f-ec1d475e21e2","17ba98fe-e464-4f44-a5fb-8a118008fca6","main"]}