{
  "layout": "theme-offer-page",
  "sections": {
    "main": {
      "type": "main-page",
      "disabled": true,
      "settings": {
        "display_title": false,
        "color_scheme": "background-1",
        "padding_top": 28,
        "padding_bottom": 28,
        "css_class": "center",
        "custom_css": "",
        "custom_css_mobile": ""
      }
    },
    "700de9d9-fd6e-42e6-84cc-8898334d1a6d": {
      "type": "header-offer-page",
      "settings": {
        "color_scheme": "accent-3",
        "display_logo": true,
        "enable_logo_link": false,
        "logo_color": "white",
        "show_line_separator": true,
        "enable_sticky_header": true,
        "margin_bottom": 0,
        "css_class": "",
        "custom_css": "",
        "custom_css_mobile": ""
      }
    },
    "6cb400b2-ab0a-46b7-9c24-f2c909a0b6f9": {
      "type": "multicolumn",
      "blocks": {
        "dc3ccb72-f40b-4a13-83dd-ae3a4b0bb1d5": {
          "type": "custom_liquid",
          "settings": {
            "custom_liquid": "<script>\n    document.addEventListener(\"DOMContentLoaded\", (event) => {\n      let q = new URLSearchParams(window.location.search);\n      let t = document.querySelector('.' + q.get('bonus'));\n      if (t) {\n        t.style.display = 'block';\n      }\n    });\n  <\/script>",
            "css_class": ""
          }
        },
        "template--14458377207863__6cb400b2-ab0a-46b7-9c24-f2c909a0b6f9-167337545144a28cfd-0": {
          "type": "column",
          "settings": {
            "title": "",
            "heading_color": "color-scheme",
            "text": "<p><strong>&lt;h4&gt;Thank you for taking the Welcome Quiz!&lt;\/h4&gt;<\/strong><\/p><p><\/p><p>&lt;p&gt;You said you’re struggling with <strong>weight<\/strong>, so let’s address that first. <strong>Keto-Green&lt;sup&gt;®&lt;\/sup&gt; <\/strong> contains evidence-based ingredients to help you turn this around—I know because I formulated it personally. You’ve got this. &lt;\/p&gt;<\/p>",
            "link_label": "",
            "link": "",
            "button_color": "color-scheme",
            "css_class": ""
          }
        }
      },
      "block_order": [
        "dc3ccb72-f40b-4a13-83dd-ae3a4b0bb1d5",
        "template--14458377207863__6cb400b2-ab0a-46b7-9c24-f2c909a0b6f9-167337545144a28cfd-0"
      ],
      "settings": {
        "anchor_id": "",
        "title": "",
        "text": "",
        "heading_size": "h1",
        "heading_color": "color-scheme",
        "text_size": "p",
        "column_heading_size": "h3",
        "column_text_size": "p",
        "image_width": "full",
        "image_ratio": "adapt",
        "columns_desktop": 1,
        "column_alignment": "center",
        "column_link_type": "button",
        "background_style": "none",
        "button_label": "",
        "button_link": "",
        "button_color": "color-scheme",
        "color_scheme": "background-2",
        "columns_mobile": "1",
        "swipe_on_mobile": false,
        "padding_top": 36,
        "padding_bottom": 0,
        "css_class": "",
        "custom_css": ".hotflashes, .mood {\ndisplay: none;\n  }\n\nh4 {\nfont-size: 72px;\ncolor: rgb(var(--color-base-accent-1));\nline-height:1.2em;\npadding:0px;\nmargin-top:0px;\nmargin-bottom:20px;\n}\n\nstrong, b {\ncolor: rgb(var(--color-base-accent-1));\nfont-weight: var(--font-body-weight-bold);\n}\n\np {\nfont-size: 24px;\npadding:0;\nmargin-top:0px;\nmargin-bottom:0px;\n}\n\n.multicolumn-card__image-wrapper { width:200px; margin: auto; background-position:bottom;}\n\n.multicolumn-card { padding: 0px 200px; }",
        "custom_css_mobile": ".hotflashes, .mood, .energy {\ndisplay: none;\n  }\n\nh4 {\nfont-size: 40px;\ncolor: rgb(var(--color-base-accent-1));\nline-height:1em;\n}\n\nstrong, b {\ncolor: rgb(var(--color-base-accent-1));\nfont-weight: var(--font-body-weight-bold);\n}\n\np {\nfont-size: 18px;\npadding:0;\n}\n\n.multicolumn-card { padding:0;\nmargin:0; }"
      }
    },
    "3b2e71a4-4a8b-434d-8776-fd979cace9ea": {
      "type": "image",
      "settings": {
        "image": "shopify:\/\/shop_images\/Book_ProgramPromo_Email_Image2.png",
        "max_width": 225,
        "color_scheme": "background-2",
        "link": "",
        "padding_top": 0,
        "padding_bottom": 12,
        "css_class": "",
        "custom_css": "",
        "custom_css_mobile": ""
      }
    },
    "1a86736d-34a5-4f8b-8c1b-b0013432e576": {
      "type": "featured-product-card",
      "settings": {
        "product": "keto-green-shake-16-servings",
        "title": "",
        "heading_size": "h1",
        "color_scheme": "background-2",
        "image_ratio": "adapt",
        "show_secondary_image": false,
        "show_vendor": false,
        "show_rating": true,
        "enable_quick_add": true,
        "sales_page_url": "https:\/\/drannacabeca.com\/pages\/offers-keto-green-protein-shake-sales",
        "sales_page_button_label": "Learn More",
        "padding_top": 12,
        "padding_bottom": 52
      }
    },
    "42b25e9d-f911-4670-bc91-e510eb443382": {
      "type": "multicolumn",
      "blocks": {
        "a5d77b7e-646e-473a-bc48-94aa498b2ed7": {
          "type": "custom_liquid",
          "settings": {
            "custom_liquid": "<script>\n    document.addEventListener(\"DOMContentLoaded\", (event) => {\n      let q = new URLSearchParams(window.location.search);\n      let t = document.querySelector('.' + q.get('result'));\n      if (t) {\n        t.style.display = 'block';\n      }\n    });\n  <\/script>",
            "css_class": ""
          }
        },
        "template--14457364774967__42b25e9d-f911-4670-bc91-e510eb443382-1672947837b037ad4c-0": {
          "type": "column",
          "settings": {
            "title": "Find more solutions for your symptoms",
            "heading_color": "foreground",
            "text": "",
            "link_label": "SHOP NOW",
            "link": "https:\/\/drannacabeca.com\/pages\/girl-talk-is-keto-good-for-women-over-40",
            "button_color": "color-scheme",
            "css_class": ""
          }
        }
      },
      "block_order": [
        "a5d77b7e-646e-473a-bc48-94aa498b2ed7",
        "template--14457364774967__42b25e9d-f911-4670-bc91-e510eb443382-1672947837b037ad4c-0"
      ],
      "disabled": true,
      "settings": {
        "anchor_id": "",
        "title": "",
        "text": "",
        "heading_size": "h0",
        "heading_color": "color-scheme",
        "text_size": "p",
        "column_heading_size": "h2",
        "column_text_size": "p",
        "image_width": "full",
        "image_ratio": "adapt",
        "columns_desktop": 1,
        "column_alignment": "center",
        "column_link_type": "button",
        "background_style": "none",
        "button_label": "",
        "button_link": "",
        "button_color": "color-scheme",
        "color_scheme": "background-1",
        "columns_mobile": "1",
        "swipe_on_mobile": false,
        "padding_top": 36,
        "padding_bottom": 36,
        "css_class": "",
        "custom_css": ".button {\ncolor:#ffffff;\nfont-size:30px;\npadding:10px 25px;\nbackground-color: #9f2b68;\n}\n.e, .f {\ndisplay: none;\n  }",
        "custom_css_mobile": ".button {\ncolor:#ffffff;\nfont-size:16px;\npadding:10px 25px;\nbackground-color: #9f2b68;\n}"
      }
    }
  },
  "order": [
    "main",
    "700de9d9-fd6e-42e6-84cc-8898334d1a6d",
    "6cb400b2-ab0a-46b7-9c24-f2c909a0b6f9",
    "3b2e71a4-4a8b-434d-8776-fd979cace9ea",
    "1a86736d-34a5-4f8b-8c1b-b0013432e576",
    "42b25e9d-f911-4670-bc91-e510eb443382"
  ]
}
