{
  "layout": "theme-offer-page",
  "sections": {
    "main": {
      "type": "main-page",
      "settings": {
        "display_title": true,
        "color_scheme": "background-1",
        "padding_top": 40,
        "padding_bottom": 40,
        "css_class": "visually-hidden",
        "custom_css": "",
        "custom_css_mobile": ""
      }
    },
    "1640097424c2f7eec2": {
      "type": "header-offer-page",
      "blocks": {
        "64d5290e-0111-45f8-add9-b15e6899534a": {
          "type": "countdown_timer",
          "disabled": true,
          "settings": {
            "title": "Masterclass Begins In:",
            "end_date_time": "August 31, 2022 19:00:00 GMT-0400",
            "first_countdown": true,
            "color_scheme": "background-1",
            "padding_top": 20,
            "padding_bottom": 20,
            "css_class": ""
          }
        },
        "bd5c02bc-ed1a-47fb-93b9-a67e14efaa95": {
          "type": "custom_colors",
          "settings": {
            "colors_solid_button_labels": "",
            "colors_accent_1": "",
            "gradient_accent_1": "",
            "colors_accent_2": "#0b1532",
            "gradient_accent_2": "",
            "colors_accent_3": "",
            "colors_accent_4": "",
            "colors_text": "",
            "colors_outline_button_labels": "",
            "colors_background_1": "",
            "gradient_background_1": "",
            "colors_background_2": "#fcfaf7",
            "gradient_background_2": ""
          }
        }
      },
      "block_order": [
        "64d5290e-0111-45f8-add9-b15e6899534a",
        "bd5c02bc-ed1a-47fb-93b9-a67e14efaa95"
      ],
      "settings": {
        "color_scheme": "accent-1",
        "display_logo": true,
        "enable_logo_link": false,
        "logo_color": "gold",
        "show_line_separator": false,
        "enable_sticky_header": true,
        "margin_bottom": 0,
        "css_class": "",
        "custom_css": "",
        "custom_css_mobile": ""
      }
    },
    "1651243183dc8c517f": {
      "type": "rich-text",
      "blocks": {
        "1651243182c24ad981-0": {
          "type": "heading",
          "settings": {
            "heading": "You're all set!",
            "heading_size": "h0",
            "heading_alignment": "center",
            "heading_color": "color-scheme",
            "css_class": "dac-alt-font-span",
            "heading_divider": false
          }
        },
        "4e372a8c-d392-49d3-93bb-ecfb7d8fec3b": {
          "type": "custom_liquid",
          "settings": {
            "custom_liquid": "<h3>All Things V Masterclass<\/h3>",
            "css_class": ""
          }
        },
        "ef474a12-986a-402b-b80a-6da62ae4c626": {
          "type": "custom_liquid",
          "settings": {
            "custom_liquid": "<div style=\"padding:56.25% 0 0 0;position:relative;\"><iframe src=\"https:\/\/player.vimeo.com\/video\/720682799?h=80d245a61b\" frameborder=\"0\" allow=\"autoplay; fullscreen; picture-in-picture\" style=\"position:absolute;top:0;left:0;width:100%;height:100%;\" title=\"Bioidentical\"><\/iframe><\/div><script src=\"https:\/\/player.vimeo.com\/api\/player.js\"><\/script>",
            "css_class": ""
          }
        }
      },
      "block_order": [
        "1651243182c24ad981-0",
        "4e372a8c-d392-49d3-93bb-ecfb7d8fec3b",
        "ef474a12-986a-402b-b80a-6da62ae4c626"
      ],
      "settings": {
        "anchor_id": "reserve",
        "color_scheme": "background-2",
        "full_width": true,
        "padding_top": 40,
        "padding_bottom": 60,
        "css_class": "",
        "custom_css": "h2 {\nmargin-bottom:40px;\nfont-size:100px;\nmargin-top:50px;\n}\nh3 {\ntext-align:center;\nfont-size:40px;\nmargin-top:70px;\ncolor:#333333;}",
        "custom_css_mobile": ""
      }
    }
  },
  "order": [
    "main",
    "1640097424c2f7eec2",
    "1651243183dc8c517f"
  ]
}
