{
  "sections": {
    "main": {
      "type": "main-page",
      "disabled": true,
      "settings": {
        "display_title": false,
        "color_scheme": "background-1",
        "padding_top": 28,
        "padding_bottom": 28,
        "css_class": "center",
        "custom_css": "",
        "custom_css_mobile": ""
      }
    },
    "16458011004aaa609d": {
      "type": "rich-text",
      "blocks": {
        "16458011000d532d59-1": {
          "type": "text",
          "settings": {
            "text": "<p>Gynecologist and Womens Sexual Health Expert Reveals How You Can Rediscover Youthful Sensuality and Reignite Your Relationship...<\/p>",
            "text_alignment": "center",
            "text_size": "h4",
            "css_class": ""
          }
        },
        "16458011000d532d59-0": {
          "type": "heading",
          "settings": {
            "heading": "No Matter How \"Old\" You Are!",
            "heading_size": "h1",
            "heading_alignment": "center",
            "heading_color": "accent-1",
            "css_class": "",
            "heading_divider": false
          }
        }
      },
      "block_order": [
        "16458011000d532d59-1",
        "16458011000d532d59-0"
      ],
      "settings": {
        "anchor_id": "",
        "color_scheme": "background-2",
        "full_width": true,
        "padding_top": 40,
        "padding_bottom": 20,
        "css_class": "",
        "custom_css": "",
        "custom_css_mobile": ""
      }
    },
    "1663082416842d7182": {
      "type": "multicolumn",
      "blocks": {
        "a469289b-87a2-4f61-a27b-8b2673701829": {
          "type": "column_with_video",
          "settings": {
            "cover_image": "shopify:\/\/shop_images\/Screen_Shot_2023-10-10_at_2.30.59_PM.png",
            "video_url_metafield": "",
            "video_url": "https:\/\/youtu.be\/-dkQ3EPDcQU",
            "description": "",
            "title": "",
            "heading_color": "color-scheme",
            "text": "",
            "link_label": "",
            "link": "",
            "button_color": "color-scheme",
            "css_class": ""
          }
        },
        "16630824169ca180ab-1": {
          "type": "column",
          "settings": {
            "title": "FREE MASTERCLASS:",
            "heading_color": "color-scheme",
            "text": "<p>&lt;h2&gt;\"Help Doctor, My Sex Drive Has No Pulse!\"&lt;\/h2&gt;<\/p><p>&lt;p&gt;Get started by registering below...&lt;\/p&gt;<\/p>",
            "link_label": "Start Watching",
            "link": "#optin",
            "button_color": "accent-1",
            "css_class": ""
          }
        }
      },
      "block_order": [
        "a469289b-87a2-4f61-a27b-8b2673701829",
        "16630824169ca180ab-1"
      ],
      "settings": {
        "anchor_id": "",
        "title": "",
        "text": "",
        "heading_size": "h1",
        "heading_color": "color-scheme",
        "text_size": "p",
        "column_heading_size": "h3",
        "column_text_size": "p",
        "image_width": "full",
        "image_ratio": "adapt",
        "columns_desktop": 2,
        "column_alignment": "center",
        "column_link_type": "button",
        "background_style": "none",
        "button_label": "",
        "button_link": "",
        "button_color": "color-scheme",
        "color_scheme": "background-1",
        "columns_mobile": "1",
        "swipe_on_mobile": false,
        "padding_top": 36,
        "padding_bottom": 24,
        "css_class": "",
        "custom_css": "h3{color:black;\nfont-size:23px;\npadding-bottom:0px;}\n\nh2{color:#9f2b68;\nfont-size:35px;\nmargin:10px 40px;}\n\np {margin: 0 auto;}",
        "custom_css_mobile": ""
      }
    },
    "1663082219e9089dab": {
      "type": "image",
      "settings": {
        "image": "shopify:\/\/shop_images\/TGFD_Logolist-desktop.png",
        "mobile_image": "shopify:\/\/shop_images\/TGFD_Logolist-02-1.png",
        "max_width": 0,
        "color_scheme": "background-1",
        "link": "",
        "padding_top": 16,
        "padding_bottom": 16,
        "css_class": "",
        "custom_css": "",
        "custom_css_mobile": ""
      }
    },
    "d3ab6b25-806d-4aa3-b14c-624d2911b849": {
      "type": "rich-text",
      "blocks": {
        "template--14598207537207__d3ab6b25-806d-4aa3-b14c-624d2911b849-heading-1": {
          "type": "heading",
          "settings": {
            "heading": "To: Women experiencing loss of sensuality, but have a strong desire to get it back!",
            "heading_size": "h1",
            "heading_alignment": "left",
            "heading_color": "foreground",
            "css_class": "sec",
            "heading_divider": false
          }
        }
      },
      "block_order": [
        "template--14598207537207__d3ab6b25-806d-4aa3-b14c-624d2911b849-heading-1"
      ],
      "settings": {
        "anchor_id": "",
        "color_scheme": "background-1",
        "full_width": true,
        "padding_top": 40,
        "padding_bottom": 40,
        "css_class": "",
        "custom_css": ".sec{text-align:left;\nfont-size:37px;}",
        "custom_css_mobile": ""
      }
    },
    "a5d1aa0e-8fba-4c0d-b3e4-aefcdfbd7c7f": {
      "type": "image-with-text",
      "blocks": {
        "template--14598207537207__a5d1aa0e-8fba-4c0d-b3e4-aefcdfbd7c7f-heading-1": {
          "type": "heading",
          "settings": {
            "heading": "From the Desk of Dr. Anna Cabeca,Gynecologist and Women’s Health Expert:",
            "heading_size": "h1",
            "heading_color": "accent-1",
            "css_class": ""
          }
        },
        "template--14598207537207__a5d1aa0e-8fba-4c0d-b3e4-aefcdfbd7c7f-text-1": {
          "type": "text",
          "settings": {
            "text": "<p>Many of my female patients (both married and single) in their mid-30s, 40s, and 50s+, complain about their lack of interest in sexual intimacy. They say, \"<em>I love my partner, but I just don't feel like having sex! What is wrong with me?<\/em>\"<\/p><p>These women are suffering and frustrated, and they all tell me that they want their “sexual spark” back! They confide that they <strong>want to feel sensual <\/strong>and have that <strong>thriving sexual energy <\/strong>that <strong>sparks intimacy<\/strong>.<\/p><p>Does this sound familiar? If so, don’t despair. It is quite common for women of any age to experience this before and after menopause. And let me assure you that there is <strong>good news<\/strong>. You CAN feel sensual, look fabulous, and live passionately —<strong>regardless of your age!<\/strong><\/p><p>How do I know?<\/p><p>For many years, I struggled with low libido, loss of sexual interest, and a general lack of “zest”. Determined to “get my groove back,” I developed a program to heal myself, and then turned around to help <strong>thousands of women<\/strong> in my private practice do the same.<\/p><p>Now I want to share these same tools with you, because all women should have the opportunity to live with passion, confidence, joy, and purpose!<\/p>",
            "text_style": "body",
            "css_class": ""
          }
        },
        "9259e6c6-9d05-43a6-970e-a437ddf3f154": {
          "type": "button",
          "settings": {
            "button_label": "Start Watching",
            "button_link": "#optin",
            "button_color": "color-scheme",
            "css_class": ""
          }
        }
      },
      "block_order": [
        "template--14598207537207__a5d1aa0e-8fba-4c0d-b3e4-aefcdfbd7c7f-heading-1",
        "template--14598207537207__a5d1aa0e-8fba-4c0d-b3e4-aefcdfbd7c7f-text-1",
        "9259e6c6-9d05-43a6-970e-a437ddf3f154"
      ],
      "settings": {
        "image": "shopify:\/\/shop_images\/DrAnna2_e02ed076-865f-480b-9eba-1d38f6e4ee41.webp",
        "height": "adapt",
        "desktop_image_width": "small-plus",
        "layout": "image_first",
        "desktop_content_position": "top",
        "desktop_content_alignment": "left",
        "content_layout": "no-overlap",
        "color_scheme": "background-1",
        "mobile_content_alignment": "left",
        "padding_top": 0,
        "padding_bottom": 0,
        "css_class": "dac-full-width dac-allow-media-resize",
        "custom_css": "h2{font-size:30px;\ntext-align:left;}\n\nh3{font-size:30px;}\n\nimg{margin:0px 20px;}",
        "custom_css_mobile": ""
      }
    },
    "9e90b92c-1c7d-4c9a-997b-683eebf0b5d9": {
      "type": "rich-text",
      "blocks": {
        "template--14598207537207__9e90b92c-1c7d-4c9a-997b-683eebf0b5d9-heading-1": {
          "type": "heading",
          "settings": {
            "heading": "Should YOU be on this webinar?",
            "heading_size": "h1",
            "heading_alignment": "center",
            "heading_color": "accent-1",
            "css_class": "",
            "heading_divider": false
          }
        },
        "template--14598207537207__9e90b92c-1c7d-4c9a-997b-683eebf0b5d9-text-1": {
          "type": "text",
          "settings": {
            "text": "<p>&lt;h3&gt;Yes, if any of the following applies to you:&lt;\/h3&gt;<\/p><p>&lt;ul&gt;<\/p><p>&lt;li&gt;You have lost sexual response&lt;\/li&gt;<\/p><p>&lt;li&gt;You want to enhance or<strong> recapture your sensuality, passion, joy <\/strong>and<strong> playfulness<\/strong>&lt;\/li&gt;<\/p><p>&lt;li&gt;You feel <strong>disconnected from your partner<\/strong>&lt;\/li&gt;<\/p><p>&lt;li&gt;You love your partner, but just don’t feel like having sex&lt;\/li&gt;<\/p><p>&lt;li&gt;Physically, you feel something is “off,” but you are told that this is “normal” and expected at your age&lt;\/li&gt;<\/p><p>&lt;li&gt;You want to spice up your romance and strengthen the bonds of intimacy with your partner&lt;\/li&gt;<\/p><p>&lt;li&gt;You feel like you are just surviving, but not truly living <strong>fully engaged<\/strong> with life&lt;\/li&gt;&lt;\/ul&gt;<\/p><p><\/p>",
            "text_alignment": "left",
            "text_size": "p",
            "css_class": ""
          }
        },
        "4ddef3e5-7ea0-482d-9581-edc4014338d9": {
          "type": "heading",
          "settings": {
            "heading": "On the webinar, I will share with you:",
            "heading_size": "h1",
            "heading_alignment": "left",
            "heading_color": "foreground",
            "css_class": "second",
            "heading_divider": false
          }
        },
        "31e22bf3-c61e-4c87-a087-b0c4d2b28701": {
          "type": "text",
          "settings": {
            "text": "<p>&lt;ul&gt;<\/p><p>&lt;li&gt;How your <strong>hormones<\/strong> affect your libido&lt;\/li&gt;<\/p><p>&lt;li&gt;WHY you’ve lost sexual interest&lt;\/li&gt;<\/p><p>&lt;li&gt;Why a healthy sex life is <strong>important to your overall health<\/strong>&lt;\/li&gt;<\/p><p>&lt;li&gt;<strong>Powerful strategies<\/strong> for putting the “zest” back in your lifex&lt;\/li&gt;<\/p><p>&lt;li&gt;Ways you can start living sensually right NOW!&lt;\/li&gt;<\/p><p>&lt;li&gt;Stories of <strong>victorious women<\/strong> who have revived their sex drive and started living passionately and with <strong>confidence<\/strong>&lt;\/li&gt;<\/p><p>&lt;li&gt;How to get more Oxytocin – your love and bonding hormone&lt;\/li&gt;<\/p><p>&lt;li&gt;Simple strategies to regain your sexual health in just two weeks!&lt;\/li&gt;<\/p>",
            "text_alignment": "left",
            "text_size": "p",
            "css_class": ""
          }
        },
        "b85b2f98-8841-4d99-9fd0-bdc565d8adb8": {
          "type": "text",
          "settings": {
            "text": "<p>And, you’ll get the scoop on my BRAND NEW “<strong>Sexual CPR<\/strong>” course where I’ll walk you step-by-step through ALL of my simple yet powerful strategies for regaining your sexual spark, feeling alive and sensual again, and reconnecting with your partner (or getting ready to meet that special person).<br\/><br\/>You don't want to miss out on this one-time webinar, and best of all it's <strong>absolutely free<\/strong>! Of course if you enjoy it, I hope you'll enroll in my full program. But the free class itself is <strong>content-rich and worth your while<\/strong>, I promise. Just complete the form to the upper right and you'll immediately receive an email with the details.<\/p><p><\/p>",
            "text_alignment": "left",
            "text_size": "p",
            "css_class": ""
          }
        },
        "b6f47587-cac5-40d1-94b2-f45156017d77": {
          "type": "button",
          "settings": {
            "button_label": "Start Watching",
            "button_link": "#optin",
            "button_style_secondary": false,
            "button_alignment": "center",
            "button_color": "color-scheme",
            "css_class": ""
          }
        }
      },
      "block_order": [
        "template--14598207537207__9e90b92c-1c7d-4c9a-997b-683eebf0b5d9-heading-1",
        "template--14598207537207__9e90b92c-1c7d-4c9a-997b-683eebf0b5d9-text-1",
        "4ddef3e5-7ea0-482d-9581-edc4014338d9",
        "31e22bf3-c61e-4c87-a087-b0c4d2b28701",
        "b85b2f98-8841-4d99-9fd0-bdc565d8adb8",
        "b6f47587-cac5-40d1-94b2-f45156017d77"
      ],
      "settings": {
        "anchor_id": "",
        "color_scheme": "background-1",
        "full_width": true,
        "padding_top": 52,
        "padding_bottom": 52,
        "css_class": "",
        "custom_css": ".rte ul li {padding: 6px 0px;}\n.rte ul {\n  list-style-type: none; padding-inline-start: 0px;\n}\n\n.rte ul li:before {\n  content: '';\n  display: inline-block;\n  height: 20px;\n  width: 20px;\n   background-size: 20px;\n  background-image: url(\"https:\/\/cdn.shopify.com\/s\/files\/1\/0524\/5661\/files\/TGFD_WebsiteDesign_AffiliatePage-check_copy.png?v=1674161792\");\n  background-repeat: no-repeat;\n  margin-right: 8px;\n}\nstrong{color:#9f2b68;}\nh3{color:black;}\n.second{font-size:33px;}",
        "custom_css_mobile": ""
      }
    },
    "1663086107cddf6114": {
      "type": "multicolumn",
      "blocks": {
        "16630861067ba927bd-0": {
          "type": "column",
          "settings": {
            "image": "shopify:\/\/shop_images\/MenuPause_LP_Quiz-Opt-In-Page-Dr.Anna.jpg",
            "title": "",
            "heading_color": "color-scheme",
            "text": "",
            "link_label": "",
            "link": "",
            "button_color": "color-scheme",
            "css_class": ""
          }
        },
        "16630861067ba927bd-1": {
          "type": "column",
          "settings": {
            "title": "Meet Dr Anna",
            "heading_color": "accent-1",
            "text": "<p>Dr. Anna is an Emory University trained, board certified Gynecologist and Obstetrician, as well as board certified in Anti-Aging and Regenerative medicine and an expert in Functional Medicine and sexual health.<\/p><p>Dr. Anna frequently lectures nationally and internationally on women’s and men's health issues. She is also a consultant and trainer for other physicians in Bio-identical Hormone Replacement and Functional Medicine Principles.<\/p><p>She is a mother of five, has two horses and a dog, loves to cook, lives in southeast Georgia, and is conversant in four languages.  She has travelled the world studying integrative healing modalities and created Mighty Maca, a combination of the world's superfoods as a result of her healing journey.<\/p>",
            "link_label": "",
            "link": "",
            "button_color": "color-scheme",
            "css_class": ""
          }
        }
      },
      "block_order": [
        "16630861067ba927bd-0",
        "16630861067ba927bd-1"
      ],
      "settings": {
        "anchor_id": "",
        "title": "",
        "text": "",
        "heading_size": "h1",
        "heading_color": "color-scheme",
        "text_size": "p",
        "column_heading_size": "h3",
        "column_text_size": "p",
        "image_width": "full",
        "image_ratio": "adapt",
        "columns_desktop": 2,
        "column_alignment": "left",
        "column_link_type": "button",
        "background_style": "none",
        "button_label": "",
        "button_link": "",
        "button_color": "color-scheme",
        "color_scheme": "background-1",
        "columns_mobile": "1",
        "swipe_on_mobile": false,
        "padding_top": 36,
        "padding_bottom": 36,
        "css_class": "aboutsec",
        "custom_css": "p {padding-top:25px; font-size:20px;}",
        "custom_css_mobile": ""
      }
    },
    "66073676-7729-45f0-a3d0-d27c28973659": {
      "type": "custom-liquid",
      "settings": {
        "anchor_id": "optin",
        "custom_liquid": "<h3 align=\"center\">Where Should We Send Your eBook?<\/h3>\n\n<div class=\"klaviyo-form-STENSt\" data-name=\"Help Doctor Opt-in\"><\/div>",
        "color_scheme": "background-1",
        "padding_top": 0,
        "padding_bottom": 52,
        "css_class": "",
        "custom_css": "",
        "custom_css_mobile": ""
      }
    }
  },
  "order": [
    "main",
    "16458011004aaa609d",
    "1663082416842d7182",
    "1663082219e9089dab",
    "d3ab6b25-806d-4aa3-b14c-624d2911b849",
    "a5d1aa0e-8fba-4c0d-b3e4-aefcdfbd7c7f",
    "9e90b92c-1c7d-4c9a-997b-683eebf0b5d9",
    "1663086107cddf6114",
    "66073676-7729-45f0-a3d0-d27c28973659"
  ]
}
