{"layout":"theme-offer-page","sections":{"main":{"type":"main-page","settings":{"display_title":true,"color_scheme":"background-1","padding_top":40,"padding_bottom":40,"css_class":"visually-hidden","custom_css":"","custom_css_mobile":""}},"1640097424c2f7eec2":{"type":"header-offer-page","blocks":{"64d5290e-0111-45f8-add9-b15e6899534a":{"type":"countdown_timer","disabled":true,"settings":{"title":"","end_date_time":"August 19, 2022 23:59:59 GMT-0500","first_countdown":true,"color_scheme":"background-1","padding_top":20,"padding_bottom":20,"css_class":""}},"bd5c02bc-ed1a-47fb-93b9-a67e14efaa95":{"type":"custom_colors","settings":{"colors_solid_button_labels":"","colors_accent_1":"rgba(0,0,0,0)","gradient_accent_1":"","colors_accent_2":"#e4f4f5","gradient_accent_2":"","colors_accent_3":"#321748","colors_accent_4":"","colors_text":"#000000","colors_outline_button_labels":"","colors_background_1":"#ffffff","gradient_background_1":"","colors_background_2":"#fcfaf7","gradient_background_2":""}},"3bc82201-33bf-4bac-8745-e9330ba18fb0":{"type":"image","settings":{"image":"shopify:\/\/shop_images\/TGFD_BreezeThroughMenopause_logos-06.png","max_width":0,"css_class":"breeze"}}},"block_order":["64d5290e-0111-45f8-add9-b15e6899534a","bd5c02bc-ed1a-47fb-93b9-a67e14efaa95","3bc82201-33bf-4bac-8745-e9330ba18fb0"],"custom_css":[],"settings":{"color_scheme":"accent-2","display_logo":false,"enable_logo_link":false,"logo_color":"gold","show_line_separator":false,"enable_sticky_header":false,"margin_bottom":0,"css_class":"","custom_css":".header--offer-page {\n    grid-template-columns: var(--cart-width) auto var(--cart-width);\ngrid-\n}\n\n.grid { margin-bottom: 0; }\n\n.breeze{ max-width:400px; margin: auto;}\n\n.header__icon, .header__icon--cart .icon {color: rgb(var(--color-base-accent-4));}","custom_css_mobile":""}},"1651243183dc8c517f":{"type":"rich-text","blocks":{"1651243182c24ad981-0":{"type":"heading","disabled":true,"settings":{"heading":"An Introduction to the Keto-Green®️ Lifestyle","heading_size":"h2","heading_alignment":"center","heading_color":"accent-4","css_class":"","heading_divider":false}},"e7caf1d6-3572-46b2-966c-41d2662321c1":{"type":"text","disabled":true,"settings":{"text":"<h4>10-Day Masterclass with Dr. Anna Cabeca<\/h4>","text_alignment":"center","text_size":"p","css_class":""}}},"block_order":["1651243182c24ad981-0","e7caf1d6-3572-46b2-966c-41d2662321c1"],"settings":{"anchor_id":"","color_scheme":"background-1","full_width":true,"padding_top":32,"padding_bottom":0,"css_class":"dac-full-width dac-padding-side-none","custom_css":"","custom_css_mobile":""}},"9904cbae-60e0-426a-a3d9-e067d2a0d55c":{"type":"video-with-text","blocks":{"07847e87-2da3-4885-bc93-ac2311c1bfe1":{"type":"heading","settings":{"heading":"An Introduction to the Keto-Green®️ Lifestyle","heading_size":"h2"}},"583051d0-bf20-4160-a659-519d3f0862a6":{"type":"text","settings":{"text":"<h5>Learn how to take back control of your body, lose that extra weight, and recover your love life.<\/h5>","text_style":"body","text_size":"p"}},"363735ee-db2f-43f5-8269-286b778ec495":{"type":"button","settings":{"button_label":"REGISTER NOW","button_link":"#breezeoptin","button_color":"accent-1"}},"121c3401-1209-40e6-b9be-f63b0fb12683":{"type":"text","settings":{"text":"<p>*Free for 10-days from date of Registration<\/p>","text_style":"subtitle","text_size":"p"}}},"block_order":["07847e87-2da3-4885-bc93-ac2311c1bfe1","583051d0-bf20-4160-a659-519d3f0862a6","363735ee-db2f-43f5-8269-286b778ec495","121c3401-1209-40e6-b9be-f63b0fb12683"],"settings":{"anchor_id":"","cover_image":"shopify:\/\/shop_images\/Screen_Shot_2023-04-05_at_2.11.45_PM.png","video_url_metafield":"","video_url":"https:\/\/vimeo.com\/305485978\/","description":"","desktop_image_width":"medium","layout":"video_first","desktop_content_position":"middle","desktop_content_alignment":"left","color_scheme":"background-1","padding_top":0,"padding_bottom":0,"css_class":"","custom_css":".h2{ font-size: 1.8em; color: rgb(var(--color-base-accent-4)); padding: 0px 60px; margin-bottom:-30px;}\n\n.button { margin: -15px 60px 0px;}\n.p { font-size: 12px; padding: 0px 60px;}\n\n\n.video-with-text__content { padding-top: 2rem; padding-bottom: 2rem;}\n.video-with-text__media-item { \n    padding: 2rem 1rem 2rem 7rem;\n}","custom_css_mobile":".video-with-text__media-item { \n    padding-left: 0; \n}\n.video-with-text__content { padding: 3rem 0rem 3rem;\n}"}},"2f6e83d6-c5f1-431d-9b99-e2e873cea58f":{"type":"multicolumn","blocks":{"template--14495786434615__2f6e83d6-c5f1-431d-9b99-e2e873cea58f-1680720747e42b42c8-0":{"type":"column","settings":{"image":"shopify:\/\/shop_images\/TGFD_BreezeThroughMenopause_LandingPage_Icon-1.png","title":"","heading_color":"color-scheme","text":"","link_label":"","link":"","button_color":"color-scheme","css_class":""}},"template--14495786434615__2f6e83d6-c5f1-431d-9b99-e2e873cea58f-1680720747e42b42c8-1":{"type":"column","settings":{"image":"shopify:\/\/shop_images\/TGFD_BreezeThroughMenopause_LandingPage_icon-2.png","title":"","heading_color":"color-scheme","text":"","link_label":"","link":"","button_color":"color-scheme","css_class":""}},"template--14495786434615__2f6e83d6-c5f1-431d-9b99-e2e873cea58f-1680720747e42b42c8-2":{"type":"column","settings":{"image":"shopify:\/\/shop_images\/TGFD_BreezeThroughMenopause_LandingPage_Icon-3.png","title":"","heading_color":"color-scheme","text":"","link_label":"","link":"","button_color":"color-scheme","css_class":""}},"deba6e8c-f535-4fdf-89ea-492c2044dd5e":{"type":"column","settings":{"image":"shopify:\/\/shop_images\/TGFD_BreezeThroughMenopause_LandingPage_Icon-4.png","title":"","heading_color":"color-scheme","text":"","link_label":"","link":"","button_color":"color-scheme","css_class":""}},"cd3aa4c0-ba72-4399-8c7d-11b3dc7d6cc4":{"type":"column","settings":{"image":"shopify:\/\/shop_images\/TGFD_BreezeThroughMenopause_LandingPage_Icon-5.png","title":"","heading_color":"color-scheme","text":"","link_label":"","link":"","button_color":"color-scheme","css_class":""}},"b9defb34-50f6-42ac-a3ff-3d5d762d6bcb":{"type":"column","settings":{"image":"shopify:\/\/shop_images\/TGFD_BreezeThroughMenopause_LandingPage_Icon-6.png","title":"","heading_color":"color-scheme","text":"","link_label":"","link":"","button_color":"color-scheme","css_class":""}},"55eccc19-d656-4f43-b4d7-dadf206f845b":{"type":"column","settings":{"title":"","heading_color":"color-scheme","text":"<p>What if things could be &lt;span class=\"dac-alt-font-span\"&gt;different&lt;\/span&gt; before during or after menopause?<\/p><p>Learn the Keto-Green Way to make the lifestyle changes you need with this 10-Day Free Masterclass. Class starts right away for 10-days in a row.<\/p>","link_label":"REGISTER NOW","link":"#breezeoptin","button_color":"accent-1","css_class":"wider"}}},"block_order":["template--14495786434615__2f6e83d6-c5f1-431d-9b99-e2e873cea58f-1680720747e42b42c8-0","template--14495786434615__2f6e83d6-c5f1-431d-9b99-e2e873cea58f-1680720747e42b42c8-1","template--14495786434615__2f6e83d6-c5f1-431d-9b99-e2e873cea58f-1680720747e42b42c8-2","deba6e8c-f535-4fdf-89ea-492c2044dd5e","cd3aa4c0-ba72-4399-8c7d-11b3dc7d6cc4","b9defb34-50f6-42ac-a3ff-3d5d762d6bcb","55eccc19-d656-4f43-b4d7-dadf206f845b"],"settings":{"anchor_id":"","title":"'As Menopause Sets In,'","text":"<p>you might start to suffer from symptoms like...<\/p>","heading_size":"h2","heading_color":"accent-4","text_size":"h4","column_heading_size":"h4","column_text_size":"p","image_width":"full","image_ratio":"adapt","columns_desktop":5,"column_alignment":"center","column_link_type":"button","background_style":"none","button_label":"","button_link":"","button_color":"color-scheme","color_scheme":"background-2","columns_mobile":"1","swipe_on_mobile":false,"padding_top":0,"padding_bottom":20,"css_class":"","custom_css":"{ padding: 0 10rem; }\n.multicolumn { \n    max-width: calc(var(--page-width) - 20rem);\n    margin: 3em auto; border-radius: 35px; \n}\n.wider { width: 100%; max-width: 100%; }\n.dac-alt-font-span { \n    color: rgb(var(--color-base-accent-4)); \n}\n.wider p{\npadding: 0px 115px; font-size: 1.2em;}\n\n.background-none .multicolumn-card__image-wrapper {\nmargin-left:0px;\nmargin-right:0px;\n}\n\n.button { \n    background-color: rgb(var(--color-base-accent-1)); \n}\n\n.grid {\n    column-gap: 0;\n    row-gap: 0;\n}\n\n.grid--6-col-desktop .grid__item {\n    width: calc(18% - var(--grid-desktop-horizontal-spacing) * 5 \/ 6);\n    max-width: calc(100% - var(--grid-desktop-horizontal-spacing) * 5 \/ 6);\n}\n\nh2 {padding-top:40px;}","custom_css_mobile":"{ padding: 0 0rem; }\n\n.wider p{\npadding: 0px;}\n\n.grid--1-col .grid__item {\n    max-width: 100%;\n    width: 90%;\n}\n\n.wider p{\npadding: 0px;}"}},"3f4ee509-dc3e-4f95-9740-d3f98af3d412":{"type":"rich-text","blocks":{"template--14495786434615__3f4ee509-dc3e-4f95-9740-d3f98af3d412-16807230897c3968af-0":{"type":"heading","settings":{"heading":"Free Limited Time Access","heading_size":"h2","heading_alignment":"center","heading_color":"accent-4","css_class":"","heading_divider":false}},"af03bd90-cf6c-4a1e-bd9b-a60d836ffa35":{"type":"text","settings":{"text":"<h4>For The Next 10-Days Only<\/h4>","text_alignment":"center","text_size":"p","css_class":""}}},"block_order":["template--14495786434615__3f4ee509-dc3e-4f95-9740-d3f98af3d412-16807230897c3968af-0","af03bd90-cf6c-4a1e-bd9b-a60d836ffa35"],"settings":{"anchor_id":"","color_scheme":"accent-2","full_width":true,"padding_top":60,"padding_bottom":20,"css_class":"","custom_css":"h4 {margin-top:-10px; color:#000;}","custom_css_mobile":""}},"15cf8d77-29a6-4770-b9f6-cff765d67d34":{"type":"image-with-text","blocks":{"b2a95e37-a521-4a02-a008-6d636b59a33c":{"type":"text","settings":{"text":"<p>WOMEN WHO HAVE COMPLETED THE COURSE EXPERIENCE:<\/p>","text_style":"body","css_class":""}},"dc064dcb-6328-4912-a527-ab7c9ea9f9a0":{"type":"list","settings":{"list_items":"<p>Renewed Energy<br\/><\/p><p>Reinvigorated Libido<br\/><\/p><p>Emotional Stability<br\/><\/p><p>Clear Mind and Focus<br\/><\/p><p>Increased Passion<\/p>","list_style_type":"bullets","text_alignment":"left","css_class":""}},"bb62357b-7304-4f3b-ac79-2de58bfac29c":{"type":"text","settings":{"text":"<p>WHAT YOU GET:<\/p>","text_style":"body","css_class":""}},"8b05b17a-aad4-4110-aee6-d6cffd57daa1":{"type":"list","settings":{"list_items":"<p>10-days of videos guiding you through Menopause's biggest challenges<br\/><\/p><p>10-days of Dr. Anna's Keto-Green friendly recipes<br\/><\/p><p>Keto-Green® 10-Day Shopping List<br\/><\/p><p>10-Day \"Love Your Life\" Goal Motivational Diary<br\/><\/p><p>Keto-green Facebook group<\/p>","list_style_type":"bullets","text_alignment":"left","css_class":""}},"3f37faf5-48b8-4fd7-b5f0-f0f6d328ba1f":{"type":"button","settings":{"button_label":"JOIN US","button_link":"#breezeoptin","button_color":"accent-1","css_class":""}}},"block_order":["b2a95e37-a521-4a02-a008-6d636b59a33c","dc064dcb-6328-4912-a527-ab7c9ea9f9a0","bb62357b-7304-4f3b-ac79-2de58bfac29c","8b05b17a-aad4-4110-aee6-d6cffd57daa1","3f37faf5-48b8-4fd7-b5f0-f0f6d328ba1f"],"settings":{"anchor_id":"","image":"shopify:\/\/shop_images\/TGFD_BreezeThroughMenopause_LandingPage_Bundle1.png","height":"adapt","desktop_image_width":"medium","layout":"text_first","desktop_content_position":"middle","desktop_content_alignment":"left","content_layout":"no-overlap","color_scheme":"accent-2","mobile_content_alignment":"left","padding_top":0,"padding_bottom":0,"css_class":"dac-full-width dac-padding-side-none dac-allow-media-resize dac-image-wider","custom_css":"p:first-of-type { text-transform: uppercase; font-size: 1.1em; color: rgb(var(--color-base-accent-4)); line-height:1em;}\n.image-with-text__grid {\n  background-color: rgb(var(--color-base-accent-2)); padding: 0px 75px;\n}\n.image-with-text__content {padding-right:0px;}\nli {line-height:1.1em; color:#000;}","custom_css_mobile":".image-with-text__grid {\n  padding: 0px 0px;\n}\n\n.image-with-text__content {padding:0px 20px 50px;}"}},"d03892e0-5daa-4af8-b52e-86251f95196f":{"type":"image-with-text","blocks":{"template--14495786434615__d03892e0-5daa-4af8-b52e-86251f95196f-1680723310c72bb550-0":{"type":"heading","settings":{"heading":"Meet Dr. Anna Cabeca","heading_size":"h2","heading_color":"accent-4","css_class":""}},"template--14495786434615__d03892e0-5daa-4af8-b52e-86251f95196f-1680723310c72bb550-1":{"type":"text","settings":{"text":"<p>I’VE BEATEN MENOPAUSE NOT ONCE... BUT TWICE!<\/p>","text_style":"subtitle","css_class":""}},"4767f2a8-fe7c-4e07-84bb-34e8d7e59f03":{"type":"text","settings":{"text":"<p>I didn’t just want to survive... I wanted to thrive. I was 38 when a traumatic event threw me into instant menopause...<br\/><\/p><p>But despite being a triple board-certified OB\/GYN and Regenerative and Anti-Aging Medicine expert and an Emory University graduate, I was unable to help myself.<\/p>","text_style":"body","css_class":""}},"5ffa2120-f34c-424f-aea5-45484c41e430":{"type":"list","settings":{"list_items":"<p>I was 80 pounds overweight...<br\/><\/p><p>My hair was falling out in gobs...<br\/><\/p><p>I was depressed and achy...<br\/><\/p><p>I couldn't sleep, but I didn't want to get out of bed...<br\/><\/p><p>My libido was literally non-existent...<br\/><\/p><p>I was living with chronic pain all over my body...<br\/><\/p><p>Despite trying to feel 'happy', I felt completely awful inside!<\/p>","list_style_type":"bullets","text_alignment":"left","css_class":""}},"3573c8cb-da7f-4efd-978c-83a47c23848a":{"type":"text","settings":{"text":"<h4>Learn and develop the tools to make lifestyle changes with the Keto-Green way.<\/h4>","text_style":"body","css_class":""}},"template--14495786434615__d03892e0-5daa-4af8-b52e-86251f95196f-1680723310c72bb550-2":{"type":"button","settings":{"button_label":"REGISTER NOW","button_link":"#breezeoptin","button_color":"accent-1","css_class":""}}},"block_order":["template--14495786434615__d03892e0-5daa-4af8-b52e-86251f95196f-1680723310c72bb550-0","template--14495786434615__d03892e0-5daa-4af8-b52e-86251f95196f-1680723310c72bb550-1","4767f2a8-fe7c-4e07-84bb-34e8d7e59f03","5ffa2120-f34c-424f-aea5-45484c41e430","3573c8cb-da7f-4efd-978c-83a47c23848a","template--14495786434615__d03892e0-5daa-4af8-b52e-86251f95196f-1680723310c72bb550-2"],"settings":{"anchor_id":"","image":"shopify:\/\/shop_images\/TGFD_BreezeThroughMenopause_LandingPage-1.png","height":"adapt","desktop_image_width":"medium","layout":"text_first","desktop_content_position":"top","desktop_content_alignment":"left","content_layout":"no-overlap","color_scheme":"background-1","mobile_content_alignment":"left","padding_top":36,"padding_bottom":36,"css_class":"dac-full-width dac-padding-side-none dac-allow-media-resize","custom_css":".subtitle { text-transform: uppercase;  color: rgb(var(--color-base-accent-4)); line-height:1em;}\n\nh4 { color: rgb(var(--color-base-accent-4)); padding:0px; margin-top:-20px; margin-bottom:0px;}\n\nul {\n  list-style-type: none; padding-inline-start: 25px;\nposition: relative;\n}\n\nul li:before {\n  content: '';\n  display: inline-block;\n  height: 20px;\n  width: 20px;\n   background-size: 20px;\n  background-image: url(\"https:\/\/cdn.shopify.com\/s\/files\/1\/0524\/5661\/files\/tealcheckmark-03.png\");\n  background-repeat: no-repeat;\nposition: absolute;\nleft: 0px;\n}\n\n.image-with-text__media img {width:90%;}","custom_css_mobile":""}},"166265011699cfe00e":{"type":"media-logos","settings":{"color_scheme":"background-1","display_borders":false,"display_text":true,"svg_color":"accent-3","padding_top":0,"padding_bottom":48,"css_class":"","custom_css":"","custom_css_mobile":""}},"e115ea58-b851-4f5f-ad97-5180b1fe7412":{"type":"slideshow","blocks":{"template--14495786434615__e115ea58-b851-4f5f-ad97-5180b1fe7412-1680724196c5cf4c47-0":{"type":"slide","settings":{"image":"shopify:\/\/shop_images\/TGFD_BreezeThroughMenopause_LandingPage_Reviews1.jpg","mobile_image":"shopify:\/\/shop_images\/TGFD_BreezeThroughMenopause_LandingPage_Review1.jpg","heading":"","heading_size":"h1","subheading":"","button_label":"","link":"","button_style_secondary":false,"box_align":"middle-center","show_text_box":false,"text_alignment":"center","image_overlay_opacity":0,"color_scheme":"background-1","text_alignment_mobile":"center"}},"template--14495786434615__e115ea58-b851-4f5f-ad97-5180b1fe7412-1680724196c5cf4c47-1":{"type":"slide","settings":{"image":"shopify:\/\/shop_images\/TGFD_BreezeThroughMenopause_LandingPage_Reviews2.jpg","mobile_image":"shopify:\/\/shop_images\/TGFD_BreezeThroughMenopause_LandingPage_Review2.jpg","heading":"","heading_size":"h1","subheading":"","button_label":"","link":"","button_style_secondary":false,"box_align":"middle-center","show_text_box":false,"text_alignment":"center","image_overlay_opacity":0,"color_scheme":"background-1","text_alignment_mobile":"center"}}},"block_order":["template--14495786434615__e115ea58-b851-4f5f-ad97-5180b1fe7412-1680724196c5cf4c47-0","template--14495786434615__e115ea58-b851-4f5f-ad97-5180b1fe7412-1680724196c5cf4c47-1"],"settings":{"layout":"full_bleed","slide_height":"adapt_image","slider_visual":"dots","auto_rotate":true,"change_slides_speed":5,"show_text_below":true,"accessibility_info":"Slideshow about our brand","css_class":"","custom_css":".slider-button { color: rgb(var(--color-base-accent-4)); }\n.dot { border-color: rgb(var(--color-base-accent-4)); }\n.slider-counter__link--active .dot { background-color: rgb(var(--color-base-accent-4)); }\n.slideshow__autoplay path { fill: rgb(var(--color-base-accent-4)); }\n\n.slideshow__controls {\n    position: absolute;\n    z-index: 999;\n    bottom: 1em;\n    left: 0;\n    width: calc(50% + 40px);\n}","custom_css_mobile":".slideshow__controls { width: 100%; }"}},"3509cb98-22e2-4ac0-9036-519a9df44eff":{"type":"multicolumn","blocks":{"template--14495786434615__3509cb98-22e2-4ac0-9036-519a9df44eff-1681392802896589c9-0":{"type":"column","settings":{"image":"shopify:\/\/shop_images\/TGFD_BreezeThroughMenopause_LandingPage_Icon-01.png","title":"Recover Your Sanity","heading_color":"accent-4","text":"<p>Heal your mind and body with a 10-day Keto-Green diet plan and mindfulness guide. The daily Breeze Through Menopause goal cues will help you set achievable goals.<\/p>","link_label":"","link":"","button_color":"color-scheme","css_class":"icons"}},"template--14495786434615__3509cb98-22e2-4ac0-9036-519a9df44eff-1681392802896589c9-1":{"type":"column","settings":{"image":"shopify:\/\/shop_images\/TGFD_BreezeThroughMenopause_LandingPage_Icon-02.png","title":"Get Easy, Breezy Accountability","heading_color":"color-scheme","text":"<p>Have you ever started a diet with the best of intentions only to fall off the wagon? We won't let that happen! I will personally guide you through making healthy changes.<\/p>","link_label":"","link":"","button_color":"color-scheme","css_class":"icons"}},"template--14495786434615__3509cb98-22e2-4ac0-9036-519a9df44eff-1681392802896589c9-2":{"type":"column","settings":{"image":"shopify:\/\/shop_images\/TGFD_BreezeThroughMenopause_LandingPage_Icon-03.png","title":"Receive A Daily Video","heading_color":"color-scheme","text":"<p>Wake up to daily videos from me that unravel the complexity of Menopause and hormonal imbalances. I'll guide you through reclaiming the best you, you can be.<\/p>","link_label":"","link":"","button_color":"color-scheme","css_class":"icons"}},"ec208740-3d03-482c-81cb-9025942260cd":{"type":"column","settings":{"image":"shopify:\/\/shop_images\/TGFD_BreezeThroughMenopause_LandingPage_Icon-04.png","title":"Spend A Minute On Yourself","heading_color":"color-scheme","text":"<p>If there's something bringing you down right now, this Masterclass is the perfect opportunity to give yourself the T-L-C you deserve!<\/p>","link_label":"","link":"","button_color":"color-scheme","css_class":"icons"}},"82d2d3c3-817a-4dc1-8cc9-5bdb8e4ce543":{"type":"column","settings":{"image":"shopify:\/\/shop_images\/TGFD_BreezeThroughMenopause_LandingPage_Icon-05.png","title":"Designed for Women, By Women","heading_color":"color-scheme","text":"<p>I created this masterclass after experiencing hormonal imbalance myself. That's why I know this masterclass will help you make this the best, most fulfilling time of your life!<\/p>","link_label":"","link":"","button_color":"color-scheme","css_class":"icons"}}},"block_order":["template--14495786434615__3509cb98-22e2-4ac0-9036-519a9df44eff-1681392802896589c9-0","template--14495786434615__3509cb98-22e2-4ac0-9036-519a9df44eff-1681392802896589c9-1","template--14495786434615__3509cb98-22e2-4ac0-9036-519a9df44eff-1681392802896589c9-2","ec208740-3d03-482c-81cb-9025942260cd","82d2d3c3-817a-4dc1-8cc9-5bdb8e4ce543"],"settings":{"anchor_id":"","title":"Why You'll Love","text":"<h3>BREEZE THRU MENOPAUSE MASTERCLASS<\/h3>","heading_size":"h2","heading_color":"accent-4","text_size":"p","column_heading_size":"h3","column_text_size":"p","image_width":"full","image_ratio":"adapt","columns_desktop":5,"column_alignment":"center","column_link_type":"button","background_style":"none","button_label":"REGISTER NOW","button_link":"#breezeoptin","button_color":"color-scheme","color_scheme":"background-1","columns_mobile":"1","swipe_on_mobile":false,"padding_top":72,"padding_bottom":36,"css_class":"","custom_css":"h3 { text-transform: uppercase; font-size: 1.4em; color: #000; line-height:1em; margin-top:0px;}\n\n.button { \n    background-color: rgb(var(--color-base-accent-1)); \n}\n\n.icons p {\ncolor:#000;\n}\n\n.icons h3 {\ncolor:#000;\ntext-transform: none;\ncolor: rgb(var(--color-base-accent-4)); \n}\n\n.icons .img {max-width:75%;}","custom_css_mobile":""}},"678f152e-2e68-4194-82d4-a56a014d014d":{"type":"rich-text","blocks":{"75424fe6-2928-493f-b624-fe20eee5faed":{"type":"heading","settings":{"heading":"What Is The Keto-Green Way?","heading_size":"h2","heading_alignment":"center","heading_color":"foreground","css_class":"","heading_divider":false}}},"block_order":["75424fe6-2928-493f-b624-fe20eee5faed"],"settings":{"anchor_id":"","color_scheme":"background-1","full_width":true,"padding_top":68,"padding_bottom":52,"css_class":"","custom_css":"h2 { color: rgb(var(--color-base-accent-4));  }","custom_css_mobile":""}},"157f1dd0-aa41-4512-a6bb-97b3d13aa2d4":{"type":"image-banner","settings":{"image":"shopify:\/\/shop_images\/TGFD_BreezeThroughMenopause_LandingPage-12.jpg","mobile_image":"shopify:\/\/shop_images\/TGFD_BreezeThroughMenopause_LandingPage_ChartMobile.jpg","link":"","image_overlay_opacity":0,"image_height":"medium","adapt_height_first_image":true,"desktop_content_position":"middle-center","show_text_box":false,"desktop_content_alignment":"center","color_scheme":"background-1","mobile_content_alignment":"center","stack_images_on_mobile":true,"show_text_below":true,"css_class":"","custom_css":"","custom_css_mobile":""}},"94478a64-ec38-461a-886a-f14ad6d76667":{"type":"rich-text","blocks":{"template--14495786434615__94478a64-ec38-461a-886a-f14ad6d76667-1680794590ef26f5ba-1":{"type":"text","settings":{"text":"<h4>THIS IS NOT A DIET<\/h4><h1>This is a lifestyle.<\/h1>","text_alignment":"center","text_size":"h4","css_class":""}},"f87ee16a-5eec-43ad-b495-325b5da6e7ea":{"type":"text","settings":{"text":"<p>If you are looking for a bootcamp-strict diet that leaves you constantly hungry, grumpy, and tired... <br\/>You'll have to look somewhere else!<br\/><\/p><p>By living The Keto-Green Way, you'll focus on fueling your body with yummy, healing (and filling) foods, like this:<\/p>","text_alignment":"center","text_size":"p","css_class":""}}},"block_order":["template--14495786434615__94478a64-ec38-461a-886a-f14ad6d76667-1680794590ef26f5ba-1","f87ee16a-5eec-43ad-b495-325b5da6e7ea"],"settings":{"anchor_id":"","color_scheme":"background-1","full_width":true,"padding_top":28,"padding_bottom":52,"css_class":"dac-full-width dac-padding-side-none","custom_css":"h1 { color: #000; margin-top:-20px; color: rgb(var(--color-base-accent-4)); }\nh4 { text-transform: uppercase;   font-weight: var(--font-body-weight-bold);}","custom_css_mobile":""}},"c8657a41-00a9-4cb1-9612-93d89ea990b6":{"type":"multicolumn","blocks":{"template--14495786434615__c8657a41-00a9-4cb1-9612-93d89ea990b6-168079452406b22d89-0":{"type":"column","settings":{"image":"shopify:\/\/shop_images\/TGFD_BreezeThroughMenopause_LandingPage-13.jpg","title":"","heading_color":"color-scheme","text":"","link_label":"","link":"","button_color":"color-scheme","css_class":""}},"template--14495786434615__c8657a41-00a9-4cb1-9612-93d89ea990b6-168079452406b22d89-1":{"type":"column","settings":{"image":"shopify:\/\/shop_images\/TGFD_BreezeThroughMenopause_LandingPage-14.jpg","title":"","heading_color":"color-scheme","text":"","link_label":"","link":"","button_color":"color-scheme","css_class":""}},"template--14495786434615__c8657a41-00a9-4cb1-9612-93d89ea990b6-168079452406b22d89-2":{"type":"column","settings":{"image":"shopify:\/\/shop_images\/TGFD_BreezeThroughMenopause_LandingPage-15.jpg","title":"","heading_color":"color-scheme","text":"","link_label":"","link":"","button_color":"color-scheme","css_class":""}}},"block_order":["template--14495786434615__c8657a41-00a9-4cb1-9612-93d89ea990b6-168079452406b22d89-0","template--14495786434615__c8657a41-00a9-4cb1-9612-93d89ea990b6-168079452406b22d89-1","template--14495786434615__c8657a41-00a9-4cb1-9612-93d89ea990b6-168079452406b22d89-2"],"settings":{"anchor_id":"","title":"","text":"","heading_size":"h1","heading_color":"color-scheme","text_size":"p","column_heading_size":"h3","column_text_size":"p","image_width":"full","image_ratio":"adapt","columns_desktop":3,"column_alignment":"center","column_link_type":"button","background_style":"none","button_label":"","button_link":"","button_color":"color-scheme","color_scheme":"background-1","columns_mobile":"1","swipe_on_mobile":false,"padding_top":0,"padding_bottom":36,"css_class":"","custom_css":"","custom_css_mobile":""}},"0ec10be4-68cf-4e69-9af8-bf864519c41a":{"type":"rich-text","blocks":{"template--14495786434615__0ec10be4-68cf-4e69-9af8-bf864519c41a-1680794590ef26f5ba-1":{"type":"text","settings":{"text":"<h3>Skip the overwhelming learning curve of planning a keto-alkaline diet!<\/h3><p>Just follow my trusted recipes for breakfast, lunch, and dinner (that's 10-days worth of FREE recipes) every day - and you're good to go.<\/p>","text_alignment":"center","text_size":"p","css_class":""}},"template--14495786434615__0ec10be4-68cf-4e69-9af8-bf864519c41a-1680794590ef26f5ba-2":{"type":"button","settings":{"button_label":"LET’S GET STARTED","button_link":"#breezeoptin","button_style_secondary":false,"button_alignment":"center","button_color":"accent-1","css_class":""}},"38aab347-81e7-4918-b7be-cba8f7a15911":{"type":"text","disabled":true,"settings":{"text":"<p>What People Are Saying About<\/p>","text_alignment":"center","text_size":"h4","css_class":"saying"}},"a8d01b1d-3802-422a-9d91-8e24e4a0a6c0":{"type":"heading","settings":{"heading":"What People Are Saying About This Masterclass","heading_size":"h2","heading_alignment":"center","heading_color":"accent-4","css_class":"","heading_divider":false}}},"block_order":["template--14495786434615__0ec10be4-68cf-4e69-9af8-bf864519c41a-1680794590ef26f5ba-1","template--14495786434615__0ec10be4-68cf-4e69-9af8-bf864519c41a-1680794590ef26f5ba-2","38aab347-81e7-4918-b7be-cba8f7a15911","a8d01b1d-3802-422a-9d91-8e24e4a0a6c0"],"settings":{"anchor_id":"","color_scheme":"background-1","full_width":true,"padding_top":0,"padding_bottom":52,"css_class":"dac-full-width dac-padding-side-none","custom_css":".button{margin-bottom:75px;}","custom_css_mobile":""}},"c8650ce2-14f9-423b-947c-4078860b6a98":{"type":"slideshow","blocks":{"template--14495786434615__c8650ce2-14f9-423b-947c-4078860b6a98-168079594039fb6c5e-0":{"type":"slide","settings":{"image":"shopify:\/\/shop_images\/TGFD_BreezeThroughMenopause_LandingPage_Reviews3.jpg","mobile_image":"shopify:\/\/shop_images\/TGFD_BreezeThroughMenopause_LandingPage_Review4.jpg","heading":"","heading_size":"h1","subheading":"","button_label":"","link":"","button_style_secondary":false,"box_align":"middle-center","show_text_box":false,"text_alignment":"center","image_overlay_opacity":0,"color_scheme":"background-1","text_alignment_mobile":"center"}},"template--14495786434615__c8650ce2-14f9-423b-947c-4078860b6a98-168079594039fb6c5e-1":{"type":"slide","settings":{"image":"shopify:\/\/shop_images\/TGFD_BreezeThroughMenopause_LandingPage_Reviews4.jpg","mobile_image":"shopify:\/\/shop_images\/TGFD_BreezeThroughMenopause_LandingPage_Review3.jpg","heading":"","heading_size":"h1","subheading":"","button_label":"","link":"","button_style_secondary":false,"box_align":"middle-center","show_text_box":false,"text_alignment":"center","image_overlay_opacity":0,"color_scheme":"background-1","text_alignment_mobile":"center"}}},"block_order":["template--14495786434615__c8650ce2-14f9-423b-947c-4078860b6a98-168079594039fb6c5e-0","template--14495786434615__c8650ce2-14f9-423b-947c-4078860b6a98-168079594039fb6c5e-1"],"settings":{"layout":"full_bleed","slide_height":"adapt_image","slider_visual":"dots","auto_rotate":true,"change_slides_speed":5,"show_text_below":true,"accessibility_info":"Slideshow about our brand","css_class":"","custom_css":".slider-button { color: rgb(var(--color-base-accent-4)); }\n.dot { border-color: rgb(var(--color-base-accent-4)); }\n.slider-counter__link--active .dot { background-color: rgb(var(--color-base-accent-4)); }\n.slideshow__autoplay path { fill: rgb(var(--color-base-accent-4)); }\n\n.slideshow__controls {\n    position: absolute;\n    z-index: 999;\n    bottom: 1em;\n    right: 0;\n    width: calc(50% + 40px);\n}","custom_css_mobile":".slideshow__controls { width: 100%; }"}},"136de414-3ab2-47ff-a698-b952257dc28e":{"type":"rich-text","blocks":{"5a7dac0f-718b-4d1a-8543-696da40a2e52":{"type":"heading","settings":{"heading":"Join The Breeze Thru Menopause  \\n Masterclass Today!","heading_size":"h2","heading_alignment":"center","heading_color":"accent-4","css_class":"","heading_divider":false}},"927ef652-2f70-4593-93ff-b3c60a626125":{"type":"image","settings":{"image":"shopify:\/\/shop_images\/TGFD_BreezeThroughMenopause_LandingPage_Bundle1.png","max_width":625,"css_class":""}},"template--14495786434615__136de414-3ab2-47ff-a698-b952257dc28e-16813942129324c010-0":{"type":"heading","settings":{"heading":"FREE","heading_size":"h1","heading_alignment":"center","heading_color":"accent-4","css_class":"","heading_divider":false}},"d8cba07b-8aa1-43ba-abfc-0a3f4499c71a":{"type":"list","settings":{"list_items":"<p><\/p><p>10-days of videos guiding you through Menopause's biggest challenges<\/p><p>10-days of Dr. Anna's Keto-Green friendly recipes<\/p><p>Keto-Green® 10-Day Shopping List<\/p><p>10-Day \"Love Your Life\" Goal Motivational Diary<\/p><p>Keto-Green Facebook group<\/p>","text_alignment":"left","text_size":"p","css_class":""}},"template--14495786434615__136de414-3ab2-47ff-a698-b952257dc28e-16813942129324c010-2":{"type":"button","disabled":true,"settings":{"button_label":"REGISTER NOW","button_link":"#breezeoptin","button_style_secondary":false,"button_alignment":"center","button_color":"accent-1","css_class":""}},"38f5076f-243b-469c-be07-3c3d65360fbb":{"type":"text","settings":{"text":"<p>*Free for 10-days from date of Registration<\/p>","text_alignment":"center","text_size":"p","css_class":"small"}}},"block_order":["5a7dac0f-718b-4d1a-8543-696da40a2e52","927ef652-2f70-4593-93ff-b3c60a626125","template--14495786434615__136de414-3ab2-47ff-a698-b952257dc28e-16813942129324c010-0","d8cba07b-8aa1-43ba-abfc-0a3f4499c71a","template--14495786434615__136de414-3ab2-47ff-a698-b952257dc28e-16813942129324c010-2","38f5076f-243b-469c-be07-3c3d65360fbb"],"settings":{"anchor_id":"","color_scheme":"background-1","full_width":true,"padding_top":88,"padding_bottom":0,"css_class":"","custom_css":"ul {\n    list-style:none; \n    margin:0 auto;\n}\n\nli {\n    border-bottom:1.5px solid #000;\n  padding:12px 0px;\n    margin:0 auto;\ntext-align: center;\nwidth:75%;\n}\n\n.small{\nfont-size: .7em;\n}\n\n.button { \n    background-color: rgb(var(--color-base-accent-1)); \n}","custom_css_mobile":"ul {\npadding-inline-start: 0px;\n}"}},"7c665375-c3e8-404a-8b46-88bf7f52865e":{"type":"custom-liquid","settings":{"anchor_id":"breezeoptin","custom_liquid":"<div class=\"klaviyo-form-TZAMvD\" data-name=\"Breeze Through Menopause - Free\"><\/div>","color_scheme":"background-1","padding_top":0,"padding_bottom":80,"css_class":"","custom_css":"","custom_css_mobile":""}},"165065014014909f6a":{"type":"apps","blocks":{"d59b13cc-7d9b-49a4-8fd7-2349f46e7f12":{"type":"heading","settings":{"heading":"What my girlfriends are saying\\nabout Breeze Through Menopause","heading_size":"h1","heading_color":"color-scheme"}}},"block_order":["d59b13cc-7d9b-49a4-8fd7-2349f46e7f12"],"disabled":true,"settings":{"include_margins":true,"color_scheme":"background-1","padding_top":36,"padding_bottom":36,"css_class":"","custom_css":"h2 { margin-bottom: 0; }\n.okeReviews-reviewsCarousel-review-product { display: none; }\n.okeReviews-reviewsCarousel-heading { display: none; }","custom_css_mobile":""}}},"order":["main","1640097424c2f7eec2","1651243183dc8c517f","9904cbae-60e0-426a-a3d9-e067d2a0d55c","2f6e83d6-c5f1-431d-9b99-e2e873cea58f","3f4ee509-dc3e-4f95-9740-d3f98af3d412","15cf8d77-29a6-4770-b9f6-cff765d67d34","d03892e0-5daa-4af8-b52e-86251f95196f","166265011699cfe00e","e115ea58-b851-4f5f-ad97-5180b1fe7412","3509cb98-22e2-4ac0-9036-519a9df44eff","678f152e-2e68-4194-82d4-a56a014d014d","157f1dd0-aa41-4512-a6bb-97b3d13aa2d4","94478a64-ec38-461a-886a-f14ad6d76667","c8657a41-00a9-4cb1-9612-93d89ea990b6","0ec10be4-68cf-4e69-9af8-bf864519c41a","c8650ce2-14f9-423b-947c-4078860b6a98","136de414-3ab2-47ff-a698-b952257dc28e","7c665375-c3e8-404a-8b46-88bf7f52865e","165065014014909f6a"]}