{"layout":"theme-offer-page","sections":{"main":{"type":"main-page","disabled":true,"settings":{"display_title":true,"color_scheme":"background-1","padding_top":28,"padding_bottom":28,"css_class":"","custom_css":"","custom_css_mobile":""}},"16462238058b508f23":{"type":"header-offer-page","blocks":{"2d234c6a-ad15-4b01-b895-79b7c0f04cdf":{"type":"custom_colors","settings":{"colors_solid_button_labels":"","colors_accent_1":"#63316e","gradient_accent_1":"","colors_accent_2":"#ff8f19","gradient_accent_2":"","colors_accent_3":"rgba(0,0,0,0)","colors_accent_4":"","colors_text":"","colors_outline_button_labels":"","colors_background_1":"","gradient_background_1":"","colors_background_2":"rgba(0,0,0,0)","gradient_background_2":""}}},"block_order":["2d234c6a-ad15-4b01-b895-79b7c0f04cdf"],"settings":{"color_scheme":"background-1","display_logo":true,"enable_logo_link":false,"logo_color":"gold","show_line_separator":false,"enable_sticky_header":true,"margin_bottom":0,"css_class":"","custom_css":"@font-face {\n  font-family: 'Larsseit';\n  src: url(https:\/\/d2saw6je89goi1.cloudfront.net\/uploads\/digital_asset\/file\/962385\/Type_Dynamic_-_Larsseit_Regular.otf);\n  font-weight: normal;\n  font-style: normal;\n}\n@font-face {\n  font-family: 'Larsseit-Bold';\n  src: url(https:\/\/d2saw6je89goi1.cloudfront.net\/uploads\/digital_asset\/file\/962384\/Type_Dynamic_-_Larsseit_Bold.otf) format('truetype');\n  font-weight: var(--font-body-weight-bold);\n  font-style: normal;\n}\n@font-face {\n  font-family: 'Larsseit-Thin';\n  src: url(https:\/\/d2saw6je89goi1.cloudfront.net\/uploads\/digital_asset\/file\/962386\/Type_Dynamic_-_Larsseit_Thin.otf) format('truetype');\n  font-weight: lighter;\n  font-style: normal;\n}\n\n@font-face {\n  font-family: 'Larsseit-Light';\n  src: url(https:\/\/d2saw6je89goi1.cloudfront.net\/uploads\/digital_asset\/file\/965155\/Larsseit-Light.ttf) format('truetype');\n  font-weight: lighter;\n  font-style: normal;\n}\n\nbody {\n  font-family: 'Larsseit-Light', serif !important;\n}","custom_css_mobile":""}},"1661533829840875ea":{"type":"multicolumn","blocks":{"1661533828f4870bf8-0":{"type":"column","settings":{"image":"shopify:\/\/shop_images\/SC2D16---HROS.jpg","title":"","heading_color":"color-scheme","text":"<p>Hormonal Review of Symptoms Checklist<\/p>","link_label":"DOWNLOAD","link":"https:\/\/d2saw6je89goi1.cloudfront.net\/uploads\/digital_asset\/file\/703974\/GFDr._HormonalReview_Fillable_FINAL.pdf","button_color":"accent-2","css_class":""}},"1661533828f4870bf8-2":{"type":"column","settings":{"image":"shopify:\/\/shop_images\/dailytracker2.jpg","title":"","heading_color":"color-scheme","text":"<p>&lt;p&gt;Daily Tracker&lt;\/p&gt;<\/p><p>&lt;p&gt;&lt;\/p&gt;<\/p><p><\/p>","link_label":"DOWNLOAD","link":"https:\/\/cdn.shopify.com\/s\/files\/1\/0524\/5661\/files\/GFDr._DailyTracker_Fillable-FINAL.pdf","button_color":"accent-2","css_class":""}},"1661533828f4870bf8-1":{"type":"column","settings":{"image":"shopify:\/\/shop_images\/ultalabtests.jpg","title":"","heading_color":"color-scheme","text":"<p>&lt;p&gt;Key Marker Panel&lt;\/p&gt;<\/p><p>&lt;p&gt;&lt;\/p&gt;<\/p>","link_label":"Save up to 83%","link":"https:\/\/www.ultalabtests.com\/drannacabeca","button_color":"accent-2","css_class":""}}},"block_order":["1661533828f4870bf8-0","1661533828f4870bf8-2","1661533828f4870bf8-1"],"settings":{"anchor_id":"","title":"Keto-Green™ 16 Resources","text":"<p>Assessments and Tests<\/p>","heading_size":"h1","heading_color":"accent-4","text_size":"p","column_heading_size":"h3","column_text_size":"p","image_width":"full","image_ratio":"adapt","columns_desktop":3,"column_alignment":"center","column_link_type":"button","background_style":"none","button_label":"","button_link":"","button_color":"color-scheme","color_scheme":"background-1","columns_mobile":"1","swipe_on_mobile":false,"padding_top":36,"padding_bottom":36,"css_class":"","custom_css":"","custom_css_mobile":""}},"16615345127fba12e2":{"type":"multicolumn","blocks":{"16615345124a5736b2-0":{"type":"column","settings":{"image":"shopify:\/\/shop_images\/recipe-ebook.png","title":"","heading_color":"color-scheme","text":"<p><\/p>","link_label":"DOWNLOAD","link":"https:\/\/d2saw6je89goi1.cloudfront.net\/uploads\/digital_asset\/file\/662854\/Keto-Green_Recipe_E-Book.pdf","button_color":"accent-2","css_class":""}},"16615345124a5736b2-1":{"type":"column","settings":{"image":"shopify:\/\/shop_images\/Keto-Women-Over-40-cover.png","title":"","heading_color":"color-scheme","text":"<p><\/p>","link_label":"DOWNLOAD","link":"https:\/\/cdn.shopify.com\/s\/files\/1\/0524\/5661\/files\/Making_Keto_Work_for_Women_Over_40.pdf","button_color":"accent-2","css_class":""}},"16615345124a5736b2-2":{"type":"column","settings":{"image":"shopify:\/\/shop_images\/ketocalc.png","title":"","heading_color":"color-scheme","text":"<p><\/p>","link_label":"TAKE THE QUIZ","link":"https:\/\/drannacabeca.com\/pages\/keto-macro-calculator","button_color":"accent-2","css_class":""}},"ca77d656-5cdb-460e-b2a2-0e2fced21605":{"type":"column","settings":{"image":"shopify:\/\/shop_images\/nutritionfacts.png","title":"","heading_color":"color-scheme","text":"<p><\/p>","link_label":"DOWNLOAD","link":"https:\/\/d2saw6je89goi1.cloudfront.net\/uploads\/digital_asset\/file\/704566\/Keto_Green_16_Recipes_Nutrition_Facts_Support_FINAL.pdf","button_color":"accent-2","css_class":""}}},"block_order":["16615345124a5736b2-0","16615345124a5736b2-1","16615345124a5736b2-2","ca77d656-5cdb-460e-b2a2-0e2fced21605"],"settings":{"anchor_id":"","title":"Tools","text":"<p><\/p>","heading_size":"h1","heading_color":"accent-4","text_size":"p","column_heading_size":"h3","column_text_size":"p","image_width":"full","image_ratio":"square","columns_desktop":4,"column_alignment":"center","column_link_type":"button","background_style":"none","button_label":"","button_link":"","button_color":"color-scheme","color_scheme":"background-1","columns_mobile":"1","swipe_on_mobile":false,"padding_top":36,"padding_bottom":36,"css_class":"","custom_css":"","custom_css_mobile":""}},"1661451533aefb46af":{"type":"multicolumn","blocks":{"9b24fb08-230b-4ddd-94b3-0a1cba1f6553":{"type":"column_with_video","settings":{"cover_image":"shopify:\/\/shop_images\/GarlicLimeMeatballs.png","video_url_metafield":"","video_url":"https:\/\/vimeo.com\/412891049","description":"","title":"Garlic Lime Meatballs with Kimchi Fried Cauli-Rice","heading_color":"foreground","text":"<p><\/p>","link_label":"","link":"","button_color":"color-scheme","css_class":""}},"6e4bf56e-1e63-4972-8f80-10194831df37":{"type":"column_with_video","settings":{"cover_image":"shopify:\/\/shop_images\/Golden_Chicken_Thai_Salad.png","video_url_metafield":"","video_url":"https:\/\/vimeo.com\/412891831","description":"","title":"Golden Chicken Thai Salad","heading_color":"color-scheme","text":"<p><\/p>","link_label":"","link":"","button_color":"color-scheme","css_class":""}},"2aa5df12-cd03-4aa0-b796-24a9cf1b98b6":{"type":"column_with_video","settings":{"cover_image":"shopify:\/\/shop_images\/Mighty_Maca.png","video_url_metafield":"","video_url":"https:\/\/vimeo.com\/412892795","description":"","title":"Mighty Maca","heading_color":"color-scheme","text":"<p><\/p>","link_label":"","link":"","button_color":"color-scheme","css_class":""}},"498d60eb-301b-4d62-835a-b985afd1c4a0":{"type":"column_with_video","settings":{"cover_image":"shopify:\/\/shop_images\/MangoCoconutSorbert.png","video_url_metafield":"","video_url":"https:\/\/vimeo.com\/653747901","description":"","title":"Mango Coconut Sorbet","heading_color":"color-scheme","text":"<p><\/p>","link_label":"","link":"","button_color":"color-scheme","css_class":""}},"4eb58df7-bf07-4482-a83b-53f4a2178a13":{"type":"column_with_video","settings":{"cover_image":"shopify:\/\/shop_images\/Sheet_Pan_Herby_Chicken_with_Cruciferous_Veggies.png","video_url_metafield":"","video_url":"https:\/\/vimeo.com\/412893927","description":"","title":"Sheet Pan Herby Chicken with Cruciferous Veggies","heading_color":"color-scheme","text":"","link_label":"","link":"","button_color":"color-scheme","css_class":""}},"6628e946-9c71-40a0-8b6f-d957b5a0249e":{"type":"column_with_video","settings":{"cover_image":"shopify:\/\/shop_images\/NotYourMamasCabbageSoup.png","video_url_metafield":"","video_url":"https:\/\/vimeo.com\/412893443","description":"","title":"Not Your Mama's Cabbage Soup","heading_color":"color-scheme","text":"<p><\/p>","link_label":"","link":"","button_color":"color-scheme","css_class":""}},"a2a02754-9e05-4553-a5d2-30364d88073a":{"type":"column_with_video","settings":{"cover_image":"shopify:\/\/shop_images\/Screen_Shot_2022-10-17_at_12.47.07_PM.png","video_url_metafield":"","video_url":"https:\/\/vimeo.com\/412894112","description":"","title":"Smoked Salmon and Avocado Salad","heading_color":"color-scheme","text":"<p><\/p>","link_label":"","link":"","button_color":"color-scheme","css_class":""}}},"block_order":["9b24fb08-230b-4ddd-94b3-0a1cba1f6553","6e4bf56e-1e63-4972-8f80-10194831df37","2aa5df12-cd03-4aa0-b796-24a9cf1b98b6","498d60eb-301b-4d62-835a-b985afd1c4a0","4eb58df7-bf07-4482-a83b-53f4a2178a13","6628e946-9c71-40a0-8b6f-d957b5a0249e","a2a02754-9e05-4553-a5d2-30364d88073a"],"settings":{"anchor_id":"","title":"Cooking Videos","text":"","heading_size":"h2","heading_color":"accent-1","text_size":"p","column_heading_size":"h4","column_text_size":"p","image_width":"full","image_ratio":"adapt","columns_desktop":2,"column_alignment":"center","column_link_type":"button","background_style":"none","button_label":"","button_link":"","button_color":"color-scheme","color_scheme":"background-1","columns_mobile":"1","swipe_on_mobile":false,"padding_top":36,"padding_bottom":36,"css_class":"","custom_css":"","custom_css_mobile":""}},"16615348537615b432":{"type":"multicolumn","blocks":{"62bfb4bb-9f24-4020-bc29-7e574a32c57b":{"type":"product_bundle","settings":{"image":"shopify:\/\/shop_images\/TGFD_KGQuickStartKit_V1.webp","title":"Keto-Green® 16 Quick Start Kit","variants":"keto-green-16-quick-start-kit,BUND-KG-QSK","offer_name":"","price_features":"total","banner":"","text":"","guarantee_length":"60","offer_inventory_policy":"deny","show_inventory":false,"inventory_label":"","coupon_discounts":"","layout":"recommended\ntitle\nimage\nprice\nsnippets\ninventory\nbuy_buttons\npayment_types","css_class":""}},"e77f4ad4-45d1-4ecb-b8ec-bc2770856524":{"type":"product_bundle","settings":{"image":"shopify:\/\/shop_images\/TGFD_MightyMacaCanister_1Pk_1024x1024_fc862e15-b06a-43f4-8e4e-5bf2d08c2a50.webp","title":"Mighty Maca® Plus","variants":"mighty-maca,MACA-CAN,1","offer_name":"","price_features":"total","banner":"","text":"","guarantee_length":"60","offer_inventory_policy":"continue","show_inventory":false,"inventory_label":"","coupon_discounts":"","layout":"recommended\ntitle\nimage\nprice\nsnippets\ninventory\nbuy_buttons\npayment_types","css_class":""}},"5156de70-a047-4ae8-8a3d-48b41b2abd7d":{"type":"product_bundle","settings":{"image":"shopify:\/\/shop_images\/TGFD_KG40Shake_Front.webp","title":"Keto-Green® Shake 40 Servings","variants":"keto-green-shake-40-servings,KG-SHAKE-40","offer_name":"","price_features":"total","banner":"","text":"<p><\/p>","guarantee_length":"60","offer_inventory_policy":"deny","show_inventory":false,"inventory_label":"","coupon_discounts":"","layout":"recommended\ntitle\nimage\nprice\nsnippets\ninventory\nbuy_buttons\npayment_types","css_class":""}},"a1ae534c-1fe6-4c5c-a36e-e809ce23aa5b":{"type":"product_bundle","settings":{"title":"Julva®","variants":"julva,JULVA-TUBE","offer_name":"","price_features":"total","banner":"","text":"","guarantee_length":"60","offer_inventory_policy":"deny","show_inventory":false,"inventory_label":"","coupon_discounts":"","layout":"recommended\ntitle\nimage\nprice\nsnippets\ninventory\nbuy_buttons\npayment_types","css_class":""}},"f8ac0ee7-1ae9-44e4-beb5-9682fd67ea71":{"type":"product_bundle","settings":{"title":"Balance","variants":"pura-balance-ppr-cream,PURA-PPR-V2","offer_name":"","price_features":"total","banner":"","text":"","guarantee_length":"60","offer_inventory_policy":"deny","show_inventory":false,"inventory_label":"","coupon_discounts":"","layout":"recommended\ntitle\nimage\nprice\nsnippets\ninventory\nbuy_buttons\npayment_types","css_class":""}},"50d7c428-aa2d-44aa-8424-3762d68914ee":{"type":"product_bundle","settings":{"image":"shopify:\/\/shop_images\/Keto-pHTestStrips_1024x1024_FRONT_MEDIUM_79c48ad2-49fb-415b-971b-26ee67a45564.webp","title":"Keto-pH™ Urine Test Strips","variants":"dr-anna-cabeca-keto-alkaline-weight-loss-solution-urinalysis-test-strips,KPH-URINE","offer_name":"","price_features":"total","banner":"","text":"<p><\/p>","guarantee_length":"60","offer_inventory_policy":"deny","show_inventory":false,"inventory_label":"","coupon_discounts":"","layout":"recommended\ntitle\nimage\nprice\nsnippets\ninventory\nbuy_buttons\npayment_types","css_class":""}},"ace4e8d5-5ddc-470d-9c25-f6761bbb06a9":{"type":"product_bundle","settings":{"image":"shopify:\/\/shop_images\/RayofStrength_1024x1024_FRONT_MEDIUM_a08ef542-b7dd-421c-93d6-95328e1bdfff.webp","title":"Ray of Strength","variants":"pura-d3k2,PURA-D3K2","offer_name":"","price_features":"total","banner":"","text":"<p><\/p>","guarantee_length":"60","offer_inventory_policy":"deny","show_inventory":false,"inventory_label":"","coupon_discounts":"","layout":"recommended\ntitle\nimage\nprice\nsnippets\ninventory\nbuy_buttons\npayment_types","css_class":""}},"dadbaff7-896c-442e-9513-8997430e328c":{"type":"product_bundle","settings":{"image":"shopify:\/\/shop_images\/Zenful_1024x1024_FRONT_MEDIUM_ccf2a74b-5036-4dad-be9f-b2bc8b1b99c1.webp","title":"Zenful","variants":"vida-optimal-balance,VIDA-BALANCE","offer_name":"","price_features":"total","banner":"","text":"<p><\/p>","guarantee_length":"60","offer_inventory_policy":"deny","show_inventory":false,"inventory_label":"","coupon_discounts":"","layout":"recommended\ntitle\nimage\nprice\nsnippets\ninventory\nbuy_buttons\npayment_types","css_class":""}},"e53eceb0-cb72-4db8-b305-ea5129973f6f":{"type":"product_bundle","settings":{"image":"shopify:\/\/shop_images\/Keto-GreenEnzymes_1024x1024_FRONT_MEDIUM_3dc80fb2-72d0-4f3b-a31c-59e55852cdc7.webp","title":"Keto-Green® Enzymes","variants":"keto-green-enzymes,KG-ENZYMES","offer_name":"","price_features":"total","banner":"","text":"<p><\/p>","guarantee_length":"60","offer_inventory_policy":"deny","show_inventory":false,"inventory_label":"","coupon_discounts":"","layout":"recommended\ntitle\nimage\nprice\nsnippets\ninventory\nbuy_buttons\npayment_types","css_class":""}},"7a01a3e7-b60a-45fb-a9e2-ee758cc77409":{"type":"product_bundle","settings":{"image":"shopify:\/\/shop_images\/GutThrive_1024x1024_FRONT_MEDIUM_9989966f-cc15-4f6f-9eb1-adabb1dbf5aa.webp","title":"Gut Thrive","variants":"pura-probiomax-daily,PURA-PROBIO","offer_name":"","price_features":"total","banner":"","text":"<p><\/p>","guarantee_length":"60","offer_inventory_policy":"deny","show_inventory":false,"inventory_label":"","coupon_discounts":"","layout":"recommended\ntitle\nimage\nprice\nsnippets\ninventory\nbuy_buttons\npayment_types","css_class":""}},"4b0cf4a9-e180-48ce-bfc1-952ffeff79d7":{"type":"product_bundle","settings":{"image":"shopify:\/\/shop_images\/OmegaGoodness_1024x1024_FRONT_MEDIUM_85b8a6f4-f8ce-4587-ba57-82ffa248c95b.webp","title":"Omega Goodness","variants":"pura-omega-extreme,PURA-OMEGA","offer_name":"","price_features":"total","banner":"","text":"<p><\/p>","guarantee_length":"60","offer_inventory_policy":"deny","show_inventory":false,"inventory_label":"","coupon_discounts":"","layout":"recommended\ntitle\nimage\nprice\nsnippets\ninventory\nbuy_buttons\npayment_types","css_class":""}}},"block_order":["62bfb4bb-9f24-4020-bc29-7e574a32c57b","e77f4ad4-45d1-4ecb-b8ec-bc2770856524","5156de70-a047-4ae8-8a3d-48b41b2abd7d","a1ae534c-1fe6-4c5c-a36e-e809ce23aa5b","f8ac0ee7-1ae9-44e4-beb5-9682fd67ea71","50d7c428-aa2d-44aa-8424-3762d68914ee","ace4e8d5-5ddc-470d-9c25-f6761bbb06a9","dadbaff7-896c-442e-9513-8997430e328c","e53eceb0-cb72-4db8-b305-ea5129973f6f","7a01a3e7-b60a-45fb-a9e2-ee758cc77409","4b0cf4a9-e180-48ce-bfc1-952ffeff79d7"],"settings":{"anchor_id":"","title":"Products to Accelerate Your Health","text":"","heading_size":"h1","heading_color":"accent-1","text_size":"p","column_heading_size":"h3","column_text_size":"p","image_width":"full","image_ratio":"adapt","columns_desktop":3,"column_alignment":"center","column_link_type":"button","background_style":"none","button_label":"","button_link":"","button_color":"accent-4","color_scheme":"background-1","columns_mobile":"1","swipe_on_mobile":false,"padding_top":36,"padding_bottom":36,"css_class":"","custom_css":"","custom_css_mobile":""}}},"order":["main","16462238058b508f23","1661533829840875ea","16615345127fba12e2","1661451533aefb46af","16615348537615b432"]}