{
  "sections": {
    "main": {
      "type": "main-page",
      "settings": {
        "display_title": true,
        "color_scheme": "background-1",
        "padding_top": 36,
        "padding_bottom": 0,
        "css_class": "",
        "custom_css": ""
      }
    },
    "16499479188915ea9c": {
      "type": "custom-liquid",
      "settings": {
        "custom_liquid": "{% render 'social-icons' %}",
        "color_scheme": "background-1",
        "padding_top": 0,
        "padding_bottom": 52,
        "css_class": "",
        "custom_css": "svg { color: rgb(var(--color-base-accent-3)); }"
      }
    },
    "form": {
      "type": "contact-form",
      "settings": {
        "heading": "",
        "heading_size": "h1",
        "color_scheme": "background-2",
        "padding_top": 36,
        "padding_bottom": 36
      }
    },
    "164994724607d36103": {
      "type": "video",
      "settings": {
        "heading": "You Can Ask Me Anything",
        "heading_size": "h1",
        "cover_image": "shopify:\/\/shop_images\/ask-me-anything-thumbnail.jpg",
        "video_url_metafield": "",
        "video_url": "https:\/\/www.youtube.com\/watch?v=VG57g-iDr6k",
        "description": "",
        "full_width": false,
        "color_scheme": "background-1",
        "padding_top": 36,
        "padding_bottom": 36
      }
    }
  },
  "order": [
    "main",
    "16499479188915ea9c",
    "form",
    "164994724607d36103"
  ]
}