{
  "sections": {
    "main": {
      "type": "main-page",
      "disabled": true,
      "settings": {
        "display_title": false,
        "color_scheme": "background-1",
        "padding_top": 28,
        "padding_bottom": 28,
        "css_class": "center",
        "custom_css": "",
        "custom_css_mobile": ""
      }
    },
    "16458011004aaa609d": {
      "type": "rich-text",
      "blocks": {
        "16458011000d532d59-0": {
          "type": "heading",
          "settings": {
            "heading": "Your ebook is on it’s way",
            "heading_size": "h1",
            "heading_alignment": "center",
            "heading_color": "foreground",
            "css_class": "",
            "heading_divider": false
          }
        },
        "16458011000d532d59-1": {
          "type": "text",
          "settings": {
            "text": "<p><strong>Check your email in the next few minutes!<\/strong><\/p>",
            "text_alignment": "center",
            "text_size": "h4",
            "css_class": ""
          }
        }
      },
      "block_order": [
        "16458011000d532d59-0",
        "16458011000d532d59-1"
      ],
      "settings": {
        "anchor_id": "",
        "color_scheme": "background-1",
        "full_width": true,
        "padding_top": 40,
        "padding_bottom": 20,
        "css_class": "",
        "custom_css": "strong{color:#9f2b68;font-size:40px;}",
        "custom_css_mobile": ""
      }
    },
    "1663082416842d7182": {
      "type": "multicolumn",
      "blocks": {
        "16630824169ca180ab-0": {
          "type": "column",
          "settings": {
            "image": "shopify:\/\/shop_images\/arousal_Ipad_e949d4cc-3667-402e-a61f-3b4487764c7b.png",
            "title": "",
            "heading_color": "color-scheme",
            "text": "",
            "link_label": "",
            "link": "",
            "button_color": "color-scheme",
            "css_class": ""
          }
        },
        "48bf156f-bfad-4a65-ac9b-1a036b135528": {
          "type": "column",
          "settings": {
            "title": "In this ebook you'll discover...",
            "heading_color": "color-scheme",
            "text": "<ul><li>The difference between male and female orgasms<\/li><li>How to have an orgasm<\/li><li>3 barriers to physical intimacy that stop couples from connecting<\/li><\/ul>",
            "link_label": "DOWNLOAD YOUR EBOOK",
            "link": "https:\/\/cdn.shopify.com\/s\/files\/1\/0524\/5661\/files\/Arousal_Secrets_eBook.pdf",
            "button_color": "color-scheme",
            "css_class": "rte"
          }
        }
      },
      "block_order": [
        "16630824169ca180ab-0",
        "48bf156f-bfad-4a65-ac9b-1a036b135528"
      ],
      "settings": {
        "anchor_id": "",
        "title": "",
        "text": "",
        "heading_size": "h1",
        "heading_color": "color-scheme",
        "text_size": "p",
        "column_heading_size": "h3",
        "column_text_size": "p",
        "image_width": "full",
        "image_ratio": "adapt",
        "columns_desktop": 2,
        "column_alignment": "left",
        "column_link_type": "button",
        "background_style": "none",
        "button_label": "",
        "button_link": "",
        "button_color": "color-scheme",
        "color_scheme": "background-1",
        "columns_mobile": "1",
        "swipe_on_mobile": false,
        "padding_top": 36,
        "padding_bottom": 24,
        "css_class": "",
        "custom_css": "h3{color:black;padding-bottom:20px}\n\n.rte ul {\n  list-style-type: none; padding-inline-start: 0px;\nmargin-bottom: 40px;\n}\n\n.rte ul li:before {\n  content: '';\n  display: inline-block;\n  height: 20px;\n  width: 20px;\n   background-size: 20px;\n  background-image: url(\"https:\/\/cdn.shopify.com\/s\/files\/1\/0524\/5661\/files\/TGFD_WebsiteDesign_AffiliatePage-check_copy.png?v=1674161792\");\n  background-repeat: no-repeat;\n  margin-right: 8px;\n}\n.rte a.button{\ncolor: #ffffff; text-decoration: none;}",
        "custom_css_mobile": ""
      }
    }
  },
  "order": [
    "main",
    "16458011004aaa609d",
    "1663082416842d7182"
  ]
}
