{
  "sections": {
    "main": {
      "type": "main-page",
      "disabled": true,
      "settings": {
        "display_title": false,
        "color_scheme": "background-1",
        "padding_top": 28,
        "padding_bottom": 28,
        "css_class": "center",
        "custom_css": "",
        "custom_css_mobile": ""
      }
    },
    "16458011004aaa609d": {
      "type": "rich-text",
      "blocks": {
        "16458011000d532d59-1": {
          "type": "text",
          "settings": {
            "text": "<p>Find out why your body is falling apart in...<\/p>",
            "text_alignment": "center",
            "text_size": "h4",
            "css_class": ""
          }
        },
        "16458011000d532d59-0": {
          "type": "heading",
          "settings": {
            "heading": "\"What's Happening to My Hormones?\"",
            "heading_size": "h1",
            "heading_alignment": "center",
            "heading_color": "accent-2",
            "css_class": "",
            "heading_divider": false
          }
        }
      },
      "block_order": [
        "16458011000d532d59-1",
        "16458011000d532d59-0"
      ],
      "settings": {
        "anchor_id": "",
        "color_scheme": "background-2",
        "full_width": true,
        "padding_top": 40,
        "padding_bottom": 20,
        "css_class": "",
        "custom_css": "",
        "custom_css_mobile": ""
      }
    },
    "1663082416842d7182": {
      "type": "multicolumn",
      "blocks": {
        "16630824169ca180ab-0": {
          "type": "column",
          "settings": {
            "image": "shopify:\/\/shop_images\/What_s-Happening-to-My-Hormones_ebook4.png",
            "title": "",
            "heading_color": "color-scheme",
            "text": "",
            "link_label": "",
            "link": "",
            "button_color": "color-scheme",
            "css_class": ""
          }
        },
        "16630824169ca180ab-1": {
          "type": "column",
          "settings": {
            "title": "This eye-opening ebook reveals...",
            "heading_color": "color-scheme",
            "text": "<p>&lt;ul&gt;<\/p><p>&lt;li&gt;The 4 hormones that decide your fate as you get older&lt;\/li&gt;<\/p><p>&lt;li&gt;​​Why you don't have to accept your yucky symptoms as \"the new normal\"​&lt;\/li&gt;<\/p><p>&lt;li&gt;4 steps you can take to get slimmer, saner, and sexier... at any age!​&lt;\/li&gt;<\/p><p>&lt;\/ul&gt;<br\/><\/p>",
            "link_label": "GET THE EBOOK",
            "link": "#optin",
            "button_color": "accent-2",
            "css_class": ""
          }
        }
      },
      "block_order": [
        "16630824169ca180ab-0",
        "16630824169ca180ab-1"
      ],
      "settings": {
        "anchor_id": "",
        "title": "",
        "text": "",
        "heading_size": "h1",
        "heading_color": "color-scheme",
        "text_size": "p",
        "column_heading_size": "h3",
        "column_text_size": "p",
        "image_width": "full",
        "image_ratio": "adapt",
        "columns_desktop": 2,
        "column_alignment": "left",
        "column_link_type": "button",
        "background_style": "none",
        "button_label": "",
        "button_link": "",
        "button_color": "color-scheme",
        "color_scheme": "background-1",
        "columns_mobile": "1",
        "swipe_on_mobile": false,
        "padding_top": 36,
        "padding_bottom": 24,
        "css_class": "",
        "custom_css": "h3 {padding-bottom:10px;}\nul li {padding: 5px 0px;}\n.button {margin-top:-50px}",
        "custom_css_mobile": ""
      }
    },
    "1663082219e9089dab": {
      "type": "image",
      "settings": {
        "image": "shopify:\/\/shop_images\/TGFD_Logolist-desktop.png",
        "mobile_image": "shopify:\/\/shop_images\/TGFD_Logolist-02-1.png",
        "max_width": 0,
        "color_scheme": "background-1",
        "link": "",
        "padding_top": 16,
        "padding_bottom": 16,
        "css_class": "",
        "custom_css": "",
        "custom_css_mobile": ""
      }
    },
    "1663082932a0fe1958": {
      "type": "rich-text",
      "blocks": {
        "1663082931d8fb9d7a-0": {
          "type": "heading",
          "settings": {
            "heading": "From childbirth through puberty and into adulthood — we ride the ebb and flow of our hormonal shifts.",
            "heading_size": "h2",
            "heading_alignment": "center",
            "heading_color": "accent-2",
            "css_class": "",
            "heading_divider": false
          }
        },
        "1663082931d8fb9d7a-1": {
          "type": "text",
          "settings": {
            "text": "<p>Sometimes perfect, sometimes chaotic until...  <\/p><p>One day strange symptoms start to creep into your life. <\/p><p>Maybe at first you noticed <strong>the scale moving <\/strong>(in the wrong direction!) and your old tricks for losing weight didn't work anymore. <\/p><p>Maybe it was <strong>your mood <\/strong>that went down the drain and you<strong> started flipping out <\/strong>over things that didn't used to bother you. <\/p><p>Or maybe you noticed some weird things \"down there\" like <strong>vaginal dryness, weakening pelvic floor muscles, accidental leaks <\/strong>with that cough or sneeze, or <strong>decreased arousal<\/strong>. <\/p><p>Over time these occasional, strange symptoms became the \"new normal\" and your friends and or doctor may have even told you that... <\/p><p><em>\"You just have to live with it\" because \"you're getting older now.\"<\/em><\/p>",
            "text_alignment": "left",
            "text_size": "h5",
            "css_class": ""
          }
        },
        "9c56eb2f-b56f-4f0e-8f05-a3f43c4cc807": {
          "type": "heading",
          "settings": {
            "heading": "\"I'm here to tell you that you don't have to let haywire hormones control your life any longer!\"",
            "heading_size": "h2",
            "heading_alignment": "center",
            "heading_color": "accent-2",
            "css_class": "",
            "heading_divider": false
          }
        }
      },
      "block_order": [
        "1663082931d8fb9d7a-0",
        "1663082931d8fb9d7a-1",
        "9c56eb2f-b56f-4f0e-8f05-a3f43c4cc807"
      ],
      "settings": {
        "anchor_id": "",
        "color_scheme": "background-1",
        "full_width": true,
        "padding_top": 40,
        "padding_bottom": 52,
        "css_class": "",
        "custom_css": "",
        "custom_css_mobile": ""
      }
    },
    "1663086107cddf6114": {
      "type": "multicolumn",
      "blocks": {
        "16630861067ba927bd-0": {
          "type": "column",
          "settings": {
            "image": "shopify:\/\/shop_images\/MenuPause_LP_Quiz-Opt-In-Page-Dr.Anna.jpg",
            "title": "",
            "heading_color": "color-scheme",
            "text": "",
            "link_label": "",
            "link": "",
            "button_color": "color-scheme",
            "css_class": ""
          }
        },
        "16630861067ba927bd-1": {
          "type": "column",
          "settings": {
            "title": "",
            "heading_color": "color-scheme",
            "text": "<p>&lt;p&gt;Hello my name is Dr. Anna Cabeca and over the past <strong>20 years <\/strong>I've served <strong>10,000+ women <\/strong>in my private practice and <strong>millions more online <\/strong>through my videos and articles. &lt;\/p&gt;<\/p><p><\/p><p>&lt;p&gt;I want to share some of my best secrets with you and so I've prepared a special report called <strong>What's Happening With My Hormones? <\/strong> &lt;\/p&gt;<\/p><p><\/p><p>&lt;p&gt;After reading it you'll have a better understanding of this confusing time and some solid steps you can take to start <strong>feeling better fast<\/strong>!  &lt;\/p&gt;<\/p>",
            "link_label": "",
            "link": "",
            "button_color": "color-scheme",
            "css_class": ""
          }
        }
      },
      "block_order": [
        "16630861067ba927bd-0",
        "16630861067ba927bd-1"
      ],
      "settings": {
        "anchor_id": "",
        "title": "",
        "text": "",
        "heading_size": "h1",
        "heading_color": "color-scheme",
        "text_size": "p",
        "column_heading_size": "h3",
        "column_text_size": "p",
        "image_width": "full",
        "image_ratio": "adapt",
        "columns_desktop": 2,
        "column_alignment": "left",
        "column_link_type": "button",
        "background_style": "none",
        "button_label": "",
        "button_link": "",
        "button_color": "color-scheme",
        "color_scheme": "background-1",
        "columns_mobile": "1",
        "swipe_on_mobile": false,
        "padding_top": 36,
        "padding_bottom": 36,
        "css_class": "aboutsec",
        "custom_css": "p {line-height: 2em; padding-top:25px; font-size:27px;}",
        "custom_css_mobile": ""
      }
    },
    "66073676-7729-45f0-a3d0-d27c28973659": {
      "type": "custom-liquid",
      "settings": {
        "anchor_id": "optin",
        "custom_liquid": "<h3 align=\"center\">Where Should We Send Your eBook?<\/h3>\n\n<div class=\"klaviyo-form-Tj7iyi\" data-name=\"Whats Happening to My Hormones eBook Opt-in\"><\/div>",
        "color_scheme": "background-1",
        "padding_top": 0,
        "padding_bottom": 52,
        "css_class": "",
        "custom_css": "",
        "custom_css_mobile": ""
      }
    }
  },
  "order": [
    "main",
    "16458011004aaa609d",
    "1663082416842d7182",
    "1663082219e9089dab",
    "1663082932a0fe1958",
    "1663086107cddf6114",
    "66073676-7729-45f0-a3d0-d27c28973659"
  ]
}
