{"sections":{"main":{"type":"main-page","disabled":true,"settings":{"display_title":true,"color_scheme":"background-1","padding_top":28,"padding_bottom":28,"css_class":"center","custom_css":"","custom_css_mobile":""}},"dfe18e5b-b390-48fa-a687-2154cc4df7d1":{"type":"video-with-text","blocks":{"107e3299-7364-419f-bdd1-bc316ee79608":{"type":"heading","settings":{"heading":"Welcome, Girlfriend!","heading_size":"h2"}},"b2f658a5-6320-4faa-b6c3-942cd70a77f7":{"type":"text","settings":{"text":"<p>Whether you’re before, during, or after menopause, I’ve developed practical tools to empower you to begin living your best life right now. Let me show you how.<\/p><p><\/p><p><strong>Step 1: <\/strong>Take this Hormone Quiz<\/p>","text_style":"body","text_size":"p"}},"62534f6e-bdef-4869-bf62-5cfeb4928394":{"type":"button","settings":{"button_label":"Take The Quiz","button_link":"https:\/\/drannacabeca.com\/pages\/hormone-toxicity-questionnaire","button_color":"accent-1"}}},"block_order":["107e3299-7364-419f-bdd1-bc316ee79608","b2f658a5-6320-4faa-b6c3-942cd70a77f7","62534f6e-bdef-4869-bf62-5cfeb4928394"],"settings":{"anchor_id":"","cover_image":"shopify:\/\/shop_images\/GetstartedVideo-02.jpg","video_url_metafield":"","video_url":"https:\/\/www.youtube.com\/watch?v=OSBZ7V6SzM8","description":"Watch this welcome message from Dr. Anna","desktop_image_width":"medium","layout":"text_first","desktop_content_position":"middle","desktop_content_alignment":"left","color_scheme":"background-2","padding_top":0,"padding_bottom":24,"css_class":"","custom_css":"\/*.gradient { background-image: url(\"https:\/\/cdn.shopify.com\/s\/files\/1\/0524\/5661\/files\/TGFD_WebsiteDesign_LR_SiteRevisions_getstarted-06.jpg?v=1674846189\");\nbackground-size: 100%;\nbackground-attachment: scroll; \n }*\/\n\n.gradient .gradient { background: none; }\n\n.deferred-media__poster-button { background-color: rgb(256,256,256); color: rgb(0,0,0); }","custom_css_mobile":"\/*.gradient { background-image: url(\"https:\/\/cdn.shopify.com\/s\/files\/1\/0524\/5661\/files\/TGFD_WebsiteDesign_LR_SiteRevisions_getstarted-07.jpg?v=1671712662\");background-size: auto 100%;\npadding-bottom: 1em;\n}*\/\n.grid { flex-direction: column-reverse; }\n  .video-with-text__media-item {\npadding-top: 2.5rem;}"}},"dc040bf9-8dbe-4fd8-a401-26a1484b6604":{"type":"multicolumn","blocks":{"template--14245623726135__dc040bf9-8dbe-4fd8-a401-26a1484b6604-167336835059b42226-0":{"type":"column","settings":{"title":"What are your symptoms?","heading_color":"color-scheme","text":"<ul><li><a href=\"\/pages\/vaginal-dryness\" title=\"Menopause Vaginal Dryness\">Vaginal Dryness <\/a><\/li><li><a href=\"\/pages\/hot-flashes-and-chills\" title=\"Menopause Hot Flashes and Chills\">Hot Flashes & Night Sweats <\/a><\/li><li><a href=\"\/pages\/incontinence\" title=\"Menopause Incontinence\">Urinary Incontinence<\/a><\/li><li><a href=\"\/pages\/fatigue-and-weight-gain\" title=\"Menopause Fatigue\">Fatique & Weight Gain<\/a><\/li><li><a href=\"\/pages\/low-libido\" title=\"Menopause Low Libido\">Painful Sex & Low Libido<\/a><\/li><li><a href=\"\/pages\/hair-loss\" title=\"Menopause Hair Loss\">Hair Loss<\/a><\/li><li><a href=\"\/collections\/all\" title=\"All Products\">Shop All<\/a><\/li><\/ul>","link_label":"","link":"","button_color":"color-scheme","css_class":"one col"}},"158fc6d6-1d01-4258-bb06-7172316b8a9c":{"type":"column_with_bkgd_img","settings":{"background_image":"shopify:\/\/shop_images\/TGFD_WebsiteDesign_LR_SiteRevisions2-02.jpg","title":"","heading_color":"color-scheme","text":"","link_label":"","link":"","css_class":"two col"}},"template--14245623726135__dc040bf9-8dbe-4fd8-a401-26a1484b6604-167336835059b42226-1":{"type":"column","settings":{"title":"Don’t know where to start?","heading_color":"color-scheme","text":"<p>Take the quiz to find out how healthy and happy your hormones are.<\/p>","link_label":"Get Started","link":"shopify:\/\/pages\/hormone-toxicity-questionnaire","button_color":"accent-1","css_class":"three col"}}},"block_order":["template--14245623726135__dc040bf9-8dbe-4fd8-a401-26a1484b6604-167336835059b42226-0","158fc6d6-1d01-4258-bb06-7172316b8a9c","template--14245623726135__dc040bf9-8dbe-4fd8-a401-26a1484b6604-167336835059b42226-1"],"settings":{"anchor_id":"","title":"","text":"","heading_size":"h1","heading_color":"color-scheme","text_size":"p","column_heading_size":"h3","column_text_size":"p","image_width":"full","image_ratio":"adapt","columns_desktop":3,"column_alignment":"left","column_link_type":"button","background_style":"none","button_label":"","button_link":"","button_color":"color-scheme","color_scheme":"accent-1","columns_mobile":"1","swipe_on_mobile":false,"padding_top":0,"padding_bottom":0,"css_class":"","custom_css":".grid__item:nth-child(3) { background-color: #d5a7c1; \n--color-heading-a: 0,0,0; \n--color-foreground: 0,0,0; \n}\n.grid__item:nth-child(3) p { color: black; }\n.multicolumn-list__item { margin-bottom: 0; padding: 4em 3% 6em;}\n.grid { column-gap: 0; }\n.page-width { max-width: initial; padding: 0; }\n\n.background-none .grid--2-col-tablet .multicolumn-list__item { max-width: initial; }\n\n.one { width: 45%; }\n.two { width: 30%; }\n.three { width: 25%; }\n\n.col ul { width: 100%; position: relative; list-style-type: none; padding-left: 0; margin-top: 1em;}\n.col li { border-bottom: 1px solid #ffffff66; padding-top: .5em; }\n.one a { width:calc(100% - 1em); font-weight: normal; display: inline-block; color: white; padding: .1em 0 .2em; text-decoration: none; }\n.one a:hover { font-weight: var(--font-body-weight-bold); }\n.one a:after { position: absolute; right: 0; content: '&gt;'; }\n\n.three .multicolumn-card { height: 100%; }\n.button { position: absolute; bottom: -2em; right: 0; font-size: .9em;}","custom_css_mobile":".col { width: 100%; min-height: 14em;}\n.multicolumn-list:not(.slider) { padding: 0; }\n.grid { row-gap: 0; }.button { font-size: 1em; }"}},"37751fb3-154f-49ba-91d2-1c5af4b2d98a":{"type":"rich-text","blocks":{"template--14234270924855__37751fb3-154f-49ba-91d2-1c5af4b2d98a-1673985952d6abcdc1-2":{"type":"button","settings":{"button_label":"Help Me Get Started","button_link":"shopify:\/\/pages\/hormone-toxicity-questionnaire","button_style_secondary":false,"button_alignment":"center","button_color":"accent-1","css_class":""}}},"block_order":["template--14234270924855__37751fb3-154f-49ba-91d2-1c5af4b2d98a-1673985952d6abcdc1-2"],"disabled":true,"settings":{"anchor_id":"","color_scheme":"background-1","full_width":true,"padding_top":0,"padding_bottom":0,"css_class":"","custom_css":"{ position: relative; top: -4em; }\n\n.color-background-1 { background: transparent; }","custom_css_mobile":""}},"16458011004aaa609d":{"type":"rich-text","blocks":{"16458011000d532d59-0":{"type":"heading","settings":{"heading":"Let's Get Started","heading_size":"h1","heading_alignment":"center","heading_color":"color-scheme","css_class":"","heading_divider":false}},"16458011000d532d59-1":{"type":"text","settings":{"text":"<p>If you landed here, you may be looking for answers on how to get started with <em>The Girlfriend Doctor<\/em>.<\/p><p>I’m Dr. Anna Cabeca, my story begins as an OB-GYN, that paired with a tragic loss lead me through a personal healing journey over the past decade traveling the globe looking for medical and natural solutions so that we can all thrive and heal—beautifully, powerfully, and vibrantly.<\/p><p>My <strong>Four Pillars of Well-Being<\/strong> are designed to help you live the highest and best version of your life. Dive in below to learn more, now it's time for you to get started.<\/p>","text_alignment":"center","text_size":"p","css_class":""}}},"block_order":["16458011000d532d59-0","16458011000d532d59-1"],"disabled":true,"settings":{"anchor_id":"","color_scheme":"background-1","full_width":true,"padding_top":40,"padding_bottom":20,"css_class":"","custom_css":"","custom_css_mobile":""}},"1645801154c7434621":{"type":"image","disabled":true,"settings":{"image":"shopify:\/\/shop_images\/TGFD_GetStartedPage_LifestylePillarImages.png","max_width":0,"color_scheme":"background-1","link":"","padding_top":0,"padding_bottom":36,"css_class":"","custom_css":"","custom_css_mobile":""}},"164580171728dbf3c4":{"type":"image-with-text","blocks":{"164580171688272c67-0":{"type":"heading","settings":{"heading":"Nourish","heading_size":"h2","heading_color":"color-scheme","css_class":""}},"164580171688272c67-1":{"type":"text","settings":{"text":"<p><strong>Are you feeling tired and depleted?<br\/>Do you lack focus and need clarity?<br\/>Do you want more control over your weight and wellness?<\/strong><\/p><p>Let’s start building a solid foundation for your WHOLE health. My signature superfoods, shakes, enzymes, and supplements will replenish and fortify you. Everything in my NOURISH product line is specifically designed to help you free yourself from whatever is holding you back. Are you ready to thrive?<\/p>","text_style":"body","css_class":""}},"164580171688272c67-2":{"type":"button","settings":{"button_label":"Get Energized","button_link":"shopify:\/\/collections\/nutrition","button_color":"accent-4","css_class":""}}},"block_order":["164580171688272c67-0","164580171688272c67-1","164580171688272c67-2"],"disabled":true,"settings":{"anchor_id":"","image":"shopify:\/\/shop_images\/TGFD_GetStarted_PillarImages-nourish.jpg","height":"adapt","desktop_image_width":"medium","layout":"text_first","desktop_content_position":"middle","desktop_content_alignment":"left","content_layout":"no-overlap","color_scheme":"background-1","mobile_content_alignment":"left","padding_top":36,"padding_bottom":72,"css_class":"dac-full-width dac-padding-side-none","custom_css":"h2 { --color-heading-a: rgb(var(--color-foreground )) }","custom_css_mobile":""}},"1645801743cd23b3ea":{"type":"image-with-text","blocks":{"164580174382d48bad-0":{"type":"heading","settings":{"heading":"Embrace","heading_size":"h1","heading_color":"color-scheme","css_class":""}},"164580174382d48bad-1":{"type":"text","settings":{"text":"<p><strong>Are you fully enjoying your sex life?<br\/>Do you feel eager and ready for intimacy?<br\/>Do you want to be more supple and delicious than ever before?<\/strong><\/p><p>Let’s start reviving the engines of your sexual health and pleasure. Intimacy is more than physical closeness – your hormones need balance for you to truly enjoy yourself and your partner. My EMBRACE line of products will help you feel beautiful, desirable and completely lovable – you embraceable you.<\/p>","text_style":"body","css_class":""}},"164580174382d48bad-2":{"type":"button","settings":{"button_label":"I'm Ready","button_link":"shopify:\/\/collections\/intimacy-1","button_color":"accent-1","css_class":""}}},"block_order":["164580174382d48bad-0","164580174382d48bad-1","164580174382d48bad-2"],"disabled":true,"settings":{"anchor_id":"","image":"shopify:\/\/shop_images\/TGFD_GetStarted_PillarImages-embrace.jpg","height":"adapt","desktop_image_width":"medium","layout":"image_first","desktop_content_position":"middle","desktop_content_alignment":"left","content_layout":"no-overlap","color_scheme":"background-1","mobile_content_alignment":"left","padding_top":72,"padding_bottom":72,"css_class":"dac-full-width dac-padding-side-none","custom_css":"h2 { --color-heading-a: rgb(var(--color-foreground )) }","custom_css_mobile":""}},"1645801911c58c25af":{"type":"image-with-text","blocks":{"16458019117767d260-0":{"type":"heading","settings":{"heading":"Shine","heading_size":"h1","heading_color":"color-scheme","css_class":""}},"16458019117767d260-1":{"type":"text","settings":{"text":"<p><strong>Have your hair, skin and nails lost their luster?<br\/>Are you exhausted every morning?<br\/>Do you feel your inner sparkle starting to dim?<\/strong><\/p><p>Let’s start by admitting the things you took for granted in younger years – bouncy hair, twinkling eyes, falling into bed for eight hours of sleep – are suddenly out of reach. Girlfriend, I get it. I created my SHINE products to help you glow, inside and out. You’re a beautiful beam of energy. It’s time to shine.<\/p>","text_style":"body","css_class":""}},"16458019117767d260-2":{"type":"button","settings":{"button_label":"Let's Glow","button_link":"shopify:\/\/collections\/revive","button_color":"accent-3","css_class":""}}},"block_order":["16458019117767d260-0","16458019117767d260-1","16458019117767d260-2"],"disabled":true,"settings":{"anchor_id":"","image":"shopify:\/\/shop_images\/TGFD_GetStarted_PillarImages-shine.jpg","height":"adapt","desktop_image_width":"medium","layout":"text_first","desktop_content_position":"middle","desktop_content_alignment":"left","content_layout":"no-overlap","color_scheme":"background-1","mobile_content_alignment":"left","padding_top":72,"padding_bottom":72,"css_class":"dac-full-width dac-padding-side-none","custom_css":"h2 { --color-heading-a: rgb(var(--color-foreground )) }","custom_css_mobile":""}},"16458019178cbdd2ac":{"type":"image-with-text","blocks":{"1645801917b7c17da3-0":{"type":"heading","settings":{"heading":"Awaken","heading_size":"h1","heading_color":"color-scheme","css_class":""}},"1645801917b7c17da3-1":{"type":"text","settings":{"text":"<p><strong>Do you have more questions than answers about menopause?<br\/>Are you in the dark about hormones and sexual health?<br\/>Is your immunity system crying out for support?<\/strong><\/p><p>Let’s start waking up! Years of treating thousands of women, hearing their stories and struggles, helped me find the answers you need about your physical, emotional and sexual health. My AWAKEN courses and books will help you live a happier, more vibrant life. We’re all in this together. Join us.<\/p>","text_style":"body","css_class":""}},"1645801917b7c17da3-2":{"type":"button","settings":{"button_label":"Let's Do This","button_link":"shopify:\/\/collections\/mood-energy","button_color":"accent-2","css_class":""}}},"block_order":["1645801917b7c17da3-0","1645801917b7c17da3-1","1645801917b7c17da3-2"],"disabled":true,"settings":{"anchor_id":"","image":"shopify:\/\/shop_images\/TGFD_GetStarted_PillarImages-awaken.jpg","height":"adapt","desktop_image_width":"medium","layout":"image_first","desktop_content_position":"middle","desktop_content_alignment":"left","content_layout":"no-overlap","color_scheme":"background-1","mobile_content_alignment":"left","padding_top":72,"padding_bottom":36,"css_class":"dac-full-width dac-padding-side-none","custom_css":"h2 { --color-heading-a: rgb(var(--color-foreground )) }","custom_css_mobile":""}},"6dafaa87-51bd-463e-ba05-b1e20a0e97d2":{"type":"multicolumn","blocks":{"3755ec26-711d-4beb-87ad-185d46d93e2f":{"type":"column_with_bkgd_img","settings":{"background_image":"shopify:\/\/shop_images\/TGFD_WebsiteDesign_LR_SiteRevisions2-11.jpg","title":"Menopause Is Mandatory,\\nSuffering Is Optional!","heading_color":"color-scheme","text":"<p>Reclaim control of your body, lose weight, and recover your love life in this FREE masterclass.<\/p>","link_label":"Watch Free Masterclass","link":"shopify:\/\/pages\/breeze-through-menopause","css_class":""}},"bce14795-5911-4352-a86f-e57aacd263d4":{"type":"column_with_bkgd_img","settings":{"background_image":"shopify:\/\/shop_images\/TGFD_WebsiteDesign_LR_SiteRevisions2-12.jpg","title":"How Healthy Is Your Vajayjay?","heading_color":"color-scheme","text":"<p>Get The ‘Skinny’ On Your Female Pelvic and Sexual Health<\/p>","link_label":"Take the Eve Quiz","link":"shopify:\/\/pages\/eve-quiz","css_class":""}}},"block_order":["3755ec26-711d-4beb-87ad-185d46d93e2f","bce14795-5911-4352-a86f-e57aacd263d4"],"settings":{"anchor_id":"","title":"","text":"","heading_size":"h1","heading_color":"color-scheme","text_size":"p","column_heading_size":"h3","column_text_size":"p","image_width":"full","image_ratio":"adapt","columns_desktop":2,"column_alignment":"left","column_link_type":"button","background_style":"none","button_label":"","button_link":"","button_color":"color-scheme","color_scheme":"background-2","columns_mobile":"1","swipe_on_mobile":false,"padding_top":60,"padding_bottom":48,"css_class":"","custom_css":"h3 {  \n\nbackground-image: linear-gradient(0deg, rgba(0,0,0,0) 4%, rgba(var(--color-base-accent-1)) 4%, \nrgba(var(--color-base-accent-1)) 80%,\nrgba(0,0,0,0) 80%);\n\ndisplay: inline; color: white; }\nli { padding: 6em 2em 8em; position: relative; }\n.multicolumn-card { position: static; }\np { color: white; }\n.button { position: absolute; bottom: 5em;}","custom_css_mobile":".grid { row-gap: 1em; }\n.button { max-width: 80%;}"}},"164459672896cc4fe4":{"type":"multicolumn","blocks":{"16445967277cc3c23a-0":{"type":"column","settings":{"image":"shopify:\/\/shop_images\/TGFD_HomePage_PillarsFeatureImages-nourish.jpg","title":"Nourish","heading_color":"foreground","text":"<p><strong>Are you feeling tired and depleted?<\/strong><\/p><p><strong>Do you lack focus and need clarity?<\/strong><\/p><p><strong>Do you want more control over your weight and wellness?<\/strong><\/p><p>Let’s start building a solid foundation for your WHOLE health. My signature superfoods, shakes, enzymes, and supplements will replenish and fortify you. Everything in my NOURISH product line is specifically designed to help you free yourself from whatever is holding you back. Are you ready to thrive?<\/p>","link_label":"I'm Ready","link":"shopify:\/\/collections\/nutrition","button_color":"accent-4","css_class":"dac-nourish-icon"}},"16445967277cc3c23a-1":{"type":"column","settings":{"image":"shopify:\/\/shop_images\/TGFD_HomePage_PillarsFeatureImages-embrace.jpg","title":"Embrace","heading_color":"color-scheme","text":"<p><strong>Are you fully enjoying your sex life?<\/strong><\/p><p><strong>Do you feel eager and ready for intimacy?<\/strong><\/p><p><strong>Do you want to be more supple and delicious than ever before?<\/strong><\/p><p>Let’s start reviving the engines of your sexual health and pleasure. Intimacy is more than physical closeness – your hormones need balance for you to truly enjoy yourself and your partner. My EMBRACE line of products will help you feel beautiful, desirable and completely lovable – you embraceable you.<\/p>","link_label":"Let's Do This","link":"shopify:\/\/collections\/intimacy-1","button_color":"accent-1","css_class":"dac-embrace-icon"}},"16445967277cc3c23a-2":{"type":"column","settings":{"image":"shopify:\/\/shop_images\/TGFD_HomePage_PillarsFeatureImages-shine.jpg","title":"Shine","heading_color":"color-scheme","text":"<p><strong>Have your hair, skin and nails lost their luster?<\/strong><\/p><p><strong>Are you exhausted every morning?<\/strong><\/p><p><strong>Do you feel your inner sparkle starting to dim?<\/strong><\/p><p>Let’s start by admitting the things you took for granted in younger years – bouncy hair, twinkling eyes, falling into bed for eight hours of sleep – are suddenly out of reach. Girlfriend, I get it. I created my SHINE products to help you glow, inside and out. You’re a beautiful beam of energy. It’s time to shine.<\/p>","link_label":"Let's Glow","link":"shopify:\/\/collections\/revive","button_color":"accent-3","css_class":"dac-shine-icon"}},"20c2a166-14e6-454a-97c6-2b3b46dfcbad":{"type":"column","settings":{"image":"shopify:\/\/shop_images\/TGFD_HomePage_PillarsFeatureImages-awaken.jpg","title":"Awaken","heading_color":"color-scheme","text":"<p><strong>Do you have more questions than answers about menopause?<\/strong><\/p><p><strong>Are you in the dark about hormones and sexual health?<\/strong><\/p><p><strong>Is your immunity system crying out for support?<\/strong><\/p><p>Let’s start waking up! Years of treating thousands of women, hearing their stories and struggles, helped me find the answers you need about your physical, emotional and sexual health. My AWAKEN courses and books will help you live a happier, more vibrant life. We’re all in this together. Join us.<\/p>","link_label":"I'm In","link":"shopify:\/\/collections\/mood-energy","button_color":"accent-2","css_class":"dac-awaken-icon"}}},"block_order":["16445967277cc3c23a-0","16445967277cc3c23a-1","16445967277cc3c23a-2","20c2a166-14e6-454a-97c6-2b3b46dfcbad"],"settings":{"anchor_id":"","title":"Four Pillars of Well-Being","text":"<p>My Four Pillars of Well-Being are designed to help you live the highest and best version of your life. Dive in below to learn more, now it’s time for you to get started.<\/p>","heading_size":"h1","heading_color":"color-scheme","text_size":"p","column_heading_size":"h3","column_text_size":"p","image_width":"full","image_ratio":"adapt","columns_desktop":2,"column_alignment":"left","column_link_type":"button","background_style":"none","button_label":"","button_link":"","button_color":"color-scheme","color_scheme":"background-1","columns_mobile":"1","swipe_on_mobile":false,"padding_top":60,"padding_bottom":16,"css_class":"dac-page-width-minus","custom_css":".background-none .multicolumn-card__image-wrapper { margin: 0; }\nh2 + .rte { text-align: center; max-width: 800px; margin: 0 auto;}.multicolumn-card__info { padding: 4rem calc(3rem \/ var(--font-body-scale)) 3rem; }\n.multicolumn-card__info p { margin: .5em 0 1em; }","custom_css_mobile":".button { margin: 1em 0 2em;    position: relative;\n    left: 50%; transform: translate(-50%); }\nli:last-child .button { margin-bottom: 1em; }\n.multicolumn-card__info { padding: 4rem calc(4rem \/ var(--font-body-scale)) 3rem; }\n\n.multicolumn-list:not(.slider) { padding: 0; }"}},"16445979972de79e36":{"type":"apps","settings":{"include_margins":false,"color_scheme":"background-1","padding_top":36,"padding_bottom":36,"css_class":"","custom_css":"","custom_css_mobile":""}},"1644598357a3cc54c4":{"type":"multicolumn","blocks":{"16445983578b466b8a-2":{"type":"column","settings":{"image":"shopify:\/\/shop_images\/TGFD_WebsiteDesign_LR_SiteRevisions2-13.jpg","title":"Podcast","heading_color":"color-scheme","text":"<p>Awaken to new ideas in my conversations with experts<\/p>","link_label":"Listen Now","link":"shopify:\/\/blogs\/show","button_color":"color-scheme","css_class":""}},"16445983578b466b8a-1":{"type":"column","settings":{"image":"shopify:\/\/shop_images\/TGFD_WebsiteDesign_LR_SiteRevisions2-14.jpg","title":"Blog","heading_color":"color-scheme","text":"<p>Get educated and get empowered<\/p>","link_label":"Read Now","link":"shopify:\/\/blogs\/keto-alkaline-diet","button_color":"color-scheme","css_class":""}},"16445983578b466b8a-0":{"type":"column","settings":{"image":"shopify:\/\/shop_images\/TGFD_WebsiteDesign_LR_SiteRevisions2-15.jpg","title":"Recipes","heading_color":"color-scheme","text":"<p>Nourish your health and hormones, deliciously<\/p>","link_label":"Get Cookin","link":"shopify:\/\/blogs\/recipes","button_color":"color-scheme","css_class":""}},"63bebc7b-7452-46c4-983e-65d5124846d2":{"type":"column","settings":{"image":"shopify:\/\/shop_images\/TGFD_WebsiteDesign_LR_SiteRevisions2-16.jpg","title":"Free Gifts","heading_color":"color-scheme","text":"<p>Explore quizzes, classes, and downloads<\/p>","link_label":"Get Your Gift","link":"shopify:\/\/pages\/girlfriend-gifts","button_color":"color-scheme","css_class":""}}},"block_order":["16445983578b466b8a-2","16445983578b466b8a-1","16445983578b466b8a-0","63bebc7b-7452-46c4-983e-65d5124846d2"],"settings":{"anchor_id":"","title":"You Need to Know","text":"","heading_size":"h0","heading_color":"color-scheme","text_size":"p","column_heading_size":"h3","column_text_size":"p","image_width":"full","image_ratio":"adapt","columns_desktop":4,"column_alignment":"left","column_link_type":"button","background_style":"none","button_label":"","button_link":"","button_color":"color-scheme","color_scheme":"background-1","columns_mobile":"1","swipe_on_mobile":false,"padding_top":36,"padding_bottom":36,"css_class":"dac-page-width-plus-plus dac-alt-font-h2 dac-border-top","custom_css":".background-none .multicolumn-card__image-wrapper { margin: 0; }\n.multicolumn-card__info { padding-top: 1em; }\n.button { font-size: .9em; }\n\nli { display: flex; flex-direction: column; }\nli &gt; div { flex-grow: 1; }\nli p { padding-bottom: 3em; }\n.button { position: absolute; bottom: 0; }","custom_css_mobile":"li p { padding-bottom: 5.5em; }\n.button { bottom: 3.5em; }"}},"09510c04-37f2-4b2d-9767-2a2d4024aff0":{"type":"multicolumn","blocks":{"62e085cd-0716-48ef-968d-1972d2303009":{"type":"list","settings":{"title":"What are your symptoms?","heading_color":"color-scheme","list_items":"<p><a href=\"#\" title=\"#\">Hormone Balance<\/a><\/p><p><a href=\"#\" title=\"#\">Weight Gain<\/a><\/p><p><a href=\"#\" title=\"#\">Vaginal Dryness <\/a><\/p><p><a href=\"#\" title=\"#\">Hot Flashes, Night Sweats <\/a><\/p><p><a href=\"#\" title=\"#\">Hair Loss & Dryness <\/a><\/p><p><a href=\"#\" title=\"#\">Painful Intercourse <\/a><\/p><p><a href=\"#\" title=\"#\">Urinary Incontinence<\/a><\/p><p><a href=\"#\" title=\"#\">Low Libido<\/a><\/p><p><a href=\"\/pages\/girl-talk\" title=\"Girl Talk\">Shop All<\/a><\/p>","list_style_type":"bullets","text_alignment":"left","text_size":"p","css_class":""}},"1e4d14a8-da85-41bd-968e-5fa83416fa88":{"type":"column_with_bkgd_img","settings":{"background_image":"shopify:\/\/shop_images\/TGFD_WebsiteDesign_LR_SiteRevisions2-02.jpg","title":"","heading_color":"color-scheme","text":"<p><\/p>","link_label":"","link":"","css_class":""}},"template--14234270695479__09510c04-37f2-4b2d-9767-2a2d4024aff0-166965877081f2d4a1-2":{"type":"column","disabled":true,"settings":{"image":"shopify:\/\/shop_images\/TGFD_WebsiteDesign_LR_SiteRevisions2-02.jpg","title":"","heading_color":"color-scheme","text":"<p><\/p>","link_label":"","link":"","button_color":"color-scheme","css_class":""}},"cf1d3a52-a8c4-43b5-9d2a-58297c199fee":{"type":"column","disabled":true,"settings":{"title":"Column","heading_color":"color-scheme","text":"<p>Pair text with an image to focus on your chosen product, collection, or blog post. Add details on availability, style, or even provide a review.<\/p>","link_label":"","link":"","button_color":"color-scheme","css_class":""}}},"block_order":["62e085cd-0716-48ef-968d-1972d2303009","1e4d14a8-da85-41bd-968e-5fa83416fa88","template--14234270695479__09510c04-37f2-4b2d-9767-2a2d4024aff0-166965877081f2d4a1-2","cf1d3a52-a8c4-43b5-9d2a-58297c199fee"],"disabled":true,"settings":{"anchor_id":"","title":"","text":"","heading_size":"h1","heading_color":"color-scheme","text_size":"p","column_heading_size":"h3","column_text_size":"p","image_width":"full","image_ratio":"adapt","columns_desktop":2,"column_alignment":"left","column_link_type":"button","background_style":"none","button_label":"","button_link":"","button_color":"color-scheme","color_scheme":"accent-1","columns_mobile":"1","swipe_on_mobile":false,"padding_top":0,"padding_bottom":0,"css_class":"","custom_css":"li:first-of-type { padding: 1em 0; }\n.background-none .grid--2-col-tablet .multicolumn-list__item { margin-bottom: 0; }\n.page-width { margin-right: 0; padding-right: 0; }","custom_css_mobile":""}},"024b5afc-e7e5-41d3-a052-cd86c6a49dc6":{"type":"image-with-text","blocks":{"template--14234270695479__024b5afc-e7e5-41d3-a052-cd86c6a49dc6-166913368858cb4a1a-0":{"type":"heading","settings":{"heading":"What are your symptoms?","heading_size":"h2","heading_color":"color-scheme","css_class":""}},"4c49fa68-c8d9-4ab1-a293-0635718e2961":{"type":"list","settings":{"list_items":"<p><a href=\"\/pages\/girl-talk-my-vagina-is-so-dry-that-sex-is-painful\" title=\"Girl Talk - My vagina is so dry that sex is painful. How can I fix this?\">Vaginal Dryness <\/a><\/p><p><a href=\"\/pages\/girl-talk-my-nights-are-nothing-but-hot-flashes-and-sleeplessness\" title=\"Girl Talk - My nights are nothing but hot flashes and sleeplessness. What can I do?\">Hot Flashes & Night Sweats <\/a><\/p><p><a href=\"\/pages\/girl-talk-omg-i-m-losing-my-hair-help\" title=\"Girl Talk - OMG, I’m losing my hair. Help!\">Hair Loss & Dryness <\/a><\/p><p><a href=\"\/pages\/girl-talk-my-vagina-is-so-dry-that-sex-is-painful\" title=\"Girl Talk - My vagina is so dry that sex is painful. How can I fix this?\">Painful Intercourse <\/a><\/p><p><a href=\"\/pages\/girl-talk-what-can-i-do-about-a-leaky-bladder\" title=\"Girl Talk - What can I do about a leaky bladder?\">Urinary Incontinence<\/a><\/p><p><a href=\"\/pages\/girl-talk-i-just-don-t-want-to-have-sex-anymore\" title=\"Girl Talk - I just don’t want to have sex anymore. Why?\">Low Libido<\/a><\/p><p><a href=\"\/pages\/girl-talk\" title=\"Girl Talk\">Shop All<\/a><\/p>","list_style_type":"bullets","text_alignment":"left","css_class":""}}},"block_order":["template--14234270695479__024b5afc-e7e5-41d3-a052-cd86c6a49dc6-166913368858cb4a1a-0","4c49fa68-c8d9-4ab1-a293-0635718e2961"],"disabled":true,"settings":{"anchor_id":"","image":"shopify:\/\/shop_images\/TGFD_WebsiteDesign_LR_SiteRevisions2-02.jpg","height":"adapt","desktop_image_width":"medium","layout":"text_first","desktop_content_position":"top","desktop_content_alignment":"left","content_layout":"no-overlap","color_scheme":"accent-1","mobile_content_alignment":"left","padding_top":0,"padding_bottom":0,"css_class":"dac-full-width dac-padding-side-none","custom_css":".list { width: 100%; position: relative; }\n\nul { list-style-type: none;\n    padding-left: 0; margin-top: 1em; }\nli { border-bottom: 1px solid #ffffff66; }\nli a { width:calc(100% - 1em); font-weight: normal; display: inline-block; color: white; padding: .1em 0 .2em;}\n.list.rte a { text-decoration: none; }\n.list.rte a:hover { font-weight: var(--font-body-weight-bold); }\nli a:after { position: absolute; right: 0; content: '&gt;'; }","custom_css_mobile":".image-with-text__grid {flex-direction: column-reverse;}"}},"16445974992c90a50c":{"type":"image-with-text","blocks":{"1644597499f9c6d065-0":{"type":"heading","settings":{"heading":"Inspirational. Empowering. Bold. Fun.","heading_size":"h2","heading_color":"color-scheme","css_class":""}},"1644597499f9c6d065-1":{"type":"text","settings":{"text":"<p>Never miss an episode of The Girlfriend Doctor Show!<\/p><p>Every week, Dr Anna Cabeca and her guests share insights and information to help women of all ages truly thrive.<\/p>","text_style":"body","css_class":""}},"1644597499f9c6d065-2":{"type":"button","settings":{"button_label":"Listen Now","button_link":"shopify:\/\/pages\/show","button_color":"accent-2","css_class":""}}},"block_order":["1644597499f9c6d065-0","1644597499f9c6d065-1","1644597499f9c6d065-2"],"disabled":true,"settings":{"anchor_id":"","image":"shopify:\/\/shop_images\/Theshow_homepage-01.jpg","height":"adapt","desktop_image_width":"medium","layout":"text_first","desktop_content_position":"middle","desktop_content_alignment":"left","content_layout":"no-overlap","color_scheme":"background-1","mobile_content_alignment":"left","padding_top":60,"padding_bottom":0,"css_class":"dac-page-width-plus","custom_css":".image-with-text__content { padding-left: 0 }\n.media img { object-position: 10% center; }","custom_css_mobile":""}},"1645569853e930dbfb":{"type":"image","disabled":true,"settings":{"image":"shopify:\/\/shop_images\/HOMEPAGE-logos.png","mobile_image":"shopify:\/\/shop_images\/HOMEPAGE-moblie-logos-01.png","max_width":0,"color_scheme":"background-1","link":"","padding_top":36,"padding_bottom":36,"css_class":"dac-page-width-minus","custom_css":"","custom_css_mobile":""}},"70f0077a-79eb-46e4-9f71-28a8d569518d":{"type":"rich-text","blocks":{"template--14245623726135__70f0077a-79eb-46e4-9f71-28a8d569518d-1671225163f0d8c3ad-1":{"type":"text","settings":{"text":"<p><a href=\"\/pages\/giving-back\" title=\"Giving Back\">Giving Back<\/a>. Learn About The Foundations We Support.<\/p>","text_alignment":"center","text_size":"h4","css_class":""}}},"block_order":["template--14245623726135__70f0077a-79eb-46e4-9f71-28a8d569518d-1671225163f0d8c3ad-1"],"settings":{"anchor_id":"","color_scheme":"accent-2","full_width":true,"padding_top":24,"padding_bottom":24,"css_class":"","custom_css":"","custom_css_mobile":""}},"1658860361deb34c71":{"type":"image-banner","disabled":true,"settings":{"image":"shopify:\/\/shop_images\/TGFD_BirthdaySale10_Off_HomePageBanner_revised-04_e81683ee-a92d-4a03-9dac-bbd1d96fadf5.jpg","mobile_image":"shopify:\/\/shop_images\/TGFD_BirthdaySale10_Off_HomePageBanner_revised-05_e3ff417c-97e4-499e-bb22-2bd4184edd66.jpg","link":"shopify:\/\/pages\/giving-back","image_overlay_opacity":0,"image_height":"small","adapt_height_first_image":true,"desktop_content_position":"bottom-center","show_text_box":false,"desktop_content_alignment":"center","color_scheme":"background-1","mobile_content_alignment":"center","stack_images_on_mobile":false,"show_text_below":false,"css_class":"givingback","custom_css":".banner__media  {height: 50px !important;}\n\n@media only screen and (max-width: 600px) {\n.banner__media  {height: 10px !important;}\n}","custom_css_mobile":""}},"1644598184e3b65e19":{"type":"image-with-text","blocks":{"164459818430c31d33-0":{"type":"heading","settings":{"heading":"Girlfriend Gifts","heading_size":"h1","heading_color":"color-scheme","css_class":""}},"164459818430c31d33-1":{"type":"text","settings":{"text":"<p>FREE giveaways for all my girlfriends.<\/p>","text_style":"subtitle","css_class":""}},"164459818430c31d33-2":{"type":"button","settings":{"button_label":"I Want Gifts","button_link":"shopify:\/\/pages\/girlfriend-gifts","button_color":"color-scheme","css_class":""}}},"block_order":["164459818430c31d33-0","164459818430c31d33-1","164459818430c31d33-2"],"disabled":true,"settings":{"anchor_id":"","image":"shopify:\/\/shop_images\/TGFD_Girlfriendgiftsimage.jpg","height":"adapt","desktop_image_width":"medium","layout":"image_first","desktop_content_position":"middle","desktop_content_alignment":"center","content_layout":"no-overlap","color_scheme":"background-2","mobile_content_alignment":"center","padding_top":36,"padding_bottom":36,"css_class":"dac-page-width-minus","custom_css":".subtitle { margin-top: 0; color: rgb(var(--color-foreground)); }","custom_css_mobile":""}},"66e5a9f5-9ad0-469c-bedc-a4684db3ca84":{"type":"image","settings":{"image":"shopify:\/\/shop_images\/TGFD_WebsiteDesign_LR_SiteRevisions2-17a.jpg","mobile_image":"shopify:\/\/shop_images\/TGFD_WebsiteDesign_LR_SiteRevisions2-20a.jpg","max_width":0,"color_scheme":"background-1","link":"https:\/\/go.drannacabeca.com\/the-girlfriend-doctor-club","padding_top":0,"padding_bottom":36,"css_class":"dac-padding-side-none dac-full-width","custom_css":"","custom_css_mobile":""}},"16445989760e0f4526":{"type":"custom-liquid","settings":{"anchor_id":"","custom_liquid":"<div><h2 class=\"h0 title\">Let's Get Social<\/h2><div>\n{% render 'social-icons' %}<\/div><\/div>","color_scheme":"background-1","padding_top":24,"padding_bottom":24,"css_class":"dac-alt-font-h2 page-width dac-border-bottom","custom_css":".title {margin: 0;}.list-social__link { --color-foreground: var(--dac-color-awaken); }\n.list-social__item .icon {\n--dac-sm-size: 4rem;height: var(--dac-sm-size); width: var(--dac-sm-size); }","custom_css_mobile":".list-social__item .icon {\n--dac-sm-size: 3rem; }\n.list-social__link { padding: .75em; margin-top: 1em;}"}}},"order":["main","dfe18e5b-b390-48fa-a687-2154cc4df7d1","dc040bf9-8dbe-4fd8-a401-26a1484b6604","37751fb3-154f-49ba-91d2-1c5af4b2d98a","16458011004aaa609d","1645801154c7434621","164580171728dbf3c4","1645801743cd23b3ea","1645801911c58c25af","16458019178cbdd2ac","6dafaa87-51bd-463e-ba05-b1e20a0e97d2","164459672896cc4fe4","16445979972de79e36","1644598357a3cc54c4","09510c04-37f2-4b2d-9767-2a2d4024aff0","024b5afc-e7e5-41d3-a052-cd86c6a49dc6","16445974992c90a50c","1645569853e930dbfb","70f0077a-79eb-46e4-9f71-28a8d569518d","1658860361deb34c71","1644598184e3b65e19","66e5a9f5-9ad0-469c-bedc-a4684db3ca84","16445989760e0f4526"]}