{"layout":"theme-offer-page","sections":{"16462238058b508f23":{"type":"header-offer-page","blocks":{"2d234c6a-ad15-4b01-b895-79b7c0f04cdf":{"type":"custom_colors","settings":{"colors_solid_button_labels":"","colors_accent_1":"#9e2a67","gradient_accent_1":"","colors_accent_2":"#311546","gradient_accent_2":"","colors_accent_3":"#ba9134","colors_accent_4":"#1c989a","colors_text":"","colors_outline_button_labels":"","colors_background_1":"","gradient_background_1":"","colors_background_2":"rgba(0,0,0,0)","gradient_background_2":""}},"655b26cb-f02a-4aef-95bf-c7b9d4b1b1bd":{"type":"countdown_timer","disabled":true,"settings":{"title":"Ends In:","end_date_time":"Nov 24, 2021 23:59:59 GMT-0500","first_countdown":true,"color_scheme":"background-1","padding_top":40,"padding_bottom":52,"css_class":""}}},"block_order":["2d234c6a-ad15-4b01-b895-79b7c0f04cdf","655b26cb-f02a-4aef-95bf-c7b9d4b1b1bd"],"settings":{"color_scheme":"accent-2","display_logo":false,"enable_logo_link":false,"logo_color":"gold","show_line_separator":false,"enable_sticky_header":true,"margin_bottom":0,"css_class":"","custom_css":"","custom_css_mobile":""}},"main":{"type":"main-page","custom_css":[],"settings":{"display_title":false,"color_scheme":"accent-2","padding_top":40,"padding_bottom":0,"css_class":"center","custom_css":"","custom_css_mobile":""}},"165486030388620125":{"type":"video-with-text","blocks":{"0d1d891b-0366-4055-b2e6-a7464e5e8325":{"type":"image","settings":{"image":"shopify:\/\/shop_images\/magic-menopause_V2.1.png","max_width":0}},"ebb98d62-c291-4944-99c9-fb295733fda9":{"type":"button","settings":{"button_label":"Save Your Seat","button_link":"#buy","button_color":"accent-1"}}},"block_order":["0d1d891b-0366-4055-b2e6-a7464e5e8325","ebb98d62-c291-4944-99c9-fb295733fda9"],"custom_css":[".button {margin: 1em auto;}",".image__grid {width: 100%; margin-top: 0;}"],"settings":{"anchor_id":"","cover_image":"shopify:\/\/shop_images\/Screenshot_2023-03-17_055722.png","video_url_metafield":"","video_url":"https:\/\/player.vimeo.com\/video\/609788627?h=af3ce196e3","description":"","desktop_image_width":"medium","layout":"video_first","desktop_content_position":"middle","desktop_content_alignment":"left","color_scheme":"accent-2","padding_top":0,"padding_bottom":0,"css_class":"","custom_css":"","custom_css_mobile":""}},"16543413375e4fa8d4":{"type":"rich-text","blocks":{"0aec7fa5-6bd7-48aa-b6a7-786e6bf70e17":{"type":"image","settings":{"image":"shopify:\/\/shop_images\/from-the-desk-of.png","max_width":0,"css_class":""}},"e88fbe0b-90f1-4f27-9326-f1536ab28d87":{"type":"text","settings":{"text":"<p>Hi Girlfriend,<\/p><p>If you've had it \"up to here\" with menopause...<\/p><p>   The uncontrollable  <strong>bloating<\/strong>, <strong>swelling<\/strong>, and<strong> weight gain<\/strong>,<\/p><p>   The <strong>sleepless<\/strong>,<strong> sweaty nights<\/strong>,<\/p><p>   The annoying <strong>brain fog <\/strong>and <strong>bad moods<\/strong>,<\/p><p>And if you're ready to experience...<\/p><p>   <strong>More smiles <\/strong>and less frustration,<\/p><p>   <strong>More control <\/strong>and less cravings,<\/p><p>   <strong>More faith <\/strong>and less fear,<\/p><p>In short — if you're ready to enjoy life again...<\/p><p>Then I want you to know that <strong>I get where you're coming from <\/strong>because I've experienced the misery of menopause — not once —<em>but twice!<\/em><\/p><p>The first time was so excruciating that... <\/p>","text_alignment":"left","text_size":"h4","css_class":""}},"16543413373de05a04-0":{"type":"heading","settings":{"heading":"\"I Begged God To Take Away My Life\"","heading_size":"h2","heading_alignment":"center","heading_color":"accent-3","css_class":"","heading_divider":false}},"251daac9-1938-4f3a-86a9-a9518461b2d1":{"type":"text","settings":{"text":"<p>My nightmare began on a peaceful Sunday afternoon at home after church with family and friends.<\/p><p><strong>Nothing about the day indicated my life was moments away from changing forever.<\/strong><\/p><p>I went into the bathroom for a few minutes, and after I came out, I could not find my 18-month-old Garrett, who rarely left my side.<\/p><p>I panicked, looked everywhere, and then a horrifying thought hit me...<\/p><p><em>The swimming pool!<\/em><\/p>","text_alignment":"left","text_size":"h4","css_class":""}},"3aec3b81-25ba-46dc-83a1-8186642a15ba":{"type":"image","settings":{"image":"shopify:\/\/shop_images\/magic-toolat23e.jpg","max_width":0,"css_class":""}},"510a6c7f-033e-43be-89b9-f53b0e91703d":{"type":"text","settings":{"text":"<p>I dashed to the back of the house to the pool and there he was, my beautiful boy, face down in the water.<\/p><p>He was rushed to the hospital and they tried everything they could to bring him back, but it was too late.<\/p><p>As any mother would be, I carried around a deep, relentless grief.<\/p>","text_alignment":"left","text_size":"h4","css_class":""}},"795517ea-e034-424b-a5b9-a2f459fa5eff":{"type":"heading","settings":{"heading":"\"The Resulting PTSD Catapulted Me Into 'Premature Menopause' At Age 39\"","heading_size":"h2","heading_alignment":"center","heading_color":"accent-3","css_class":"","heading_divider":false}},"a951bdcb-20c7-4cdc-978f-be139084d24c":{"type":"text","settings":{"text":"<p>My breast milk dried up instantly.<\/p><p>Then other crippling symptoms appeared — like <strong>weight gain, hair loss, joint pain<\/strong>— and worst of all, <strong>infertility<\/strong>.<\/p><p>The <strong>brain fog <\/strong>and <strong>depression <\/strong>made it nearly impossible to handle the demands of being an on call, round-the-clock OBGYN.<\/p><p>So after handing my medical practice to a trusted colleague, I took a year off to go around the world on a healing journey with my husband and 3 daughters.<\/p>","text_alignment":"left","text_size":"h4","css_class":""}},"675f9df1-d568-4783-9dbc-1b6589de4af9":{"type":"image","settings":{"image":"shopify:\/\/shop_images\/magic-healing-journey2.jpg","max_width":0,"css_class":""}},"6eba4a2f-6833-400b-a936-49ba67f579e4":{"type":"text","settings":{"text":"<p>During my travels I sought out the wisest, most experienced healers on earth — from Amazonian shamans to cutting-edge medical specialists in Europe — and I learned how <strong>food and sleep and stress <\/strong>have a profound impact on our health. <\/p><p>During my year of travel, when I was active, eating healthy foods, and learning healthy ways to reduce stress...<\/p>","text_alignment":"left","text_size":"h4","css_class":""}},"7ca98151-6aba-4cb4-8ea9-99a259bed755":{"type":"text","settings":{"text":"","text_alignment":"left","text_size":"p","css_class":""}},"c10e4793-15dc-4d00-aad7-81affe0803ea":{"type":"heading","settings":{"heading":"\"I Lost The Weight, My Hair Grew Back, My Depression Lifted and I Wasn't in Menopause!\"","heading_size":"h2","heading_alignment":"center","heading_color":"accent-3","css_class":"","heading_divider":false}},"1fa202d1-9c18-46d0-8a08-adbf48420472":{"type":"text","settings":{"text":"<p>Plus I was able to conceive and give birth to my \"miracle baby\" Ava.<\/p><p>My life was completely changed by what I had discovered about women’s health, and I was on fire to share it with the women I was treating in my practice.<\/p><p>My patients saw great results when I started running them through the same protocols I'd used to heal myself...<\/p>","text_alignment":"left","text_size":"h4","css_class":""}},"0d2f49d1-bd9a-46cc-8aff-4ae6a837f93a":{"type":"list","settings":{"list_items":"","text_alignment":"left","text_size":"h4","css_class":""}},"4c2b06fc-64ef-4b0f-9cfe-eaf0c084ab40":{"type":"text","settings":{"text":"<ul><li>&lt;i class=\"fa fa-check fa-fw\"&gt;&lt;\/i&gt;Moods stabilized<\/li><li>​&lt;i class=\"fa fa-check fa-fw\"&gt;&lt;\/i&gt;Bloating decreased <\/li><li>&lt;i class=\"fa fa-check fa-fw\"&gt;&lt;\/i&gt;Sleep and energy improved​<\/li><li>&lt;i class=\"fa fa-check fa-fw\"&gt;&lt;\/i&gt;Mental health increased​<\/li><li>&lt;i class=\"fa fa-check fa-fw\"&gt;&lt;\/i&gt;Hot flashes all but disappeared​<\/li><li>&lt;i class=\"fa fa-check fa-fw\"&gt;&lt;\/i&gt;Sex lives flourished<\/li><li>&lt;i class=\"fa fa-check fa-fw\"&gt;&lt;\/i&gt;Focus returned<\/li><\/ul>","text_alignment":"left","text_size":"h4","css_class":""}},"23620aee-9833-4208-aa7b-5381adf47d44":{"type":"text","settings":{"text":"<p>Everything was smooth sailing for almost a decade and then...  <\/p>","text_alignment":"left","text_size":"h4","css_class":""}},"93adf46a-5191-46ab-aaf0-683ff7047cee":{"type":"heading","settings":{"heading":"\"I Found Myself Navigating The Rough Seas of Menopause For the Second Time At Age 48\"","heading_size":"h2","heading_alignment":"center","heading_color":"accent-3","css_class":"","heading_divider":false}},"0216d7b8-e0df-4f9c-9f01-f84d7f02bffc":{"type":"text","settings":{"text":"<p>The symptoms were subtle at first — <strong>brain fog, difficulty concentrating, and lack of motivation<\/strong>.<\/p><p>Eventually my clothes started feeling tight, so I stepped on the scale and sure enough, <strong>I had gained 10 pounds<\/strong>.<\/p><p>10 pounds quickly turned into <strong>20 pounds<\/strong>… and the scale kept going!<\/p>","text_alignment":"left","text_size":"h4","css_class":""}},"527d1387-f9f8-463f-bf7c-f3fc7eaf9efc":{"type":"image","settings":{"image":"shopify:\/\/shop_images\/magic-scal2e.jpg","max_width":0,"css_class":""}},"472d7a12-2049-43cb-ad4e-05c39966b2d9":{"type":"text","settings":{"text":"<p>I wasn't too worried because I always knew I could go on a ketogenic diet and that would force my body to burn fat for fuel. <\/p><p>(After all, I had done this countless times when I needed to quickly drop a dress size or two)<\/p><p><strong>But then I was surprised to realize that my usual weight loss tricks no longer worked once I entered menopause!<\/strong><\/p><p>So I went into “medical researcher” mode to figure out why — and that's when I discovered something that would change the face of women's health forever.<\/p>","text_alignment":"left","text_size":"h4","css_class":""}}},"block_order":["0aec7fa5-6bd7-48aa-b6a7-786e6bf70e17","e88fbe0b-90f1-4f27-9326-f1536ab28d87","16543413373de05a04-0","251daac9-1938-4f3a-86a9-a9518461b2d1","3aec3b81-25ba-46dc-83a1-8186642a15ba","510a6c7f-033e-43be-89b9-f53b0e91703d","795517ea-e034-424b-a5b9-a2f459fa5eff","a951bdcb-20c7-4cdc-978f-be139084d24c","675f9df1-d568-4783-9dbc-1b6589de4af9","6eba4a2f-6833-400b-a936-49ba67f579e4","7ca98151-6aba-4cb4-8ea9-99a259bed755","c10e4793-15dc-4d00-aad7-81affe0803ea","1fa202d1-9c18-46d0-8a08-adbf48420472","0d2f49d1-bd9a-46cc-8aff-4ae6a837f93a","4c2b06fc-64ef-4b0f-9cfe-eaf0c084ab40","23620aee-9833-4208-aa7b-5381adf47d44","93adf46a-5191-46ab-aaf0-683ff7047cee","0216d7b8-e0df-4f9c-9f01-f84d7f02bffc","527d1387-f9f8-463f-bf7c-f3fc7eaf9efc","472d7a12-2049-43cb-ad4e-05c39966b2d9"],"custom_css":[".rich-text__blocks {background-color: white; color: black; padding: 2em;}",".h4 {color: black;}",".image__media {background-color: white;}","h2 {border-top: 4px solid currentcolor; border-bottom: 4px solid currentcolor; padding: 1em;}","ul {list-style: none; position: relative; padding-left: 2em;}","i {position: absolute; left: 0.5em; color: rgb(var(--color-base-accent-4));}"],"settings":{"anchor_id":"","color_scheme":"accent-2","full_width":true,"padding_top":40,"padding_bottom":52,"css_class":"","custom_css":"","custom_css_mobile":".rich-text__blocks {\npadding: 1em; width: 85%; }"}},"f4ca077f-2455-443a-9924-a2c1951c33a5":{"type":"video","settings":{"heading":"The Secret To Losing Weight During Menopause","heading_size":"h1","heading_color":"color-scheme","cover_image":"shopify:\/\/shop_images\/Screenshot_2023-03-17_084432.png","video_url_metafield":"","video_url":"https:\/\/player.vimeo.com\/video\/459160601","description":"","transcript":"<p>Women over 40 have a harder time losing weight (and feeling great) because of the HUGE hormone shift that happens in the middle of life.<br\/><br\/>But I've figured out how to fix it with an improved version of Keto specifically designed just for women.<br\/><br\/>I call it Keto-Green.<br\/><br\/>The problem with the traditional keto diet is that it can actually upset your hormones.<br\/><br\/>All the high-fat foods that people regularly eat on Keto — bacon, butter, pork rinds, cheese, even protein bars and most shake mixes — increase your body’s acidity over time.<br\/><br\/>In the short term it can cause gastrointestinal discomfort, low energy, and moodiness— which makes going Keto unpleasant... and hard to sustain. <br\/><br\/>But in the long-term being too acidic can lead to:<br\/><br\/>Decreased bone health<br\/>Decreased lean muscle mass<br\/>Increased joint pain<br\/>Increased cardiovascular disease<br\/>And decreased enjoyment and desire for sex<br\/><br\/>We want to stay FAR AWAY from all of those things!<br\/><br\/>So this is why I've tweaked and tested the traditional Keto diet to perfectly fit the female hormone profile.<br\/><br\/>I call it Keto-Green and here's how it works...<br\/><br\/>First you get alkaline — that's the OPPOSITE of acidic — and it's the biochemical state that your body was made to live in.<br\/><br\/>But all the junk food, toxins, stress, food intolerances, medications, EMF, and even blue light exposure from screens can all push us into being ACIDIC.<br\/><br\/>And ACID accelerates aging, so...<br\/><br\/>I want to get you alkaline ASAP — and in Magic Menopause I do this by having you eat lots of leafy greens, vegetables, bone broths, healthy oils, nuts, and seeds.<br\/><br\/>You will actually know you're alkaline because I'm going to send you my urine test strips that turn GREEN the moment this happens.<br\/><br\/>Once you've shifted alkaline then I want to put you into ketosis — the magical metabolic state created when you deprive your body of carbs and force it to burn ketones for fuel.<br\/><br\/>Ketones are the byproduct of fat-burning and they show up in your urine ... which means we can test for them.<br\/><br\/>I'm all about TESTING not GUESSING, so on my plan you'll know FOR SURE if everything you're doing is working because... <br\/><br\/>Your urine test strips will show MAROON for ketones and GREEN for alkaline.<br\/><br\/>And you'll really know for sure because after a few days of living Keto-Green the scale should start moving pretty fast.<br\/><br\/>In fact, it can move as fast as a pound a day for some women!<br\/><br\/>Now, staying Keto-Green isn't just about what you eat — though that's a huge part of it.<br\/><br\/>I've found that I can be eating perfectly, but if I'm under lots of stress, or not getting enough sleep, that can actually make me show up as acidic on the urine test strips.<br\/><br\/>That's why my Magic Menopause program focuses on so much more than just food including stress, sleep, toxins, and many other ways your alkalinity can get disrupted.<br\/><br\/>And when you're living Keto-Green you'll see changes that go beyond the number on the scale.<br\/><br\/>You may experience chronic joint pain disappearing... <br\/><br\/>Extra energy that allows you to resume your favorite activities...<br\/><br\/>Brain fog clearing to reveal your sound, sharp mind of yesteryear...<br\/><br\/>Cravings being replaced with self-control...<br\/><br\/>Better sleep...<br\/><br\/>More self confidence...<br\/><br\/>Fewer hot flashes...<br\/><br\/>And your sleepy libido showing its beautiful face for the first time in a long time!<br\/><br\/>Your results may vary but... <br\/><br\/>These are all things we've heard from countless past participants so I wouldn't be surprised if they happen to you, too.<\/p>","full_width":false,"color_scheme":"accent-4","padding_top":80,"padding_bottom":36,"css_class":"","custom_css":"","custom_css_mobile":""}},"c2a450bc-4a44-4966-b45e-c078319be24a":{"type":"multicolumn","blocks":{"template--14366653710391__c2a450bc-4a44-4966-b45e-c078319be24a-16790609065448f6b5-0":{"type":"column","settings":{"image":"shopify:\/\/shop_images\/MagicMenopause-Cravings.jpg","title":"","heading_color":"color-scheme","text":"<p><strong>100%<\/strong> Had Less <em>Cravings<\/em><\/p>","link_label":"","link":"","button_color":"color-scheme","css_class":""}},"026f8a45-0c9d-4ba9-873e-59325e0aad36":{"type":"column","settings":{"image":"shopify:\/\/shop_images\/MagicMenopause-WeightLoss.jpg","title":"","heading_color":"color-scheme","text":"<p><strong>100%<\/strong> <em>Lost Weight<\/em> + Inches<\/p>","link_label":"","link":"","button_color":"color-scheme","css_class":""}},"40d31f8e-bf27-4169-8e49-dd6725ae75c1":{"type":"column","settings":{"image":"shopify:\/\/shop_images\/MagicMenopause-Energy.jpg","title":"","heading_color":"color-scheme","text":"<p><strong>95%<\/strong> Had Better <em>Energy<\/em><\/p>","link_label":"","link":"","button_color":"color-scheme","css_class":""}},"b16eb1f9-2bbb-45d3-82e2-6f913425247e":{"type":"column","settings":{"image":"shopify:\/\/shop_images\/MagicMenopause-Anxiety.jpg","title":"","heading_color":"color-scheme","text":"<p><strong>91%<\/strong> Had Less <em>Anxiety<\/em><\/p>","link_label":"","link":"","button_color":"color-scheme","css_class":""}},"c8367a82-c8c5-4398-8f57-174fbbb87209":{"type":"column","settings":{"image":"shopify:\/\/shop_images\/MagicMenopause-Menopausal.jpg","title":"","heading_color":"color-scheme","text":"<p><strong>89%<\/strong> Had Less <em>Menstrual Problems<\/em><\/p>","link_label":"","link":"","button_color":"color-scheme","css_class":""}},"7752eb75-f594-4486-89ba-dcc07f205271":{"type":"column","settings":{"image":"shopify:\/\/shop_images\/MagicMenopause-Mood.jpg","title":"","heading_color":"color-scheme","text":"<p><strong>89%<\/strong> Had Better <em>Mood<\/em><\/p>","link_label":"","link":"","button_color":"color-scheme","css_class":""}},"aa190b92-e533-447e-b842-80475097645d":{"type":"column","settings":{"image":"shopify:\/\/shop_images\/MagicMenopause-HotFlashes.jpg","title":"","heading_color":"color-scheme","text":"<p><strong>88%<\/strong> Had Improved <em>Hot<\/em> Flashes or <em>Night <\/em>Sweats<\/p>","link_label":"","link":"","button_color":"color-scheme","css_class":""}},"b0abfcb5-4b26-4fb6-86c8-3d1d23012c78":{"type":"column","settings":{"image":"shopify:\/\/shop_images\/MagicMenopause-Skin.jpg","title":"","heading_color":"color-scheme","text":"<p><strong>82%<\/strong> Had Improved <em>Skin<\/em> or Complexion<\/p>","link_label":"","link":"","button_color":"color-scheme","css_class":""}},"26454fea-e412-42fb-bd4b-b735d35707c8":{"type":"column","settings":{"image":"shopify:\/\/shop_images\/MagicMenopause-Focus.jpg","title":"","heading_color":"color-scheme","text":"<p><strong>81%<\/strong> Had Better <em>Focus<\/em><\/p>","link_label":"","link":"","button_color":"color-scheme","css_class":""}}},"block_order":["template--14366653710391__c2a450bc-4a44-4966-b45e-c078319be24a-16790609065448f6b5-0","026f8a45-0c9d-4ba9-873e-59325e0aad36","40d31f8e-bf27-4169-8e49-dd6725ae75c1","b16eb1f9-2bbb-45d3-82e2-6f913425247e","c8367a82-c8c5-4398-8f57-174fbbb87209","7752eb75-f594-4486-89ba-dcc07f205271","aa190b92-e533-447e-b842-80475097645d","b0abfcb5-4b26-4fb6-86c8-3d1d23012c78","26454fea-e412-42fb-bd4b-b735d35707c8"],"custom_css":["strong {display: block; line-height: 1; font-size: 5em; color: rgb(var(--color-base-accent-3)); margin-bottom: 0;}","em {font-family: \"Meritocracy-Regular\"; font-style: normal;}","h2 + .rte {font-size: 5em; font-family: \"Meritocracy-Regular\"; color: rgb(var(--color-base-accent-3));}",".multicolumn-card__info {padding-top: 0 !important;}",".slider-mobile-gutter {max-width: 1100px; margin: 0 auto;}","li p {margin-top: 0.5em;}"],"settings":{"anchor_id":"","title":"Over 1,000 Women Have Followed My 8-Week \"Magic Menopause\" Program for Keto-Green Living and Have Seen...","text":"<p>Astonishing Results!<\/p>","heading_size":"h2","heading_color":"color-scheme","text_size":"p","column_heading_size":"h3","column_text_size":"p","image_width":"full","image_ratio":"adapt","columns_desktop":3,"column_alignment":"center","column_link_type":"button","background_style":"none","button_label":"","button_link":"","button_color":"color-scheme","color_scheme":"accent-2","columns_mobile":"1","swipe_on_mobile":false,"padding_top":80,"padding_bottom":36,"css_class":"","custom_css":"","custom_css_mobile":"h2 + .rte {\n  font-size: 3em; }\nli p { font-size: 1.5em;  }\nstrong { font-size: 4em; }"}},"f286d129-24e8-4c74-8734-cf3ed07da069":{"type":"rich-text","blocks":{"template--14366653710391__f286d129-24e8-4c74-8734-cf3ed07da069-1679064125784eb24a-0":{"type":"heading","settings":{"heading":"\"Sounds great... let's do it!\"","heading_size":"h1","heading_alignment":"center","heading_color":"color-scheme","css_class":"","heading_divider":false}},"template--14366653710391__f286d129-24e8-4c74-8734-cf3ed07da069-1679064125784eb24a-2":{"type":"button","settings":{"button_label":"Join Magic Menopause","button_link":"#buy","button_style_secondary":false,"button_alignment":"center","button_color":"accent-4","css_class":""}}},"block_order":["template--14366653710391__f286d129-24e8-4c74-8734-cf3ed07da069-1679064125784eb24a-0","template--14366653710391__f286d129-24e8-4c74-8734-cf3ed07da069-1679064125784eb24a-2"],"settings":{"anchor_id":"","color_scheme":"accent-1","full_width":true,"padding_top":60,"padding_bottom":76,"css_class":"","custom_css":"","custom_css_mobile":""}},"0b51d628-5247-4111-866c-83f73ccb66b3":{"type":"multicolumn","blocks":{"template--14366653710391__0b51d628-5247-4111-866c-83f73ccb66b3-16790609065448f6b5-0":{"type":"column","settings":{"title":"","heading_color":"color-scheme","text":"<p>&lt;i class=\"fas fa-moon\"&gt;&lt;\/i&gt;<\/p><p>Waking rested because you slept all night long<\/p>","link_label":"","link":"","button_color":"color-scheme","css_class":""}},"template--14366653710391__0b51d628-5247-4111-866c-83f73ccb66b3-16790609065448f6b5-1":{"type":"column","settings":{"title":"","heading_color":"color-scheme","text":"<p>&lt;i class=\"fas fa-weight\"&gt;&lt;\/i&gt;<\/p><p>Loving the number you see on the scale<\/p>","link_label":"","link":"","button_color":"color-scheme","css_class":""}},"template--14366653710391__0b51d628-5247-4111-866c-83f73ccb66b3-16790609065448f6b5-2":{"type":"column","settings":{"title":"","heading_color":"color-scheme","text":"<p>&lt;i class=\"fas fa-battery-full\"&gt;&lt;\/i&gt;<\/p><p>Enjoying plenty of energy all day long  <\/p>","link_label":"","link":"","button_color":"color-scheme","css_class":""}},"0adc48c5-cb76-471c-9363-8aa9db35ae53":{"type":"column","settings":{"title":"","heading_color":"color-scheme","text":"<p>&lt;i class=\"fas fa-running\"&gt;&lt;\/i&gt;<\/p><p>Gliding through life without aches and pains<\/p>","link_label":"","link":"","button_color":"color-scheme","css_class":""}},"f86fc289-0b60-41bb-9c42-a60784afb42e":{"type":"column","settings":{"title":"","heading_color":"color-scheme","text":"<p>&lt;i class=\"fas fa-brain\"&gt;&lt;\/i&gt;<\/p><p>Accessing higher levels of focus + productivity<\/p>","link_label":"","link":"","button_color":"color-scheme","css_class":""}},"1ca8e82c-a0ab-4e03-ad5d-a5b50ef7acb9":{"type":"column","settings":{"title":"","heading_color":"color-scheme","text":"<p>&lt;i class=\"fas fa-smile-beam\"&gt;&lt;\/i&gt;<\/p><p>Enjoying plenty of energy all day long  <\/p>","link_label":"","link":"","button_color":"color-scheme","css_class":""}},"193d7222-696d-4a1f-a12a-af2c361c7eff":{"type":"column","settings":{"title":"","heading_color":"color-scheme","text":"<p>&lt;i class=\"fas fa-fire\"&gt;&lt;\/i&gt;<\/p><p>Enjoying plenty of energy all day long  <\/p>","link_label":"","link":"","button_color":"color-scheme","css_class":""}},"b855bf43-e931-482f-a179-7c3b75d13165":{"type":"column","settings":{"title":"","heading_color":"color-scheme","text":"<p>&lt;i class=\"fas fa-thumbs-up\"&gt;&lt;\/i&gt;<\/p><p>Enjoying plenty of energy all day long  <\/p>","link_label":"","link":"","button_color":"color-scheme","css_class":""}},"b18131c2-dafc-4192-a321-6721087f8391":{"type":"column","settings":{"title":"","heading_color":"color-scheme","text":"<p>&lt;i class=\"fas fa-dove\"&gt;&lt;\/i&gt;<\/p><p>Enjoying plenty of energy all day long  <\/p>","link_label":"","link":"","button_color":"color-scheme","css_class":""}},"d114ab0c-8ba9-4bfd-a7c8-359c68ca829a":{"type":"custom_liquid","settings":{"custom_liquid":"<script src=\"{{ 'fontawesome.min.js' | asset_url }}\" defer=\"defer\"><\/script>","css_class":""}}},"block_order":["template--14366653710391__0b51d628-5247-4111-866c-83f73ccb66b3-16790609065448f6b5-0","template--14366653710391__0b51d628-5247-4111-866c-83f73ccb66b3-16790609065448f6b5-1","template--14366653710391__0b51d628-5247-4111-866c-83f73ccb66b3-16790609065448f6b5-2","0adc48c5-cb76-471c-9363-8aa9db35ae53","f86fc289-0b60-41bb-9c42-a60784afb42e","1ca8e82c-a0ab-4e03-ad5d-a5b50ef7acb9","193d7222-696d-4a1f-a12a-af2c361c7eff","b855bf43-e931-482f-a179-7c3b75d13165","b18131c2-dafc-4192-a321-6721087f8391","d114ab0c-8ba9-4bfd-a7c8-359c68ca829a"],"custom_css":[".svg-inline--fa {color: rgb(var(--color-base-accent-3)); font-size: 5em;}",".slider-mobile-gutter {max-width: 1100px; margin: 0 auto;}",".grid p {font-size: 1.2em;}"],"settings":{"anchor_id":"","title":"Just Imagine...","text":"","heading_size":"h0","heading_color":"accent-3","text_size":"p","column_heading_size":"h3","column_text_size":"p","image_width":"full","image_ratio":"adapt","columns_desktop":3,"column_alignment":"center","column_link_type":"button","background_style":"none","button_label":"","button_link":"","button_color":"color-scheme","color_scheme":"accent-2","columns_mobile":"1","swipe_on_mobile":false,"padding_top":80,"padding_bottom":36,"css_class":"dac-alt-font-h2","custom_css":"","custom_css_mobile":""}},"9fce283b-484a-4804-8050-2faa85fd8622":{"type":"multicolumn","blocks":{"template--14366653710391__9fce283b-484a-4804-8050-2faa85fd8622-1679064253b0b9e5d9-0":{"type":"column","settings":{"image":"shopify:\/\/shop_images\/MagicMenopause-balance.jpg","title":"","heading_color":"color-scheme","text":"","link_label":"","link":"","button_color":"color-scheme","css_class":""}},"template--14366653710391__9fce283b-484a-4804-8050-2faa85fd8622-1679064253b0b9e5d9-1":{"type":"column","settings":{"title":"","heading_color":"color-scheme","text":"<h3>Haywire <strong>Hormones<\/strong><\/h3><p>When your hormones are out of balance it makes it almost impossible to lose weight or experience positive moods. So Magic Menopause is designed to address the root causes of hormone imbalance.<\/p>","link_label":"","link":"","button_color":"color-scheme","css_class":""}},"4cb06831-73a4-4d7c-b866-483edc770c9d":{"type":"column","settings":{"image":"shopify:\/\/shop_images\/MagicMenopause-matches.jpg","title":"","heading_color":"color-scheme","text":"","link_label":"","link":"","button_color":"color-scheme","css_class":""}},"078e7388-6ef5-4ced-a270-dacf449bcf66":{"type":"column","settings":{"title":"","heading_color":"color-scheme","text":"<h3>Runaway<strong> Inflammation<\/strong><\/h3><p>Inflammation leads to many of the ailments that plague you as you age. To feel better fast you need to quench the fires of inflammation, and that is exactly what Magic Menopause can help you do.<\/p>","link_label":"","link":"","button_color":"color-scheme","css_class":""}},"template--14366653710391__9fce283b-484a-4804-8050-2faa85fd8622-1679064253b0b9e5d9-2":{"type":"column","settings":{"image":"shopify:\/\/shop_images\/MagicMenopause-chemicals.jpg","title":"","heading_color":"color-scheme","text":"","link_label":"","link":"","button_color":"color-scheme","css_class":""}},"3d4ef1ae-8fd3-402e-a5be-2b6783a6ddbd":{"type":"column","settings":{"title":"","heading_color":"color-scheme","text":"<h3>Too Many <strong>Toxins<\/strong><\/h3><p>Toxins are everywhere in today’s environment. Some of these toxins have even been found to mimic female hormones. Magic Menopause will show you how you can safely flush out toxins to get your body back in balance.<\/p>","link_label":"","link":"","button_color":"color-scheme","css_class":""}},"daf7d427-9d13-4edb-befa-d7ef3fb05c11":{"type":"column","settings":{"image":"shopify:\/\/shop_images\/MagicMenopause-stress.jpg","title":"","heading_color":"color-scheme","text":"","link_label":"","link":"","button_color":"color-scheme","css_class":""}},"a7bf66a0-cde9-4589-b719-2ced8f9be1fc":{"type":"column","settings":{"title":"","heading_color":"color-scheme","text":"<h3>Sky-High <strong>Stress<\/strong><\/h3><p>Sources of life-shortening stress are all around you. The stressors of your modern life aren’t going anywhere anytime soon, so Magic Menopause is designed to help you enjoy the healing power of a happy mind.<\/p>","link_label":"","link":"","button_color":"color-scheme","css_class":""}}},"block_order":["template--14366653710391__9fce283b-484a-4804-8050-2faa85fd8622-1679064253b0b9e5d9-0","template--14366653710391__9fce283b-484a-4804-8050-2faa85fd8622-1679064253b0b9e5d9-1","4cb06831-73a4-4d7c-b866-483edc770c9d","078e7388-6ef5-4ced-a270-dacf449bcf66","template--14366653710391__9fce283b-484a-4804-8050-2faa85fd8622-1679064253b0b9e5d9-2","3d4ef1ae-8fd3-402e-a5be-2b6783a6ddbd","daf7d427-9d13-4edb-befa-d7ef3fb05c11","a7bf66a0-cde9-4589-b719-2ced8f9be1fc"],"custom_css":[".multicolumn {padding: 2em 0;}",".page-width {background-color: white; width: calc(100% - 15rem); padding: 2em;}","h2,p {color: black;}","h3 {color: rgb(var(--color-base-accent-4));}"],"settings":{"anchor_id":"","title":"We Achieve All This By Working on The 4 Reasons Why Women Feel So Miserable During Menopause","text":"","heading_size":"h2","heading_color":"color-scheme","text_size":"p","column_heading_size":"h3","column_text_size":"p","image_width":"full","image_ratio":"adapt","columns_desktop":2,"column_alignment":"left","column_link_type":"button","background_style":"none","button_label":"","button_link":"","button_color":"color-scheme","color_scheme":"accent-2","columns_mobile":"1","swipe_on_mobile":false,"padding_top":36,"padding_bottom":36,"css_class":"","custom_css":"","custom_css_mobile":".page-width {\n  width: 90%; padding: 3em .5em 1em; }"}},"0a9d482f-dbe7-49f9-ad12-1643b35e350a":{"type":"multicolumn","blocks":{"template--14366653710391__0a9d482f-dbe7-49f9-ad12-1643b35e350a-1679066879a5cf0d34-1":{"type":"column","settings":{"image":"shopify:\/\/shop_images\/MagicMenopause-icon-sunrise.png","title":"Get the Magic Started","heading_color":"color-scheme","text":"<ul><li>&lt;i class=\"fa fa-check-circle fa-fw\"&gt;&lt;\/i&gt;Discover the principles of health you’ll need to create a magical menopause experience <\/li><li>&lt;i class=\"fa fa-check-circle fa-fw\"&gt;&lt;\/i&gt;​Learn about the significant health benefits of alkalinity<\/li><li>&lt;i class=\"fa fa-check-circle fa-fw\"&gt;&lt;\/i&gt;​Receive guidance, tools and tricks to get into a peaceful, alkaline state<\/li><li>&lt;i class=\"fa fa-check-circle fa-fw\"&gt;&lt;\/i&gt;​Start easing your body into a fat-burning mode! <\/li><\/ul>","link_label":"","link":"","button_color":"color-scheme","css_class":""}},"d97df471-6d54-479a-b055-00369ff88c87":{"type":"column","settings":{"image":"shopify:\/\/shop_images\/MagicMenopause-icon-leaf.png","title":"Stay Keto‑Alkaline","heading_color":"color-scheme","text":"<ul><li>&lt;i class=\"fa fa-check-circle fa-fw\"&gt;&lt;\/i&gt;Learn how to know for sure if your body is in fat burning mode <\/li><li>​&lt;i class=\"fa fa-check-circle fa-fw\"&gt;&lt;\/i&gt;Know exactly how much you can “cheat” and still see results<\/li><li>​&lt;i class=\"fa fa-check-circle fa-fw\"&gt;&lt;\/i&gt;Discover how you can safely flush toxins from your body that have spent years trapped in fat deposits<\/li><li>​&lt;i class=\"fa fa-check-circle fa-fw\"&gt;&lt;\/i&gt;Reduce cellulite naturally without spending $1000’s on lasers!<\/li><\/ul>","link_label":"","link":"","button_color":"color-scheme","css_class":""}},"82a77929-c001-467a-90cb-4e71f27585a4":{"type":"column","settings":{"image":"shopify:\/\/shop_images\/MagicMenopause-icon-yoga.png","title":"Discover Your Body's Wisdom","heading_color":"color-scheme","text":"<ul><li>&lt;i class=\"fa fa-check-circle fa-fw\"&gt;&lt;\/i&gt;Learn how to decipher the subtle messages hidden in your hormonal symptoms<\/li><li>​&lt;i class=\"fa fa-check-circle fa-fw\"&gt;&lt;\/i&gt;Discover ancient systems for understanding your body’s quiet cues for what it needs now<\/li><li>​&lt;i class=\"fa fa-check-circle fa-fw\"&gt;&lt;\/i&gt;Discern what is working for you and what isn’t<\/li><li>&lt;i class=\"fa fa-check-circle fa-fw\"&gt;&lt;\/i&gt;Finally get that nasty menopause witch off your shoulder!<\/li><\/ul>","link_label":"","link":"","button_color":"color-scheme","css_class":""}},"56d01dcb-8225-4c99-b394-90e0bda2bc91":{"type":"column","settings":{"image":"shopify:\/\/shop_images\/MagicMenopause-icon-care.png","title":"Give From an Overflowing Cup","heading_color":"color-scheme","text":"<ul><li>&lt;i class=\"fa fa-check-circle fa-fw\"&gt;&lt;\/i&gt;​Learn how to optimize your daily routine to enjoy more energy<\/li><li>​&lt;i class=\"fa fa-check-circle fa-fw\"&gt;&lt;\/i&gt;Simple lifestyle changes you can make to finally get the deep, restful sleep you’ve been craving<\/li><li>&lt;i class=\"fa fa-check-circle fa-fw\"&gt;&lt;\/i&gt;​Small tweaks to your environment that can dramatically boost your energy levels<\/li><li>​&lt;i class=\"fa fa-check-circle fa-fw\"&gt;&lt;\/i&gt;Replenish yourself so you can serve others at a higher level<\/li><\/ul>","link_label":"","link":"","button_color":"color-scheme","css_class":""}},"17df653b-d738-4e8c-9f3f-ee57843a46fc":{"type":"column","settings":{"image":"shopify:\/\/shop_images\/MagicMenopause-icon-hands.png","title":"Live with Peace and Purpose","heading_color":"color-scheme","text":"<ul><li>&lt;i class=\"fa fa-check-circle fa-fw\"&gt;&lt;\/i&gt;Finally get off the hormone roller coaster<\/li><li>​&lt;i class=\"fa fa-check-circle fa-fw\"&gt;&lt;\/i&gt;Feel better fast by encouraging your body to release more of the “love hormone”<\/li><li>​​&lt;i class=\"fa fa-check-circle fa-fw\"&gt;&lt;\/i&gt;Temper the “stress hormone” that can make you sick and learn how to defend yourself against it<\/li><li>&lt;i class=\"fa fa-check-circle fa-fw\"&gt;&lt;\/i&gt;​My favorite ways to experience enhanced spiritual attunement<\/li><\/ul>","link_label":"","link":"","button_color":"color-scheme","css_class":""}},"41a1ae1f-e33f-474e-893a-4507288f332a":{"type":"column","settings":{"image":"shopify:\/\/shop_images\/MagicMenopause-icon-rocks.png","title":"Balance Haywire Hormones","heading_color":"color-scheme","text":"<ul><li>&lt;i class=\"fa fa-check-circle fa-fw\"&gt;&lt;\/i&gt;Understand all the wonderful hormones that control your body<\/li><li>&lt;i class=\"fa fa-check-circle fa-fw\"&gt;&lt;\/i&gt;​Learn how you can create a beautiful, in-tune hormonal symphony<\/li><li>&lt;i class=\"fa fa-check-circle fa-fw\"&gt;&lt;\/i&gt;The real cause of most menopause related health problems and how you can protect yourself naturally without dangerous drugs and expensive surgeries<\/li><li>&lt;i class=\"fa fa-check-circle fa-fw\"&gt;&lt;\/i&gt;​Hormone disruptors - what they are, where they come from and how to get rid of them!<\/li><\/ul>","link_label":"","link":"","button_color":"color-scheme","css_class":""}},"eb9b2792-0c9c-406f-9257-4fb0b89b2044":{"type":"column","settings":{"image":"shopify:\/\/shop_images\/MagicMenopause-icon-body.png","title":"Keep the Magic Alive","heading_color":"color-scheme","text":"<ul><li>&lt;i class=\"fa fa-check-circle fa-fw\"&gt;&lt;\/i&gt;Accelerate your results with the Magic Menopause Challenge<\/li><li>&lt;i class=\"fa fa-check-circle fa-fw\"&gt;&lt;\/i&gt;Find out how to troubleshoot tricky symptoms with advanced lab testing (most doctor's don't even know about this!)<\/li><li>&lt;i class=\"fa fa-check-circle fa-fw\"&gt;&lt;\/i&gt;Rules of the road to live by as you continue your Magic Menopause transformation<\/li><\/ul>","link_label":"","link":"","button_color":"color-scheme","css_class":""}}},"block_order":["template--14366653710391__0a9d482f-dbe7-49f9-ad12-1643b35e350a-1679066879a5cf0d34-1","d97df471-6d54-479a-b055-00369ff88c87","82a77929-c001-467a-90cb-4e71f27585a4","56d01dcb-8225-4c99-b394-90e0bda2bc91","17df653b-d738-4e8c-9f3f-ee57843a46fc","41a1ae1f-e33f-474e-893a-4507288f332a","eb9b2792-0c9c-406f-9257-4fb0b89b2044"],"custom_css":[".multicolumn-card__image-wrapper {margin: 0 auto; width: 100%; max-width: 225px; padding: 2em 1em 1em;}",".grid__item {border-bottom: 3px dotted rgb(var(--color-base-accent-3)); padding: 2em 0 1em;}",".content-container {display: grid; grid-template-columns: 1fr 2fr;}","h3 {font-size: calc(var(--font-heading-scale) * 3rem);}",".slider-mobile-gutter {max-width: 900px; margin: 0 auto;}","ul {list-style: none; position: relative; padding-left: 2em;}","i {position: absolute; left: 0.5em; color: rgb(var(--color-base-accent-4));}"],"settings":{"anchor_id":"","title":"These 7 classes are designed to help you transition through Menopause with grace, kindness, and joy...","text":"","heading_size":"h1","heading_color":"foreground","text_size":"p","column_heading_size":"h3","column_text_size":"p","image_width":"full","image_ratio":"adapt","columns_desktop":1,"column_alignment":"left","column_link_type":"button","background_style":"none","button_label":"","button_link":"","button_color":"color-scheme","color_scheme":"background-1","columns_mobile":"1","swipe_on_mobile":false,"padding_top":80,"padding_bottom":36,"css_class":"dac-alt-font-h3","custom_css":"","custom_css_mobile":".content-container { grid-template-columns: 1fr; }\nh3 { text-align: center; }"}},"bea21192-3a32-4357-89d7-1da103d341d3":{"type":"multicolumn","blocks":{"template--14366653710391__bea21192-3a32-4357-89d7-1da103d341d3-1679069586b859b5f7-0":{"type":"column","settings":{"image":"shopify:\/\/shop_images\/MagicMenopause-testimonial-vicky-o.png","title":"\"Love this Program\"","heading_color":"accent-3","text":"<p>\"I was too tired to do anything, including being intimate with my husband. All that has changed for the better! My original symptom score was 48 and today I'm at 6. As an extra win, I've lost 10 pounds, and inches from my body. You'll love this program and won't want it to end!\"<\/p><p>— Vicki O<\/p>","link_label":"","link":"","button_color":"color-scheme","css_class":""}},"4027e927-ea0a-4fc6-97af-667224cbc8b5":{"type":"column","settings":{"image":"shopify:\/\/shop_images\/MagicMenopause-testimonial-kelly-j.png","title":"\"A Wonderful Experience\"","heading_color":"accent-4","text":"<p>“Magic Menopause was a wonderful experience! The program is chock full of priceless information and support. As someone who's had some big health challenges and some traumatic emotional experiences in the last 15 years, I've made some real improvements with this program and I truly believe I am now poised to live my life in a much healthier and abundant way. I am really grateful to Dr. Anna!” <\/p><p>— Kelly J<\/p>","link_label":"","link":"","button_color":"color-scheme","css_class":"bd-teal"}},"6c190474-dba6-4820-9b6d-2e169f718725":{"type":"column","settings":{"image":"shopify:\/\/shop_images\/MagicMenopause-testimonial-heather-k.png","title":"\"Lost Inches and Weight\"","heading_color":"accent-1","text":"<p>“Before I started Magic Menopause I was discouraged by frequent illness, memory issues, and stubborn weight, but I had no willpower to shift it no matter what I tried. Magic Menopause not only got my body back on track, it gave me my willpower back too. I have lost inches and weight and detoxed like crazy!”<\/p><p>— Heather K<\/p>","link_label":"","link":"","button_color":"color-scheme","css_class":"bd-magenta"}},"c02c05b6-b41c-4c72-bdf4-9914a4fc8e62":{"type":"column","settings":{"image":"shopify:\/\/shop_images\/MagicMenopause-testimonial-mary-lynn-r.png","title":"\"So Grateful\"","heading_color":"accent-3","text":"<p>“I am so grateful to you Dr Anna for creating this program & being the loving, caring person that you are. Thank you for sharing your wonderful wisdom with us in a simple way we can understand. You've really inspired me to continue the challenge to be my best self. I finally know how to eat delicious meals without gaining weight (I lost 10 pounds!) and I don’t need to self medicate with wine anymore. Best of all, my relationship has improved tenfold. Thank you!”<\/p><p>— Mary Lynn R<\/p>","link_label":"","link":"","button_color":"color-scheme","css_class":""}},"b374150a-dd34-475e-9630-99d565fc31d9":{"type":"column","settings":{"image":"shopify:\/\/shop_images\/MagicMenopause-testimonial-april-p.png","title":"\"Thank You\"","heading_color":"accent-4","text":"<p>“I would like to express my gratitude to you, Dr. Anna, and all of your staff. I do not feel as hopeless as I did before and I'm really enjoying the process. I’ve lost 11 pounds so far and I’m excited to lose more. Thank you for allowing me to make this investment in my life and thank you for your investment into all of our lives.\"<\/p><p>— April P<\/p>","link_label":"","link":"","button_color":"color-scheme","css_class":"bd-teal"}}},"block_order":["template--14366653710391__bea21192-3a32-4357-89d7-1da103d341d3-1679069586b859b5f7-0","4027e927-ea0a-4fc6-97af-667224cbc8b5","6c190474-dba6-4820-9b6d-2e169f718725","c02c05b6-b41c-4c72-bdf4-9914a4fc8e62","b374150a-dd34-475e-9630-99d565fc31d9"],"custom_css":[".multicolumn-card__image-wrapper {margin: 0 auto; width: 100%; max-width: 300px; padding: 2em 1em 1em;}",".content-container {display: grid; grid-template-columns: 1fr 2fr;}",".multicolumn-card {background-color: white; color: black; border-top: 7px solid rgb(var(--color-base-accent-3)); padding-bottom: 1em;}",".bd-teal .multicolumn-card {border-color: rgb(var(--color-base-accent-4));}",".bd-magenta .multicolumn-card {border-color: rgb(var(--color-base-accent-1));}",".slider-mobile-gutter {max-width: 1000px; margin: 0 auto;}",".grid {row-gap: 2rem;}"],"settings":{"anchor_id":"","title":"Magic Menopause Empowers Great Women (Like You) to Love and Serve at a Higher Level","text":"","heading_size":"h1","heading_color":"color-scheme","text_size":"p","column_heading_size":"h3","column_text_size":"p","image_width":"full","image_ratio":"adapt","columns_desktop":1,"column_alignment":"left","column_link_type":"button","background_style":"primary","button_label":"","button_link":"","button_color":"color-scheme","color_scheme":"accent-2","columns_mobile":"1","swipe_on_mobile":false,"padding_top":88,"padding_bottom":36,"css_class":"","custom_css":"","custom_css_mobile":".content-container { grid-template-columns: 1fr; }"}},"867839c8-6d18-4315-81f7-7d3428a16266":{"type":"rich-text","blocks":{"template--14366653710391__867839c8-6d18-4315-81f7-7d3428a16266-1679066890c32963d8-0":{"type":"heading","settings":{"heading":"Join me on this life-changing 8 week journey!","heading_size":"h1","heading_alignment":"center","heading_color":"color-scheme","css_class":"","heading_divider":false}},"template--14366653710391__867839c8-6d18-4315-81f7-7d3428a16266-1679066890c32963d8-2":{"type":"button","settings":{"button_label":"Join Magic Menopause","button_link":"#buy","button_style_secondary":false,"button_alignment":"center","button_color":"accent-4","css_class":""}}},"block_order":["template--14366653710391__867839c8-6d18-4315-81f7-7d3428a16266-1679066890c32963d8-0","template--14366653710391__867839c8-6d18-4315-81f7-7d3428a16266-1679066890c32963d8-2"],"settings":{"anchor_id":"","color_scheme":"accent-1","full_width":true,"padding_top":60,"padding_bottom":76,"css_class":"","custom_css":"","custom_css_mobile":""}},"a4de3cc6-53e7-4881-b233-2c00603736c6":{"type":"multicolumn","blocks":{"template--14366653710391__a4de3cc6-53e7-4881-b233-2c00603736c6-1679069586b859b5f7-0":{"type":"column","settings":{"image":"shopify:\/\/shop_images\/MagicMenopause-food-ph.png","title":"Weekly Video Lesson","heading_color":"accent-3","text":"<p>At the core of each class is a 1 hour pre-recorded video lesson that teaches the core concepts for that week. The lessons are also provided in audio and written formats.<\/p>","link_label":"","link":"","button_color":"color-scheme","css_class":""}},"template--14366653710391__a4de3cc6-53e7-4881-b233-2c00603736c6-1679069586b859b5f7-1":{"type":"column","settings":{"image":"shopify:\/\/shop_images\/workbook-3D_2.png","title":"Workbook","heading_color":"accent-3","text":"<p>Inside the workbook is a checklist of all the action items mentioned in the video lesson. Here's where you'll also find your weekly meal plan and corresponding shopping list. Everything you need to succeed for the week is here!<\/p>","link_label":"","link":"","button_color":"color-scheme","css_class":""}},"template--14366653710391__57ecc55e-5ab3-431d-a852-eaf6cfe25218-16790794448cf69df5-0":{"type":"column","settings":{"image":"shopify:\/\/shop_images\/MagicMenopause-recipes.png","title":"100+ Recipes","heading_color":"accent-3","text":"<p>You can find 100s of Keto recipes online... but this is the only collection with Keto-Green recipes anywhere! I've collected 100+ delicious Keto-Green recipes so you never run out of yummy meal and snack ideas.<\/p>","link_label":"","link":"","button_color":"color-scheme","css_class":""}},"d6ae3b7d-3ee9-4960-b0de-da20d59fd71a":{"type":"column","settings":{"image":"shopify:\/\/shop_images\/cooking-videos-3.png","title":"Cooking Videos","heading_color":"accent-3","text":"<p>I invited my favorite local chef into my kitchen and filmed her making some of my favorite recipes from the Magic Menopause Keto-Green recipe book!<\/p>","link_label":"","link":"","button_color":"color-scheme","css_class":""}},"5addf109-1e1f-4fca-97f0-7142b6f0214a":{"type":"column","settings":{"image":"shopify:\/\/shop_images\/community-300.png","title":"Support Community","heading_color":"accent-3","text":"<p>You aren't alone in this journey! I've built a safe community for you to share with the other women in the program. It's a private online group and you're going to love it!<\/p>","link_label":"","link":"","button_color":"color-scheme","css_class":""}}},"block_order":["template--14366653710391__a4de3cc6-53e7-4881-b233-2c00603736c6-1679069586b859b5f7-0","template--14366653710391__a4de3cc6-53e7-4881-b233-2c00603736c6-1679069586b859b5f7-1","template--14366653710391__57ecc55e-5ab3-431d-a852-eaf6cfe25218-16790794448cf69df5-0","d6ae3b7d-3ee9-4960-b0de-da20d59fd71a","5addf109-1e1f-4fca-97f0-7142b6f0214a"],"custom_css":[".multicolumn-card__image-wrapper {margin: 0 auto; width: 100%; max-width: 300px; padding: 2em 1em 1em;}",".content-container {display: grid; grid-template-columns: 1fr 1fr;}",".slider-mobile-gutter {max-width: 1000px; margin: 0 auto;}",".slider-mobile-gutter {max-width: 700px;}",".media {padding-bottom: 0 !important;}","img {position: static;}"],"settings":{"anchor_id":"","title":"Here Are The Program Elements I'm Going To Step You Through...","text":"","heading_size":"h1","heading_color":"color-scheme","text_size":"p","column_heading_size":"h3","column_text_size":"p","image_width":"full","image_ratio":"adapt","columns_desktop":1,"column_alignment":"left","column_link_type":"button","background_style":"none","button_label":"","button_link":"","button_color":"color-scheme","color_scheme":"accent-2","columns_mobile":"1","swipe_on_mobile":false,"padding_top":80,"padding_bottom":36,"css_class":"","custom_css":"","custom_css_mobile":".content-container {\n  display: grid;\n  grid-template-columns: 1fr;"}},"9a1380e9-4059-4255-8b91-2a11d91a5a2a":{"type":"video","custom_css":[],"settings":{"heading":"Here's the Best Part... I'm Doing The Entire 8‑Week Program Right Alongside You!","heading_size":"h1","heading_color":"color-scheme","cover_image":"shopify:\/\/shop_images\/Screenshot_2023-03-17_121221.png","video_url_metafield":"","video_url":"https:\/\/player.vimeo.com\/video\/459163599","description":"","transcript":"<p>I just want to take a minute to share with you what it will be like to take part in Magic Menopause — how all the different program elements will work together to create amazing changes in your life.<br\/><br\/>Every week begins with a training video — and in that video I explain the key concepts for that week. <br\/><br\/>For example...<br\/><br\/>Week 3 is about detoxing from negative emotions.<br\/><br\/>Week 4 is about getting more restorative sleep.<br\/><br\/>Week 5 is about how to increase the love and bonding hormone oxytocin.<br\/><br\/>After watching the weekly video, you go to the workbook where you have a checklist that contains all your to-dos for that week.<br\/><br\/>Now... most of the activities change each week as the topics change, but there is one thing that never changes each week — and that is eating delicious food!<br\/><br\/>So the weekly workbook also includes your meal plan for the week, as well as your shopping list.<br\/><br\/>When it comes time to make those dishes you'll refer to the Magic Menopause recipe book where all your step by step instructions are. <br\/><br\/>As you can see, I've done all of the RESEARCH and TESTING and THINKING for you...<br\/><br\/>That's the hard part!<br\/><br\/>All you have to do is show up and follow along with my proven plan.<br\/><br\/>So let's say you're doing that...<br\/><br\/>Let's say you've watched that week's video, you're enjoying the meals from the weekly meal plan, and now you're implementing the assignments on your to-do list from that week's workbook....<br\/><br\/>Now if something is not clear, or if you've got some questions about how to make the assignment work for you...<br\/><br\/>Then you've got 2 chances to get live support every single week:<br\/><br\/>The first is a live Zoom call with me — I want to see your lovely face! <br\/><br\/>The second are weekly \"open office hours\" with my health coaches who are available on Facebook to answer your questions.<br\/><br\/>Now all of this sounds great, right?!<br\/><br\/>But here's what makes it even better...<br\/><br\/>You're not doing this alone because there's the private Facebook Community where you can meet other ladies who are working the plan in Magic Menopause!<br\/><br\/>These are real women JUST LIKE YOU who are looking for relief from their menopause symptoms.<br\/><br\/>So many women have shared with me how much the community has helped them.<br\/><br\/>Sometimes your successes will boost them through their challenges — and other times their successes will be the boost you need to overcome your challenges.<br\/><br\/>In the community there are many women — as many as 25% of the total group — who have participated in several rounds of Magic Menopause in the past.<br\/><br\/>We call them our Alumni.<br\/><br\/>These ladies know a lot about how the program works and they are happy to share their knowledge and experience too.<br\/><br\/>The main thing you remember is that you are not alone and that we are all in this together... <br\/> <br\/>Even me!<br\/><br\/>So when I say that \"I'm in this with you\" I really mean it.<br\/><br\/>If it's Week 4 and we're working on sleep then I'm taking the Sleep Assessment and optimizing my sleep just like you are.<br\/><br\/>And on Tuesday of week 4 when you're eating \"Thai Coconut Soup\" because that's what's on the meal plan... <br\/><br\/>Then I'm eating it too!<br\/><br\/>Yes I have all the answers for achieving a magical menopause experience but I still need a tune-up from time to time.<br\/><br\/>So that's how Magic Menopause works.<br\/><br\/>I've put over 1,000 women through the program and the results speak for themselves.<br\/><br\/>That's why I'm completely comfortable offering a money-back guarantee because I know that this program works if you work it.<br\/><br\/>Check out the guarantee on this page for more info and I look forward to meeting you inside Magic Menopause!<\/p>","full_width":false,"color_scheme":"accent-4","padding_top":36,"padding_bottom":36,"css_class":"","custom_css":"","custom_css_mobile":""}},"a51fe25b-febb-435f-b057-6dcea224a18c":{"type":"multicolumn","blocks":{"template--14366653710391__a51fe25b-febb-435f-b057-6dcea224a18c-16793215569f977818-0":{"type":"column","settings":{"image":"shopify:\/\/shop_images\/KetopHUrineTestStrips.jpg","title":"Success Kit Bonus 1 ($25 Value)","heading_color":"color-scheme","text":"<p>“Keto-pH” Test Strips + Tracking App<\/p><p>By testing your urine 1-3 times a day you can know for sure if you are in fat burning mode (Ketosis) and if your body chemistry is conducive to hormone balance (alkaline pH).To make it simple for you to keep track of your test strip results I’ve created a simple, beautiful smartphone app.<\/p>","link_label":"","link":"","button_color":"color-scheme","css_class":""}},"template--14366653710391__a51fe25b-febb-435f-b057-6dcea224a18c-16793215569f977818-1":{"type":"column","settings":{"image":"shopify:\/\/shop_images\/maca10.jpg","title":"Success Kit Bonus 2 ($70 Value)","heading_color":"color-scheme","text":"<p>“Mighty Maca Plus” Superfood Drink Mix<\/p><p>Mighty Maca Plus is my proprietary blend of nature’s most powerful healing ingredients... all in one delicious drink mix!  Maca root has been used for centuries by women in Peru to <strong>boost mood, increase energy, and alleviate the symptoms of menopause<\/strong>.  The other 30+ amazing ingredients are included to detoxify the body and reduce inflammation response. This fantastic formula is gluten-free and contains no nasty ingredients.<\/p>","link_label":"","link":"","button_color":"color-scheme","css_class":""}},"template--14366653710391__a51fe25b-febb-435f-b057-6dcea224a18c-16793215569f977818-2":{"type":"column","settings":{"image":"shopify:\/\/shop_images\/MagicMenopause-Shake.jpg","title":"Success Kit Bonus 3 ($77 Value)","heading_color":"color-scheme","text":"<p>“Keto-Alkaline®” Protein Shake Mix<\/p><p>26g of easily digestible vegan protein... and ZERO grams of sugar thanks to monk fruit!My “Keto-Alkaline” protein shake mix is a super tasty and super healthy \"functional food\" that provides a variety of nutrients known to <strong>optimize natural detoxification<\/strong>. It also contains a unique and potent blend of vitamins and minerals designed to help your cells <strong>create more energy<\/strong>. Organic, non-GMO golden flax seeds are also included in the formula to <strong>support healthy hormone metabolism<\/strong>. This superior protein shake mix is vegan, gluten free, and non-GMO.<\/p>","link_label":"","link":"","button_color":"color-scheme","css_class":""}},"d88d8c74-5e44-4cbd-a948-813c12ae8d5e":{"type":"column","settings":{"image":"shopify:\/\/shop_images\/MagicMenopause-freeshipping.jpg","title":"Success Kit Bonus 4 ($25 Value)","heading_color":"color-scheme","text":"<p>Free Shipping to Anywhere in the US!<\/p><p>I'm going to ship your Magic Menopause Success Kit bonuses anywhere in the US ABSOLUTELY FREE!I've got them ready to ship in my warehouse right now so they should arrive at your doorstep a few days after you join... just in time for the program to begin.<\/p>","link_label":"","link":"","button_color":"color-scheme","css_class":""}},"template--14366653710391__22b8dab6-43d8-4bc7-a0cb-67c872382a21-16793215569f977818-0":{"type":"column","settings":{"image":"shopify:\/\/shop_images\/JulvaEBookMockup.png","title":"Instant Bonus 1 ($13 Value)","heading_color":"color-scheme","text":"<p>\"All Things V\" eBook<\/p><p>Vaginal health is a key aspect of your femininity and I meet too many women are struggling with issues like vaginal dryness, discomfort, urinary leakage, discharge and irritation, and lack of sensation ...simply because they don't know that solutions exist! So after 20+ years of being an OB\/GYN I've compiled all my knowledge about vulvar-vaginal health into a super-comprehensive 200 page ebook! It's everything you need to know about your lady parts—but were never taught. <strong>In my opinion this is required reading for every woman!<\/strong><\/p>","link_label":"","link":"","button_color":"color-scheme","css_class":""}},"template--14366653710391__22b8dab6-43d8-4bc7-a0cb-67c872382a21-16793215569f977818-1":{"type":"column","settings":{"image":"shopify:\/\/shop_images\/StayingKeto-Green.png","title":"Instant Bonus 2 ($11 Value)","heading_color":"color-scheme","text":"<p>\"Staying Keto-Green on the Go\" eGuide<\/p><p>Staying Keto-Green is definitely doable when you have a fridge full of Keto-Green foods and access to a real kitchen — but it's much harder when you're running errands, traveling or staying in a hotel. So I developed this guide to share my best tips for staying Keto-Green away from home. With the right knowledge and a little bit of planning you can enjoy the feel good freedom and \"energized enlightenment\" of the Keto-Green lifestyle no matter where you are.<\/p>","link_label":"","link":"","button_color":"color-scheme","css_class":""}}},"block_order":["template--14366653710391__a51fe25b-febb-435f-b057-6dcea224a18c-16793215569f977818-0","template--14366653710391__a51fe25b-febb-435f-b057-6dcea224a18c-16793215569f977818-1","template--14366653710391__a51fe25b-febb-435f-b057-6dcea224a18c-16793215569f977818-2","d88d8c74-5e44-4cbd-a948-813c12ae8d5e","template--14366653710391__22b8dab6-43d8-4bc7-a0cb-67c872382a21-16793215569f977818-0","template--14366653710391__22b8dab6-43d8-4bc7-a0cb-67c872382a21-16793215569f977818-1"],"custom_css":["h2 + .rte {text-align: center;}",".multicolumn-card__image-wrapper {margin: 0 auto; width: 100%; max-width: 400px; padding: 2em 1em 1em;}",".grid__item {border-bottom: 3px dotted rgb(var(--color-base-accent-3)); padding: 2em 0 1em;}",".content-container {display: grid; grid-template-columns: 1fr 1fr;}","h3 {font-size: 1em; color: black;}","li p:first-child {font-weight: normal; font-size: 1.7em; color: rgb(var(--color-base-accent-3));}",".slider-mobile-gutter {max-width: 1000px; margin: 0 auto;}","img {position: static;}",".media {padding-bottom: 0 !important;}"],"settings":{"anchor_id":"","title":"I’m also going to send you my Magic Menopause Success Kit...","text":"<p>...containing $230 of my best-selling health products formulated just for women AND immediate access to these Digital Bonuses...<\/p>","heading_size":"h2","heading_color":"color-scheme","text_size":"p","column_heading_size":"h3","column_text_size":"p","image_width":"full","image_ratio":"adapt","columns_desktop":1,"column_alignment":"left","column_link_type":"button","background_style":"none","button_label":"","button_link":"","button_color":"color-scheme","color_scheme":"background-1","columns_mobile":"1","swipe_on_mobile":false,"padding_top":100,"padding_bottom":36,"css_class":"","custom_css":"","custom_css_mobile":".content-container {\n  display: grid;\n  grid-template-columns: 1fr;\n}"}},"0c3b1dc2-5167-4b14-bb20-d3adda845049":{"type":"video","settings":{"heading":"You'll Also Get This Super Sexy \"Completion Bonus\" When You Finish the 8-Week Program...","heading_size":"h1","heading_color":"color-scheme","cover_image":"shopify:\/\/shop_images\/Screenshot_2023-03-20_093725.png","video_url_metafield":"","video_url":"https:\/\/player.vimeo.com\/video\/455641922","description":"","transcript":"<p>I've got one more really juicy bonus for you when you complete Magic Menopause and send us your outtake form.<br\/><br\/>It's called Sexual CPR and it's a home study class designed to help you Awaken Your Sleepy Sex Drive and Experience Deeper Intimacy With Your Partner.<br\/><br\/>Now one of the side effects of doing Magic Menopause is that you'll probably see your libido come back.<br\/><br\/>Sexual CPR will help you take that new-found friskiness to the next level by teaching you how to...<br\/><br\/>Find your female pleasure centers — we have many of them!<br\/>​Communicate your sexual needs to your man<br\/>Find and fix any anatomical or hormonal issues that may be affecting your sex life<br\/>​Achieve orgasm easily (even if you've never had one!)<br\/>​Keep your relationship sizzling hot — even after decades of marriage and many kids!<br\/>And how to use orgasms to ignite all areas of your life!<br\/><br\/>There's even a class about male sexual health for your man ...or if you don't have a man right now there's a class about dating after 40.<br\/><br\/>This is a really wonderful course which is why it's one of my top selling programs in my online store for $97...<br\/><br\/>But I'll give you full access absolutely free at the end of Magic Menopause when you send us your outtake form.<\/p>","full_width":false,"color_scheme":"accent-4","padding_top":80,"padding_bottom":36,"css_class":"","custom_css":"","custom_css_mobile":""}},"7da7d577-a87d-46dc-b37c-b8f92d838248":{"type":"multicolumn","blocks":{"template--14366653710391__7da7d577-a87d-46dc-b37c-b8f92d838248-16793215569f977818-0":{"type":"column","settings":{"image":"shopify:\/\/shop_images\/MagicMenopause-dietbooks.jpg","title":"\"Will Magic Menopause work with my favorite weight loss program?\"","heading_color":"accent-3","text":"<p>Probably! Magic Menopause is designed to work hand in hand with any low-carb weight loss program like...<\/p><ul><li>&lt;i class=\"fa fa-fw fa-check\"&gt;&lt;\/i&gt;The Atkins Diet<\/li><li>&lt;i class=\"fa fa-fw fa-check\"&gt;&lt;\/i&gt;​the Paleo diet<\/li><li>&lt;i class=\"fa fa-fw fa-check\"&gt;&lt;\/i&gt;​Mediterranean diet <\/li><li>&lt;i class=\"fa fa-fw fa-check\"&gt;&lt;\/i&gt;Weight Watchers<\/li><li>&lt;i class=\"fa fa-fw fa-check\"&gt;&lt;\/i&gt;Ketogenic diets<\/li><li>​&lt;i class=\"fa fa-fw fa-check\"&gt;&lt;\/i&gt;South Beach Diet<\/li><\/ul>","link_label":"","link":"","button_color":"color-scheme","css_class":""}},"template--14366653710391__7da7d577-a87d-46dc-b37c-b8f92d838248-16793215569f977818-1":{"type":"column","settings":{"image":"shopify:\/\/shop_images\/MagicMenopause-hope.gif","title":"\"I have an existing health condition. Can I still participate in Magic Menopause?\"","heading_color":"accent-3","text":"<p>The worse your health is, the better you will feel with Magic Menopause! And the more you need it. <br\/><br\/>Everything we do is designed to put your body back into a state of balance, with possible improvement to a variety of other ailments like eczema, arthritis, diverticulitis, endometriosis, anxiety, depression, fatigue.<br\/><br\/>Some of our early participants were even able to reduce the doses of their medications (under the supervision of their physician, of course).<br\/>Magic Menopause is not a cure for any disease, but you will probably experience improvement in your symptoms if you stick to my plan.<\/p>","link_label":"","link":"","button_color":"color-scheme","css_class":""}},"template--14366653710391__7da7d577-a87d-46dc-b37c-b8f92d838248-16793215569f977818-2":{"type":"column","settings":{"image":"shopify:\/\/shop_images\/MagicMenopause-food.jpg","title":"\"Will I have to starve on skimpy salads?\"","heading_color":"accent-3","text":"<p>No way! I love to eat and so my Magic Menopause nutrition plan includes plenty of delicious, hearty foods you will be excited about eating...<br\/><br\/>As you can see, the foods I recommend are high in healthy fats like eggs, olives, avocado (even butter and cheese!) so they taste great and keep you full for hours. <br\/><br\/>On some mornings the meal plan does include a shake for breakfast... but I promise you are going to love them. My morning shakes are like having dessert for breakfast, and they will give you a power boost to boot!<\/p>","link_label":"","link":"","button_color":"color-scheme","css_class":"normal"}},"dcd0e8e0-9cf0-4b72-913e-d89cb6614e1d":{"type":"column","settings":{"image":"shopify:\/\/shop_images\/MagicMenopause-low-battery.jpg","title":"\"How much time is this going to take?\"","heading_color":"accent-3","text":"<p>If you are like most women, you are running at full speed from the time you wake up in the morning until your head hits the pillow late at night.<br\/>And all day long you are taking care of everyone... but yourself!<br\/><br\/>By the time you make sure your kids, husband, and job are taken care of there is no time for yourself because you think that would be “too selfish.”<br\/><br\/>Well the truth is that the men spend time and money to take care of themselves. They go to the gym, play golf, and watch Monday Night Football... all without feeling guilty!<br\/><br\/>We women need to do the same; It’s time take care of ourselves so we can take care of others.<br\/><br\/>Unless you are healthy and vibrant and living your most passionate life, your children won’t do it either. They learn by watching you, so you can help them through helping yourself!<br\/><br\/>So even though learning and implementing Magic<br\/>Menopause will require you to carve out some time in your busy schedule, the result will be more peace and happiness for you, in your home.<br\/><br\/><strong>I promise.<\/strong><\/p>","link_label":"","link":"","button_color":"color-scheme","css_class":""}},"5c0a1992-6a18-496b-9d25-164a17b84019":{"type":"column","settings":{"title":"\"How does Magic Menopause compare to your other menopause programs or books?\"","heading_color":"accent-3","text":"<p>Magic Menopause is <strong>my most comprehensive program <\/strong>for women in menopause because you get access to way more SUPPORT...<\/p><ul><li>&lt;i class=\"fa fa-check fa-fw\"&gt;&lt;\/i&gt;7 pre-recorded lessons with me<\/li><li>&lt;i class=\"fa fa-check fa-fw\"&gt;&lt;\/i&gt;​7 Workbooks<\/li><li>​&lt;i class=\"fa fa-check fa-fw\"&gt;&lt;\/i&gt;Your “Magic Menopause Success Kit”<\/li><li>​&lt;i class=\"fa fa-check fa-fw\"&gt;&lt;\/i&gt;A private Facebook group<br\/><\/li><\/ul><p>Magic Menopause's 8 week timeline is long enough to help you create new, healthy habits — and that's why you can expect the <strong>most drastic transformation <\/strong>when you participate in this life-changing program.<\/p>","link_label":"","link":"","button_color":"color-scheme","css_class":"normal"}}},"block_order":["template--14366653710391__7da7d577-a87d-46dc-b37c-b8f92d838248-16793215569f977818-0","template--14366653710391__7da7d577-a87d-46dc-b37c-b8f92d838248-16793215569f977818-1","template--14366653710391__7da7d577-a87d-46dc-b37c-b8f92d838248-16793215569f977818-2","dcd0e8e0-9cf0-4b72-913e-d89cb6614e1d","5c0a1992-6a18-496b-9d25-164a17b84019"],"custom_css":[".multicolumn-card__image-wrapper {margin: 0 auto; width: 100%; max-width: 550px; padding: 2em 1em 1em;}","li:not(.normal) > div {display: grid; grid-template-columns: 1fr 2fr;}",".multicolumn-card {background-color: white; padding: 0.75em; color: black; border: 5px solid rgb(var(--color-base-accent-3)); border-top-width: 25px; padding-bottom: 1em;}",".slider-mobile-gutter {max-width: 1000px; margin: 0 auto;}",".grid {row-gap: 2rem;}",".media {padding-bottom: 0 !important;}","img {position: static;}"],"settings":{"anchor_id":"","title":"“Do you have any questions for me?”","text":"","heading_size":"h1","heading_color":"accent-3","text_size":"p","column_heading_size":"h3","column_text_size":"p","image_width":"full","image_ratio":"adapt","columns_desktop":1,"column_alignment":"left","column_link_type":"button","background_style":"none","button_label":"","button_link":"","button_color":"color-scheme","color_scheme":"accent-2","columns_mobile":"1","swipe_on_mobile":false,"padding_top":80,"padding_bottom":36,"css_class":"","custom_css":"li ul {\n  list-style: none;\n  position: relative;\n  padding-left: 2em;\n}\ni {\n  position: absolute;\n  left: .5em;\n  color: rgb(var(--color-base-accent-4));\n}","custom_css_mobile":".content-container {\n  grid-template-columns: 1fr!important;\n}"}},"4399c74f-116e-4a18-adab-bf3171f16505":{"type":"image-with-text","blocks":{"template--14366653710391__4399c74f-116e-4a18-adab-bf3171f16505-1679593689e4310d6f-0":{"type":"heading","settings":{"heading":"Here’s what happens when you join…","heading_size":"h1","heading_color":"accent-1","css_class":""}},"template--14366653710391__4399c74f-116e-4a18-adab-bf3171f16505-1679593689e4310d6f-1":{"type":"text","settings":{"text":"<ul><li>&lt;i class=\"fa fa-check-circle fa-fw\"&gt;&lt;\/i&gt;<strong>You'll get instant access<\/strong> to the Magic Menopause class schedule and your 2 instant bonuses.<\/li><li>&lt;i class=\"fa fa-check-circle fa-fw\"&gt;&lt;\/i&gt;​Your <strong>Magic Menopause Success Kit<\/strong> will ship out from my warehouse within 1 to 2 business days.<\/li><li>&lt;i class=\"fa fa-check-circle fa-fw\"&gt;&lt;\/i&gt;You'll get access to the Magic Menopause “prep steps” to prepare you for when the program starts...<\/li><li>&lt;i class=\"fa fa-check-circle fa-fw\"&gt;&lt;\/i&gt;On the following <strong>Monday <\/strong>we officially begin the program with Week 1!<\/li><li>&lt;i class=\"fa fa-check-circle fa-fw\"&gt;&lt;\/i&gt;Every week for the next <strong>6 weeks<\/strong> I will send you a training module and workbook. <\/li><\/ul>","text_style":"body","css_class":""}}},"block_order":["template--14366653710391__4399c74f-116e-4a18-adab-bf3171f16505-1679593689e4310d6f-0","template--14366653710391__4399c74f-116e-4a18-adab-bf3171f16505-1679593689e4310d6f-1"],"custom_css":["ul {position: relative; padding-left: 1.5em; list-style: none;}","i {position: absolute; left: 0; color: rgb(var(--color-base-accent-4)); padding-top: 0.2em;}",".recommended {display: none !important;}",".page-width {max-width: 1100px;}","li {margin-bottom: 0.25em;}"],"settings":{"anchor_id":"","image":"shopify:\/\/shop_images\/MagicMenopause-lifestyle.png","height":"adapt","desktop_image_width":"small","layout":"text_first","desktop_content_position":"top","desktop_content_alignment":"left","content_layout":"no-overlap","color_scheme":"background-1","mobile_content_alignment":"left","padding_top":36,"padding_bottom":36,"css_class":"dac-allow-media-resize","custom_css":"","custom_css_mobile":""}},"ca4badc6-3ac1-4306-ba51-a844442b16ae":{"type":"rich-text","blocks":{"template--14366653710391__ca4badc6-3ac1-4306-ba51-a844442b16ae-1679321483e70f5ed3-0":{"type":"heading","settings":{"heading":"Now you can get my help at a fraction of the cost of 1-on-1 consultation!","heading_size":"h1","heading_alignment":"center","heading_color":"color-scheme","css_class":"","heading_divider":false}},"64a256cb-81ef-41c2-8728-270f176ee61b":{"type":"text","settings":{"text":"<p>Although I still take on the occasional private client, my rate for 1-on-1 virtual consultations is <strong>$700 an hour...<\/strong><br\/><br\/>If that price seems outrageous to you then just remember... <br\/><br\/><strong>I've conducted OVER 10,000 1-on-1 APPOINTMENTS during my 20-year career as an OB<\/strong>‑<strong>GYN .<\/strong> <br\/><br\/>(Chances are, I've seen your <strong>exact <\/strong>problem—and I know <strong>exactly <\/strong>what you need to do to fix it—which can save you <strong>countless <\/strong>visits to doctors who aren't female hormone and anti-aging specialists.) <br\/><br\/>Because Magic Menopause is a group program, it allows me to serve many women at the same time, and I can charge less for the entire program than I do for <strong>a single 1 hour phone appointment!<\/strong> <br\/><br\/>So if you decide to join us before the enrollment window closes, you will be able to receive 15 hours of pre-recorded and fb group instruction from me for <strong>a special low price<\/strong>. <br\/><br\/>Plus you’ll receive <strong>$275 worth of bonuses<\/strong> that I will be shipping to your door, at no extra charge to you! <br\/><br\/>If you still aren’t convinced of the value, here’s another way to look at it that makes this an easy decision: <\/p>","text_alignment":"left","text_size":"p","css_class":""}},"3c917340-b10e-4da6-b0bb-118800bad98a":{"type":"heading","settings":{"heading":"“Many women waste $10,000's trying to fix their menopausal problems ... and they still aren't fixed!”","heading_size":"h2","heading_alignment":"center","heading_color":"accent-3","css_class":"","heading_divider":false}},"063ec7ce-b9f2-42c5-ab80-014d5370fa79":{"type":"text","settings":{"text":"<p>Menopausal symptoms usually last 5-15 years—and postmenopausal consequences can be detrimental—like diabetes, dementia, depression, and osteoporosis.<br\/><br\/><em>What is it costing you to feel so bad for that long? <\/em><br\/><br\/>When I was trapped in my own \"hormone hell\" my business and my family suffered right along with me. <br\/><br\/>If you really think about this, you’ll realize it’s costing you FAR MORE not to take action. <br\/><br\/>Many women waste $10,000's on...<\/p>","text_alignment":"center","text_size":"p","css_class":""}},"37ddca1f-3f50-45ab-9680-e862c155411b":{"type":"image","disabled":true,"settings":{"image":"shopify:\/\/shop_images\/Screenshot_2023-03-25_071321.png","max_width":0,"css_class":""}},"cdba0faa-3158-4b44-ac75-42d0f7a88a17":{"type":"image","settings":{"image":"shopify:\/\/shop_images\/PrescriptionDrugs.jpg","max_width":0,"css_class":"img-grid"}},"17e7864d-e2c6-4a8e-9337-0b0449499e44":{"type":"image","settings":{"image":"shopify:\/\/shop_images\/ScarySurgeries.jpg","max_width":0,"css_class":"img-grid"}},"ec9b9ba7-9aaf-435d-bd50-1b5d4d8493ce":{"type":"image","settings":{"image":"shopify:\/\/shop_images\/CosmeticProcedures.jpg","max_width":0,"css_class":"img-grid"}},"d88b7aca-3a3d-4156-a607-aa8781dbf41c":{"type":"image","settings":{"image":"shopify:\/\/shop_images\/BiggerClothes.jpg","max_width":0,"css_class":"img-grid"}},"0fd602f9-c8f3-4561-af5f-181a404025d8":{"type":"image","settings":{"image":"shopify:\/\/shop_images\/MarriageCounseling.jpg","max_width":0,"css_class":"img-grid"}},"a127ac04-9269-4a2f-955b-a5daf64e4544":{"type":"image","settings":{"image":"shopify:\/\/shop_images\/GettingDivorced.jpg","max_width":0,"css_class":"img-grid"}},"3c5db259-3d55-4311-b5cd-e0eb46c387c3":{"type":"text","settings":{"text":"<p>...but none of those actually fix the ROOT CAUSES of hormone imbalance like Magic Menopause does!<\/p>","text_alignment":"center","text_size":"p","css_class":""}}},"block_order":["template--14366653710391__ca4badc6-3ac1-4306-ba51-a844442b16ae-1679321483e70f5ed3-0","64a256cb-81ef-41c2-8728-270f176ee61b","3c917340-b10e-4da6-b0bb-118800bad98a","063ec7ce-b9f2-42c5-ab80-014d5370fa79","37ddca1f-3f50-45ab-9680-e862c155411b","cdba0faa-3158-4b44-ac75-42d0f7a88a17","17e7864d-e2c6-4a8e-9337-0b0449499e44","ec9b9ba7-9aaf-435d-bd50-1b5d4d8493ce","d88b7aca-3a3d-4156-a607-aa8781dbf41c","0fd602f9-c8f3-4561-af5f-181a404025d8","a127ac04-9269-4a2f-955b-a5daf64e4544","3c5db259-3d55-4311-b5cd-e0eb46c387c3"],"custom_css":[".rich-text__blocks > *:not(:first-child) {background-color: white; padding: 2em; margin-top: 0;}","p {color: black;}",".image__media {background-color: white;}","ul {list-style: none; position: relative; padding-left: 2em;}","i {position: absolute; left: 0.5em; color: rgb(var(--color-base-accent-4));}",".meritocracy {font-family: \"Meritocracy-Regular\"; font-size: 2em; color: rgb(var(--color-base-accent-3));}","h2:not(:first-child) {border-top: 4px solid rgb(var(--color-base-accent-3)); border-bottom: 4px solid currentcolor; padding: 1em 0;}"],"settings":{"anchor_id":"","color_scheme":"accent-2","full_width":true,"padding_top":80,"padding_bottom":36,"css_class":"","custom_css":"h2:first-child { margin-bottom: 1em; }\n\n.grid.img-grid { width: 50%; float: left; padding: 1em; filter: grayscale(100%);}","custom_css_mobile":".rich-text__blocks &gt; div {padding: 1em;}\n .rich-text__blocks {width: 85%;}\n.grid.img-grid { padding: .5em;}"}},"23e8b5b6-87b3-45f1-8bfd-3deda737dabb":{"type":"video","settings":{"heading":"Still Not Sure? I promise that Magic Menopause will work for you... or I'll refund your money!","heading_size":"h1","heading_color":"color-scheme","cover_image":"shopify:\/\/shop_images\/Screenshot_2023-03-24_110605.png","video_url_metafield":"","video_url":"https:\/\/player.vimeo.com\/video\/455642469","description":"","transcript":"<p>I have seen countless lives changed for the better by my Magic Menopause program.And I know — without a doubt —- that if you work my plan, my plan will work for you.That's why I am pleased to offer you my \"Pure Magic\" 100% Money-Back Guarantee:If you follow my 8-week Magic Menopause protocol — and your menopause symptoms aren't drastically reduced — then I'll gladly give you a 100% refund!You've got nothing to lose... so join us!<\/p>","full_width":false,"color_scheme":"accent-2","padding_top":80,"padding_bottom":36,"css_class":"","custom_css":"","custom_css_mobile":""}},"505010d4-638e-4001-9759-190b76a987ea":{"type":"video","settings":{"heading":"When You Join Magic Menopause You're Helping Women and Children Around the World Recover from Traumatic Events","heading_size":"h1","heading_color":"color-scheme","cover_image":"shopify:\/\/shop_images\/Screenshot_2023-03-24_113152.png","video_url_metafield":"","video_url":"https:\/\/player.vimeo.com\/video\/455642390","description":"","transcript":"<p>When you purchase anything from my company — including Magic Menopause — you are helping support the Garrett V Bivens foundation.That is a non-profit organization I formed in memory of my son Garrett who passed away in a tragic accident when he was just 18 months old.My family and I suffered a lot of trauma when that happened, but now that we've recovered, we want to help other women and children recover from traumatic events.So far, the Garrett V Bivens Foundation has helped fund...The House of Hope — a rehabilitation home for girls who were victims of human traffickingThe rebuilding and resupplying of the Fruto de la Vid Christian Academy in Gurabo, Puerto Rico after it was devastated by hurricane MariaScholarships for young women striving to make the world a better community...and so many more worthwhile and wonderful projects!So when you decide to join Magic Menopause you're not just doing something good for yourself and those you care for...You're bringing love, compassion, peace and healing to broken hearts who really need it...all across the world.Thank you.<\/p>","full_width":false,"color_scheme":"accent-4","padding_top":76,"padding_bottom":36,"css_class":"","custom_css":"","custom_css_mobile":""}},"39ba1ed0-4f9c-4d3a-bbb2-f6aff7043ef2":{"type":"multicolumn","blocks":{"79732881-6edf-44df-98fa-23c405900a60":{"type":"product_bundle","settings":{"image":"shopify:\/\/shop_images\/MagicMenopauseBundle_V1.png","title":"“Yes, Dr. Anna! I’m ready to experience my own Magic Menopause transformation!”","variants":"magic-menopause-course, MAGIC-COURSE\npura-d-cleanse-gi-sugar-and-stevia-free, KA-PROTEIN\nmighty-maca, MACA-CAN\ndr-anna-cabeca-keto-alkaline-weight-loss-solution-urinalysis-test-strips, KPH-URINE\njulva-lip-duo,JULVA-LIPDUO\ndr-anna-bag, DRANNA-BAG\nketo-green-shake-3-servings, KG-SHAKE-03\njulva-7-night-travel-pack, JULVA-TRAVEL\nmighty-maca-plus-trial-pack, MACA-TRIAL\ndr-annas-shaker-cup, CUP-SHAKE-HE","offer_name":"Magic Menopause Bundle","price_features":"total","banner":"","text":"<ul><li><strong>​<\/strong>&lt;i class=\"fa-fw fas fa-circle-check\"&gt;&lt;\/i&gt;<strong>7 “Magic Menopause” video trainings + workbooks ($1,000 value)<\/strong><\/li><li><strong>​<\/strong>&lt;i class=\"fa-fw fas fa-circle-check\"&gt;&lt;\/i&gt;<strong>Private online support community (priceless)<\/strong><\/li><\/ul><p><\/p><ul><li>&lt;i class=\"fa-fw fas fa-gift\"&gt;&lt;\/i&gt;<strong>SUCCESS KIT BONUS 1: <\/strong>“Keto-pH” Test Strips + Phone App ($25 value)<\/li><li>&lt;i class=\"fa-fw fas fa-gift\"&gt;&lt;\/i&gt;<strong>​SUCCESS KIT BONUS 2: <\/strong>“Mighty Maca Plus” Superfood Mix ($70 value)<\/li><li><strong>​<\/strong>&lt;i class=\"fa-fw fas fa-gift\"&gt;&lt;\/i&gt;<strong>SUCCESS KIT BONUS 3: <\/strong>\"Zero Gram Sugar\" Protein Shake Mix ($77 value)<\/li><li>&lt;i class=\"fa-fw fas fa-gift\"&gt;&lt;\/i&gt;<strong>​SUCCESS KIT BONUS 4: <\/strong>FREE SHIPPING IN THE US! ($20 value)<\/li><\/ul><p><\/p><ul><li>&lt;i class=\"fa-fw fas fa-bolt\"&gt;&lt;\/i&gt;<strong>INSTANT BONUS 1: <\/strong>\"All Things V\" 200 page ebook ($13 value)<\/li><li>&lt;i class=\"fa-fw fas fa-bolt\"&gt;&lt;\/i&gt;<strong>INSTANT BONUS 2: <\/strong>\"Staying Keto-Green on the Go\" guide ($11 value)<\/li><li>&lt;i class=\"ffa-fw fas fa-face-surprise\"&gt;&lt;\/i&gt;<strong>COMPLETION BONUS: <\/strong>\"Sexual CPR\" home study program ($497 value)<\/li><\/ul>","guarantee_length":"none","offer_inventory_policy":"deny","show_inventory":false,"inventory_label":"","coupon_discounts":"","layout":"recommended\ntitle\nimage\nprice\nsnippets\ninventory\nbuy_buttons\npayment_types","css_class":""}}},"block_order":["79732881-6edf-44df-98fa-23c405900a60"],"custom_css":[".offer-box {background-color: white; color: black; padding: 1em; border: 5px solid rgb(var(--color-base-accent-3)); border-top-width: 20px; border-bottom: none;}",".h5 {color: black;}",".offer-snippet li {text-transform: none;}",".fa-circle-check {color: rgb(var(--color-base-accent-4));}",".fa-gift {color: var(--dac-color-embrace);}",".fa-bolt {color: var(--dac-color-shine);}",".fa-face-surprise {color: var(--dac-color-awaken);}",".multicolumn-list__item:has(.offer-box) {max-width: 50rem;}",".standout,.payment-types {display: none;}"],"settings":{"anchor_id":"buy","title":"No Risk Reservation Form","text":"","heading_size":"h0","heading_color":"color-scheme","text_size":"p","column_heading_size":"h3","column_text_size":"p","image_width":"full","image_ratio":"adapt","columns_desktop":1,"column_alignment":"left","column_link_type":"button","background_style":"none","button_label":"","button_link":"","button_color":"accent-1","color_scheme":"accent-2","columns_mobile":"1","swipe_on_mobile":false,"padding_top":80,"padding_bottom":0,"css_class":"dac-alt-font-h2","custom_css":".svg-inline--fa {\n  position: absolute;\n  left: 0.5em;\n      padding-top: 0.2em;\n}\n.recommended { display: none!important; }\n.fine-print { margin-top: 1.5em;font-size: .8em; }\n.save-sticker { top: 8rem; }\nli ul {\n  list-style: none;\n  position: relative;\n  padding-left: 2em;\n}\n.offer-box__multicolumn .multicolumn-card__image-wrapper { max-width: 90%;  }","custom_css_mobile":""}},"87339687-8492-47a6-be44-c4d8c52c9788":{"type":"rich-text","blocks":{"f18d787e-10a1-4d72-af85-ad62b48c9ada":{"type":"image","settings":{"image":"shopify:\/\/shop_images\/shop-pay-buy-now-pay-later.jpg","max_width":0,"css_class":"shop-pay"}},"template--14366653710391__87339687-8492-47a6-be44-c4d8c52c9788-167967231728a3ef2c-0":{"type":"heading","settings":{"heading":"The Best is Yet to Come!","heading_size":"h0","heading_alignment":"center","heading_color":"accent-3","css_class":"","heading_divider":false}},"template--14366653710391__87339687-8492-47a6-be44-c4d8c52c9788-167967231728a3ef2c-1":{"type":"text","settings":{"text":"<p>You’ve spent many decades earning and learning.<br\/><br\/>Now it’s time for <strong>returning<\/strong>; inspiring the younger generations with your <strong>wisdom <\/strong>and <strong>experience<\/strong>.<br\/>But if you want to give freely and abundantly it can only come from an abundantly <strong>overflowing cup<\/strong>.<br\/><br\/><em>No more running on empty and burning yourself out! <\/em><\/p>","text_alignment":"left","text_size":"p","css_class":""}},"3d6bd4e1-12b9-49f5-ac7d-7847a598221f":{"type":"image","settings":{"image":"shopify:\/\/shop_images\/MagicMenopause-generations.jpg","max_width":0,"css_class":""}},"3c7993a4-da8e-40de-8aa5-5eeefa6c24f9":{"type":"text","settings":{"text":"<p>Let’s work together to make sure you're as <strong>healthy, vibrant, and connected <\/strong>as possible during this special new stage in your life.<br\/><br\/>I look forward to helping you experience a magical Menopause!<br\/><br\/>Sending You Love,<br\/>&lt;span class=\"meritocracy\"&gt;Dr. Anna Cabeca&lt;\/span&gt;<br\/>Dr. Anna Cabeca, DO, FACOG, ABOIM<\/p><p><br\/>P.S. When you have great health you have 1,000 wishes—but when you don't have great health you only have 1 wish. (Think about that one for a moment.) You can't put a price tag on how good it feels to wake up every day in a sound mind and body. You accomplish more, you get more of what you want, and everyone around you is happier because they feel your joy. I created this program with YOU in mind—<strong>so join us!<\/strong><\/p>","text_alignment":"left","text_size":"p","css_class":""}}},"block_order":["f18d787e-10a1-4d72-af85-ad62b48c9ada","template--14366653710391__87339687-8492-47a6-be44-c4d8c52c9788-167967231728a3ef2c-0","template--14366653710391__87339687-8492-47a6-be44-c4d8c52c9788-167967231728a3ef2c-1","3d6bd4e1-12b9-49f5-ac7d-7847a598221f","3c7993a4-da8e-40de-8aa5-5eeefa6c24f9"],"custom_css":[".rich-text__blocks > div {background-color: white; color: black; padding: 2em; margin-top: 0;}",".image__media {background-color: white;}","ul {list-style: none; position: relative; padding-left: 2em;}","i {position: absolute; left: 0.5em; color: rgb(var(--color-base-accent-4));}",".meritocracy {font-family: \"Meritocracy-Regular\"; font-size: 2em; color: rgb(var(--color-base-accent-3));}",".shop-pay {max-width: 50rem; margin: 0 auto; border: 5px solid var(--dac-color-shine); border-top: none; padding-top: 0 !important; margin-bottom: 100px;}"],"settings":{"anchor_id":"","color_scheme":"accent-2","full_width":true,"padding_top":0,"padding_bottom":52,"css_class":"dac-alt-font-h2","custom_css":"","custom_css_mobile":".rich-text__blocks &gt; div {padding: 1em;}\n .rich-text__blocks {width: 85%;}"}},"be76ae71-a8ce-4b0c-9bb7-7b31274c6884":{"type":"multicolumn","blocks":{"template--14366653710391__be76ae71-a8ce-4b0c-9bb7-7b31274c6884-16796716439d8c7bfd-0":{"type":"column","settings":{"image":"shopify:\/\/shop_images\/David-Perlmutter-headshot.jpg","title":"“Women’s Health is Truly Blessed”","heading_color":"accent-3","text":"<p>“Dr. Anna Cabeca brings an extraordinary level of academic expertise, passion and compassion to the art and science of medicine. She approaches patient care with a wide lens that gives her a far reaching perspective encompassing a wide range of factors that play into the delicate balance between disease and wellness. The field of women’s health is truly blessed by Anna’s gifts.”<br\/><\/p><p><strong>David Perlmutter, MD<br\/><\/strong>New York Times #1 Bestselling Author of <em>Brain Wash<\/em>, <em>Brain Maker<\/em>, and <em>Grain Brain<\/em><\/p>","link_label":"","link":"","button_color":"color-scheme","css_class":""}},"template--14366653710391__be76ae71-a8ce-4b0c-9bb7-7b31274c6884-16796716439d8c7bfd-1":{"type":"column","settings":{"image":"shopify:\/\/shop_images\/jj-virgin-headshot.png","title":"“Rare in Doctors Today”","heading_color":"accent-3","text":"<p>\"Dr. Anna Cabeca is my go-to for women's restorative and sexual health. She combines an impressive medical background and encyclopedic knowledge with a kindness, compassion, and humor that's rare in doctors today. And she created one of my favorite and best-tasting green drink powders available. I can't recommend her highly enough!\"<br\/><br\/><strong>JJ Virgin CNS, CHFS<\/strong><br\/>Celebrity Nutrition & Fitness Expert<br\/>NYT Bestselling Author of The <em>Virgin Diet<\/em> & <em>The Virgin Diet Cookbook<\/em><\/p>","link_label":"","link":"","button_color":"color-scheme","css_class":"bd-teal"}},"template--14366653710391__be76ae71-a8ce-4b0c-9bb7-7b31274c6884-16796716439d8c7bfd-2":{"type":"column","settings":{"image":"shopify:\/\/shop_images\/DrNaliniChilkov-headshot.jpg","title":"“A Rare Expert!”","heading_color":"accent-3","text":"<p>“Dr. Anna Cabeca is a compassionate and knowledgeable physician and educator, a rare expert who takes a comprehensive health-focused approach to the complexities of hormonal balance and healthy aging.”<br\/><br\/><strong>Dr. Nalini Chilkov, L.Ac., O.M.D.<\/strong><br\/>Founder, <em>Integrative Cancer Answers<\/em><\/p>","link_label":"","link":"","button_color":"color-scheme","css_class":"bd-magenta"}}},"block_order":["template--14366653710391__be76ae71-a8ce-4b0c-9bb7-7b31274c6884-16796716439d8c7bfd-0","template--14366653710391__be76ae71-a8ce-4b0c-9bb7-7b31274c6884-16796716439d8c7bfd-1","template--14366653710391__be76ae71-a8ce-4b0c-9bb7-7b31274c6884-16796716439d8c7bfd-2"],"custom_css":[".multicolumn-card__image-wrapper {margin: 0 auto; width: 100%; max-width: 300px; padding: 2em 1em 1em;}",".content-container {display: grid; grid-template-columns: 1fr 2fr;}",".multicolumn-card {background-color: white; color: black; border-top: 7px solid rgb(var(--color-base-accent-3)); padding-bottom: 1em; padding: 1em;}",".bd-teal .multicolumn-card {border-color: rgb(var(--color-base-accent-4));}",".bd-magenta .multicolumn-card {border-color: rgb(var(--color-base-accent-1));}",".slider-mobile-gutter {max-width: 1000px; margin: 0 auto;}"],"settings":{"anchor_id":"","title":"","text":"","heading_size":"h0","heading_color":"accent-3","text_size":"p","column_heading_size":"h3","column_text_size":"p","image_width":"full","image_ratio":"adapt","columns_desktop":1,"column_alignment":"left","column_link_type":"button","background_style":"none","button_label":"","button_link":"","button_color":"color-scheme","color_scheme":"accent-2","columns_mobile":"1","swipe_on_mobile":false,"padding_top":36,"padding_bottom":36,"css_class":"dac-allow-media-resize","custom_css":".grid {\n  row-gap: 2rem;\n}","custom_css_mobile":".content-container {\n  display: grid;\n  grid-template-columns: 1fr;\n}"}}},"order":["16462238058b508f23","main","165486030388620125","16543413375e4fa8d4","f4ca077f-2455-443a-9924-a2c1951c33a5","c2a450bc-4a44-4966-b45e-c078319be24a","f286d129-24e8-4c74-8734-cf3ed07da069","0b51d628-5247-4111-866c-83f73ccb66b3","9fce283b-484a-4804-8050-2faa85fd8622","0a9d482f-dbe7-49f9-ad12-1643b35e350a","bea21192-3a32-4357-89d7-1da103d341d3","867839c8-6d18-4315-81f7-7d3428a16266","a4de3cc6-53e7-4881-b233-2c00603736c6","9a1380e9-4059-4255-8b91-2a11d91a5a2a","a51fe25b-febb-435f-b057-6dcea224a18c","0c3b1dc2-5167-4b14-bb20-d3adda845049","7da7d577-a87d-46dc-b37c-b8f92d838248","4399c74f-116e-4a18-adab-bf3171f16505","ca4badc6-3ac1-4306-ba51-a844442b16ae","23e8b5b6-87b3-45f1-8bfd-3deda737dabb","505010d4-638e-4001-9759-190b76a987ea","39ba1ed0-4f9c-4d3a-bbb2-f6aff7043ef2","87339687-8492-47a6-be44-c4d8c52c9788","be76ae71-a8ce-4b0c-9bb7-7b31274c6884"]}