{"layout":"theme-offer-page","sections":{"main":{"type":"main-page","settings":{"display_title":true,"color_scheme":"background-1","padding_top":40,"padding_bottom":40,"css_class":"visually-hidden","custom_css":"","custom_css_mobile":""}},"1640097424c2f7eec2":{"type":"header-offer-page","blocks":{"64d5290e-0111-45f8-add9-b15e6899534a":{"type":"countdown_timer","disabled":true,"settings":{"title":"Masterclass Begins In:","end_date_time":"August 31, 2022 19:00:00 GMT-0400","first_countdown":true,"color_scheme":"background-1","padding_top":20,"padding_bottom":20,"css_class":""}},"bd5c02bc-ed1a-47fb-93b9-a67e14efaa95":{"type":"custom_colors","settings":{"colors_solid_button_labels":"","colors_accent_1":"","gradient_accent_1":"","colors_accent_2":"rgba(0,0,0,0)","gradient_accent_2":"","colors_accent_3":"","colors_accent_4":"","colors_text":"","colors_outline_button_labels":"","colors_background_1":"","gradient_background_1":"","colors_background_2":"#fcfaf7","gradient_background_2":""}}},"block_order":["64d5290e-0111-45f8-add9-b15e6899534a","bd5c02bc-ed1a-47fb-93b9-a67e14efaa95"],"settings":{"color_scheme":"accent-2","display_logo":true,"enable_logo_link":false,"logo_color":"gold","show_line_separator":false,"enable_sticky_header":true,"margin_bottom":0,"css_class":"","custom_css":"","custom_css_mobile":""}},"c1ead3b4-a76d-431f-ae6e-416b204d70dd":{"type":"rich-text","blocks":{"31cedef1-d231-4960-93ae-de796f6f20e8":{"type":"image","settings":{"image":"shopify:\/\/shop_images\/HotTopics_InWomensSexualhealth_logo-02.png","max_width":0,"css_class":""}},"780f5926-f4fd-4c19-94b3-0fb472997cf0":{"type":"heading","settings":{"heading":"How Intimacy is Affected by Desire, Disconnect, and Discomfort","heading_size":"h2","heading_alignment":"center","heading_color":"color-scheme","css_class":"","heading_divider":false}},"07993cfb-9d7e-4a9c-9297-c5f65ace5424":{"type":"button","settings":{"button_label":"Watch Replay","button_link":"#optin","button_style_secondary":false,"button_alignment":"center","button_color":"color-scheme","css_class":""}}},"block_order":["31cedef1-d231-4960-93ae-de796f6f20e8","780f5926-f4fd-4c19-94b3-0fb472997cf0","07993cfb-9d7e-4a9c-9297-c5f65ace5424"],"settings":{"anchor_id":"","color_scheme":"background-1","full_width":true,"padding_top":40,"padding_bottom":52,"css_class":"","custom_css":".rich-text {background-image: url(https:\/\/cdn.shopify.com\/s\/files\/1\/0524\/5661\/files\/TGFD_HottopicsBannerImage.jpg);\nbackground-repeat: no-repeat;\n  background-size: cover;\nbackground-position: center top;\n}\n\n.image__media { background: transparent;\nmax-width:80%; \nmargin: auto;\nmargin-bottom:-40px;\n\n}\n \nh2{\nfont-style:italic;\nfont-size:1.9em;\nfont-weight: 300;\n}","custom_css_mobile":""}},"1651243183dc8c517f":{"type":"rich-text","blocks":{"874fd46a-e6e1-4df1-aab5-9f3b58513352":{"type":"heading","settings":{"heading":"Join me, Trina Felber, and my guest, triple-board certified OB-GYN Dr. Anna Cabeca, for a can’t-miss workshop where you’ll learn everything you wish your doctor would tell you about menopause.","heading_size":"h2","heading_alignment":"center","heading_color":"accent-2","css_class":"","heading_divider":true}},"1651243182c24ad981-0":{"type":"heading","settings":{"heading":"Stop taking medical advice from Dr. Google. ","heading_size":"h2","heading_alignment":"center","heading_color":"color-scheme","css_class":"","heading_divider":false}},"5991f050-b741-4e28-8237-65e9cb422c61":{"type":"heading","settings":{"heading":"Instead, learn from a triple-board certified OB-GYN…","heading_size":"h1","heading_alignment":"center","heading_color":"color-scheme","css_class":"ob","heading_divider":false}},"58c5d5c9-a320-48eb-846c-dc4fe8522769":{"type":"list","settings":{"list_items":"<p>What’s <strong>REALLY happening<\/strong> with your body and hormones as you age<\/p><p>The <strong>unseen effects of unresolved menopause symptoms<\/strong> on your health, relationships, and well-being<\/p><p>How to <strong>naturally reverse vaginal dryness, loss of sensation, and low libido<\/strong> and start having great sex again (or for the first time!)<\/p><p><strong>Safe treatments<\/strong> for breast cancer survivors… and what to avoid at all costs<\/p><p>​Proven methods to <strong>regain control over your body<\/strong> through perimenopause, menopause, and beyond<\/p>","text_alignment":"left","text_size":"h5","css_class":""}}},"block_order":["874fd46a-e6e1-4df1-aab5-9f3b58513352","1651243182c24ad981-0","5991f050-b741-4e28-8237-65e9cb422c61","58c5d5c9-a320-48eb-846c-dc4fe8522769"],"settings":{"anchor_id":"reserve","color_scheme":"background-2","full_width":true,"padding_top":40,"padding_bottom":60,"css_class":"","custom_css":"p { font-size: 1.1em; }\n\nh2 {\nmargin-bottom:0px;\nfont-weight:500;\npadding-bottom: 0px;\n}\n\n.ob {\nfont-weight:300;\nfont-size:2em;\nmargin-top:10px;\n}\n\nul {\n  list-style-type: none; padding-inline-start: 0px;\n}\n\nul li:before {\n  content: '';\n  display: inline-block;\n  height: 20px;\n  width: 20px;\n   background-size: 20px;\n  background-image: url(\"https:\/\/cdn.shopify.com\/s\/files\/1\/0524\/5661\/files\/Checkmark-01.svg?v=1676483502\");\n  background-repeat: no-repeat;\n  margin-right: 8px;\n}","custom_css_mobile":""}},"24b5951e-7094-4e73-aaa5-9e84cac52dbb":{"type":"image-with-text","blocks":{"template--14574374027319__24b5951e-7094-4e73-aaa5-9e84cac52dbb-heading-1":{"type":"heading","settings":{"heading":"Why Dr. Anna?","heading_size":"h1","heading_color":"accent-3","css_class":""}},"template--14574374027319__24b5951e-7094-4e73-aaa5-9e84cac52dbb-text-1":{"type":"text","settings":{"text":"<p>During her own to-hell-and-back health journey, Dr. Anna found her medical training didn’t give her all the answers she needed. So she set out to find solutions for herself. What she learned changed her life and her medical practice forever. <\/p><p><\/p><p>Now she’s on a mission to embolden every woman to take back her power over her body and embrace the next chapter. <\/p><p><\/p><p>If you’re serious about finding relief from frustrating menopause symptoms like hot flashes, weight gain, and incontinence, and you want to feel confident, sharp, and sexy at every age, you won’t want to miss this workshop. <\/p><p><\/p><p>In our time together, Dr. Anna will be debunking misinformation, answering your questions, and sharing natural solutions that are safe, effective, and have thousands of testimonials behind them. You’ll walk away feeling enlightened, empowered, and ready to take control of your well-being.<\/p><p><\/p><p>— TRINA<\/p>","text_style":"body","css_class":"during"}}},"block_order":["template--14574374027319__24b5951e-7094-4e73-aaa5-9e84cac52dbb-heading-1","template--14574374027319__24b5951e-7094-4e73-aaa5-9e84cac52dbb-text-1"],"settings":{"image":"shopify:\/\/shop_images\/DrAnna_headshot.jpg","height":"adapt","desktop_image_width":"medium","layout":"text_first","desktop_content_position":"top","desktop_content_alignment":"left","content_layout":"no-overlap","color_scheme":"accent-2","mobile_content_alignment":"left","padding_top":0,"padding_bottom":36,"css_class":"dac-full-width dac-padding-side-none","custom_css":"h2{\nfont-weight:500;\n}\n\n.during{\nline-height:1.6;\n}","custom_css_mobile":""}},"3f8ad3ac-1cdc-49f5-8234-efe08379c286":{"type":"multicolumn","blocks":{"template--14574374027319__3f8ad3ac-1cdc-49f5-8234-efe08379c286-column-1":{"type":"column","settings":{"image":"shopify:\/\/shop_images\/hottopics_headshots-01.png","title":"Trina Felber CEO, RN, BSN, MSN, CRNA","heading_color":"color-scheme","text":"<p><a href=\"https:\/\/www.primallifeorganics.com\/\" target=\"_blank\" title=\"https:\/\/www.primallifeorganics.com\/\">PrimalLifeOrganics.com<\/a><\/p><p>Trina Felber is recognized as one of the nation’s leading authorities on natural oral care for better health. She’s the Creator and CEO of Primal Life Organics, a premier, all-natural skin and dental care company that focuses on microbiome and oral health as the gateway to internal health. She is the best-selling author of Beauty’s Dirty Secret and has created natural products to biohack your dental health for stronger, cleaner, whiter teeth and improved overall health. Her entrepreneurial skills and business-savvy mindset are an inspiration to women everywhere. <\/p>","link_label":"","link":"","button_color":"color-scheme","css_class":""}},"template--14574374027319__3f8ad3ac-1cdc-49f5-8234-efe08379c286-column-2":{"type":"column","settings":{"image":"shopify:\/\/shop_images\/hottopics_headshots-02.png","title":"Dr. Anna Cabeca, DO, FACOG","heading_color":"color-scheme","text":"<p><a href=\"https:\/\/drannacabeca.com\/\" title=\"https:\/\/drannacabeca.com\/\">DrAnnaCabeca.com<\/a><\/p><p>Dr. Anna Cabeca is an internationally-acclaimed menopause and sexual health expert, global speaker and pioneering promoter of women’s health. She is Emory University-trained and triple board-certified in gynecology and obstetrics, integrative medicine and anti-aging and regenerative medicine, and an USA Today and Amazon #1 Best Selling Author of “The Hormone Fix,” a diet and holistic lifestyle program for menopausal women and \"Keto-Green 16\", a life-changing diet plan for women and men of all ages.<\/p>","link_label":"","link":"","button_color":"color-scheme","css_class":""}}},"block_order":["template--14574374027319__3f8ad3ac-1cdc-49f5-8234-efe08379c286-column-1","template--14574374027319__3f8ad3ac-1cdc-49f5-8234-efe08379c286-column-2"],"settings":{"anchor_id":"","title":"Meet Your Hosts","text":"","heading_size":"h1","heading_color":"color-scheme","text_size":"p","column_heading_size":"h3","column_text_size":"p","image_width":"full","image_ratio":"adapt","columns_desktop":2,"column_alignment":"center","column_link_type":"button","background_style":"none","button_label":"","button_link":"","button_color":"color-scheme","color_scheme":"background-1","columns_mobile":"1","swipe_on_mobile":false,"padding_top":36,"padding_bottom":36,"css_class":"","custom_css":"h2{\nfont-weight:500;\n}\nh3{\nfont-size:1.2em;\nfont-weight:500;\n}\n.multicolumn-card__image-wrapper {\nmargin-left:90px;\nmargin-right:90px;\n}","custom_css_mobile":""}},"1d3e6ea1-ee15-4867-bd86-d4d5b450d9ea":{"type":"rich-text","blocks":{"7d012472-a622-48d7-8475-1109a8baaecd":{"type":"image","settings":{"image":"shopify:\/\/shop_images\/HotTopics_InWomensSexualhealth_logo-02.png","max_width":0,"css_class":""}},"c5b7c334-2cae-46b1-a1b1-3edb85769fca":{"type":"heading","settings":{"heading":"How Intimacy is Affected by Desire, Disconnect, and Discomfort","heading_size":"h2","heading_alignment":"center","heading_color":"color-scheme","css_class":"","heading_divider":false}},"660ccee2-5136-4e27-b05e-4a1f29c43e27":{"type":"custom_liquid","settings":{"custom_liquid":"<center><h3>Enter your information to watch the replay instantly!<\/h3><\/center>\n\n<div class=\"klaviyo-form-TPN4kZ\" data-name=\"Sexual Health Masterclass - Trina Felber\"><\/div>","css_class":""}}},"block_order":["7d012472-a622-48d7-8475-1109a8baaecd","c5b7c334-2cae-46b1-a1b1-3edb85769fca","660ccee2-5136-4e27-b05e-4a1f29c43e27"],"settings":{"anchor_id":"optin","color_scheme":"background-1","full_width":true,"padding_top":40,"padding_bottom":40,"css_class":"","custom_css":".rich-text {background-image: url(https:\/\/cdn.shopify.com\/s\/files\/1\/0524\/5661\/files\/TGFD_HottopicsBannerImage.jpg);\nbackground-repeat: no-repeat;\n  background-size: cover;\nbackground-position: center top;\n}\n\n.image__media { background: transparent;\nmax-width:80%; \nmargin: auto;\nmargin-bottom:-40px;\n\n}\n \nh2{\nfont-style:italic;\nfont-size:1.9em;\nfont-weight: 300;\n}","custom_css_mobile":""}}},"order":["main","1640097424c2f7eec2","c1ead3b4-a76d-431f-ae6e-416b204d70dd","1651243183dc8c517f","24b5951e-7094-4e73-aaa5-9e84cac52dbb","3f8ad3ac-1cdc-49f5-8234-efe08379c286","1d3e6ea1-ee15-4867-bd86-d4d5b450d9ea"]}