{
  "sections": {
    "main": {
      "type": "main-page",
      "disabled": true,
      "settings": {
        "display_title": false,
        "color_scheme": "background-1",
        "padding_top": 28,
        "padding_bottom": 28,
        "css_class": "center",
        "custom_css": "",
        "custom_css_mobile": ""
      }
    },
    "16458011004aaa609d": {
      "type": "rich-text",
      "blocks": {
        "16458011000d532d59-0": {
          "type": "heading",
          "settings": {
            "heading": "Congrats on Purchasing The Hormone Fix",
            "heading_size": "h1",
            "heading_alignment": "center",
            "heading_color": "accent-1",
            "css_class": "",
            "heading_divider": false
          }
        },
        "16458011000d532d59-1": {
          "type": "text",
          "settings": {
            "text": "<p>BY DR. ANNA CABECA<\/p>",
            "text_alignment": "center",
            "text_size": "h4",
            "css_class": ""
          }
        }
      },
      "block_order": [
        "16458011000d532d59-0",
        "16458011000d532d59-1"
      ],
      "settings": {
        "anchor_id": "",
        "color_scheme": "background-1",
        "full_width": true,
        "padding_top": 40,
        "padding_bottom": 20,
        "css_class": "",
        "custom_css": "",
        "custom_css_mobile": ""
      }
    },
    "1663082416842d7182": {
      "type": "multicolumn",
      "blocks": {
        "16630824169ca180ab-0": {
          "type": "column",
          "settings": {
            "image": "shopify:\/\/shop_images\/book-stoack-8_1.png",
            "title": "",
            "heading_color": "color-scheme",
            "text": "",
            "link_label": "",
            "link": "",
            "button_color": "color-scheme",
            "css_class": ""
          }
        },
        "58e5de04-77ff-4446-9343-1515cb95a3ed": {
          "type": "custom_liquid",
          "settings": {
            "custom_liquid": "<h3>Get all the helpful resources mentioned in the book...<\/h3>\n\n<p>Explore this free eBook to discover:<\/p><ul><li>Quizzes, assessments, and checklists<\/li><li>​​Special offers on my products and other products I love​<\/li><li>​Membership to my Keto-Green support community on Facebook<\/li><\/ul>\n<p style=\"padding-top:15px;\">Where should I send the report?<\/p>\n\n<div class=\"klaviyo-form-XmKkNP\" data-name=\"Hormone Fix Resources\"><\/div>",
            "css_class": "rte"
          }
        }
      },
      "block_order": [
        "16630824169ca180ab-0",
        "58e5de04-77ff-4446-9343-1515cb95a3ed"
      ],
      "settings": {
        "anchor_id": "",
        "title": "",
        "text": "",
        "heading_size": "h1",
        "heading_color": "color-scheme",
        "text_size": "p",
        "column_heading_size": "h3",
        "column_text_size": "p",
        "image_width": "full",
        "image_ratio": "adapt",
        "columns_desktop": 2,
        "column_alignment": "left",
        "column_link_type": "button",
        "background_style": "none",
        "button_label": "",
        "button_link": "",
        "button_color": "color-scheme",
        "color_scheme": "background-1",
        "columns_mobile": "1",
        "swipe_on_mobile": false,
        "padding_top": 36,
        "padding_bottom": 24,
        "css_class": "",
        "custom_css": ".optin h3 {\ncolor:#9f2b68;\npadding-bottom: 5px;\n}\n\n.optin p {\nfont-size: 24px;\n}\n\n.optin ul li {\npadding-top: 10px;\n}\n\n.rte ul {\n  list-style-type: none; padding-inline-start: 0px;\n}\n\n.rte ul li:before {\n  content: '';\n  display: inline-block;\n  height: 20px;\n  width: 20px;\n   background-size: 20px;\n  background-image: url(\"https:\/\/cdn.shopify.com\/s\/files\/1\/0524\/5661\/files\/tealcheckmark-03.png\");\n  background-repeat: no-repeat;\n  margin-right: 8px;\n}\n\n.image-with-text__media img {width:90%;}\n\nh3{\ncolor:black;\n}",
        "custom_css_mobile": ""
      }
    }
  },
  "order": [
    "main",
    "16458011004aaa609d",
    "1663082416842d7182"
  ]
}
