{
  "layout": "theme-offer-page",
  "sections": {
    "main": {
      "type": "main-page",
      "settings": {
        "display_title": true,
        "color_scheme": "background-1",
        "padding_top": 40,
        "padding_bottom": 40,
        "css_class": "visually-hidden",
        "custom_css": "",
        "custom_css_mobile": ""
      }
    },
    "1640097424c2f7eec2": {
      "type": "header-offer-page",
      "blocks": {
        "64d5290e-0111-45f8-add9-b15e6899534a": {
          "type": "countdown_timer",
          "disabled": true,
          "settings": {
            "title": "",
            "end_date_time": "August 19, 2022 23:59:59 GMT-0500",
            "first_countdown": true,
            "color_scheme": "background-1",
            "padding_top": 20,
            "padding_bottom": 20,
            "css_class": ""
          }
        },
        "bd5c02bc-ed1a-47fb-93b9-a67e14efaa95": {
          "type": "custom_colors",
          "settings": {
            "colors_solid_button_labels": "",
            "colors_accent_1": "",
            "gradient_accent_1": "",
            "colors_accent_2": "#9f2b68",
            "gradient_accent_2": "",
            "colors_accent_3": "#be9452",
            "colors_accent_4": "",
            "colors_text": "",
            "colors_outline_button_labels": "",
            "colors_background_1": "",
            "gradient_background_1": "",
            "colors_background_2": "",
            "gradient_background_2": ""
          }
        }
      },
      "block_order": [
        "64d5290e-0111-45f8-add9-b15e6899534a",
        "bd5c02bc-ed1a-47fb-93b9-a67e14efaa95"
      ],
      "disabled": true,
      "settings": {
        "color_scheme": "accent-3",
        "display_logo": true,
        "enable_logo_link": false,
        "logo_color": "gold",
        "show_line_separator": false,
        "enable_sticky_header": true,
        "margin_bottom": 0,
        "css_class": "",
        "custom_css": "",
        "custom_css_mobile": ""
      }
    },
    "16475248305a1a0206": {
      "type": "image-banner",
      "settings": {
        "image": "shopify:\/\/shop_images\/JulvaPractitioner_LandingPage_Desktop.jpg",
        "mobile_image": "shopify:\/\/shop_images\/JulvaPractitioner_LandingPage_Mobile.jpg",
        "link": "#buy",
        "image_overlay_opacity": 0,
        "image_height": "medium",
        "adapt_height_first_image": true,
        "desktop_content_position": "middle-center",
        "show_text_box": true,
        "desktop_content_alignment": "center",
        "color_scheme": "background-1",
        "mobile_content_alignment": "center",
        "stack_images_on_mobile": true,
        "show_text_below": true,
        "css_class": "",
        "custom_css": "",
        "custom_css_mobile": ""
      }
    },
    "88bcf064-5c31-499b-97a2-814243f40e92": {
      "type": "rich-text",
      "blocks": {
        "template--14513686446135__88bcf064-5c31-499b-97a2-814243f40e92-1685980700b910ad77-2": {
          "type": "button",
          "settings": {
            "button_label": "CLICK HERE FOR FREE SAMPLES",
            "button_link": "#optin",
            "button_style_secondary": false,
            "button_alignment": "center",
            "button_color": "accent-4",
            "css_class": ""
          }
        }
      },
      "block_order": [
        "template--14513686446135__88bcf064-5c31-499b-97a2-814243f40e92-1685980700b910ad77-2"
      ],
      "settings": {
        "anchor_id": "",
        "color_scheme": "background-1",
        "full_width": true,
        "padding_top": 40,
        "padding_bottom": 52,
        "css_class": "",
        "custom_css": ".button {padding: 20px}",
        "custom_css_mobile": ""
      }
    },
    "16533041696f2f485c": {
      "type": "video",
      "settings": {
        "heading": "WHY SHOULD YOUR PATIENTS USE JULVA",
        "heading_size": "h0",
        "heading_color": "accent-1",
        "cover_image": "shopify:\/\/shop_images\/JulvaPractitioner_LandingPage_DesktopVideo.jpg",
        "video_url_metafield": "",
        "video_url": "https:\/\/youtu.be\/X9pm6w9SoEU",
        "description": "How to use Julva",
        "transcript": "",
        "full_width": false,
        "color_scheme": "background-1",
        "padding_top": 64,
        "padding_bottom": 64,
        "css_class": "",
        "custom_css": "",
        "custom_css_mobile": "h2 {font-size:35px;\n}"
      }
    },
    "1664465501170b35c3": {
      "type": "rich-text",
      "blocks": {
        "166446550152dd3619-1": {
          "type": "text",
          "settings": {
            "text": "<p><strong>Welcome Colleague,<\/strong><\/p><p>As you know so many women struggle with menopausal hormonal changes and their consequences. It is why I am so excited to share with you the nurturing formula I created called Julva®, a feminine cream for women to help with vaginal and vulvar dryness, discomfort with sex, and leaking.<\/p><p>If you are interested in ordering Julva Samples and Brochures, please <a href=\"#optin\" title=\"#optin\">fill out the form below<\/a>.<\/p><p>I believe so strongly that Julva® will work for your customers that we offer a full 60-day money back no-hassle guarantee on the 60-day tube of Julva®. We provide a lot of support to our providers and customers and have a frequently asked questions page at <a href=\"https:\/\/dranna.com\/julvafaq\" target=\"_blank\">dranna.com\/julvafaq<\/a>. I also have included my <a href=\"https:\/\/cdn.shopify.com\/s\/files\/1\/0524\/5661\/files\/Vaginal_Atrophy.pdf\" target=\"_blank\">white paper<\/a> for your review.<\/p><p>Julva® has been called “life-changing” and for that I am so grateful and humbled to hear. And because of this, I really want to spread the word about Julva with as many professionals like you that I possibly can. I invite you to submit the form request below to receive complimentary Julva Samples and Brochures for your staff and patients to try!<\/p><p>If you are interested in joining our Wholesale network of practitioners and wellness professionals carrying Julva in their clinics, please contact our team at: <a href=\"mailto:wholesale@drannacabeca.com\" target=\"_blank\">wholesale@drannacabeca.com<\/a> or (904) 452-8432. For more information on this wholesale opportunity, please click <a href=\"https:\/\/drannacabeca.com\/pages\/wholesaler-application-form\" target=\"_blank\" title=\"https:\/\/drannacabeca.com\/pages\/wholesaler-application-form\">HERE<\/a>.<\/p>",
            "text_alignment": "left",
            "text_size": "h4",
            "css_class": ""
          }
        }
      },
      "block_order": [
        "166446550152dd3619-1"
      ],
      "settings": {
        "anchor_id": "",
        "color_scheme": "background-1",
        "full_width": true,
        "padding_top": 40,
        "padding_bottom": 40,
        "css_class": "",
        "custom_css": "b, strong {color: rgb(var(--color-base-accent-1));\n}",
        "custom_css_mobile": ""
      }
    },
    "16644616771eae6970": {
      "type": "rich-text",
      "blocks": {
        "1664461677d7c1654f-0": {
          "type": "heading",
          "settings": {
            "heading": "JULVA HAS BEEN RECOMMENDED AND PRAISED BY PHYSICIANS WORLDWIDE!",
            "heading_size": "h0",
            "heading_alignment": "center",
            "heading_color": "accent-1",
            "css_class": "title",
            "heading_divider": false
          }
        },
        "ee000e7b-27cf-4b40-b270-24a6a600177d": {
          "type": "text",
          "settings": {
            "text": "<p>“As a women's health expert, Functional Medicine Specialist™, and a Compounding Pharmacist, I am approached by women all the time about vulvar health and libido. This product helps all of that and it doesn't require a prescription! Also, the ingredients are gentle and effective.<br\/>I highly recommend Julva to all of my sisters!\"<br\/><\/p><p>DR. KELLYE SCHAB | BALANCED WELLNESS LLC<\/p>",
            "text_alignment": "left",
            "text_size": "p",
            "css_class": "pink"
          }
        }
      },
      "block_order": [
        "1664461677d7c1654f-0",
        "ee000e7b-27cf-4b40-b270-24a6a600177d"
      ],
      "settings": {
        "anchor_id": "",
        "color_scheme": "background-2",
        "full_width": true,
        "padding_top": 40,
        "padding_bottom": 40,
        "css_class": "",
        "custom_css": ".pink {\nbackground-color:rgb(var(--color-base-accent-1));\ncolor: #ffffff;\npadding:45px;\nfont-size: 35px;\nline-height:1.5em;\nborder-radius: 25px;\n}\n\nh2 {\nfont-size: 45px;\n}",
        "custom_css_mobile": "h2 {font-size:25px;\n}\n.pink{font-size: 20px; padding:20px;}"
      }
    },
    "18b9be52-6e5a-4183-960c-60b079b3b2be": {
      "type": "image-banner",
      "settings": {
        "image": "shopify:\/\/shop_images\/JulvaPractitioner_LandingPage_Testimonial.jpg",
        "mobile_image": "shopify:\/\/shop_images\/JulvaPractitioner_LandingPage_MobileTestimonial.jpg",
        "link": "",
        "image_overlay_opacity": 0,
        "image_height": "medium",
        "adapt_height_first_image": true,
        "desktop_content_position": "middle-center",
        "show_text_box": true,
        "desktop_content_alignment": "center",
        "color_scheme": "background-1",
        "mobile_content_alignment": "center",
        "stack_images_on_mobile": true,
        "show_text_below": true,
        "css_class": "",
        "custom_css": "",
        "custom_css_mobile": ""
      }
    },
    "20d4d9ed-9f13-4e58-9b28-aa93f83c79e9": {
      "type": "image-banner",
      "settings": {
        "image": "shopify:\/\/shop_images\/JulvaPractitioner_LandingPage_Testimonial2.jpg",
        "mobile_image": "shopify:\/\/shop_images\/JulvaPractitioner_LandingPage_Mobiletestimonial2.jpg",
        "link": "",
        "image_overlay_opacity": 0,
        "image_height": "medium",
        "adapt_height_first_image": true,
        "desktop_content_position": "middle-center",
        "show_text_box": true,
        "desktop_content_alignment": "center",
        "color_scheme": "background-1",
        "mobile_content_alignment": "center",
        "stack_images_on_mobile": true,
        "show_text_below": true,
        "css_class": "",
        "custom_css": "",
        "custom_css_mobile": ""
      }
    },
    "1662488668fe22f61a": {
      "type": "rich-text",
      "blocks": {
        "fee0030a-8375-4820-82c3-6c3cfcf2e39a": {
          "type": "heading",
          "settings": {
            "heading": "REQUEST JULVA SAMPLES AND BROCHURES NOW:",
            "heading_size": "h1",
            "heading_alignment": "center",
            "heading_color": "accent-1",
            "css_class": "",
            "heading_divider": false
          }
        },
        "1662488667fd2bd1bf-1": {
          "type": "text",
          "settings": {
            "text": "<p>(All Fields are required)<\/p>",
            "text_alignment": "center",
            "text_size": "h5",
            "css_class": ""
          }
        }
      },
      "block_order": [
        "fee0030a-8375-4820-82c3-6c3cfcf2e39a",
        "1662488667fd2bd1bf-1"
      ],
      "settings": {
        "anchor_id": "optin",
        "color_scheme": "background-2",
        "full_width": true,
        "padding_top": 40,
        "padding_bottom": 0,
        "css_class": "",
        "custom_css": "{ margin-top: -1.2em }",
        "custom_css_mobile": "{ margin-top: .5em }"
      }
    },
    "d12262be-f32f-44e7-b756-2d7e9e928330": {
      "type": "custom-liquid",
      "settings": {
        "anchor_id": "",
        "custom_liquid": "<div class=\"klaviyo-form-UgzXvE\" data-name=\"Julva Samples and Brochures\"><\/div>",
        "color_scheme": "background-2",
        "padding_top": 20,
        "padding_bottom": 52,
        "css_class": "",
        "custom_css": "",
        "custom_css_mobile": ""
      }
    },
    "d831b753-dd44-42f3-820a-47ba10318107": {
      "type": "image-with-text",
      "blocks": {
        "template--14445856260151__d831b753-dd44-42f3-820a-47ba10318107-1670339183b053eaba-0": {
          "type": "heading",
          "settings": {
            "heading": "Meet Dr. Anna",
            "heading_size": "h1",
            "heading_color": "accent-1",
            "css_class": ""
          }
        },
        "template--14445856260151__d831b753-dd44-42f3-820a-47ba10318107-1670339183b053eaba-1": {
          "type": "text",
          "settings": {
            "text": "<p>Medical Doctor, mother, advocate for women’s health, researcher and educator.<\/p><p><\/p><p>Dr. Cabeca is an Emory University trained board certified Gynecologist and Obstetrician, as well as board certified in Integrative Medicine and Anti-Aging and Regenerative Medicine, an expert in Functional Medicine, and an expert in women’s health. She specializes in bio-identical hormone replacement therapy and natural alternatives, successful menopause and age management medicine.<\/p><p><\/p><p>Dr. Cabeca earned her medical degree from Nova-Southeastern University of the Health Sciences in Florida. She completed her residency at Emory University in Atlanta, Georgia in 1999, and maintained a highly successful private practice in Southeast Georgia until she retired in 2013. <\/p><p><\/p><p>Dr. Cabeca now focuses on educating women and men worldwide, including physicians and healthcare providers, on successful age management, hormone balance and women’s sexual health.<\/p>",
            "text_style": "body",
            "css_class": ""
          }
        }
      },
      "block_order": [
        "template--14445856260151__d831b753-dd44-42f3-820a-47ba10318107-1670339183b053eaba-0",
        "template--14445856260151__d831b753-dd44-42f3-820a-47ba10318107-1670339183b053eaba-1"
      ],
      "settings": {
        "anchor_id": "",
        "image": "shopify:\/\/shop_images\/014A0423-EditNOBACK.png",
        "height": "adapt",
        "desktop_image_width": "small",
        "layout": "text_first",
        "desktop_content_position": "top",
        "desktop_content_alignment": "left",
        "content_layout": "no-overlap",
        "color_scheme": "background-1",
        "mobile_content_alignment": "left",
        "padding_top": 36,
        "padding_bottom": 36,
        "css_class": "anna",
        "custom_css": "",
        "custom_css_mobile": ""
      }
    }
  },
  "order": [
    "main",
    "1640097424c2f7eec2",
    "16475248305a1a0206",
    "88bcf064-5c31-499b-97a2-814243f40e92",
    "16533041696f2f485c",
    "1664465501170b35c3",
    "16644616771eae6970",
    "18b9be52-6e5a-4183-960c-60b079b3b2be",
    "20d4d9ed-9f13-4e58-9b28-aa93f83c79e9",
    "1662488668fe22f61a",
    "d12262be-f32f-44e7-b756-2d7e9e928330",
    "d831b753-dd44-42f3-820a-47ba10318107"
  ]
}
