{
  "sections": {
    "main": {
      "type": "main-page",
      "disabled": true,
      "settings": {
        "display_title": false,
        "color_scheme": "background-1",
        "padding_top": 0,
        "padding_bottom": 0,
        "css_class": "",
        "custom_css": "",
        "custom_css_mobile": ""
      }
    },
    "1657653392f1c19f34": {
      "type": "custom-liquid",
      "settings": {
        "anchor_id": "",
        "custom_liquid": "<div data-tf-widget=\"uhVtZWNw\" data-tf-opacity=\"100\" data-tf-iframe-props=\"title=Mother's Day Contest\" data-tf-transitive-search-params data-tf-medium=\"snippet\" data-tf-share-ga-instance style=\"width:100%;height:750px;\"><\/div><script src=\"\/\/embed.typeform.com\/next\/embed.js\"><\/script>",
        "color_scheme": "background-1",
        "padding_top": 0,
        "padding_bottom": 0,
        "css_class": "",
        "custom_css": "",
        "custom_css_mobile": ""
      }
    },
    "6bb00d44-0283-4ec7-873e-99a895cb5e72": {
      "type": "custom-liquid",
      "settings": {
        "anchor_id": "",
        "custom_liquid": "",
        "color_scheme": "background-2",
        "padding_top": 0,
        "padding_bottom": 52,
        "css_class": "",
        "custom_css": "",
        "custom_css_mobile": ""
      }
    }
  },
  "order": [
    "main",
    "1657653392f1c19f34",
    "6bb00d44-0283-4ec7-873e-99a895cb5e72"
  ]
}
