{
  "layout": "theme-offer-page",
  "sections": {
    "16462238058b508f23": {
      "type": "header-offer-page",
      "blocks": {
        "2d234c6a-ad15-4b01-b895-79b7c0f04cdf": {
          "type": "custom_colors",
          "settings": {
            "colors_solid_button_labels": "",
            "colors_accent_1": "#009da2",
            "gradient_accent_1": "",
            "colors_accent_2": "#ffffff",
            "gradient_accent_2": "",
            "colors_accent_3": "rgba(0,0,0,0)",
            "colors_accent_4": "",
            "colors_text": "rgba(0,0,0,0)",
            "colors_outline_button_labels": "#ffffff",
            "colors_background_1": "",
            "gradient_background_1": "",
            "colors_background_2": "#980538",
            "gradient_background_2": ""
          }
        }
      },
      "block_order": [
        "2d234c6a-ad15-4b01-b895-79b7c0f04cdf"
      ],
      "settings": {
        "color_scheme": "background-1",
        "display_logo": true,
        "enable_logo_link": false,
        "logo_color": "gold",
        "show_line_separator": false,
        "enable_sticky_header": true,
        "margin_bottom": 0,
        "css_class": "",
        "custom_css": "@font-face {\n  font-family: 'Larsseit';\n  src: url(https:\/\/d2saw6je89goi1.cloudfront.net\/uploads\/digital_asset\/file\/962385\/Type_Dynamic_-_Larsseit_Regular.otf);\n  font-weight: normal;\n  font-style: normal;\n}\n@font-face {\n  font-family: 'Larsseit-Bold';\n  src: url(https:\/\/d2saw6je89goi1.cloudfront.net\/uploads\/digital_asset\/file\/962384\/Type_Dynamic_-_Larsseit_Bold.otf) format('truetype');\n  font-weight: var(--font-body-weight-bold);\n  font-style: normal;\n}\n@font-face {\n  font-family: 'Larsseit-Thin';\n  src: url(https:\/\/d2saw6je89goi1.cloudfront.net\/uploads\/digital_asset\/file\/962386\/Type_Dynamic_-_Larsseit_Thin.otf) format('truetype');\n  font-weight: lighter;\n  font-style: normal;\n}\n\n@font-face {\n  font-family: 'Larsseit-Light';\n  src: url(https:\/\/d2saw6je89goi1.cloudfront.net\/uploads\/digital_asset\/file\/965155\/Larsseit-Light.ttf) format('truetype');\n  font-weight: lighter;\n  font-style: normal;\n}\n\nbody {\n  font-family: 'Larsseit-Light', serif !important;\n}",
        "custom_css_mobile": ""
      }
    },
    "16461663454a306e26": {
      "type": "rich-text",
      "blocks": {
        "c8594920-5185-4058-8c91-d8ba9b3e9344": {
          "type": "text",
          "settings": {
            "text": "<p>Be one of the first to get an exclusive<\/p>",
            "text_alignment": "center",
            "text_size": "h4",
            "css_class": ""
          }
        },
        "1646166345821458f3-0": {
          "type": "heading",
          "settings": {
            "heading": "Sneak Peek At My New Book!",
            "heading_size": "h1",
            "heading_alignment": "center",
            "heading_color": "accent-4",
            "css_class": "topheading",
            "heading_divider": false
          }
        }
      },
      "block_order": [
        "c8594920-5185-4058-8c91-d8ba9b3e9344",
        "1646166345821458f3-0"
      ],
      "settings": {
        "anchor_id": "optin",
        "color_scheme": "background-1",
        "full_width": true,
        "padding_top": 24,
        "padding_bottom": 12,
        "css_class": "",
        "custom_css": "h2 {\nfont-size: 65px;\n}",
        "custom_css_mobile": ".topheading {\nfont-size:36px;\n}"
      }
    },
    "1d8895d4-3a7e-4549-96fb-c711c798ac35": {
      "type": "image-with-text",
      "blocks": {
        "template--14419948798007__1d8895d4-3a7e-4549-96fb-c711c798ac35-166609551930d412a9-0": {
          "type": "heading",
          "settings": {
            "heading": "Inside you'll find out...",
            "heading_size": "h1",
            "heading_color": "foreground",
            "css_class": ""
          }
        },
        "33ec3251-4804-4552-befc-dd27f2113656": {
          "type": "list",
          "settings": {
            "list_items": "<p>​Why \"traditional\" keto doesn't work for women over 40<\/p><p>​How you can tweak keto to make it healthier (and more effective!)<\/p><p>​3 of my fav recipes from the book<\/p>",
            "list_style_type": "bullets",
            "text_alignment": "left",
            "css_class": ""
          }
        },
        "306e1366-8f29-4662-95c3-bcc9c0bb3bf0": {
          "type": "custom_liquid",
          "settings": {
            "custom_liquid": "<h3>Where should I send your Sneak Peek?<\/h3>\n<div class=\"klaviyo-form-WwPJvG\" data-name=\"KetoGreen16 - Sneak Peek Optin\"><\/div>",
            "css_class": "FORM"
          }
        }
      },
      "block_order": [
        "template--14419948798007__1d8895d4-3a7e-4549-96fb-c711c798ac35-166609551930d412a9-0",
        "33ec3251-4804-4552-befc-dd27f2113656",
        "306e1366-8f29-4662-95c3-bcc9c0bb3bf0"
      ],
      "settings": {
        "image": "shopify:\/\/shop_images\/peek-450.jpg",
        "height": "adapt",
        "desktop_image_width": "medium",
        "layout": "image_first",
        "desktop_content_position": "top",
        "desktop_content_alignment": "left",
        "content_layout": "no-overlap",
        "color_scheme": "background-1",
        "mobile_content_alignment": "left",
        "padding_top": 12,
        "padding_bottom": 36,
        "css_class": "dac-full-width dac-padding-side-none",
        "custom_css": ".FORM {\nwidth:100%;\npadding:0px;\nmargin:0px;\n}\n\n.FORM h3{\ncolor:#000000;\n}\n\nul li {\nfont-size:24px;\nmargin-bottom:0px;\npadding-bottom:0px;\n}\n\n.image-with-text__content {\npadding:25px 50px;\nmargin:0px;\n}",
        "custom_css_mobile": ""
      }
    },
    "1654342987b12a4c39": {
      "type": "multicolumn",
      "blocks": {
        "180871fa-2274-4181-b9f9-96670eaff194": {
          "type": "column",
          "settings": {
            "image": "shopify:\/\/shop_images\/davidperlmutter.png",
            "title": "",
            "heading_color": "color-scheme",
            "text": "",
            "link_label": "",
            "link": "",
            "button_color": "color-scheme",
            "css_class": "leftcolumn"
          }
        },
        "1654342987af5fde1e-0": {
          "type": "column",
          "settings": {
            "image": "shopify:\/\/shop_images\/jjvirgin.png",
            "title": "",
            "heading_color": "color-scheme",
            "text": "",
            "link_label": "",
            "link": "",
            "button_color": "color-scheme",
            "css_class": ""
          }
        },
        "1654342987af5fde1e-2": {
          "type": "column",
          "settings": {
            "image": "shopify:\/\/shop_images\/christinenorthrup.png",
            "title": "",
            "heading_color": "color-scheme",
            "text": "",
            "link_label": "",
            "link": "",
            "button_color": "color-scheme",
            "css_class": "leftcolumn"
          }
        }
      },
      "block_order": [
        "180871fa-2274-4181-b9f9-96670eaff194",
        "1654342987af5fde1e-0",
        "1654342987af5fde1e-2"
      ],
      "settings": {
        "anchor_id": "",
        "title": "Rave Reviews for Keto-Green 16",
        "text": "",
        "heading_size": "h0",
        "heading_color": "accent-4",
        "text_size": "h4",
        "column_heading_size": "h3",
        "column_text_size": "p",
        "image_width": "full",
        "image_ratio": "adapt",
        "columns_desktop": 3,
        "column_alignment": "left",
        "column_link_type": "button",
        "background_style": "none",
        "button_label": "",
        "button_link": "",
        "button_color": "color-scheme",
        "color_scheme": "background-1",
        "columns_mobile": "1",
        "swipe_on_mobile": false,
        "padding_top": 36,
        "padding_bottom": 8,
        "css_class": "",
        "custom_css": "",
        "custom_css_mobile": ""
      }
    },
    "16543413375e4fa8d4": {
      "type": "rich-text",
      "blocks": {
        "16543413373de05a04-0": {
          "type": "heading",
          "settings": {
            "heading": "There is no question that \"going keto\" really works. ",
            "heading_size": "h2",
            "heading_alignment": "center",
            "heading_color": "foreground",
            "css_class": "",
            "heading_divider": false
          }
        }
      },
      "block_order": [
        "16543413373de05a04-0"
      ],
      "settings": {
        "anchor_id": "",
        "color_scheme": "background-1",
        "full_width": true,
        "padding_top": 40,
        "padding_bottom": 52,
        "css_class": "",
        "custom_css": "h2 {\nfont-size: 40px;\n}",
        "custom_css_mobile": "h2 {\nfont-size: 28px;\n}"
      }
    },
    "b0f8e99b-e48d-4d60-9fd2-bc104c893fd5": {
      "type": "image-with-text",
      "blocks": {
        "template--14419948798007__b0f8e99b-e48d-4d60-9fd2-bc104c893fd5-16660966816dd97ef5-1": {
          "type": "text",
          "settings": {
            "text": "<p>This strict high-fat, low-carb diet denies the body of carbs as a main source of energy — and <strong>forces the body to burn fat for fuel<\/strong>. <\/p><p>It’s a great way to <strong>lose weight fast <\/strong>but... <\/p><p>Going keto also often results in gastrointestinal discomfort, low energy, and moodiness — <strong>known as the “keto flu” <\/strong>— which makes the diet and its proven results hard to sustain for most people.<\/p><p>Worse yet...<\/p>",
            "text_style": "body",
            "css_class": ""
          }
        }
      },
      "block_order": [
        "template--14419948798007__b0f8e99b-e48d-4d60-9fd2-bc104c893fd5-16660966816dd97ef5-1"
      ],
      "settings": {
        "image": "shopify:\/\/shop_images\/keto-flu2.jpg",
        "height": "adapt",
        "desktop_image_width": "medium",
        "layout": "image_first",
        "desktop_content_position": "top",
        "desktop_content_alignment": "left",
        "content_layout": "no-overlap",
        "color_scheme": "background-1",
        "mobile_content_alignment": "left",
        "padding_top": 36,
        "padding_bottom": 36,
        "css_class": "",
        "custom_css": "p {\nfont-size: 25px;\npadding-bottom:20px;\n}\n\n.image-with-text__content {\npadding:25px 50px;\nmargin:0px;\n}",
        "custom_css_mobile": ""
      }
    },
    "9bde51b2-e647-446b-be0f-7d08913cf7a2": {
      "type": "rich-text",
      "blocks": {
        "template--14419948798007__9bde51b2-e647-446b-be0f-7d08913cf7a2-16660976090bbc7587-0": {
          "type": "heading",
          "settings": {
            "heading": "The keto diet can have devastating health consequences for women over 40!",
            "heading_size": "h1",
            "heading_alignment": "center",
            "heading_color": "foreground",
            "css_class": "",
            "heading_divider": false
          }
        },
        "3f39a2cc-b341-4af1-9735-fcf1ddb88e79": {
          "type": "text",
          "settings": {
            "text": "<p>The fatty foods commonly eaten as part of the keto diet — butter, bacon, cheese, jerky, and protein bars (I call these \"dirty keto\" foods) — <strong>are often very acidic<\/strong>.<\/p>",
            "text_alignment": "center",
            "text_size": "h4",
            "css_class": ""
          }
        }
      },
      "block_order": [
        "template--14419948798007__9bde51b2-e647-446b-be0f-7d08913cf7a2-16660976090bbc7587-0",
        "3f39a2cc-b341-4af1-9735-fcf1ddb88e79"
      ],
      "settings": {
        "anchor_id": "",
        "color_scheme": "background-1",
        "full_width": true,
        "padding_top": 40,
        "padding_bottom": 52,
        "css_class": "",
        "custom_css": "",
        "custom_css_mobile": ""
      }
    },
    "6acb253e-5355-49ec-b735-d3155e60eeb1": {
      "type": "image-with-text",
      "blocks": {
        "template--14419948798007__6acb253e-5355-49ec-b735-d3155e60eeb1-16660966816dd97ef5-1": {
          "type": "text",
          "settings": {
            "text": "<p>That's why if you stay on a pure keto diet too long, your body may become overly acidic, and eventually result in a condition called <strong>chronic low-grade acidosis <\/strong>that can lead to...<\/p>",
            "text_style": "body",
            "css_class": ""
          }
        },
        "086fa327-fb00-48df-ba93-c654c82e1756": {
          "type": "list",
          "settings": {
            "list_items": "<p>Decreased bone health<strong>​<\/strong><\/p><p>Decreased lean muscle mass<strong>​<\/strong><\/p><p>Increased pain and inflammation​<\/p><p>Increased risk of disease<\/p><p><strong>​<\/strong>Disrupted hormonal cycles<\/p>",
            "list_style_type": "bullets",
            "text_alignment": "left",
            "css_class": ""
          }
        }
      },
      "block_order": [
        "template--14419948798007__6acb253e-5355-49ec-b735-d3155e60eeb1-16660966816dd97ef5-1",
        "086fa327-fb00-48df-ba93-c654c82e1756"
      ],
      "settings": {
        "image": "shopify:\/\/shop_images\/bacon2.jpg",
        "height": "adapt",
        "desktop_image_width": "medium",
        "layout": "text_first",
        "desktop_content_position": "top",
        "desktop_content_alignment": "left",
        "content_layout": "no-overlap",
        "color_scheme": "background-1",
        "mobile_content_alignment": "left",
        "padding_top": 0,
        "padding_bottom": 0,
        "css_class": "",
        "custom_css": "p{\nfont-size: 25px;\n}\n\nul li {\nfont-size: 25px;\n}\n\n.image-with-text__content {\npadding:0px 25px 0px 25px;\n}",
        "custom_css_mobile": ""
      }
    },
    "21a048a6-24cb-4317-b420-ce7b30b1a60f": {
      "type": "rich-text",
      "blocks": {
        "template--14419948798007__21a048a6-24cb-4317-b420-ce7b30b1a60f-16660976090bbc7587-0": {
          "type": "heading",
          "settings": {
            "heading": "I've modified the traditional keto diet to make it safer, easier, and more effective for women over 40!",
            "heading_size": "h2",
            "heading_alignment": "center",
            "heading_color": "foreground",
            "css_class": "",
            "heading_divider": false
          }
        }
      },
      "block_order": [
        "template--14419948798007__21a048a6-24cb-4317-b420-ce7b30b1a60f-16660976090bbc7587-0"
      ],
      "settings": {
        "anchor_id": "",
        "color_scheme": "background-1",
        "full_width": true,
        "padding_top": 36,
        "padding_bottom": 52,
        "css_class": "",
        "custom_css": "",
        "custom_css_mobile": ""
      }
    },
    "4bd825f9-bb07-498e-a09c-47a1b8a7d728": {
      "type": "image-with-text",
      "blocks": {
        "template--14419948798007__4bd825f9-bb07-498e-a09c-47a1b8a7d728-16660966816dd97ef5-1": {
          "type": "text",
          "settings": {
            "text": "<p>Hello my name is Dr. Anna Cabeca. <\/p><p>Over the past 20 years I've served 10,000+ women in my private practice as an OBGYN — and millions more through my books, online videos and articles. <\/p><p>A few years ago, when I couldn't lose weight to save my life, I discovered the keto diet. It was great at first... but I couldn't stand all<strong> the awful side effects <\/strong>that came with staying in ketosis long-term. <\/p>",
            "text_style": "body",
            "css_class": ""
          }
        }
      },
      "block_order": [
        "template--14419948798007__4bd825f9-bb07-498e-a09c-47a1b8a7d728-16660966816dd97ef5-1"
      ],
      "settings": {
        "image": "shopify:\/\/shop_images\/dr-anna-cabeca_3ac6d5e7-a686-4f91-aeb1-642841dd6cc0.jpg",
        "height": "adapt",
        "desktop_image_width": "medium",
        "layout": "image_first",
        "desktop_content_position": "top",
        "desktop_content_alignment": "left",
        "content_layout": "no-overlap",
        "color_scheme": "background-1",
        "mobile_content_alignment": "left",
        "padding_top": 36,
        "padding_bottom": 36,
        "css_class": "",
        "custom_css": "p{\nfont-size: 25px;\npadding-bottom:20px;\n}\n\n.image-with-text__content {\npadding:0px 25px 0px 30px;\n}",
        "custom_css_mobile": ""
      }
    },
    "bd601f4c-1c64-4432-a501-62b6a6fc9bee": {
      "type": "rich-text",
      "blocks": {
        "template--14419948798007__bd601f4c-1c64-4432-a501-62b6a6fc9bee-16660976090bbc7587-0": {
          "type": "heading",
          "settings": {
            "heading": "Get Your Sneak Peek at My New Book!",
            "heading_size": "h1",
            "heading_alignment": "center",
            "heading_color": "accent-4",
            "css_class": "",
            "heading_divider": false
          }
        }
      },
      "block_order": [
        "template--14419948798007__bd601f4c-1c64-4432-a501-62b6a6fc9bee-16660976090bbc7587-0"
      ],
      "settings": {
        "anchor_id": "",
        "color_scheme": "background-1",
        "full_width": true,
        "padding_top": 40,
        "padding_bottom": 52,
        "css_class": "",
        "custom_css": "",
        "custom_css_mobile": ""
      }
    },
    "main": {
      "type": "main-page",
      "disabled": true,
      "settings": {
        "display_title": true,
        "color_scheme": "background-1",
        "padding_top": 28,
        "padding_bottom": 28,
        "css_class": "",
        "custom_css": "",
        "custom_css_mobile": ""
      }
    },
    "b0f1c1cf-532a-46d6-9a41-4e37fd02eed3": {
      "type": "image-with-text",
      "blocks": {
        "template--14419948798007__b0f1c1cf-532a-46d6-9a41-4e37fd02eed3-16660966816dd97ef5-1": {
          "type": "text",
          "settings": {
            "text": "<p>After several years of research, I've figured out the \"green\" tweak that makes the keto diet safer, easier and <strong>more effective for women over 40<\/strong>. <\/p><p>Now I've compiled everything I've learned — <strong>after 2 clinical studies <\/strong>— into my new book<em>Keto-Green 16<\/em>. <\/p><p>I can't wait for you to peek inside!<\/p>",
            "text_style": "body",
            "css_class": ""
          }
        },
        "template--14419948798007__b0f1c1cf-532a-46d6-9a41-4e37fd02eed3-16660966816dd97ef5-2": {
          "type": "button",
          "settings": {
            "button_label": "START READING",
            "button_link": "#optin",
            "button_color": "color-scheme",
            "css_class": ""
          }
        }
      },
      "block_order": [
        "template--14419948798007__b0f1c1cf-532a-46d6-9a41-4e37fd02eed3-16660966816dd97ef5-1",
        "template--14419948798007__b0f1c1cf-532a-46d6-9a41-4e37fd02eed3-16660966816dd97ef5-2"
      ],
      "settings": {
        "image": "shopify:\/\/shop_images\/KG16-book-cover_250b.jpg",
        "height": "adapt",
        "desktop_image_width": "medium",
        "layout": "text_first",
        "desktop_content_position": "top",
        "desktop_content_alignment": "left",
        "content_layout": "no-overlap",
        "color_scheme": "background-1",
        "mobile_content_alignment": "left",
        "padding_top": 36,
        "padding_bottom": 36,
        "css_class": "",
        "custom_css": "p{\nfont-size: 25px;\npadding-bottom:20px;\n}\n\n\n.image-with-text__content {\npadding:0px 25px 0px 30px;\n}",
        "custom_css_mobile": ""
      }
    }
  },
  "order": [
    "16462238058b508f23",
    "16461663454a306e26",
    "1d8895d4-3a7e-4549-96fb-c711c798ac35",
    "1654342987b12a4c39",
    "16543413375e4fa8d4",
    "b0f8e99b-e48d-4d60-9fd2-bc104c893fd5",
    "9bde51b2-e647-446b-be0f-7d08913cf7a2",
    "6acb253e-5355-49ec-b735-d3155e60eeb1",
    "21a048a6-24cb-4317-b420-ce7b30b1a60f",
    "4bd825f9-bb07-498e-a09c-47a1b8a7d728",
    "bd601f4c-1c64-4432-a501-62b6a6fc9bee",
    "main",
    "b0f1c1cf-532a-46d6-9a41-4e37fd02eed3"
  ]
}
