{
  "sections": {
    "main": {
      "type": "main-page",
      "disabled": true,
      "settings": {
        "display_title": false,
        "color_scheme": "background-1",
        "padding_top": 28,
        "padding_bottom": 28,
        "css_class": "center",
        "custom_css": "",
        "custom_css_mobile": ""
      }
    },
    "16458011004aaa609d": {
      "type": "rich-text",
      "blocks": {
        "16458011000d532d59-1": {
          "type": "text",
          "settings": {
            "text": "<p>\"Girlfriend Gynecologist\" Interview Reveals<\/p>",
            "text_alignment": "center",
            "text_size": "h4",
            "css_class": ""
          }
        },
        "16458011000d532d59-0": {
          "type": "heading",
          "settings": {
            "heading": "How You Can Experience More Pleasure, More Often!",
            "heading_size": "h1",
            "heading_alignment": "center",
            "heading_color": "accent-2",
            "css_class": "",
            "heading_divider": false
          }
        }
      },
      "block_order": [
        "16458011000d532d59-1",
        "16458011000d532d59-0"
      ],
      "settings": {
        "anchor_id": "",
        "color_scheme": "background-2",
        "full_width": true,
        "padding_top": 40,
        "padding_bottom": 20,
        "css_class": "",
        "custom_css": "p{\nfont-size:33px;}\n\nh2{\nfont-size:42px;}",
        "custom_css_mobile": "p{\nfont-size:23px;}\n\nh2{\nfont-size:27px;}"
      }
    },
    "1663082416842d7182": {
      "type": "multicolumn",
      "blocks": {
        "ec4d75c9-0642-4bbb-bcd0-09d465f7fc92": {
          "type": "column_with_video",
          "settings": {
            "cover_image": "shopify:\/\/shop_images\/Screen_Shot_2023-10-10_at_11.43.55_AM.png",
            "video_url_metafield": "",
            "video_url": "https:\/\/vimeo.com\/363039653",
            "description": "",
            "title": "",
            "heading_color": "color-scheme",
            "text": "",
            "link_label": "",
            "link": "",
            "button_color": "color-scheme",
            "css_class": ""
          }
        },
        "16630824169ca180ab-1": {
          "type": "column",
          "settings": {
            "title": "Watch now to discover...",
            "heading_color": "foreground",
            "text": "<p>&lt;ul&gt;<\/p><p>&lt;li&gt;A new definition of female pleasure&lt;\/li&gt;<\/p><p>&lt;li&gt;​​​The big mistake most men are making in the bedroom (it's so easy to fix!)​&lt;\/li&gt;<\/p><p>&lt;li&gt;​​The #1 thing that every women needs to know about men&lt;\/li&gt;<\/p><p>&lt;\/ul&gt;<br\/><\/p>",
            "link_label": "Watch The Interview",
            "link": "#optin",
            "button_color": "accent-1",
            "css_class": "rte"
          }
        }
      },
      "block_order": [
        "ec4d75c9-0642-4bbb-bcd0-09d465f7fc92",
        "16630824169ca180ab-1"
      ],
      "settings": {
        "anchor_id": "",
        "title": "",
        "text": "",
        "heading_size": "h1",
        "heading_color": "color-scheme",
        "text_size": "p",
        "column_heading_size": "h3",
        "column_text_size": "p",
        "image_width": "full",
        "image_ratio": "adapt",
        "columns_desktop": 2,
        "column_alignment": "left",
        "column_link_type": "button",
        "background_style": "none",
        "button_label": "",
        "button_link": "",
        "button_color": "color-scheme",
        "color_scheme": "background-1",
        "columns_mobile": "1",
        "swipe_on_mobile": false,
        "padding_top": 36,
        "padding_bottom": 24,
        "css_class": "",
        "custom_css": "h3 {padding-bottom:10px;}\nul li {padding: 5px 0px;}\n\n.button{\nmargin:auto;}\n\n.rte ul {\n  list-style-type: none; padding-inline-start: 0px;\n}\n\n.rte ul li:before {\n  content: '';\n  display: inline-block;\n  height: 20px;\n  width: 20px;\n   background-size: 20px;\n  background-image: url(\"https:\/\/cdn.shopify.com\/s\/files\/1\/0524\/5661\/files\/TGFD_WebsiteDesign_AffiliatePage-check_copy.png?v=1674161792\");\n  background-repeat: no-repeat;\n  margin-right: 8px;\n}\n\n.rte a.button{\ncolor: #FFFFFF; text-decoration: none;}",
        "custom_css_mobile": ""
      }
    },
    "1663082219e9089dab": {
      "type": "image",
      "settings": {
        "image": "shopify:\/\/shop_images\/TGFD_Logolist-desktop.png",
        "mobile_image": "shopify:\/\/shop_images\/TGFD_Logolist-02-1.png",
        "max_width": 0,
        "color_scheme": "background-1",
        "link": "",
        "padding_top": 16,
        "padding_bottom": 16,
        "css_class": "",
        "custom_css": "",
        "custom_css_mobile": ""
      }
    },
    "87d7e2ad-ddf7-4ab8-a1be-21995d2daa81": {
      "type": "rich-text",
      "blocks": {
        "7678fdd9-80a0-437d-81b9-0c5ce0557483": {
          "type": "heading",
          "settings": {
            "heading": "\"A great sex life is vitally important for optimal health...especially as we age! \"",
            "heading_size": "h2",
            "heading_alignment": "center",
            "heading_color": "foreground",
            "css_class": "",
            "heading_divider": false
          }
        },
        "2727581e-dae8-4861-9dcc-ab8cf8b874de": {
          "type": "text",
          "settings": {
            "text": "<p>Yet after hearing from <strong>over 10,000 women<\/strong> as an OBGYN, so many of them told me:<\/p><p>&lt;ul&gt;<\/p><p>&lt;li&gt;<strong>They've lost interest in sex<\/strong>&lt;\/li&gt;<\/p><p>&lt;li&gt;​​​They want to recapture their sensuality and playfulness... but <strong>they feel disconnected <\/strong>from their partner&lt;\/li&gt;<\/p><p>&lt;li&gt;​They love their spouse... but <strong>don't feel like having sex<\/strong>&lt;\/li&gt;<\/p><p>&lt;li&gt;​They experience <strong>pain during sex<\/strong>&lt;\/li&gt;<\/p><p>&lt;li&gt;​Or they feel like <strong>something is off hormonally<\/strong>&lt;\/li&gt;&lt;\/ul&gt; <\/p>",
            "text_alignment": "left",
            "text_size": "h5",
            "css_class": "p1"
          }
        }
      },
      "block_order": [
        "7678fdd9-80a0-437d-81b9-0c5ce0557483",
        "2727581e-dae8-4861-9dcc-ab8cf8b874de"
      ],
      "settings": {
        "anchor_id": "",
        "color_scheme": "background-1",
        "full_width": true,
        "padding_top": 40,
        "padding_bottom": 8,
        "css_class": "",
        "custom_css": "ul li {padding: 5px 0px;}\n.rte ul {\n  list-style-type: none; padding-inline-start: 30px;\n}\n\n.rte ul li:before {\n  content: '';\n  display: inline-block;\n  height: 20px;\n  width: 20px;\n   background-size: 20px;\n  background-image: url(\"https:\/\/cdn.shopify.com\/s\/files\/1\/0524\/5661\/files\/TGFD_Checkmark.png\");\n  background-repeat: no-repeat;\n  margin-right: 8px;\n}\n\nstrong{color:#00989b}\nh2{padding-bottom:9px;}",
        "custom_css_mobile": ""
      }
    },
    "1663082932a0fe1958": {
      "type": "rich-text",
      "blocks": {
        "e2ca17e2-a53f-4415-9be3-4f3b10a18aa8": {
          "type": "text",
          "settings": {
            "text": "<p>This is so sad because to feel fully alive, we women REQUIRE <strong>fun, intimacy, and connection.<\/strong><\/p><p>A juicy sex life makes <strong>daily living delicious <\/strong>and will help you experience so much more...<\/p><p>&lt;ul&gt;<\/p><p>&lt;li&gt;<strong>More intimacy <\/strong>and connection with your partner&lt;\/li&gt;<\/p><p>&lt;li&gt;​​​<strong>More passion <\/strong>(in all areas of your life)&lt;\/li&gt;<\/p><p>&lt;li&gt;​<strong>More energy<\/strong>—<em>way more energy!<\/em>&lt;\/li&gt;&lt;\/ul&gt; <\/p><p>You'll also start to <strong>look and feel younger and healthier <\/strong>than you have in years!<\/p>",
            "text_alignment": "left",
            "text_size": "h5",
            "css_class": "p2"
          }
        },
        "9c56eb2f-b56f-4f0e-8f05-a3f43c4cc807": {
          "type": "heading",
          "settings": {
            "heading": "\"Great sex is like tapping into the fountain of youth!!\"",
            "heading_size": "h2",
            "heading_alignment": "center",
            "heading_color": "foreground",
            "css_class": "",
            "heading_divider": false
          }
        }
      },
      "block_order": [
        "e2ca17e2-a53f-4415-9be3-4f3b10a18aa8",
        "9c56eb2f-b56f-4f0e-8f05-a3f43c4cc807"
      ],
      "settings": {
        "anchor_id": "",
        "color_scheme": "background-1",
        "full_width": true,
        "padding_top": 0,
        "padding_bottom": 24,
        "css_class": "",
        "custom_css": "ul li {padding: 5px 0px;}\n.rte ul {\n  list-style-type: none; padding-inline-start: 30px;\n}\n\n.rte ul li:before {\n  content: '';\n  display: inline-block;\n  height: 20px;\n  width: 20px;\n   background-size: 20px;\n  background-image: url(\"https:\/\/cdn.shopify.com\/s\/files\/1\/0524\/5661\/files\/TGFD_WebsiteDesign_AffiliatePage-check_copy.png?v=1674161792\");\n  background-repeat: no-repeat;\n  margin-right: 8px;\n}\nh2{margin-top:40px;}\nstrong{color:#9f2b68;}",
        "custom_css_mobile": ""
      }
    },
    "1663086107cddf6114": {
      "type": "multicolumn",
      "blocks": {
        "16630861067ba927bd-0": {
          "type": "column",
          "settings": {
            "image": "shopify:\/\/shop_images\/MenuPause_LP_Quiz-Opt-In-Page-Dr.Anna.jpg",
            "title": "",
            "heading_color": "color-scheme",
            "text": "",
            "link_label": "",
            "link": "",
            "button_color": "color-scheme",
            "css_class": ""
          }
        },
        "16630861067ba927bd-1": {
          "type": "column",
          "settings": {
            "title": "",
            "heading_color": "color-scheme",
            "text": "<p>&lt;p&gt;Hello my name is Dr. Anna Cabeca and I've helped <strong>thousands of women <\/strong>overcome the symptoms of female sexual dysfunction!&lt;\/p&gt;<\/p><p><\/p><p>&lt;p&gt;In a recent interview I revealed some of the key insights I've gained over <strong>20 years as a gynecologist<\/strong>. &lt;\/p&gt;<\/p><p><\/p><p>&lt;p&gt;After watching it you'll have a better understanding of the root causes of your sexual challenges and some solid steps you can take to start <strong>enjoying better sex<\/strong>! &lt;\/p&gt;<\/p>",
            "link_label": "Watch The interview",
            "link": "#optin",
            "button_color": "color-scheme",
            "css_class": ""
          }
        }
      },
      "block_order": [
        "16630861067ba927bd-0",
        "16630861067ba927bd-1"
      ],
      "settings": {
        "anchor_id": "",
        "title": "",
        "text": "",
        "heading_size": "h1",
        "heading_color": "color-scheme",
        "text_size": "p",
        "column_heading_size": "h3",
        "column_text_size": "p",
        "image_width": "full",
        "image_ratio": "adapt",
        "columns_desktop": 2,
        "column_alignment": "left",
        "column_link_type": "button",
        "background_style": "none",
        "button_label": "",
        "button_link": "",
        "button_color": "color-scheme",
        "color_scheme": "background-1",
        "columns_mobile": "1",
        "swipe_on_mobile": false,
        "padding_top": 36,
        "padding_bottom": 36,
        "css_class": "aboutsec",
        "custom_css": "p {line-height: 2em; padding-top:25px; font-size:22px;}\nstrong{color:#9f2b68;}",
        "custom_css_mobile": ""
      }
    },
    "66073676-7729-45f0-a3d0-d27c28973659": {
      "type": "custom-liquid",
      "settings": {
        "anchor_id": "optin",
        "custom_liquid": "<h3 align=\"center\">Where Should We Send Your Video?\n<\/h3>\n\n<div class=\"klaviyo-form-XHwFVf\" data-name=\"Sexual CPR Interview Opt-in\"><\/div>",
        "color_scheme": "background-1",
        "padding_top": 0,
        "padding_bottom": 52,
        "css_class": "",
        "custom_css": "h3{\ncolor:black;}",
        "custom_css_mobile": ""
      }
    }
  },
  "order": [
    "main",
    "16458011004aaa609d",
    "1663082416842d7182",
    "1663082219e9089dab",
    "87d7e2ad-ddf7-4ab8-a1be-21995d2daa81",
    "1663082932a0fe1958",
    "1663086107cddf6114",
    "66073676-7729-45f0-a3d0-d27c28973659"
  ]
}
