{
  "layout": "theme-offer-page",
  "sections": {
    "main": {
      "type": "main-page",
      "settings": {
        "display_title": true,
        "color_scheme": "background-1",
        "padding_top": 40,
        "padding_bottom": 40,
        "css_class": "visually-hidden",
        "custom_css": "",
        "custom_css_mobile": ""
      }
    },
    "1640097424c2f7eec2": {
      "type": "header-offer-page",
      "blocks": {
        "64d5290e-0111-45f8-add9-b15e6899534a": {
          "type": "countdown_timer",
          "disabled": true,
          "settings": {
            "title": "Masterclass Begins In:",
            "end_date_time": "August 31, 2022 19:00:00 GMT-0400",
            "first_countdown": true,
            "color_scheme": "background-1",
            "padding_top": 20,
            "padding_bottom": 20,
            "css_class": ""
          }
        },
        "bd5c02bc-ed1a-47fb-93b9-a67e14efaa95": {
          "type": "custom_colors",
          "settings": {
            "colors_solid_button_labels": "",
            "colors_accent_1": "",
            "gradient_accent_1": "",
            "colors_accent_2": "rgba(0,0,0,0)",
            "gradient_accent_2": "",
            "colors_accent_3": "",
            "colors_accent_4": "",
            "colors_text": "",
            "colors_outline_button_labels": "",
            "colors_background_1": "",
            "gradient_background_1": "",
            "colors_background_2": "#fcfaf7",
            "gradient_background_2": ""
          }
        }
      },
      "block_order": [
        "64d5290e-0111-45f8-add9-b15e6899534a",
        "bd5c02bc-ed1a-47fb-93b9-a67e14efaa95"
      ],
      "settings": {
        "color_scheme": "accent-2",
        "display_logo": true,
        "enable_logo_link": false,
        "logo_color": "gold",
        "show_line_separator": false,
        "enable_sticky_header": true,
        "margin_bottom": 0,
        "css_class": "",
        "custom_css": "",
        "custom_css_mobile": ""
      }
    },
    "c7c9e59b-0dcc-4586-8e47-94bed7a4256c": {
      "type": "multicolumn",
      "blocks": {
        "template--14572953763895__c7c9e59b-0dcc-4586-8e47-94bed7a4256c-column-2": {
          "type": "column",
          "settings": {
            "image": "shopify:\/\/shop_images\/fasting_ess.png",
            "title": "",
            "heading_color": "color-scheme",
            "text": "",
            "link_label": "",
            "link": "",
            "button_color": "color-scheme",
            "css_class": "leftimg"
          }
        },
        "template--14572953763895__c7c9e59b-0dcc-4586-8e47-94bed7a4256c-column-3": {
          "type": "column",
          "settings": {
            "title": "",
            "heading_color": "color-scheme",
            "text": "<p>Don’t miss this <strong>FREE<\/strong> masterclass featuring experts in fasting and women’s health, Dr. Mindy Pelz, David Asprey and Cynthia Thurlow hosted by Dr. Anna Cabeca.<\/p>",
            "link_label": ">> Watch Right Now!",
            "link": "#optin",
            "button_color": "accent-1",
            "css_class": "rightimg"
          }
        }
      },
      "block_order": [
        "template--14572953763895__c7c9e59b-0dcc-4586-8e47-94bed7a4256c-column-2",
        "template--14572953763895__c7c9e59b-0dcc-4586-8e47-94bed7a4256c-column-3"
      ],
      "settings": {
        "anchor_id": "",
        "title": "",
        "text": "",
        "heading_size": "h1",
        "heading_color": "color-scheme",
        "text_size": "p",
        "column_heading_size": "h3",
        "column_text_size": "p",
        "image_width": "full",
        "image_ratio": "adapt",
        "columns_desktop": 2,
        "column_alignment": "center",
        "column_link_type": "button",
        "background_style": "none",
        "button_label": "",
        "button_link": "",
        "button_color": "color-scheme",
        "color_scheme": "accent-2",
        "columns_mobile": "1",
        "swipe_on_mobile": false,
        "padding_top": 36,
        "padding_bottom": 36,
        "css_class": "",
        "custom_css": ".rightimg {\n  margin: auto 0;\n}\n\np { font-size: 1.3em;\ncolor:#be9452;\n}\n\nstrong, b {\ncolor:#ffffff;\n}",
        "custom_css_mobile": ""
      }
    },
    "4560f1a8-8b9f-4d84-9544-d7ed53177104": {
      "type": "rich-text",
      "blocks": {
        "template--14572953763895__4560f1a8-8b9f-4d84-9544-d7ed53177104-heading-1": {
          "type": "heading",
          "settings": {
            "heading": "Have you ever wondered…",
            "heading_size": "h2",
            "heading_alignment": "left",
            "heading_color": "color-scheme",
            "css_class": "",
            "heading_divider": false
          }
        },
        "template--14572953763895__4560f1a8-8b9f-4d84-9544-d7ed53177104-text-1": {
          "type": "text",
          "settings": {
            "text": "<p>If fasting is different for women than men?<\/p><p>Why your fasts aren’t getting you results?<\/p><p>How to use fasting to balance your hormones?<\/p><p>If you should change your fast throughout your menstrual cycle?<\/p><p>How to ease menopause symptoms without medications?<\/p><p>What you can do to wake up every day feeling energetic, healthy, and strong?<\/p>",
            "text_alignment": "left",
            "text_size": "h4",
            "css_class": ""
          }
        },
        "39a3c332-2733-40ad-84fb-a6906fd6f610": {
          "type": "heading",
          "settings": {
            "heading": "Join us for this 90-minute virtual masterclass and learn how you can transform your health.",
            "heading_size": "h1",
            "heading_alignment": "left",
            "heading_color": "foreground",
            "css_class": "join",
            "heading_divider": false
          }
        }
      },
      "block_order": [
        "template--14572953763895__4560f1a8-8b9f-4d84-9544-d7ed53177104-heading-1",
        "template--14572953763895__4560f1a8-8b9f-4d84-9544-d7ed53177104-text-1",
        "39a3c332-2733-40ad-84fb-a6906fd6f610"
      ],
      "settings": {
        "anchor_id": "",
        "color_scheme": "background-1",
        "full_width": true,
        "padding_top": 40,
        "padding_bottom": 52,
        "css_class": "dac-full-width dac-padding-side-none",
        "custom_css": "h2{\nfont-weight:bold;\n}\n.join{\npadding-top:15px;\ncolor: #321748;\n}\np {\nline-height: 1.4em;\n}",
        "custom_css_mobile": ""
      }
    },
    "2d9ba4d8-f533-480d-b2a0-e7945ff4c47e": {
      "type": "image-with-text",
      "blocks": {
        "61cbc041-5991-4148-a4c7-c18332df7fdc": {
          "type": "custom_liquid",
          "settings": {
            "custom_liquid": "<img src=\"https:\/\/drannacabeca.com\/cdn\/shop\/files\/HostedBy_V3.png\" width=\"100%\" alt=\"Hosted by Triple Board Certified OB-GYN, Dr. Anna Cabeca\">>",
            "css_class": "leftimg"
          }
        }
      },
      "block_order": [
        "61cbc041-5991-4148-a4c7-c18332df7fdc"
      ],
      "settings": {
        "image": "shopify:\/\/shop_images\/HostedBy_V6_fa785d97-4f93-43fc-9ccb-ef77c3cfb298.png",
        "height": "adapt",
        "desktop_image_width": "small",
        "layout": "text_first",
        "desktop_content_position": "top",
        "desktop_content_alignment": "left",
        "content_layout": "no-overlap",
        "color_scheme": "accent-2",
        "mobile_content_alignment": "left",
        "padding_top": 0,
        "padding_bottom": 0,
        "css_class": "dac-full-width dac-padding-side-none",
        "custom_css": ".leftimg {\n  margin: auto;\n}",
        "custom_css_mobile": ""
      }
    },
    "cc83ed7f-0e50-4149-b355-73678a9bbc56": {
      "type": "rich-text",
      "blocks": {
        "template--14572953763895__cc83ed7f-0e50-4149-b355-73678a9bbc56-heading-1": {
          "type": "heading",
          "settings": {
            "heading": "WITH FASTING EXPERTS:",
            "heading_size": "h2",
            "heading_alignment": "left",
            "heading_color": "color-scheme",
            "css_class": "expert",
            "heading_divider": false
          }
        }
      },
      "block_order": [
        "template--14572953763895__cc83ed7f-0e50-4149-b355-73678a9bbc56-heading-1"
      ],
      "settings": {
        "anchor_id": "",
        "color_scheme": "accent-3",
        "full_width": true,
        "padding_top": 28,
        "padding_bottom": 28,
        "css_class": "",
        "custom_css": ".expert{\nfont-weight:bold;\n}\n.expert{\ncolor:white\n}",
        "custom_css_mobile": ""
      }
    },
    "f5410b89-8725-4b0e-84f0-6b7f33c0b8b2": {
      "type": "multicolumn",
      "blocks": {
        "template--14572953763895__f5410b89-8725-4b0e-84f0-6b7f33c0b8b2-column-1": {
          "type": "column",
          "settings": {
            "image": "shopify:\/\/shop_images\/MindyHeadshot.png",
            "title": "Dr. Mindy Pelz",
            "heading_color": "color-scheme",
            "text": "<h5>Best selling author<\/h5>",
            "link_label": "",
            "link": "",
            "button_color": "color-scheme",
            "css_class": ""
          }
        },
        "template--14572953763895__f5410b89-8725-4b0e-84f0-6b7f33c0b8b2-column-2": {
          "type": "column",
          "settings": {
            "image": "shopify:\/\/shop_images\/DavidHeadshot.webp",
            "title": "David Asprey",
            "heading_color": "color-scheme",
            "text": "<h5>Founder of Bulletproof<\/h5>",
            "link_label": "",
            "link": "",
            "button_color": "color-scheme",
            "css_class": ""
          }
        },
        "template--14572953763895__f5410b89-8725-4b0e-84f0-6b7f33c0b8b2-column-3": {
          "type": "column",
          "settings": {
            "image": "shopify:\/\/shop_images\/CynthiaHeadshot.png",
            "title": "Cynthia Thurlow",
            "heading_color": "color-scheme",
            "text": "<h5>Founder of Everyday<br\/>Wellness Project<\/h5>",
            "link_label": "",
            "link": "",
            "button_color": "color-scheme",
            "css_class": ""
          }
        }
      },
      "block_order": [
        "template--14572953763895__f5410b89-8725-4b0e-84f0-6b7f33c0b8b2-column-1",
        "template--14572953763895__f5410b89-8725-4b0e-84f0-6b7f33c0b8b2-column-2",
        "template--14572953763895__f5410b89-8725-4b0e-84f0-6b7f33c0b8b2-column-3"
      ],
      "settings": {
        "anchor_id": "",
        "title": "",
        "text": "",
        "heading_size": "h1",
        "heading_color": "color-scheme",
        "text_size": "p",
        "column_heading_size": "h3",
        "column_text_size": "p",
        "image_width": "full",
        "image_ratio": "adapt",
        "columns_desktop": 3,
        "column_alignment": "center",
        "column_link_type": "button",
        "background_style": "none",
        "button_label": "",
        "button_link": "",
        "button_color": "color-scheme",
        "color_scheme": "accent-2",
        "columns_mobile": "1",
        "swipe_on_mobile": false,
        "padding_top": 36,
        "padding_bottom": 20,
        "css_class": "",
        "custom_css": "h5{\nmargin:0px;\n}",
        "custom_css_mobile": ""
      }
    },
    "510b3147-7bcc-494e-a40d-72cb9bdd5cf2": {
      "type": "rich-text",
      "blocks": {
        "template--14572953763895__510b3147-7bcc-494e-a40d-72cb9bdd5cf2-heading-1": {
          "type": "heading",
          "settings": {
            "heading": "Sign Up Below:",
            "heading_size": "h1",
            "heading_alignment": "center",
            "heading_color": "accent-2",
            "css_class": "up",
            "heading_divider": false
          }
        },
        "template--14572953763895__510b3147-7bcc-494e-a40d-72cb9bdd5cf2-button-1": {
          "type": "button",
          "settings": {
            "button_label": ">> WATCH MASTERCLASS NOW!",
            "button_link": "#optin",
            "button_style_secondary": false,
            "button_alignment": "center",
            "button_color": "color-scheme",
            "css_class": ""
          }
        }
      },
      "block_order": [
        "template--14572953763895__510b3147-7bcc-494e-a40d-72cb9bdd5cf2-heading-1",
        "template--14572953763895__510b3147-7bcc-494e-a40d-72cb9bdd5cf2-button-1"
      ],
      "disabled": true,
      "settings": {
        "anchor_id": "",
        "color_scheme": "background-1",
        "full_width": true,
        "padding_top": 40,
        "padding_bottom": 52,
        "css_class": "",
        "custom_css": ".up{\nfont-weight:bold;\n}",
        "custom_css_mobile": ""
      }
    },
    "e4bb0b45-16b4-479f-82c5-b26781066c4c": {
      "type": "custom-liquid",
      "settings": {
        "anchor_id": "optin",
        "custom_liquid": "<center><h3>Where should I send your webinar info?<\/h3><\/center>\n\n<div class=\"klaviyo-form-UA9eUZ\" data-name=\"Fasting Master Class - Mar 2021\"><\/div>",
        "color_scheme": "background-1",
        "padding_top": 40,
        "padding_bottom": 52,
        "css_class": "",
        "custom_css": "",
        "custom_css_mobile": ""
      }
    }
  },
  "order": [
    "main",
    "1640097424c2f7eec2",
    "c7c9e59b-0dcc-4586-8e47-94bed7a4256c",
    "4560f1a8-8b9f-4d84-9544-d7ed53177104",
    "2d9ba4d8-f533-480d-b2a0-e7945ff4c47e",
    "cc83ed7f-0e50-4149-b355-73678a9bbc56",
    "f5410b89-8725-4b0e-84f0-6b7f33c0b8b2",
    "510b3147-7bcc-494e-a40d-72cb9bdd5cf2",
    "e4bb0b45-16b4-479f-82c5-b26781066c4c"
  ]
}
