{
  "sections": {
    "main": {
      "type": "main-page",
      "settings": {
        "display_title": true,
        "color_scheme": "background-1",
        "padding_top": 40,
        "padding_bottom": 40,
        "css_class": "visually-hidden",
        "custom_css": "",
        "custom_css_mobile": ""
      }
    },
    "rich_text_rajGMt": {
      "type": "rich-text",
      "blocks": {
        "heading_Lh3Jyj": {
          "type": "heading",
          "disabled": true,
          "settings": {
            "heading": "Talk about your brand",
            "heading_size": "h1",
            "heading_alignment": "center",
            "heading_color": "color-scheme",
            "css_class": "",
            "heading_divider": false
          }
        },
        "text_gPpetm": {
          "type": "text",
          "settings": {
            "text": "<p><a href=\"#shop\" title=\"#shop\">Get 30% off your first subscription<\/a><\/p>",
            "text_alignment": "center",
            "text_size": "p",
            "css_class": ""
          }
        },
        "button_EBwwLD": {
          "type": "button",
          "disabled": true,
          "settings": {
            "button_label": "Button label",
            "button_link": "",
            "button_style_secondary": false,
            "button_alignment": "center",
            "button_color": "color-scheme",
            "css_class": ""
          }
        }
      },
      "block_order": [
        "heading_Lh3Jyj",
        "text_gPpetm",
        "button_EBwwLD"
      ],
      "disabled": true,
      "settings": {
        "anchor_id": "",
        "color_scheme": "accent-3",
        "full_width": true,
        "padding_top": 4,
        "padding_bottom": 4,
        "css_class": "",
        "custom_css": ".rte a {\ncolor: white;\ntext-decoration: none;\n}",
        "custom_css_mobile": ".rte a, .rich-text__blocks {\nmargin-left: 0 !important;\nmargin-right: 0 !important;\nwidth: 100% !important;\n}"
      }
    },
    "1640097424c2f7eec2": {
      "type": "header-offer-page",
      "blocks": {
        "64d5290e-0111-45f8-add9-b15e6899534a": {
          "type": "countdown_timer",
          "disabled": true,
          "settings": {
            "title": "",
            "end_date_time": "August 19, 2022 23:59:59 GMT-0500",
            "first_countdown": true,
            "color_scheme": "background-1",
            "padding_top": 20,
            "padding_bottom": 20,
            "css_class": ""
          }
        },
        "bd5c02bc-ed1a-47fb-93b9-a67e14efaa95": {
          "type": "custom_colors",
          "settings": {
            "colors_solid_button_labels": "",
            "colors_accent_1": "",
            "gradient_accent_1": "",
            "colors_accent_2": "#9f2b68",
            "gradient_accent_2": "",
            "colors_accent_3": "",
            "colors_accent_4": "",
            "colors_text": "",
            "colors_outline_button_labels": "",
            "colors_background_1": "",
            "gradient_background_1": "",
            "colors_background_2": "",
            "gradient_background_2": ""
          }
        }
      },
      "block_order": [
        "64d5290e-0111-45f8-add9-b15e6899534a",
        "bd5c02bc-ed1a-47fb-93b9-a67e14efaa95"
      ],
      "disabled": true,
      "settings": {
        "color_scheme": "accent-2",
        "display_logo": true,
        "enable_logo_link": true,
        "logo_color": "white",
        "show_line_separator": false,
        "enable_sticky_header": true,
        "margin_bottom": 0,
        "css_class": "",
        "custom_css": "",
        "custom_css_mobile": ""
      }
    },
    "image_banner_fYNHFU": {
      "type": "image-banner",
      "settings": {
        "image": "shopify:\/\/shop_images\/Balance_Hero_desktop.jpg",
        "mobile_image": "shopify:\/\/shop_images\/Balance_mobile_1.jpg",
        "link": "",
        "image_overlay_opacity": 0,
        "image_height": "medium",
        "adapt_height_first_image": true,
        "desktop_content_position": "middle-center",
        "show_text_box": true,
        "desktop_content_alignment": "center",
        "color_scheme": "background-1",
        "mobile_content_alignment": "center",
        "stack_images_on_mobile": true,
        "show_text_below": true,
        "css_class": "",
        "custom_css": "",
        "custom_css_mobile": ""
      }
    },
    "rich_text_iRLPqQ": {
      "type": "rich-text",
      "blocks": {
        "text_gDxk9H": {
          "type": "text",
          "settings": {
            "text": "<p>From easing hot flashes to promoting a healthy mood — Balance has your back. This powerful formula combines bio-identical progesterone with the mother of all hormones, pregnenolone…giving your body what it needs to fight off the worst menopause throws at you.<\/p>",
            "text_alignment": "center",
            "text_size": "p",
            "css_class": "top"
          }
        },
        "text_JPNpmY": {
          "type": "text",
          "settings": {
            "text": "<p>SEE WHAT OUR WILDLY HAPPY CUSTOMERS SAY 👇<\/p>",
            "text_alignment": "center",
            "text_size": "p",
            "css_class": "bottom"
          }
        }
      },
      "block_order": [
        "text_gDxk9H",
        "text_JPNpmY"
      ],
      "settings": {
        "anchor_id": "",
        "color_scheme": "background-1",
        "full_width": true,
        "padding_top": 64,
        "padding_bottom": 64,
        "css_class": "",
        "custom_css": ".top{font-size:40px;\ncolor:#321748;}\n.bottom{font-size:30px;\ncolor:#BE9452;\nfont-weight:300;\npadding-top:3%;",
        "custom_css_mobile": ".top{font-size:30px;}\n.bottom{font-size:25px;}"
      }
    },
    "multicolumn_mFFzjH": {
      "type": "multicolumn",
      "blocks": {
        "column_UnQKJb": {
          "type": "column",
          "settings": {
            "image": "shopify:\/\/shop_images\/Balance__1.jpg",
            "title": "1. Hot flashes? Never heard of them.",
            "heading_color": "color-scheme",
            "text": "<p>Starting in perimenopause, your progesterone drops like a skydiver falling from an airplane. Without ample progesterone — your body can suddenly feel like it’s on fire and start pouring sweat. This is also what causes you to wake up feeling like you’ve just had a bucket of water thrown on you. <\/p><p>Balance helps support your progesterone levels so hot flashes don’t have a chance to steal your sanity or your sleep.  <\/p>",
            "link_label": "",
            "link": "",
            "button_color": "color-scheme",
            "css_class": ""
          }
        },
        "column_hT4rEm": {
          "type": "column",
          "settings": {
            "image": "shopify:\/\/shop_images\/Balance-_2.png",
            "title": "2. Bioidentical Progesterone from Wild Yams (Just like your body's)",
            "heading_color": "color-scheme",
            "text": "<p>When it comes to hormones, natural is just superior. That’s why we’ve used bioidentical, concentrated progesterone made from wild yams in Balance cream. This isn’t some forged-in-a-lab synthetic hormone treatment. It’s made from non-GMO wild yams that match your body’s own progesterone to give you the gentlest, most effective experience possible.<\/p><p>Bioidentical hormones give you the support you need, without the crazy risks.<\/p>",
            "link_label": "",
            "link": "",
            "button_color": "color-scheme",
            "css_class": ""
          }
        },
        "column_wTcJhB": {
          "type": "column",
          "settings": {
            "image": "shopify:\/\/shop_images\/Balance_-_3.png",
            "title": "3. ‘Bye mood swings, anxiety, bloating, and brain fog — nobody likes you",
            "heading_color": "color-scheme",
            "text": "<p>You just don’t appreciate how much progesterone does for your body until it disappears. Once it starts to dip, you’ll experience headaches, hot flashes, mood changes, low libido, and weight gain — all the classic menopause struggles. Balance helps you take control of the situation by going straight to the source and propping up your progesterone, pronto.  <\/p><p>What’s more, progesterone gets converted to estrogen, DHEA, and testosterone by the body, which gives you even <em>more<\/em> support in the menopausal hormone department. <\/p>",
            "link_label": "",
            "link": "",
            "button_color": "color-scheme",
            "css_class": ""
          }
        },
        "column_DCmpbr": {
          "type": "column",
          "settings": {
            "image": "shopify:\/\/shop_images\/Balance-_4.jpg",
            "title": "4. Finally. A blissful night’s sleep.",
            "heading_color": "color-scheme",
            "text": "<p>What could be possible in your life if you could actually sleep through the night every night? No more waking up at 3 AM. No more pajamas soaked in sweat. Just a peaceful, uninterrupted night’s sleep. Wouldn’t that just feel <em>amazing<\/em>?<\/p><p>Balance helps you get your sleep back on track and feel like a new woman in the morning. <\/p>",
            "link_label": "",
            "link": "",
            "button_color": "color-scheme",
            "css_class": ""
          }
        },
        "column_MaCg7D": {
          "type": "column",
          "settings": {
            "image": "shopify:\/\/shop_images\/Balance-_5.jpg",
            "title": "5. Hello, glowing skin!",
            "heading_color": "color-scheme",
            "text": "<p>Balance is also packed with skin saviors, including tripeptides plus carrot root and grape seed extracts. Peptides are polymers found in high-end skincare products that help your skin feel tighter and more toned. Which is why many women use Balance as their night cream for their face and find their fine lines and wrinkles fading along with their tricky hormone symptoms. <\/p><p>Basically, Balance is the double-duty night cream you didn’t know you needed. <\/p>",
            "link_label": "",
            "link": "",
            "button_color": "color-scheme",
            "css_class": ""
          }
        }
      },
      "block_order": [
        "column_UnQKJb",
        "column_hT4rEm",
        "column_wTcJhB",
        "column_DCmpbr",
        "column_MaCg7D"
      ],
      "settings": {
        "anchor_id": "",
        "title": "",
        "text": "",
        "heading_size": "h1",
        "heading_color": "color-scheme",
        "text_size": "p",
        "column_heading_size": "h3",
        "column_text_size": "p",
        "image_width": "full",
        "image_ratio": "adapt",
        "columns_desktop": 2,
        "column_alignment": "center",
        "column_link_type": "button",
        "background_style": "none",
        "button_label": "",
        "button_link": "",
        "button_color": "color-scheme",
        "color_scheme": "background-1",
        "columns_mobile": "1",
        "swipe_on_mobile": false,
        "padding_top": 36,
        "padding_bottom": 0,
        "css_class": "",
        "custom_css": "h3{text-align:left;\nfont-size:40px;\nline-height:1;}\np{text-align:left;}",
        "custom_css_mobile": ""
      }
    },
    "image_with_text_JcyfbW": {
      "type": "image-with-text",
      "blocks": {
        "heading_VhGXY3": {
          "type": "heading",
          "settings": {
            "heading": "Shop Balance",
            "heading_size": "h1",
            "heading_color": "color-scheme",
            "css_class": "box"
          }
        },
        "text_LAPXgC": {
          "type": "text",
          "settings": {
            "text": "<p>NEW CUSTOMER OFFER:<\/p><ul><li>SAVE 14% WHEN YOU SUBSCRIBE<\/li><\/ul>",
            "text_style": "body",
            "css_class": "box"
          }
        },
        "button_676jRr": {
          "type": "button",
          "settings": {
            "button_label": "Autoship and save 14%",
            "button_link": "https:\/\/drannacabeca.com\/tools\/recurring\/checkout_link?magic=eyJpdGVtcyI6IFt7ImlkIjogMzk1Mzg3NDY0OTA5MzUsICJxdWFudGl0eSI6IDEsICJzZWxsaW5nX3BsYW4iOiAxMjMxMDkzODE1LCAic2VsbGluZ19wbGFuX2dyb3VwX2lkIjogMzkyNDYyMzkxfV19&store_id=188812",
            "button_color": "color-scheme",
            "css_class": "box"
          }
        }
      },
      "block_order": [
        "heading_VhGXY3",
        "text_LAPXgC",
        "button_676jRr"
      ],
      "custom_css": [
        "ul,.button {margin-top: 0;}",
        "@media screen and (min-width: 750px) {.image-with-text {max-width: 850px; } .image__media {background: transparent; } .image-with-text__content {padding: 20rem 0rem 3rem; }}"
      ],
      "settings": {
        "anchor_id": "",
        "image": "shopify:\/\/shop_images\/TGFD_Balance-Front_2.png",
        "height": "adapt",
        "desktop_image_width": "small",
        "layout": "text_first",
        "desktop_content_position": "bottom",
        "desktop_content_alignment": "left",
        "content_layout": "no-overlap",
        "color_scheme": "accent-3",
        "mobile_content_alignment": "left",
        "padding_top": 0,
        "padding_bottom": 36,
        "css_class": "",
        "custom_css": "{\n    background: linear-gradient(180deg, #ffffff 16rem, #be9452 16rem);\n  }\n  .color-accent-3 {\n    background: transparent;\n  }",
        "custom_css_mobile": ".button{padding:15px;}\n\n.image-with-text__content {\n    padding: 0rem 1rem 3rem;\n  }"
      }
    },
    "16505539783c8be3e8": {
      "type": "product-collapsible-content",
      "blocks": {
        "16505539776aee869d-0": {
          "type": "collapsible_row",
          "settings": {
            "heading": "How do I add Balance to my daily routine?",
            "heading_color": "color-scheme",
            "icon": "none",
            "row_content": "<p>Here’s how to get the most out of Balance:<\/p><p><strong>If you’re still cycling regularly<\/strong>, apply 1 pump of Balance to your face, neck, arms, or abdomen once per day, every day — after you ovulate until your period starts. This is typically about day 14 of your cycle through day 28.<\/p><p><strong>If your period is irregular<\/strong>, start 1 pump of Balance cream 10 to 12 days after the first day of your last menstrual period and continue for two weeks or until your period begins, whichever feels better. Sometimes, your period may not start back up. In this case, simply take a break for a week to 10 days, and then start Balance again.<\/p><p><strong>If you don’t have your period anymore<\/strong>, we recommend using 1 pump of Balance on your face, neck, arms, or abdomen for 25 consecutive days followed by a 5-day break. Or, you can use it 5-6 days a week, taking 1-2 days off intermittently.<\/p>"
          }
        },
        "16505539776aee869d-1": {
          "type": "collapsible_row",
          "settings": {
            "heading": "What makes Balance different?",
            "heading_color": "color-scheme",
            "icon": "none",
            "row_content": "<p>Balance works by directly adding bioidentical progesterone into your body. <\/p><p>But Balance also adds pregnenolone, the mother of all hormones, to your body as well. Pregnenolone is what’s known as a precursor. That means your body takes pregnenolone and turns it into other hormones — including DHEA, estrogen, progesterone, and testosterone…all the hormones that are waning in your body as a result of perimenopause and menopause. <\/p><p>Balance is also a high-quality skin cream that includes tripeptides, polymers that address fine lines and wrinkles. So with Balance, you’re also getting a top-shelf night cream.     <\/p><p>Most importantly, Balance is formulated by Dr. Anna Cabeca, a triple-board certified OBGYN. <\/p>"
          }
        },
        "16505539776aee869d-2": {
          "type": "collapsible_row",
          "settings": {
            "heading": "What are the ingredients in Balance?",
            "heading_color": "color-scheme",
            "icon": "none",
            "row_content": "<p>Balance’s proprietary formula includes:<\/p><p>Deionized Water, Caprylic\/Capric Triglyceride, Lactobacillus, Coconut Fruit Extract, Leuconostoc\/Radish Root Ferment Filtrate, Glyceryl Stearata, Stearic Acid, Organic Glycerin, Progesterone, Pregnenolone, Cetyl Alcohol, Tripeptide-29, Rosemary Extract, Xanthan Gum, Glycerin, Carrot Root Extract, Grape Seed Extract, Organic Lavandula Angustifolia Oil, Sodium Hydroxide, Lemon Grass Oil<\/p>"
          }
        },
        "16505539776aee869d-3": {
          "type": "collapsible_row",
          "settings": {
            "heading": "Where is Balance manufactured?",
            "heading_color": "color-scheme",
            "icon": "none",
            "row_content": "<p>Balance is manufactured in the United States and undergoes a variety of stringent tests for quality and purity.<\/p>"
          }
        }
      },
      "block_order": [
        "16505539776aee869d-0",
        "16505539776aee869d-1",
        "16505539776aee869d-2",
        "16505539776aee869d-3"
      ],
      "settings": {
        "anchor_id": "",
        "product": "julva",
        "caption": "",
        "heading": "Frequently asked questions",
        "text": "",
        "heading_size": "h1",
        "heading_alignment": "center",
        "heading_color": "color-scheme",
        "layout": "none",
        "color_scheme": "background-1",
        "container_color_scheme": "background-1",
        "open_first_collapsible_row": true,
        "image_ratio": "adapt",
        "desktop_layout": "image_second",
        "padding_top": 36,
        "padding_bottom": 60,
        "css_class": "",
        "custom_css": "{background: #fff;}\nh2 {color: #BE9452;\ntext-align: center;\nfont-size: 48px;\nfont-weight: 400;\nline-height: 110%; \/* 52.8px *\/\nletter-spacing: -0.5px;\n}\n\n.accordion__content {\ntext-align: left;\npadding: 20px 0 10px 0;\n}\nsummary {\npadding: 2.5rem 0 0 0;\n}\n.accordion {\nmargin-top: 1.5rem;\nmargin-bottom: 0;\nborder-top: 1px solid #321748;\nborder-bottom: none;\n}\n.accordion__title {\ntext-align: left !important;\n}\n.page-width {\npadding: 2.5%;\n}",
        "custom_css_mobile": ""
      }
    },
    "multicolumn_BY7ncB": {
      "type": "multicolumn",
      "blocks": {
        "column_tkMetY": {
          "type": "column",
          "settings": {
            "title": "",
            "heading_color": "color-scheme",
            "text": "<p>Feel like <em>yourself <\/em>again <\/p>",
            "link_label": "",
            "link": "",
            "button_color": "color-scheme",
            "css_class": "heading"
          }
        },
        "column_nGnDe4": {
          "type": "column",
          "settings": {
            "title": "",
            "heading_color": "color-scheme",
            "text": "<p>So many of menopause’s difficulties: hot flashes, brain fog, mood swings, anxiety, weight gain — all of it — are because you’re not ovulating regularly anymore and therefore not producing much progesterone. Balance helps you bring more of that precious progesterone to the table.  <\/p><p>In other words, Balance helps you get your groove back, Girlfriend.<\/p>",
            "link_label": "CHECK OUT BALANCE",
            "link": "shopify:\/\/products\/pura-balance-ppr-cream",
            "button_color": "accent-3",
            "css_class": "content"
          }
        },
        "column_eczpQr": {
          "type": "column",
          "settings": {
            "image": "shopify:\/\/shop_images\/TGFD_Balance-Front_3.png",
            "mobile_image": "shopify:\/\/shop_images\/TGFD_Balance-Front_2_1.png",
            "title": "",
            "heading_color": "color-scheme",
            "text": "",
            "link_label": "",
            "link": "",
            "button_color": "color-scheme",
            "css_class": "img"
          }
        }
      },
      "block_order": [
        "column_tkMetY",
        "column_nGnDe4",
        "column_eczpQr"
      ],
      "custom_css": [
        "@media (min-width: 750px) {.heading {width: calc(30% - var(--grid-desktop-horizontal-spacing) * 2 \/ 3); } .content {width: calc(50% - var(--grid-desktop-horizontal-spacing) * 2 \/ 3); } .content p {padding: 0; } .img {width: calc(20% - var(--grid-desktop-horizontal-spacing) * 2 \/ 3); } .grid__item {margin-top: 0px; margin-bottom: 0px; } img {transform: translate(50px, 0); } .background-none .multicolumn-card__image-wrapper {margin-left: 0px; margin-right: 0px; }}",
        "@media (min-width: 1024px) {.multicolumn-card__image-wrapper {max-width: 250px; }}"
      ],
      "settings": {
        "anchor_id": "",
        "title": "",
        "text": "",
        "heading_size": "h1",
        "heading_color": "color-scheme",
        "text_size": "p",
        "column_heading_size": "h3",
        "column_text_size": "p",
        "image_width": "full",
        "image_ratio": "adapt",
        "columns_desktop": 3,
        "column_alignment": "left",
        "column_link_type": "button",
        "background_style": "none",
        "button_label": "",
        "button_link": "",
        "button_color": "color-scheme",
        "color_scheme": "background-1",
        "columns_mobile": "1",
        "swipe_on_mobile": false,
        "padding_top": 52,
        "padding_bottom": 36,
        "css_class": "dac-full-width dac-padding-side-none",
        "custom_css": ".section-template--15123150372919__multicolumn_BY7ncB-padding{background:#9F2B68;}\np{color:#ffffff;}\n\n.heading{font-size:50px;\nmargin:0 auto; line-height: 4rem;}\n\n.grid {\n    column-gap: 0;\n    row-gap: 0;\n}\n  slider-component {\n    max-width: 1200px;\n    margin: 0 auto;\n  }",
        "custom_css_mobile": ".multicolumn-card__image-wrapper {\n    max-width: 250px;\nmargin: 0 auto;\n  }"
      }
    }
  },
  "order": [
    "main",
    "rich_text_rajGMt",
    "1640097424c2f7eec2",
    "image_banner_fYNHFU",
    "rich_text_iRLPqQ",
    "multicolumn_mFFzjH",
    "image_with_text_JcyfbW",
    "16505539783c8be3e8",
    "multicolumn_BY7ncB"
  ]
}
