{
  "layout": "theme-offer-page",
  "sections": {
    "main": {
      "type": "main-page",
      "settings": {
        "display_title": true,
        "color_scheme": "background-1",
        "padding_top": 40,
        "padding_bottom": 40,
        "css_class": "visually-hidden",
        "custom_css": "",
        "custom_css_mobile": ""
      }
    },
    "1640097424c2f7eec2": {
      "type": "header-offer-page",
      "blocks": {
        "64d5290e-0111-45f8-add9-b15e6899534a": {
          "type": "countdown_timer",
          "disabled": true,
          "settings": {
            "title": "Masterclass Begins In:",
            "end_date_time": "August 31, 2022 19:00:00 GMT-0400",
            "first_countdown": true,
            "color_scheme": "background-1",
            "padding_top": 20,
            "padding_bottom": 20,
            "css_class": ""
          }
        },
        "bd5c02bc-ed1a-47fb-93b9-a67e14efaa95": {
          "type": "custom_colors",
          "settings": {
            "colors_solid_button_labels": "",
            "colors_accent_1": "",
            "gradient_accent_1": "",
            "colors_accent_2": "#0b1532",
            "gradient_accent_2": "",
            "colors_accent_3": "",
            "colors_accent_4": "",
            "colors_text": "",
            "colors_outline_button_labels": "",
            "colors_background_1": "",
            "gradient_background_1": "",
            "colors_background_2": "#fcfaf7",
            "gradient_background_2": ""
          }
        }
      },
      "block_order": [
        "64d5290e-0111-45f8-add9-b15e6899534a",
        "bd5c02bc-ed1a-47fb-93b9-a67e14efaa95"
      ],
      "settings": {
        "color_scheme": "accent-1",
        "display_logo": true,
        "enable_logo_link": false,
        "logo_color": "gold",
        "show_line_separator": false,
        "enable_sticky_header": true,
        "margin_bottom": 0,
        "css_class": "",
        "custom_css": "",
        "custom_css_mobile": ""
      }
    },
    "2c5968dc-94cb-4616-aab0-d4fa153c4968": {
      "type": "multicolumn",
      "blocks": {
        "template--14730400006199__2c5968dc-94cb-4616-aab0-d4fa153c4968-column-1": {
          "type": "column",
          "settings": {
            "image": "shopify:\/\/shop_images\/MasterclassLogo_V1.png",
            "title": "",
            "heading_color": "color-scheme",
            "text": "",
            "link_label": "",
            "link": "",
            "button_color": "color-scheme",
            "css_class": ""
          }
        },
        "template--14730400006199__2c5968dc-94cb-4616-aab0-d4fa153c4968-column-2": {
          "type": "column",
          "settings": {
            "title": "",
            "heading_color": "color-scheme",
            "text": "<p>Don’t miss this <strong>FREE LIVE<\/strong> masterclass featuring experts in women’s health. <br\/><strong>June 14th at 7:00 pm EST<\/strong><\/p>",
            "link_label": "Watch Replay",
            "link": "#optin",
            "button_color": "accent-2",
            "css_class": ""
          }
        }
      },
      "block_order": [
        "template--14730400006199__2c5968dc-94cb-4616-aab0-d4fa153c4968-column-1",
        "template--14730400006199__2c5968dc-94cb-4616-aab0-d4fa153c4968-column-2"
      ],
      "settings": {
        "anchor_id": "",
        "title": "",
        "text": "",
        "heading_size": "h1",
        "heading_color": "color-scheme",
        "text_size": "p",
        "column_heading_size": "h3",
        "column_text_size": "p",
        "image_width": "full",
        "image_ratio": "adapt",
        "columns_desktop": 2,
        "column_alignment": "center",
        "column_link_type": "button",
        "background_style": "none",
        "button_label": "",
        "button_link": "",
        "button_color": "color-scheme",
        "color_scheme": "accent-1",
        "columns_mobile": "1",
        "swipe_on_mobile": false,
        "padding_top": 36,
        "padding_bottom": 36,
        "css_class": "",
        "custom_css": "strong{color:#be9452;}\np{font-size:28px;}",
        "custom_css_mobile": ""
      }
    },
    "e1ca30d8-5ee7-46f2-9682-20a157eba22e": {
      "type": "multicolumn",
      "blocks": {
        "template--14730400006199__e1ca30d8-5ee7-46f2-9682-20a157eba22e-column-1": {
          "type": "column",
          "settings": {
            "image": "shopify:\/\/shop_images\/Dr.BetsyGreenleaf.png",
            "title": "Dr. Betsy Greenleaf",
            "heading_color": "accent-1",
            "text": "<p>Panelist<\/p>",
            "link_label": "",
            "link": "",
            "button_color": "color-scheme",
            "css_class": ""
          }
        },
        "template--14730400006199__e1ca30d8-5ee7-46f2-9682-20a157eba22e-column-2": {
          "type": "column",
          "settings": {
            "image": "shopify:\/\/shop_images\/JessicaDrummond-copy.png",
            "title": "Jessica Drummond",
            "heading_color": "accent-1",
            "text": "<p>Panelist<\/p>",
            "link_label": "",
            "link": "",
            "button_color": "color-scheme",
            "css_class": ""
          }
        },
        "template--14730400006199__e1ca30d8-5ee7-46f2-9682-20a157eba22e-column-3": {
          "type": "column",
          "settings": {
            "image": "shopify:\/\/shop_images\/KimVopni-copy.png",
            "title": "Kim Vopni",
            "heading_color": "accent-1",
            "text": "<p>Panelist<\/p>",
            "link_label": "",
            "link": "",
            "button_color": "color-scheme",
            "css_class": ""
          }
        }
      },
      "block_order": [
        "template--14730400006199__e1ca30d8-5ee7-46f2-9682-20a157eba22e-column-1",
        "template--14730400006199__e1ca30d8-5ee7-46f2-9682-20a157eba22e-column-2",
        "template--14730400006199__e1ca30d8-5ee7-46f2-9682-20a157eba22e-column-3"
      ],
      "settings": {
        "anchor_id": "",
        "title": "WITH EXPERTS:",
        "text": "",
        "heading_size": "h1",
        "heading_color": "accent-1",
        "text_size": "p",
        "column_heading_size": "h3",
        "column_text_size": "p",
        "image_width": "full",
        "image_ratio": "adapt",
        "columns_desktop": 3,
        "column_alignment": "center",
        "column_link_type": "button",
        "background_style": "none",
        "button_label": "",
        "button_link": "",
        "button_color": "color-scheme",
        "color_scheme": "background-1",
        "columns_mobile": "1",
        "swipe_on_mobile": false,
        "padding_top": 36,
        "padding_bottom": 36,
        "css_class": "",
        "custom_css": "h3{font-size:35px;}\np{color:#9f2b68;\nfont-size:30px;}\n.multicolumn-list__item.center .media--adapt img{width: 800px;\nobject-fit: scale-down;\n}",
        "custom_css_mobile": ""
      }
    },
    "82451c5e-fc64-4cbb-93a1-448b8231ed52": {
      "type": "image-with-text",
      "blocks": {
        "0dd2ad01-2cc4-497f-b1b1-f93b00d86ac4": {
          "type": "custom_liquid",
          "settings": {
            "custom_liquid": "<img src=\"https:\/\/drannacabeca.com\/cdn\/shop\/files\/HostedBy_V3.png\" width=\"100%\" alt=\"Hosted by Triple Board Certified OB-GYN, Dr. Anna Cabeca\">>",
            "css_class": "leftimg"
          }
        }
      },
      "block_order": [
        "0dd2ad01-2cc4-497f-b1b1-f93b00d86ac4"
      ],
      "settings": {
        "anchor_id": "",
        "image": "shopify:\/\/shop_images\/HostedBy_V6_fa785d97-4f93-43fc-9ccb-ef77c3cfb298.png",
        "height": "adapt",
        "desktop_image_width": "small",
        "layout": "text_first",
        "desktop_content_position": "top",
        "desktop_content_alignment": "left",
        "content_layout": "no-overlap",
        "color_scheme": "accent-1",
        "mobile_content_alignment": "left",
        "padding_top": 12,
        "padding_bottom": 36,
        "css_class": "dac-full-width dac-padding-side-none",
        "custom_css": ".leftimg {\n  margin: auto;\n}",
        "custom_css_mobile": ""
      }
    },
    "16475248305a1a0206": {
      "type": "image-banner",
      "disabled": true,
      "settings": {
        "image": "shopify:\/\/shop_images\/BioidenticalHormonesMasterclass_LandingPage_1-01_4_5027f803-585d-425e-8815-68c68e89f170.png",
        "mobile_image": "shopify:\/\/shop_images\/BioidenticalHormonesMasterclass_MobileLandingPage_1-01_1.png",
        "link": "#reserve",
        "image_overlay_opacity": 0,
        "image_height": "medium",
        "adapt_height_first_image": true,
        "desktop_content_position": "middle-center",
        "show_text_box": true,
        "desktop_content_alignment": "center",
        "color_scheme": "background-2",
        "mobile_content_alignment": "center",
        "stack_images_on_mobile": true,
        "show_text_below": true,
        "css_class": "",
        "custom_css": "",
        "custom_css_mobile": ""
      }
    },
    "1660084097fa0c5ef0": {
      "type": "image-banner",
      "disabled": true,
      "settings": {
        "image": "shopify:\/\/shop_images\/BioidenticalHormonesMasterclass_LandingPage_2-01_5.png",
        "mobile_image": "shopify:\/\/shop_images\/BioidenticalHormonesMasterclass_MobileLandingPage_2-01_2.png",
        "link": "",
        "image_overlay_opacity": 0,
        "image_height": "medium",
        "adapt_height_first_image": true,
        "desktop_content_position": "middle-center",
        "show_text_box": true,
        "desktop_content_alignment": "center",
        "color_scheme": "background-2",
        "mobile_content_alignment": "center",
        "stack_images_on_mobile": true,
        "show_text_below": true,
        "css_class": "",
        "custom_css": "",
        "custom_css_mobile": ""
      }
    },
    "1651243183dc8c517f": {
      "type": "rich-text",
      "blocks": {
        "e7caf1d6-3572-46b2-966c-41d2662321c1": {
          "type": "text",
          "disabled": true,
          "settings": {
            "text": "<p><em><strong>Restoring balance, reclaiming health<\/strong><\/em><\/p>",
            "text_alignment": "center",
            "text_size": "h4",
            "css_class": ""
          }
        },
        "874fd46a-e6e1-4df1-aab5-9f3b58513352": {
          "type": "heading",
          "settings": {
            "heading": "Have you ever wondered…",
            "heading_size": "h2",
            "heading_alignment": "center",
            "heading_color": "color-scheme",
            "css_class": "",
            "heading_divider": false
          }
        },
        "6c579e0c-9773-411d-8fb3-8737e8f0146b": {
          "type": "text",
          "settings": {
            "text": "<p>If dryness, leaks, and loss of sensation are inevitable? <\/p><p>Why sex becomes painful as you age?<\/p><p>How to do a Kegel, and if they really work?<\/p><p>What vaginal atrophy is — and what you can do about it?<\/p><p>If hormone replacement is safe?  <\/p><p>How to keep your kitty purring with pleasure in perimenopause and beyond?<\/p><p>What you don’t know about your lady bits?<\/p><p>If what you know is even true?!<\/p>",
            "text_alignment": "center",
            "text_size": "p",
            "css_class": ""
          }
        },
        "fbaec3bc-324e-4347-9e44-7f3309ddcc8b": {
          "type": "text",
          "settings": {
            "text": "<p>If so, don’t miss this FREE masterclass featuring trusted experts in women’s health<\/p>",
            "text_alignment": "center",
            "text_size": "p",
            "css_class": "mstr"
          }
        },
        "1651243182c24ad981-0": {
          "type": "heading",
          "settings": {
            "heading": "All Things V Masterclass",
            "heading_size": "h1",
            "heading_alignment": "center",
            "heading_color": "accent-1",
            "css_class": "",
            "heading_divider": false
          }
        },
        "c94cb3e8-d506-477f-a8c1-2687c6c0f461": {
          "type": "custom_liquid",
          "settings": {
            "custom_liquid": "<h3>Keep your vagina happy, healthy, and satisfied<\/h3>",
            "css_class": "Date"
          }
        },
        "fe32bdb2-8a74-4b1d-b2c8-0838261441da": {
          "type": "custom_liquid",
          "settings": {
            "custom_liquid": "<div class=\"klaviyo-form-T52ugH\" data-name=\"All Things V Masterclass\"><\/div>",
            "css_class": "optin"
          }
        }
      },
      "block_order": [
        "e7caf1d6-3572-46b2-966c-41d2662321c1",
        "874fd46a-e6e1-4df1-aab5-9f3b58513352",
        "6c579e0c-9773-411d-8fb3-8737e8f0146b",
        "fbaec3bc-324e-4347-9e44-7f3309ddcc8b",
        "1651243182c24ad981-0",
        "c94cb3e8-d506-477f-a8c1-2687c6c0f461",
        "fe32bdb2-8a74-4b1d-b2c8-0838261441da"
      ],
      "settings": {
        "anchor_id": "reserve",
        "color_scheme": "background-2",
        "full_width": true,
        "padding_top": 40,
        "padding_bottom": 60,
        "css_class": "",
        "custom_css": "p { font-size: 1.1em; }\n\nstrong { font-size: 1.25em; color: #be9452; !important; }\n\nh3 {font-size: 1.5em; margin-top: -15px; \nmargin-bottom: 30px; color:#000000; text-align:center; \n}\n\nh2 {\nmargin-bottom:0px;\n}\n\n.mstr{\nPadding-top:40px;\nFont-size: 1.1em;\nfont-weight: var(--font-body-weight-bold);\n}\n\n.Date h2 {\nfont-size: 1.5em; margin-top: -15px; \nmargin-bottom: 30px;  text-align:center; \n}",
        "custom_css_mobile": ""
      }
    }
  },
  "order": [
    "main",
    "1640097424c2f7eec2",
    "2c5968dc-94cb-4616-aab0-d4fa153c4968",
    "e1ca30d8-5ee7-46f2-9682-20a157eba22e",
    "82451c5e-fc64-4cbb-93a1-448b8231ed52",
    "16475248305a1a0206",
    "1660084097fa0c5ef0",
    "1651243183dc8c517f"
  ]
}
