{
  "sections": {
    "5496bf93-b74f-4391-b9ff-5aa665c49ece": {
      "type": "image",
      "settings": {
        "image": "shopify:\/\/shop_images\/TGFD_WebsiteDesign_MenopausePage-38.png",
        "mobile_image": "shopify:\/\/shop_images\/TGFD_WebsiteDesign_MenopausePage-39.png",
        "max_width": 1600,
        "color_scheme": "accent-2",
        "link": "",
        "padding_top": 0,
        "padding_bottom": 0,
        "css_class": "",
        "custom_css": "",
        "custom_css_mobile": ""
      }
    },
    "833b4aa7-30e5-4291-bd1e-1d1533c2bebc": {
      "type": "image-with-text",
      "blocks": {
        "template--14579283853367__833b4aa7-30e5-4291-bd1e-1d1533c2bebc-text-1": {
          "type": "text",
          "settings": {
            "text": "<h1>I don’t want to have sex anymore. Why?<\/h1><p>I’ve heard women tell me, “I love my partner, but I just don’t feel like having sex. What’s wrong with me?” Women of all ages, in their 30s, 40s, and 50s+, who feel they’ve lost their “sexual spark” desperately want it back. Many suffer in silence, not knowing that there are solutions out there.<\/p><p>Sexual dysfunction can manifest in several ways. Basically, there are four distinct areas of sexual functioning that can go awry: A lack of interest in sex, having interest but being unable to achieve arousal, lacking adequate vaginal lubrication, and being unable to achieve orgasm. All of these problems can seriously disrupt your sex life, which can in turn disrupt your entire relationship.<\/p>",
            "text_style": "body",
            "css_class": ""
          }
        },
        "a2ac8305-bb72-401b-a0fa-9a8e8d617024": {
          "type": "text",
          "settings": {
            "text": "<p>After listening to countless stories, I’ve learned that:<\/p>",
            "text_style": "body",
            "css_class": "gold"
          }
        },
        "525a86f0-f13f-475a-beee-e134531f7294": {
          "type": "list",
          "settings": {
            "list_items": "<p>Vulvar-vaginal thinning and irritation<\/p><p>Painful sex due to excessive vaginal dryness<\/p><p>Increased vaginal and bladder infections, odors, itching and irritations<\/p><p>Leaking urine, pressure and\/or trouble peeing<\/p><p>Increased skin disorders affecting the urogenital tract<\/p><p>Decreased desire, arousal, and\/or difficulty in having an orgasm<\/p><p>Pelvic prolapse symptoms such as pressure and trouble eliminating<\/p><p>General pain and discomfort from various activities<\/p>",
            "list_style_type": "bullets",
            "text_alignment": "left",
            "css_class": ""
          }
        }
      },
      "block_order": [
        "template--14579283853367__833b4aa7-30e5-4291-bd1e-1d1533c2bebc-text-1",
        "a2ac8305-bb72-401b-a0fa-9a8e8d617024",
        "525a86f0-f13f-475a-beee-e134531f7294"
      ],
      "settings": {
        "image": "shopify:\/\/shop_images\/TGFD_WebsiteDesign_MenopausePage-painfulsex.jpg",
        "height": "adapt",
        "desktop_image_width": "medium",
        "layout": "text_first",
        "desktop_content_position": "top",
        "desktop_content_alignment": "left",
        "content_layout": "no-overlap",
        "color_scheme": "background-2",
        "mobile_content_alignment": "left",
        "padding_top": 0,
        "padding_bottom": 0,
        "css_class": "dac-allow-media-resize",
        "custom_css": "strong {\ncolor: #9F2B68;\n}\n\nh1 {\ncolor: #321748;\nfont-size: 64px;\n}\n\n.gold {\ncolor: #BE9452;\ntext-transform: uppercase;\n}\n\n.page-width { max-width: 1800px;}\n{ background-color: rgb(var(--color-base-background-2));",
        "custom_css_mobile": ".image-with-text__grid {\n  padding: 10px;\n}\n\nh1 {\nfont-size: 32px;\n}"
      }
    },
    "c5929b1b-a3b0-4536-81da-ac49e6b40dac": {
      "type": "rich-text",
      "blocks": {
        "template--14579283853367__c5929b1b-a3b0-4536-81da-ac49e6b40dac-text-1": {
          "type": "text",
          "settings": {
            "text": "<p>The good news is, you don’t have to settle for a sexless marriage. In fact, I would like it to be true that post-menopause we can even have more fulfilling intimacy and a satisfying sex life than ever before!<\/p>",
            "text_alignment": "center",
            "text_size": "p",
            "css_class": ""
          }
        },
        "template--14579283853367__c5929b1b-a3b0-4536-81da-ac49e6b40dac-button-1": {
          "type": "button",
          "settings": {
            "button_label": "LEARN MORE ABOUT MENOPAUSE",
            "button_link": "shopify:\/\/pages\/menopause",
            "button_style_secondary": false,
            "button_alignment": "center",
            "button_color": "accent-1",
            "css_class": ""
          }
        }
      },
      "block_order": [
        "template--14579283853367__c5929b1b-a3b0-4536-81da-ac49e6b40dac-text-1",
        "template--14579283853367__c5929b1b-a3b0-4536-81da-ac49e6b40dac-button-1"
      ],
      "settings": {
        "anchor_id": "",
        "color_scheme": "background-2",
        "full_width": true,
        "padding_top": 0,
        "padding_bottom": 72,
        "css_class": "",
        "custom_css": "a {\ncolor:#000000;\ntext-decoration: underline;\n}\n\n.button {\ncolor:#ffffff;\ntext-decoration: none;\n}",
        "custom_css_mobile": ""
      }
    },
    "626918f2-19cb-4bdb-a42c-7ddbea0a7523": {
      "type": "rich-text",
      "blocks": {
        "31408c9c-6838-4a56-ae1e-43a4cb54349f": {
          "type": "heading",
          "settings": {
            "heading": "What can I do about it?",
            "heading_size": "h0",
            "heading_alignment": "center",
            "heading_color": "accent-1",
            "css_class": "",
            "heading_divider": false
          }
        },
        "f185e2b0-df24-4d36-975f-a60c081f2b1b": {
          "type": "text",
          "settings": {
            "text": "<p>As with most other changes we experience, it starts with our hormones (our main sex hormones are androgens (DHEA and testosterone), estrogen, and progesterone). These hormones play important roles in our libido and sexual health.<\/p><p>During the menopausal transition, falling levels of estrogen can reduce desire in women (among other things); as estrogen promotes the health of our reproductive organs and keeps the vagina moisturized and elastic. But progesterone, testosterone, and DHEA also help to keep things running smoothly. Imbalances of our hormones (from whatever causes: hormone decline, stress, toxins, medications) can absolutely cause sexual dysfunction — not only physically but psychologically too. So that means your emotions and the ability to enjoy your relationships are affected as well.<\/p><p>This hormonal decline also means a drop in blood supply to the vagina, which can affect vaginal lubrication, and make it dry and uncomfortable during sex. As you can see, this is not just an estrogen problem ladies! Our symptoms are due to the decline of all our sex hormones.<\/p>",
            "text_alignment": "center",
            "text_size": "p",
            "css_class": ""
          }
        },
        "3727f0e8-1589-455f-8198-619ee1a3d41e": {
          "type": "image",
          "settings": {
            "image": "shopify:\/\/shop_images\/TGFD_WebsiteDesign_MenopausePage-Painfulsex.png",
            "max_width": 0,
            "css_class": ""
          }
        },
        "template--14572363284535__626918f2-19cb-4bdb-a42c-7ddbea0a7523-text-1": {
          "type": "text",
          "settings": {
            "text": "<p>Having satisfying sex is an important part of life no matter how old you are or how chaotic your life is. <\/p><p>Address L-I-B-I-D-O, and you’ll have satisfying, amazing sex, no matter what your age. These “secrets” to great sex will get the spark sizzling again, trust me.<\/p>",
            "text_alignment": "center",
            "text_size": "p",
            "css_class": ""
          }
        }
      },
      "block_order": [
        "31408c9c-6838-4a56-ae1e-43a4cb54349f",
        "f185e2b0-df24-4d36-975f-a60c081f2b1b",
        "3727f0e8-1589-455f-8198-619ee1a3d41e",
        "template--14572363284535__626918f2-19cb-4bdb-a42c-7ddbea0a7523-text-1"
      ],
      "settings": {
        "anchor_id": "",
        "color_scheme": "accent-2",
        "full_width": true,
        "padding_top": 72,
        "padding_bottom": 72,
        "css_class": "",
        "custom_css": "h2{color: #F498C8;\nfont-size:64px;\ntext-transform: capitalize;\n}",
        "custom_css_mobile": "h2 {\nfont-size: 32px;\n}"
      }
    },
    "7c5fdcdc-2543-4f18-8b91-c8d30b33ab3c": {
      "type": "rich-text",
      "blocks": {
        "template--14579283853367__7c5fdcdc-2543-4f18-8b91-c8d30b33ab3c-heading-1": {
          "type": "heading",
          "settings": {
            "heading": " Which is why I created:",
            "heading_size": "h0",
            "heading_alignment": "center",
            "heading_color": "color-scheme",
            "css_class": "",
            "heading_divider": false
          }
        }
      },
      "block_order": [
        "template--14579283853367__7c5fdcdc-2543-4f18-8b91-c8d30b33ab3c-heading-1"
      ],
      "settings": {
        "anchor_id": "",
        "color_scheme": "background-1",
        "full_width": true,
        "padding_top": 72,
        "padding_bottom": 28,
        "css_class": "",
        "custom_css": "h2{color: #BE9452;\ntext-transform: uppercase;\nfont-size:64px;\n}",
        "custom_css_mobile": "h2 {\nfont-size: 32px;\n}"
      }
    },
    "226b22f5-bb5f-440a-830f-180e99fa2df0": {
      "type": "image-with-text",
      "blocks": {
        "4cdbfef5-c9fd-4485-b49f-e41f656ef878": {
          "type": "heading",
          "settings": {
            "heading": "Julva®",
            "heading_size": "h1",
            "heading_color": "accent-1",
            "css_class": ""
          }
        },
        "b7652cb5-4d7c-46ab-9d04-128052636264": {
          "type": "text",
          "settings": {
            "text": "<p>The DHEA not only treats vaginal dryness and irritation by promoting your body’s natural ability to produce moisture, but also boosts your mood and sex drive (nice added bonus!).<\/p>",
            "text_style": "body",
            "css_class": ""
          }
        },
        "9da69cf8-1bba-4848-835c-3e6780bf2c70": {
          "type": "text",
          "settings": {
            "text": "<p>Apart from DHEA, it includes:<\/p>",
            "text_style": "body",
            "css_class": "goldagain"
          }
        },
        "211d91a8-8fc3-452e-af94-52deb468440f": {
          "type": "custom_liquid",
          "settings": {
            "custom_liquid": "<img src=\"https:\/\/cdn.shopify.com\/s\/files\/1\/0524\/5661\/files\/Vector_a9c4bfbc-ebbc-4bc6-aa62-089e75ac0040.svg\" width=\"100%;\">",
            "css_class": ""
          }
        },
        "26c3fa12-d689-40df-8a23-b3d122f93b62": {
          "type": "text",
          "settings": {
            "text": "<p>All of the above help to improve moisture naturally, which is the only way to make sure the delicate tissue of the vulva isn’t absorbing anything that can contribute to your vaginal dryness or other symptoms your body might be dealing with. <\/p><p>Apply 0.5 mls daily to the vulva, clitoris and surrounding skin. It can also be used as needed prior to intercourse (about 20 minutes before — you have to allow it to sink in and start working its magic), and you’ll notice things are much like they used to be!<\/p>",
            "text_style": "body",
            "css_class": ""
          }
        },
        "6bd2519e-c3bf-4e5f-bcea-bcc09b1868c0": {
          "type": "button",
          "settings": {
            "button_label": "SHOP JULVA NOW",
            "button_link": "shopify:\/\/products\/julva",
            "button_color": "color-scheme",
            "css_class": ""
          }
        }
      },
      "block_order": [
        "4cdbfef5-c9fd-4485-b49f-e41f656ef878",
        "b7652cb5-4d7c-46ab-9d04-128052636264",
        "9da69cf8-1bba-4848-835c-3e6780bf2c70",
        "211d91a8-8fc3-452e-af94-52deb468440f",
        "26c3fa12-d689-40df-8a23-b3d122f93b62",
        "6bd2519e-c3bf-4e5f-bcea-bcc09b1868c0"
      ],
      "custom_css": [

      ],
      "settings": {
        "image": "shopify:\/\/shop_images\/aboutJulvasection.jpg",
        "height": "adapt",
        "desktop_image_width": "small",
        "layout": "image_first",
        "desktop_content_position": "middle",
        "desktop_content_alignment": "left",
        "content_layout": "no-overlap",
        "color_scheme": "background-1",
        "mobile_content_alignment": "left",
        "padding_top": 0,
        "padding_bottom": 0,
        "css_class": "dac-allow-media-resize",
        "custom_css": ".goldagain{color: #BE9452;\ntext-transform: uppercase;\n}\n.page-width { max-width: 1800px;}",
        "custom_css_mobile": ".image-with-text__grid {\n  padding: 20px;\n}"
      }
    },
    "79d35df0-4e31-482a-a78f-eb54cb3cc9fa": {
      "type": "multicolumn",
      "blocks": {
        "template--14579283853367__79d35df0-4e31-482a-a78f-eb54cb3cc9fa-column-1": {
          "type": "column",
          "settings": {
            "title": "Lubrication",
            "heading_color": "color-scheme",
            "text": "<p>You get dry down there, and often it’s difficult or painful to have intercourse. But once you take action to resolve dryness, you’ll feel sexually reborn and your libido will return.<\/p><p>I formulated a topical anti-aging vulvar cream called <a href=\"https:\/\/drannacabeca.com\/products\/julva?_pos=2&_sid=b14f4c51f&_ss=r\"><span style=\"text-decoration:underline\">Julva®<\/span><\/a> that helps resolve vaginal dryness. It contains the hormone DHEA and other quality natural ingredients shown to be beneficial to the skin and its underlying tissues. This combination works better than anything else I have ever tried or prescribed for vaginal dryness. <\/p>",
            "link_label": "",
            "link": "",
            "button_color": "color-scheme",
            "css_class": ""
          }
        },
        "template--14579283853367__79d35df0-4e31-482a-a78f-eb54cb3cc9fa-column-2": {
          "type": "column",
          "settings": {
            "title": "Intimacy",
            "heading_color": "color-scheme",
            "text": "<p>This means spending affectionate time together with your lover, from date nights to home together doing nothing special except kissing, hugging, holding hands, sipping a glass of wine, or cuddling on the couch – without the expectation of sex.<\/p><p>Intimacy deepens with loving, kind, respectful communication.<\/p>",
            "link_label": "",
            "link": "",
            "button_color": "color-scheme",
            "css_class": ""
          }
        },
        "f0e8d8eb-648d-4c56-bf92-8f8dd9dd12a7": {
          "type": "column",
          "settings": {
            "title": "Bedroom",
            "heading_color": "color-scheme",
            "text": "<p>Here’s where sex mostly happens, so make sure your <a href=\"https:\/\/drannacabeca.com\/blogs\/keto-alkaline-diet\/feel-your-best-in-the-bedroom\"><span style=\"text-decoration:underline\">bedroom environment<\/span><\/a> invites sexiness. Clear the clutter. Change the bedding, add some candles, turn off the TV. The important piece is that you create an atmosphere for lovemaking. <\/p><p>Also: Every now and then, get a room! I mean a nice spacious hotel room where you put the emphasis on sex, reconnect with each other, and rediscover yourselves as a couple.  A romantic getaway can be the Inn down the street!<\/p>",
            "link_label": "",
            "link": "",
            "button_color": "color-scheme",
            "css_class": ""
          }
        },
        "769eb6c9-a129-44df-8530-dbe1054171e6": {
          "type": "column",
          "settings": {
            "title": "Internal Dialogue",
            "heading_color": "color-scheme",
            "text": "<p>Libido isn’t just physical; it’s mental too. If you feel self-conscious about your body, you’ll listen to a negative internal conversation (“self-talk”) about how unattractive you think you are. That’s what your body and attitude will reflect, and your libido goes MIA. Instead, tell yourself that you’re hot, sexy, and attractive. <\/p><p>To help, get some red lingerie (men are turned on by red) that looks amazing on you and that you feel fabulous in. If you need to feel better about yourself, get into a regular exercise program (being active boosts libido too), or find the right diet (which is my next secret!)<\/p>",
            "link_label": "",
            "link": "",
            "button_color": "color-scheme",
            "css_class": ""
          }
        },
        "3b774fdc-fbf0-4e31-a140-fcddbf77cf22": {
          "type": "column",
          "settings": {
            "title": "Diet",
            "heading_color": "color-scheme",
            "text": "<p>Eat foods that help balance your hormones, especially the sex hormones like estrogen and testosterone. My<a href=\"https:\/\/drannacabeca.com\/blogs\/keto-alkaline-diet\/keto-and-keto-green-dieting-whats-the-difference\"><span style=\"text-decoration:underline\"> Keto-Green® Diet<\/span><\/a> does exactly this. It offers a unique combination of keto and alkaline foods that optimize hormones and act as aphrodisiacs to provide you with the best nutrients to help with mood, energy levels, hormone balance, and blood circulation (important for orgasms).<\/p><p>Among these Keto-Green foods are oysters, asparagus, avocados, pumpkin seeds, almonds, walnuts, and many more. Plus, my Keto-Green Diet is rich in healthy omega-3 fats, known to create more spark between the sheets because they are building blocks of prostaglandins, hormone-like substances that play a huge role in sexual health. For more on <a href=\"https:\/\/drannacabeca.com\/blogs\/low-sex-drive\/aphrodisiacs-i-ll-have-what-she-is-having\"><span style=\"text-decoration:underline\">aphrodisiac foods<\/span><\/a>, read this post on <a href=\"https:\/\/drannacabeca.com\/blogs\/low-sex-drive\/nourish-your-libido\"><span style=\"text-decoration:underline\">nourishing your libido<\/span><\/a>.<\/p><p>And don’t forget to supplement with Nature’s Viagra - <a href=\"https:\/\/drannacabeca.com\/products\/mighty-maca\"><span style=\"text-decoration:underline\">Mighty Maca Plus<\/span><\/a>. There is plenty of research on maca, supporting both its libido-enhancing effects as well as its ability to improve infertility. Incorporate maca into your daily routine, and watch your sexual desire skyrocket. Make this herb and diet part of your daily lifestyle, and you’ll have a sex drive raring to go. You can order Mighty Maca Plus from my website.<\/p>",
            "link_label": "",
            "link": "",
            "button_color": "color-scheme",
            "css_class": ""
          }
        },
        "3378d31c-0f12-47f1-aa5e-b0f119e31208": {
          "type": "column",
          "settings": {
            "title": "Oxytocin",
            "heading_color": "color-scheme",
            "text": "<p>Here’s my favorite hormone - the powerful hormone of love, bonding, and connection. You need lots of it! I know from personal experience. We all require more oxytocin in our love life to establish intimacy and attachment, create sexual arousal, reduce stress (which interferes with intimacy for sure), and make us the social, caring individuals that we are. <\/p><p>How can you <a href=\"https:\/\/drannacabeca.com\/blogs\/hormone-imbalance\/put-more-oxytocin-into-your-life-for-a-healthier-you\"><span style=\"text-decoration:underline\">boost oxytocin<\/span><\/a> in your body? There are many ways, from cuddling with your partner to having a pet. But the number-one way to produce more of this awesome hormone is to have orgasms —so have plenty of them. <\/p><p>If you want to brush up on this love hormone, get my FREE downloadable Cheat Sheet “<a href=\"https:\/\/cdn.shopify.com\/s\/files\/1\/0524\/5661\/files\/10__Ways_to_Increase_Oxytocin.pdf\"><span style=\"text-decoration:underline\">10 Ways to Increase Oxytocin<\/span><\/a>” from my website, or make sure you have my bestselling books <a href=\"https:\/\/drannacabeca.com\/products\/the-hormone-fix\"><span style=\"text-decoration:underline\">The Hormone Fix<\/span><\/a>, in which I dedicate an entire chapter to oxytocin.<\/p><p>Sexual pleasure is your right. It’s reasonable and fair for you to expect great sex now, and all throughout your life!<\/p>",
            "link_label": "",
            "link": "",
            "button_color": "color-scheme",
            "css_class": ""
          }
        }
      },
      "block_order": [
        "template--14579283853367__79d35df0-4e31-482a-a78f-eb54cb3cc9fa-column-1",
        "template--14579283853367__79d35df0-4e31-482a-a78f-eb54cb3cc9fa-column-2",
        "f0e8d8eb-648d-4c56-bf92-8f8dd9dd12a7",
        "769eb6c9-a129-44df-8530-dbe1054171e6",
        "3b774fdc-fbf0-4e31-a140-fcddbf77cf22",
        "3378d31c-0f12-47f1-aa5e-b0f119e31208"
      ],
      "settings": {
        "anchor_id": "",
        "title": "L-I-B-I-D-O",
        "text": "",
        "heading_size": "h0",
        "heading_color": "color-scheme",
        "text_size": "p",
        "column_heading_size": "h3",
        "column_text_size": "p",
        "image_width": "full",
        "image_ratio": "adapt",
        "columns_desktop": 2,
        "column_alignment": "center",
        "column_link_type": "button",
        "background_style": "none",
        "button_label": "SHOP JULVA NOW",
        "button_link": "shopify:\/\/products\/julva",
        "button_color": "color-scheme",
        "color_scheme": "background-2",
        "columns_mobile": "1",
        "swipe_on_mobile": false,
        "padding_top": 72,
        "padding_bottom": 72,
        "css_class": "",
        "custom_css": "h2{color: #321748;\nfont-size: 64px;\ntext-transform: capitalize; padding:0px 100px;}\n\n\n\na {\ncolor:#000000;\ntext-decoration: underline;\n}\n\n.button {\ncolor:#ffffff;\ntext-decoration: none;\n}\n.multicolumn-list {\npadding: 0px 5%;\nmax-width: 1800px;\nmargin-left: auto;\nmargin-right: auto;\n}",
        "custom_css_mobile": "h2 {padding:0px;\nfont-size: 32px;\n}\n\n.multicolumn-list {padding: 0px;}"
      }
    },
    "main": {
      "type": "main-page",
      "disabled": true,
      "custom_css": [
        "h1 {text-transform: uppercase; font-size: 1.5em; text-align: center;}",
        ".rte > p:first-of-type {font-size: 2em; line-height: 1.1; text-align: center;}",
        ".rte > p:first-of-type,strong {color: var(--dac-color-awaken);}",
        "@media screen and (min-width: 750px) {.rte > div {columns: 2; column-gap: 3em; text-align: justify; }}",
        "p {break-inside: avoid;}",
        "div p:first-child {margin-top: 0;}"
      ],
      "settings": {
        "display_title": true,
        "color_scheme": "background-1",
        "padding_top": 56,
        "padding_bottom": 72,
        "css_class": "",
        "custom_css": "",
        "custom_css_mobile": ""
      }
    }
  },
  "order": [
    "5496bf93-b74f-4391-b9ff-5aa665c49ece",
    "833b4aa7-30e5-4291-bd1e-1d1533c2bebc",
    "c5929b1b-a3b0-4536-81da-ac49e6b40dac",
    "626918f2-19cb-4bdb-a42c-7ddbea0a7523",
    "7c5fdcdc-2543-4f18-8b91-c8d30b33ab3c",
    "226b22f5-bb5f-440a-830f-180e99fa2df0",
    "79d35df0-4e31-482a-a78f-eb54cb3cc9fa",
    "main"
  ]
}
