{
  "layout": "theme-offer-page",
  "sections": {
    "main": {
      "type": "main-page",
      "settings": {
        "display_title": true,
        "color_scheme": "background-1",
        "padding_top": 40,
        "padding_bottom": 40,
        "css_class": "visually-hidden",
        "custom_css": "",
        "custom_css_mobile": ""
      }
    },
    "1640097424c2f7eec2": {
      "type": "header-offer-page",
      "blocks": {
        "bd5c02bc-ed1a-47fb-93b9-a67e14efaa95": {
          "type": "custom_colors",
          "settings": {
            "colors_solid_button_labels": "",
            "colors_accent_1": "rgba(0,0,0,0)",
            "gradient_accent_1": "",
            "colors_accent_2": "#e4f4f5",
            "gradient_accent_2": "",
            "colors_accent_3": "#be9452",
            "colors_accent_4": "",
            "colors_text": "#000000",
            "colors_outline_button_labels": "",
            "colors_background_1": "#ffffff",
            "gradient_background_1": "",
            "colors_background_2": "#fcfaf7",
            "gradient_background_2": ""
          }
        }
      },
      "block_order": [
        "bd5c02bc-ed1a-47fb-93b9-a67e14efaa95"
      ],
      "disabled": true,
      "custom_css": [

      ],
      "settings": {
        "color_scheme": "accent-2",
        "display_logo": false,
        "enable_logo_link": false,
        "logo_color": "gold",
        "show_line_separator": false,
        "enable_sticky_header": true,
        "margin_bottom": 0,
        "css_class": "",
        "custom_css": ".header--offer-page {\n    grid-template-columns: var(--cart-width) auto var(--cart-width);\ngrid-\n}\n\n.grid { margin-bottom: 0; }\n\n.breeze{ max-width:400px; margin: auto;}\n\n.header__icon, .header__icon--cart .icon {color: rgb(var(--color-base-accent-4));}",
        "custom_css_mobile": ""
      }
    },
    "e908bfc7-aa46-4fd5-9a6f-b8c77ca7658f": {
      "type": "video",
      "settings": {
        "heading": "A Message From Dr Anna",
        "heading_size": "h1",
        "heading_color": "color-scheme",
        "cover_image": "shopify:\/\/shop_images\/MessageFromDrAnna_81161a12-259b-47b5-9841-a11565830ffb.jpg",
        "video_url_metafield": "",
        "video_url": "https:\/\/vimeo.com\/884464380\/9f0b13a09f?share=copy",
        "description": "A Message From Dr Anna",
        "transcript": "",
        "full_width": false,
        "color_scheme": "background-1",
        "padding_top": 36,
        "padding_bottom": 36,
        "css_class": "",
        "custom_css": "",
        "custom_css_mobile": ""
      }
    },
    "aa6880e9-487f-4694-947e-f72277775c73": {
      "type": "rich-text",
      "blocks": {
        "c060593e-664d-4d9c-8a1a-b5ef6d1f1933": {
          "type": "image",
          "settings": {
            "image": "shopify:\/\/shop_images\/Drawer-Tier_Counter_exact.png",
            "max_width": 0,
            "css_class": ""
          }
        },
        "template--14684477718583__aa6880e9-487f-4694-947e-f72277775c73-button-1": {
          "type": "button",
          "settings": {
            "button_label": "Shop Now",
            "button_link": "https:\/\/drannacabeca.com\/pages\/offers-black-friday-vip",
            "button_style_secondary": false,
            "button_alignment": "center",
            "button_color": "color-scheme",
            "css_class": ""
          }
        }
      },
      "block_order": [
        "c060593e-664d-4d9c-8a1a-b5ef6d1f1933",
        "template--14684477718583__aa6880e9-487f-4694-947e-f72277775c73-button-1"
      ],
      "settings": {
        "anchor_id": "",
        "color_scheme": "background-1",
        "full_width": true,
        "padding_top": 0,
        "padding_bottom": 52,
        "css_class": "",
        "custom_css": "",
        "custom_css_mobile": ""
      }
    },
    "9904cbae-60e0-426a-a3d9-e067d2a0d55c": {
      "type": "video-with-text",
      "blocks": {
        "1f184456-5ea0-4fd4-828c-cf002e24db4b": {
          "type": "custom_liquid",
          "settings": {
            "custom_liquid": "<h3 class=\"h3 heading--accent-1\">Join Dr Anna in a free 3-part video training<\/h3>\n<p>Everything you need to know – simplified.<\/p>\n\n<div class=\"klaviyo-form-YfcBTd\" data-name=\"Hormone Basics\"><\/div>",
            "css_class": ""
          }
        },
        "adf727fc-7c5f-47de-a0ea-0956ea01b77d": {
          "type": "caption",
          "settings": {
            "caption": "Start here and watch this first video",
            "text_alignment": "center"
          }
        }
      },
      "block_order": [
        "1f184456-5ea0-4fd4-828c-cf002e24db4b",
        "adf727fc-7c5f-47de-a0ea-0956ea01b77d"
      ],
      "disabled": true,
      "settings": {
        "anchor_id": "",
        "cover_image": "shopify:\/\/shop_images\/TGFD_HormoneBasics_Optin_page_zero.jpg",
        "video_url_metafield": "",
        "video_url": "https:\/\/youtu.be\/YsAYGuXb2BE",
        "description": "",
        "desktop_image_width": "medium",
        "layout": "video_first",
        "desktop_content_position": "middle",
        "desktop_content_alignment": "left",
        "color_scheme": "background-2",
        "padding_top": 28,
        "padding_bottom": 28,
        "css_class": "",
        "custom_css": ".video-with-text__content button { width: 100%; }\n.video-with-text__content { padding-top: 2rem; padding-bottom: 2rem;}\n.video-with-text__media-item { \n    padding: 2rem 1rem 2rem 7rem;\n}\n\nspan {\n  content: \"\\27A4\";\n}\n\n.deferred-media__poster-button {\nopacity: 0.5;\n}\n.video-with-text__grid { min-height: 100vh; }\nform { margin-bottom: 2em; }\n.video-with-text__text--caption { color: rgb(210,4,45); font-weight: bold; font-size: 1.1em; }",
        "custom_css_mobile": ".video-with-text__media-item { \n    padding: 0;\n}\n.video-with-text__content { padding: 2rem 2rem 2rem;\n}\n\np { padding: 0px;}\n.h2{ padding: 0px;}\n.button { margin: 20px 0px;}\n\n.grid { flex-direction: column-reverse; padding-top: 3em }\n.video-with-text__grid { min-height: initial; }\n.h3 { margin-top: 0; }\n.custom-liquid { margin-left: auto; margin-right: auto; }"
      }
    }
  },
  "order": [
    "main",
    "1640097424c2f7eec2",
    "e908bfc7-aa46-4fd5-9a6f-b8c77ca7658f",
    "aa6880e9-487f-4694-947e-f72277775c73",
    "9904cbae-60e0-426a-a3d9-e067d2a0d55c"
  ]
}
