{"layout":"theme-offer-page","sections":{"main":{"type":"main-page","disabled":true,"settings":{"display_title":true,"color_scheme":"background-1","padding_top":28,"padding_bottom":28,"css_class":"","custom_css":"","custom_css_mobile":""}},"16462238058b508f23":{"type":"header-offer-page","blocks":{"2d234c6a-ad15-4b01-b895-79b7c0f04cdf":{"type":"custom_colors","settings":{"colors_solid_button_labels":"","colors_accent_1":"#63316e","gradient_accent_1":"","colors_accent_2":"#ff8f19","gradient_accent_2":"","colors_accent_3":"rgba(0,0,0,0)","colors_accent_4":"","colors_text":"","colors_outline_button_labels":"","colors_background_1":"","gradient_background_1":"","colors_background_2":"rgba(0,0,0,0)","gradient_background_2":""}}},"block_order":["2d234c6a-ad15-4b01-b895-79b7c0f04cdf"],"settings":{"color_scheme":"background-1","display_logo":true,"enable_logo_link":false,"logo_color":"gold","show_line_separator":false,"enable_sticky_header":true,"margin_bottom":0,"css_class":"","custom_css":"@font-face {\n  font-family: 'Larsseit';\n  src: url(https:\/\/d2saw6je89goi1.cloudfront.net\/uploads\/digital_asset\/file\/962385\/Type_Dynamic_-_Larsseit_Regular.otf);\n  font-weight: normal;\n  font-style: normal;\n}\n@font-face {\n  font-family: 'Larsseit-Bold';\n  src: url(https:\/\/d2saw6je89goi1.cloudfront.net\/uploads\/digital_asset\/file\/962384\/Type_Dynamic_-_Larsseit_Bold.otf) format('truetype');\n  font-weight: var(--font-body-weight-bold);\n  font-style: normal;\n}\n@font-face {\n  font-family: 'Larsseit-Thin';\n  src: url(https:\/\/d2saw6je89goi1.cloudfront.net\/uploads\/digital_asset\/file\/962386\/Type_Dynamic_-_Larsseit_Thin.otf) format('truetype');\n  font-weight: lighter;\n  font-style: normal;\n}\n\n@font-face {\n  font-family: 'Larsseit-Light';\n  src: url(https:\/\/d2saw6je89goi1.cloudfront.net\/uploads\/digital_asset\/file\/965155\/Larsseit-Light.ttf) format('truetype');\n  font-weight: lighter;\n  font-style: normal;\n}\n\nbody {\n  font-family: 'Larsseit-Light', serif !important;\n}","custom_css_mobile":""}},"1661533829840875ea":{"type":"multicolumn","blocks":{"1661533828f4870bf8-0":{"type":"column","settings":{"image":"shopify:\/\/shop_images\/Bonuspage-06.jpg","title":"","heading_color":"color-scheme","text":"<p><\/p>","link_label":"DOWNLOAD","link":"https:\/\/cdn.shopify.com\/s\/files\/1\/0524\/5661\/files\/Menupause_6-Day_Daily_Journal.pdf","button_color":"accent-2","css_class":""}},"1661533828f4870bf8-1":{"type":"column","settings":{"image":"shopify:\/\/shop_images\/ultalabtests.jpg","title":"","heading_color":"color-scheme","text":"<p><\/p>","link_label":"Key Marker Panel","link":"https:\/\/www.ultalabtests.com\/drannacabeca","button_color":"accent-2","css_class":""}},"1661533828f4870bf8-2":{"type":"column","settings":{"image":"shopify:\/\/shop_images\/Bonuspage-07.jpg","title":"","heading_color":"color-scheme","text":"<p><\/p>","link_label":"TAKE THE QUIZ","link":"shopify:\/\/pages\/f-menupause-quiz","button_color":"accent-2","css_class":""}}},"block_order":["1661533828f4870bf8-0","1661533828f4870bf8-1","1661533828f4870bf8-2"],"settings":{"anchor_id":"","title":"MenuPause Resources","text":"<p>Assessments and Tests<\/p>","heading_size":"h1","heading_color":"accent-1","text_size":"p","column_heading_size":"h3","column_text_size":"p","image_width":"full","image_ratio":"adapt","columns_desktop":3,"column_alignment":"center","column_link_type":"button","background_style":"none","button_label":"","button_link":"","button_color":"color-scheme","color_scheme":"background-1","columns_mobile":"1","swipe_on_mobile":false,"padding_top":36,"padding_bottom":36,"css_class":"","custom_css":"","custom_css_mobile":""}},"1661450495f0dc6c7b":{"type":"multicolumn","blocks":{"1661450495b789ea23-0":{"type":"column","settings":{"image":"shopify:\/\/shop_images\/Bonuspage-01.jpg","title":"","heading_color":"color-scheme","text":"<p><\/p>","link_label":"DOWNLOAD","link":"https:\/\/cdn.shopify.com\/s\/files\/1\/0524\/5661\/files\/MenuPause_The_6-Day_Plans_at_a_Glance.pdf","button_color":"accent-2","css_class":""}},"1661450495b789ea23-1":{"type":"column","settings":{"image":"shopify:\/\/shop_images\/Bonuspage-02.jpg","title":"","heading_color":"color-scheme","text":"<p><\/p>","link_label":"DOWNLOAD","link":"https:\/\/cdn.shopify.com\/s\/files\/1\/0524\/5661\/files\/Keto_Green_Extreme_Meal_Plan_Servings_AH.pdf","button_color":"accent-2","css_class":""}},"1661450495b789ea23-2":{"type":"column","settings":{"image":"shopify:\/\/shop_images\/Bonuspage-04.jpg","title":"","heading_color":"color-scheme","text":"<p><\/p>","link_label":"DOWNLOAD","link":"https:\/\/cdn.shopify.com\/s\/files\/1\/0524\/5661\/files\/MenuPause_Batch_Cooking_Plan.pdf","button_color":"accent-2","css_class":""}},"aabc25ea-9600-4f3f-98f0-c9cdecbca353":{"type":"column","settings":{"image":"shopify:\/\/shop_images\/Bonuspage-05.jpg","title":"","heading_color":"color-scheme","text":"<p><\/p>","link_label":"DOWNLOAD","link":"https:\/\/cdn.shopify.com\/s\/files\/1\/0524\/5661\/files\/Menupause_RecipeList_at_a_Glance.pdf","button_color":"accent-2","css_class":""}},"a3158207-f9f4-48d9-a392-ec8694deab6b":{"type":"column","settings":{"image":"shopify:\/\/shop_images\/MenuPause_ShoppingList_Cover1.png","title":"","heading_color":"color-scheme","text":"<p><\/p>","link_label":"DOWNLOAD","link":"https:\/\/cdn.shopify.com\/s\/files\/1\/0524\/5661\/files\/MenuPauseShoppingList.pdf","button_color":"accent-2","css_class":""}}},"block_order":["1661450495b789ea23-0","1661450495b789ea23-1","1661450495b789ea23-2","aabc25ea-9600-4f3f-98f0-c9cdecbca353","a3158207-f9f4-48d9-a392-ec8694deab6b"],"settings":{"anchor_id":"","title":"Meal Planning Support","text":"<p><\/p>","heading_size":"h1","heading_color":"accent-1","text_size":"p","column_heading_size":"h3","column_text_size":"p","image_width":"full","image_ratio":"adapt","columns_desktop":3,"column_alignment":"center","column_link_type":"button","background_style":"none","button_label":"","button_link":"","button_color":"color-scheme","color_scheme":"background-1","columns_mobile":"1","swipe_on_mobile":false,"padding_top":36,"padding_bottom":36,"css_class":"","custom_css":"","custom_css_mobile":""}},"16615345127fba12e2":{"type":"multicolumn","blocks":{"16615345124a5736b2-0":{"type":"column","settings":{"image":"shopify:\/\/shop_images\/Bonuspage-08.jpg","title":"","heading_color":"color-scheme","text":"<p><\/p>","link_label":"Join the group","link":"https:\/\/www.facebook.com\/groups\/ketogreen","button_color":"accent-2","css_class":""}},"16615345124a5736b2-1":{"type":"column","settings":{"image":"shopify:\/\/shop_images\/Bonuspage-9ways.jpg","title":"","heading_color":"color-scheme","text":"<p><\/p>","link_label":"DOWNLOAD","link":"https:\/\/cdn.shopify.com\/s\/files\/1\/0524\/5661\/files\/MenuPause_9WayBreakPlateau.pdf","button_color":"accent-2","css_class":""}},"16615345124a5736b2-2":{"type":"column","settings":{"image":"shopify:\/\/shop_images\/Bonuspage-DiabMC.jpg","title":"","heading_color":"color-scheme","text":"<p><\/p>","link_label":"watch now","link":"shopify:\/\/pages\/f-masterclass-diabetes-prediabetes","button_color":"accent-2","css_class":""}}},"block_order":["16615345124a5736b2-0","16615345124a5736b2-1","16615345124a5736b2-2"],"settings":{"anchor_id":"","title":"Tools and Community","text":"<p><\/p>","heading_size":"h1","heading_color":"accent-1","text_size":"p","column_heading_size":"h3","column_text_size":"p","image_width":"full","image_ratio":"adapt","columns_desktop":3,"column_alignment":"center","column_link_type":"button","background_style":"none","button_label":"","button_link":"","button_color":"color-scheme","color_scheme":"background-1","columns_mobile":"1","swipe_on_mobile":false,"padding_top":36,"padding_bottom":36,"css_class":"","custom_css":"","custom_css_mobile":""}},"16615348537615b432":{"type":"multicolumn","blocks":{"62bfb4bb-9f24-4020-bc29-7e574a32c57b":{"type":"product_bundle","settings":{"title":"The MenuPause Reset Kit","variants":"menupause-reset-kit,BUND-MENUPAUSE","offer_name":"","price_features":"total","banner":"","text":"","guarantee_length":"60","offer_inventory_policy":"deny","show_inventory":false,"inventory_label":"","coupon_discounts":"","layout":"recommended\ntitle\nimage\nprice\nsnippets\ninventory\nbuy_buttons\npayment_types","css_class":""}},"e77f4ad4-45d1-4ecb-b8ec-bc2770856524":{"type":"product_bundle","settings":{"title":"Mighty Maca® Plus","variants":"mighty-maca,MACA-CAN,1","offer_name":"","price_features":"total","banner":"","text":"","guarantee_length":"60","offer_inventory_policy":"deny","show_inventory":false,"inventory_label":"","coupon_discounts":"","layout":"recommended\ntitle\nimage\nprice\nsnippets\ninventory\nbuy_buttons\npayment_types","css_class":""}},"5156de70-a047-4ae8-8a3d-48b41b2abd7d":{"type":"product_bundle","settings":{"title":"Keto-Green® Shake 40 Servings","variants":"keto-green-shake-40-servings,KG-SHAKE-40","offer_name":"","price_features":"total","banner":"","text":"","guarantee_length":"60","offer_inventory_policy":"deny","show_inventory":false,"inventory_label":"","coupon_discounts":"","layout":"recommended\ntitle\nimage\nprice\nsnippets\ninventory\nbuy_buttons\npayment_types","css_class":""}},"a1ae534c-1fe6-4c5c-a36e-e809ce23aa5b":{"type":"product_bundle","settings":{"title":"Julva®","variants":"julva,JULVA-TUBE","offer_name":"","price_features":"total","banner":"","text":"","guarantee_length":"60","offer_inventory_policy":"deny","show_inventory":false,"inventory_label":"","coupon_discounts":"","layout":"recommended\ntitle\nimage\nprice\nsnippets\ninventory\nbuy_buttons\npayment_types","css_class":""}},"50d7c428-aa2d-44aa-8424-3762d68914ee":{"type":"product_bundle","settings":{"title":"Keto-pH™ Urine Test Strips","variants":"dr-anna-cabeca-keto-alkaline-weight-loss-solution-urinalysis-test-strips,KPH-URINE","offer_name":"","price_features":"total","banner":"","text":"","guarantee_length":"60","offer_inventory_policy":"deny","show_inventory":false,"inventory_label":"","coupon_discounts":"","layout":"recommended\ntitle\nimage\nprice\nsnippets\ninventory\nbuy_buttons\npayment_types","css_class":""}},"4b0cf4a9-e180-48ce-bfc1-952ffeff79d7":{"type":"product_bundle","settings":{"title":"Omega Goodness","variants":"pura-omega-extreme,PURA-OMEGA","offer_name":"","price_features":"total","banner":"","text":"","guarantee_length":"60","offer_inventory_policy":"deny","show_inventory":false,"inventory_label":"","coupon_discounts":"","layout":"recommended\ntitle\nimage\nprice\nsnippets\ninventory\nbuy_buttons\npayment_types","css_class":""}}},"block_order":["62bfb4bb-9f24-4020-bc29-7e574a32c57b","e77f4ad4-45d1-4ecb-b8ec-bc2770856524","5156de70-a047-4ae8-8a3d-48b41b2abd7d","a1ae534c-1fe6-4c5c-a36e-e809ce23aa5b","50d7c428-aa2d-44aa-8424-3762d68914ee","4b0cf4a9-e180-48ce-bfc1-952ffeff79d7"],"settings":{"anchor_id":"","title":"Products to Accelerate Your Progress","text":"","heading_size":"h1","heading_color":"accent-1","text_size":"p","column_heading_size":"h3","column_text_size":"p","image_width":"full","image_ratio":"adapt","columns_desktop":3,"column_alignment":"center","column_link_type":"button","background_style":"none","button_label":"","button_link":"","button_color":"color-scheme","color_scheme":"background-1","columns_mobile":"1","swipe_on_mobile":false,"padding_top":36,"padding_bottom":36,"css_class":"","custom_css":"","custom_css_mobile":""}},"multicolumn_gp43wT":{"type":"multicolumn","blocks":{"column_n7b6ar":{"type":"column","settings":{"image":"shopify:\/\/shop_images\/MenuPause_Testing-Products_Cover1.png","title":"","heading_color":"color-scheme","text":"","link_label":"download","link":"https:\/\/cdn.shopify.com\/s\/files\/1\/0524\/5661\/files\/MenuPause_TestingandProducts_1.pdf","button_color":"accent-2","css_class":""}}},"block_order":["column_n7b6ar"],"custom_css":[".multicolumn-list__item:only-child {max-width: 38rem;}"],"settings":{"anchor_id":"","title":"","text":"","heading_size":"h1","heading_color":"accent-1","text_size":"p","column_heading_size":"h3","column_text_size":"p","image_width":"full","image_ratio":"adapt","columns_desktop":3,"column_alignment":"center","column_link_type":"button","background_style":"none","button_label":"","button_link":"","button_color":"color-scheme","color_scheme":"background-1","columns_mobile":"1","swipe_on_mobile":false,"padding_top":36,"padding_bottom":36,"css_class":"","custom_css":"","custom_css_mobile":""}},"1661451533aefb46af":{"type":"multicolumn","blocks":{"6628e946-9c71-40a0-8b6f-d957b5a0249e":{"type":"column_with_video","settings":{"cover_image":"shopify:\/\/shop_images\/NotYourMamasCabbageSoup.png","video_url_metafield":"","video_url":"https:\/\/vimeo.com\/412893443","description":"","title":"Not Your Mama's Cabbage Soup","heading_color":"color-scheme","text":"<p><\/p>","link_label":"","link":"","button_color":"color-scheme","css_class":""}},"6e4bf56e-1e63-4972-8f80-10194831df37":{"type":"column_with_video","settings":{"cover_image":"shopify:\/\/shop_images\/CurrySkillet.png","video_url_metafield":"","video_url":"https:\/\/vimeo.com\/653746954","description":"","title":"Curry Skillet Chicken","heading_color":"color-scheme","text":"<p><\/p>","link_label":"","link":"","button_color":"color-scheme","css_class":""}},"498d60eb-301b-4d62-835a-b985afd1c4a0":{"type":"column_with_video","settings":{"cover_image":"shopify:\/\/shop_images\/MangoCoconutSorbert.png","video_url_metafield":"","video_url":"https:\/\/vimeo.com\/653747901","description":"","title":"Mango Coconut Sorbet","heading_color":"color-scheme","text":"<p><\/p>","link_label":"","link":"","button_color":"color-scheme","css_class":""}},"2aa5df12-cd03-4aa0-b796-24a9cf1b98b6":{"type":"column_with_video","settings":{"cover_image":"shopify:\/\/shop_images\/Screen_Shot_2022-09-12_at_11.20.25_AM.png","video_url_metafield":"","video_url":"https:\/\/vimeo.com\/304508152\/6820499aff","description":"","title":"Cooking Ghee with Dr Anna Cabeca","heading_color":"color-scheme","text":"<p><\/p>","link_label":"","link":"","button_color":"color-scheme","css_class":""}},"4eb58df7-bf07-4482-a83b-53f4a2178a13":{"type":"column_with_video","settings":{"cover_image":"shopify:\/\/shop_images\/Screen_Shot_2022-09-12_at_11.24.47_AM.png","video_url_metafield":"","video_url":"https:\/\/youtu.be\/EsMwvQFJkPk","description":"","title":"Curb Your Carb Cravings in 2 Easy Steps!","heading_color":"color-scheme","text":"<p><\/p>","link_label":"","link":"","button_color":"color-scheme","css_class":""}},"a2a02754-9e05-4553-a5d2-30364d88073a":{"type":"column_with_video","settings":{"cover_image":"shopify:\/\/shop_images\/Screen_Shot_2022-09-12_at_11.27.13_AM.png","video_url_metafield":"","video_url":"https:\/\/vimeo.com\/304579492","description":"","title":"Keto-Green Smoothie","heading_color":"color-scheme","text":"<p><\/p>","link_label":"","link":"","button_color":"color-scheme","css_class":""}}},"block_order":["6628e946-9c71-40a0-8b6f-d957b5a0249e","6e4bf56e-1e63-4972-8f80-10194831df37","498d60eb-301b-4d62-835a-b985afd1c4a0","2aa5df12-cd03-4aa0-b796-24a9cf1b98b6","4eb58df7-bf07-4482-a83b-53f4a2178a13","a2a02754-9e05-4553-a5d2-30364d88073a"],"settings":{"anchor_id":"","title":"Cooking Series","text":"<p><\/p>","heading_size":"h1","heading_color":"accent-1","text_size":"p","column_heading_size":"h3","column_text_size":"p","image_width":"full","image_ratio":"adapt","columns_desktop":3,"column_alignment":"center","column_link_type":"button","background_style":"none","button_label":"","button_link":"","button_color":"color-scheme","color_scheme":"background-1","columns_mobile":"1","swipe_on_mobile":false,"padding_top":36,"padding_bottom":36,"css_class":"","custom_css":"","custom_css_mobile":""}}},"order":["main","16462238058b508f23","1661533829840875ea","1661450495f0dc6c7b","16615345127fba12e2","16615348537615b432","multicolumn_gp43wT","1661451533aefb46af"]}