{
  "layout": "theme-offer-page",
  "sections": {
    "main": {
      "type": "main-page",
      "settings": {
        "display_title": true,
        "color_scheme": "background-1",
        "padding_top": 40,
        "padding_bottom": 40,
        "css_class": "visually-hidden",
        "custom_css": "",
        "custom_css_mobile": ""
      }
    },
    "1640097424c2f7eec2": {
      "type": "header-offer-page",
      "blocks": {
        "64d5290e-0111-45f8-add9-b15e6899534a": {
          "type": "countdown_timer",
          "disabled": true,
          "settings": {
            "title": "Masterclass Begins In:",
            "end_date_time": "August 31, 2022 19:00:00 GMT-0400",
            "first_countdown": true,
            "color_scheme": "background-1",
            "padding_top": 20,
            "padding_bottom": 20,
            "css_class": ""
          }
        },
        "bd5c02bc-ed1a-47fb-93b9-a67e14efaa95": {
          "type": "custom_colors",
          "settings": {
            "colors_solid_button_labels": "",
            "colors_accent_1": "",
            "gradient_accent_1": "",
            "colors_accent_2": "#0b1532",
            "gradient_accent_2": "",
            "colors_accent_3": "",
            "colors_accent_4": "",
            "colors_text": "",
            "colors_outline_button_labels": "",
            "colors_background_1": "",
            "gradient_background_1": "",
            "colors_background_2": "#fcfaf7",
            "gradient_background_2": ""
          }
        }
      },
      "block_order": [
        "64d5290e-0111-45f8-add9-b15e6899534a",
        "bd5c02bc-ed1a-47fb-93b9-a67e14efaa95"
      ],
      "settings": {
        "color_scheme": "accent-1",
        "display_logo": true,
        "enable_logo_link": false,
        "logo_color": "gold",
        "show_line_separator": false,
        "enable_sticky_header": true,
        "margin_bottom": 0,
        "css_class": "",
        "custom_css": "",
        "custom_css_mobile": ""
      }
    },
    "16475248305a1a0206": {
      "type": "image-banner",
      "settings": {
        "image": "shopify:\/\/shop_images\/BioidenticalHormonesMasterclass_LandingPage_1-01_copy.jpg",
        "mobile_image": "shopify:\/\/shop_images\/BioidenticalHormonesMasterclass_MobileLandingPage_1-01_copy.jpg",
        "link": "#reserve",
        "image_overlay_opacity": 0,
        "image_height": "medium",
        "adapt_height_first_image": true,
        "desktop_content_position": "middle-center",
        "show_text_box": true,
        "desktop_content_alignment": "center",
        "color_scheme": "background-2",
        "mobile_content_alignment": "center",
        "stack_images_on_mobile": true,
        "show_text_below": true,
        "css_class": "",
        "custom_css": "",
        "custom_css_mobile": ""
      }
    },
    "1660084097fa0c5ef0": {
      "type": "image-banner",
      "settings": {
        "image": "shopify:\/\/shop_images\/BioidenticalHormonesMasterclass_LandingPage_2-01_5.png",
        "mobile_image": "shopify:\/\/shop_images\/BioidenticalHormonesMasterclass_MobileLandingPage_2-01_2.png",
        "link": "",
        "image_overlay_opacity": 0,
        "image_height": "medium",
        "adapt_height_first_image": true,
        "desktop_content_position": "middle-center",
        "show_text_box": true,
        "desktop_content_alignment": "center",
        "color_scheme": "background-2",
        "mobile_content_alignment": "center",
        "stack_images_on_mobile": true,
        "show_text_below": true,
        "css_class": "",
        "custom_css": "",
        "custom_css_mobile": ""
      }
    },
    "1651243183dc8c517f": {
      "type": "rich-text",
      "blocks": {
        "e7caf1d6-3572-46b2-966c-41d2662321c1": {
          "type": "text",
          "disabled": true,
          "settings": {
            "text": "<p><em><strong>Restoring balance, reclaiming health<\/strong><\/em><\/p>",
            "text_alignment": "center",
            "text_size": "h4",
            "css_class": ""
          }
        },
        "874fd46a-e6e1-4df1-aab5-9f3b58513352": {
          "type": "heading",
          "settings": {
            "heading": "Have you ever wondered…",
            "heading_size": "h2",
            "heading_alignment": "center",
            "heading_color": "color-scheme",
            "css_class": "",
            "heading_divider": false
          }
        },
        "6c579e0c-9773-411d-8fb3-8737e8f0146b": {
          "type": "text",
          "settings": {
            "text": "<p>If you should be on hormones?<\/p><p>When you should start hormones… and how you’ll know it’s time? <\/p><p>How to find out the real pros and cons of taking hormones?<br\/><br\/>Is there a natural approach to hormone replacement?<\/p><p>Whether it’s better to replace or replenish your hormones?<\/p><p>What you should know about DHEA, estrogen, progesterone, and testosterone?<\/p>",
            "text_alignment": "center",
            "text_size": "p",
            "css_class": ""
          }
        },
        "fbaec3bc-324e-4347-9e44-7f3309ddcc8b": {
          "type": "text",
          "settings": {
            "text": "<p>If so, don’t miss this FREE masterclass featuring trusted experts in women’s health<\/p>",
            "text_alignment": "center",
            "text_size": "p",
            "css_class": "mstr"
          }
        },
        "1651243182c24ad981-0": {
          "type": "heading",
          "settings": {
            "heading": "Bioidentical Hormones Masterclass",
            "heading_size": "h1",
            "heading_alignment": "center",
            "heading_color": "color-scheme",
            "css_class": "",
            "heading_divider": false
          }
        },
        "c94cb3e8-d506-477f-a8c1-2687c6c0f461": {
          "type": "custom_liquid",
          "settings": {
            "custom_liquid": "<h3>Restoring balance, reclaiming health<\/h3>\n<h2>WATCH THE REPLAY<\/h2>",
            "css_class": "Date"
          }
        },
        "fe32bdb2-8a74-4b1d-b2c8-0838261441da": {
          "type": "custom_liquid",
          "settings": {
            "custom_liquid": "<div class=\"klaviyo-form-UspVLS\" data-name=\"Bioidentical Hormones Masterclass\"><\/div>",
            "css_class": ""
          }
        }
      },
      "block_order": [
        "e7caf1d6-3572-46b2-966c-41d2662321c1",
        "874fd46a-e6e1-4df1-aab5-9f3b58513352",
        "6c579e0c-9773-411d-8fb3-8737e8f0146b",
        "fbaec3bc-324e-4347-9e44-7f3309ddcc8b",
        "1651243182c24ad981-0",
        "c94cb3e8-d506-477f-a8c1-2687c6c0f461",
        "fe32bdb2-8a74-4b1d-b2c8-0838261441da"
      ],
      "settings": {
        "anchor_id": "reserve",
        "color_scheme": "background-2",
        "full_width": true,
        "padding_top": 40,
        "padding_bottom": 60,
        "css_class": "",
        "custom_css": "p { font-size: 1.1em; }\n\nstrong { font-size: 1.25em; color: #be9452; !important; }\n\nh3 {font-size: 1.5em; margin-top: -15px; \nmargin-bottom: 30px; color:#000000; text-align:center; \n}\n\nh2 {\nmargin-bottom:0px;\n}\n\n.mstr{\nPadding-top:40px;\nFont-size: 1.1em;\nfont-weight: var(--font-body-weight-bold);\n}\n\n.Date h2 {\nfont-size: 1.5em; margin-top: -15px; \nmargin-bottom: 30px;  text-align:center; \n}",
        "custom_css_mobile": ""
      }
    }
  },
  "order": [
    "main",
    "1640097424c2f7eec2",
    "16475248305a1a0206",
    "1660084097fa0c5ef0",
    "1651243183dc8c517f"
  ]
}
