{"layout":"theme-offer-page","sections":{"main":{"type":"main-page","settings":{"display_title":true,"color_scheme":"background-1","padding_top":40,"padding_bottom":40,"css_class":"visually-hidden","custom_css":"","custom_css_mobile":""}},"1640097424c2f7eec2":{"type":"header-offer-page","blocks":{"bd5c02bc-ed1a-47fb-93b9-a67e14efaa95":{"type":"custom_colors","settings":{"colors_solid_button_labels":"","colors_accent_1":"rgba(0,0,0,0)","gradient_accent_1":"","colors_accent_2":"#e4f4f5","gradient_accent_2":"","colors_accent_3":"#be9452","colors_accent_4":"","colors_text":"#000000","colors_outline_button_labels":"","colors_background_1":"#ffffff","gradient_background_1":"","colors_background_2":"#fcfaf7","gradient_background_2":""}}},"block_order":["bd5c02bc-ed1a-47fb-93b9-a67e14efaa95"],"custom_css":[".header__icons {z-index: 999;}"],"settings":{"color_scheme":"background-1","display_logo":false,"enable_logo_link":false,"logo_color":"gold","show_line_separator":false,"enable_sticky_header":true,"margin_bottom":0,"css_class":"","custom_css":".header__icon, .header__icon--cart .icon {color: rgb(var(--color-base-accent-4));}","custom_css_mobile":""}},"aaf6cbb8-d777-467b-90a1-365d2d915495":{"type":"image","custom_css":["img {margin-top: -3.5em;}"],"settings":{"image":"shopify:\/\/shop_images\/OxyplayMasterclass-02.png","max_width":800,"color_scheme":"background-1","link":"","padding_top":0,"padding_bottom":0,"css_class":"","custom_css":"","custom_css_mobile":""}},"b22fd141-308b-4e14-9a7b-64287f0d9d0d":{"type":"image","settings":{"image":"shopify:\/\/shop_images\/TGFD_OxyPlayMasterclass_OptInPage_Video1.jpg","max_width":750,"color_scheme":"background-1","link":"","padding_top":36,"padding_bottom":36,"css_class":"","custom_css":"","custom_css_mobile":""}},"9904cbae-60e0-426a-a3d9-e067d2a0d55c":{"type":"video-with-text","blocks":{"4394f467-be84-4850-a173-e30dc0c9eaf1":{"type":"heading","settings":{"heading":"\"An orgasm a day is better than an apple a day. That is for sure, and we do that with OxyPlay.\"","heading_size":"h2"}},"363735ee-db2f-43f5-8269-286b778ec495":{"type":"button","settings":{"button_label":"SIGN UP TO GET ACCESS","button_link":"#buy","button_color":"accent-4"}}},"block_order":["4394f467-be84-4850-a173-e30dc0c9eaf1","363735ee-db2f-43f5-8269-286b778ec495"],"disabled":true,"settings":{"anchor_id":"","cover_image":"shopify:\/\/shop_images\/TGFD_OxyPlayMasterclass_OptInPage.jpg","video_url_metafield":"","video_url":"https:\/\/youtu.be\/HOCuY6Yo7v8","description":"","desktop_image_width":"medium","layout":"video_first","desktop_content_position":"middle","desktop_content_alignment":"center","color_scheme":"background-1","padding_top":28,"padding_bottom":28,"css_class":"","custom_css":".h2{ font-size: 1.8em; color: #000; padding: 0px 60px;}\n.button { margin: 30px 60px 0px;}\n\n\n.video-with-text__content { padding-top: 2rem; padding-bottom: 2rem;}\n.video-with-text__media-item { \n    padding: 2rem 1rem 2rem 7rem;\n}","custom_css_mobile":".video-with-text__media-item { \n    padding-left: 0; \n}\n.video-with-text__content { padding: 2rem 2rem 2rem;\n}\n\np { padding: 0px;}\n.h2{ padding: 0px;}\n.button { margin: 20px 0px;}"}},"f7d1961b-9996-44f4-939f-8b3d9374e8e5":{"type":"rich-text","blocks":{"bc71cdc4-9b9d-40d5-b30c-e8a74c993545":{"type":"button","disabled":true,"settings":{"button_label":"Get access for only $49","button_link":"#sale","button_style_secondary":false,"button_alignment":"center","button_color":"accent-4","css_class":""}},"305d1cc8-93fa-47c0-a4e7-c70c4201f120":{"type":"button","settings":{"button_label":"Get access","button_link":"#sale","button_style_secondary":false,"button_alignment":"center","button_color":"accent-4","css_class":""}},"fb25469d-184d-4a33-9337-9680c2debfbd":{"type":"text","settings":{"text":"<p>Did you know that oxytocin is responsible for more than the feeling of connectedness and joy?<br\/><br\/>Oxytocin plays a role in enhancing your mood, reducing your appetite, pain relief, increased muscle cell regeneration, and even anti-aging.<\/p>","text_alignment":"center","text_size":"p","css_class":""}}},"block_order":["bc71cdc4-9b9d-40d5-b30c-e8a74c993545","305d1cc8-93fa-47c0-a4e7-c70c4201f120","fb25469d-184d-4a33-9337-9680c2debfbd"],"settings":{"anchor_id":"","color_scheme":"background-1","full_width":true,"padding_top":0,"padding_bottom":52,"css_class":"","custom_css":"","custom_css_mobile":""}},"d88f4d11-e846-40d3-8979-920c987aa5d8":{"type":"rich-text","blocks":{"template--14502478839863__d88f4d11-e846-40d3-8979-920c987aa5d8-168235921316e0678b-0":{"type":"heading","settings":{"heading":"Learn how to hack oxytocin for your emotional and physical health in this OxyPlay Masterclass where I talk about:","heading_size":"h1","heading_alignment":"left","heading_color":"accent-3","css_class":"","heading_divider":false}},"411a276e-8dd2-4be0-8ad0-61a83d40bb1b":{"type":"list","settings":{"list_items":"<p>Why oxytocin is called the love and bonding hormone<\/p><p>How I used OxyPlay and the Keto-Green® diet to reverse infertility and early menopause<\/p><p>How the oxytocin-cortisol connection impacts our stress levels<\/p><p>How to use oxytocin to heal the damage of stress<\/p><p>How to bring back that feeling of joy and connection with the people you love<\/p>","text_alignment":"left","text_size":"p","css_class":""}}},"block_order":["template--14502478839863__d88f4d11-e846-40d3-8979-920c987aa5d8-168235921316e0678b-0","411a276e-8dd2-4be0-8ad0-61a83d40bb1b"],"settings":{"anchor_id":"","color_scheme":"background-2","full_width":true,"padding_top":52,"padding_bottom":40,"css_class":"","custom_css":"ul {\n  list-style-type: none; \npadding-inline-start: 0px;\n}\n\nul li:before {\n  content: '';\n  display: inline-block;\n  height: 20px;\n  width: 20px;\n   background-size: 20px;\n  background-image: url(\"https:\/\/cdn.shopify.com\/s\/files\/1\/0524\/5661\/files\/tealcheckmark-03.png\");\n  background-repeat: no-repeat;\n  margin-right: 8px;\nvertical-align: top;\n}\n\n\n\nh2 {font-size:31.50px;}","custom_css_mobile":"ul {\n  margin:0px; padding: 0px;\n}\n\n.rich-text {margin:0px;}"}},"9e65aa18-6fa1-4968-8a18-ba2fb636702f":{"type":"rich-text","blocks":{"template--14506758996023__9e65aa18-6fa1-4968-8a18-ba2fb636702f-1683221008dbb468bd-1":{"type":"text","disabled":true,"settings":{"text":"<p>This is a recording of my talk on DaVinci50, the highest level mastermind for biohacking, maximum health, and radical life extension IN THE WORLD.<\/p><h2>People paid $35,000 to attend this live event, but I’m sharing this replay to you for only $49.<br\/><\/h2><h5><em>*included for free in the Girlfriend Doctor Club!<\/em><\/h5><p>DON’T MISS THIS OXYPLAY MASTERCLASS!<\/p><h5><\/h5><p><\/p>","text_alignment":"center","text_size":"p","css_class":""}},"bc6c98d2-8bcf-49b1-bcfd-dcd8ed7c3db9":{"type":"text","settings":{"text":"<p>This is a recording of my talk on DaVinci50, the highest level mastermind for biohacking, maximum health, and radical life extension IN THE WORLD.<\/p><h2>People paid $35,000 to attend this live event, but I’m sharing this replay to you for less than $50.<br\/><\/h2><h5><em>*included for free in the Girlfriend Doctor Club!<\/em><\/h5><p>DON’T MISS THIS OXYPLAY MASTERCLASS!<\/p><h5><\/h5><p><\/p>","text_alignment":"center","text_size":"p","css_class":""}}},"block_order":["template--14506758996023__9e65aa18-6fa1-4968-8a18-ba2fb636702f-1683221008dbb468bd-1","bc6c98d2-8bcf-49b1-bcfd-dcd8ed7c3db9"],"settings":{"anchor_id":"","color_scheme":"background-1","full_width":true,"padding_top":40,"padding_bottom":0,"css_class":"","custom_css":"h5 {font-size:20px; color: rgb(var(--color-base-accent-3));}","custom_css_mobile":""}},"03e98db1-8692-4f72-9fbd-42f30b42ca30":{"type":"multicolumn","blocks":{"d7c03aae-50d6-47ba-a2a7-95ea9fcd29c9":{"type":"product_bundle","settings":{"image":"shopify:\/\/shop_images\/TGFD_OxyplayMasterclass_Shopify.jpg","title":"","variants":"oxyplay-masterclass,OXYPLAY-COURSE,1","offer_name":"","price_features":"total","banner":"","text":"","guarantee_length":"none","offer_inventory_policy":"deny","show_inventory":false,"inventory_label":"","coupon_discounts":"","layout":"recommended\ntitle\nimage\nprice\nsnippets\ninventory\nbuy_buttons\npayment_types","css_class":""}}},"block_order":["d7c03aae-50d6-47ba-a2a7-95ea9fcd29c9"],"settings":{"anchor_id":"sale","title":"","text":"","heading_size":"h1","heading_color":"color-scheme","text_size":"p","column_heading_size":"h3","column_text_size":"p","image_width":"full","image_ratio":"adapt","columns_desktop":3,"column_alignment":"center","column_link_type":"button","background_style":"none","button_label":"","button_link":"","button_color":"color-scheme","color_scheme":"background-1","columns_mobile":"1","swipe_on_mobile":false,"padding_top":0,"padding_bottom":36,"css_class":"","custom_css":"","custom_css_mobile":""}}},"order":["main","1640097424c2f7eec2","aaf6cbb8-d777-467b-90a1-365d2d915495","b22fd141-308b-4e14-9a7b-64287f0d9d0d","9904cbae-60e0-426a-a3d9-e067d2a0d55c","f7d1961b-9996-44f4-939f-8b3d9374e8e5","d88f4d11-e846-40d3-8979-920c987aa5d8","9e65aa18-6fa1-4968-8a18-ba2fb636702f","03e98db1-8692-4f72-9fbd-42f30b42ca30"]}