{
  "sections": {
    "main": {
      "type": "main-page",
      "disabled": true,
      "settings": {
        "display_title": false,
        "color_scheme": "background-1",
        "padding_top": 28,
        "padding_bottom": 28,
        "css_class": "center",
        "custom_css": "",
        "custom_css_mobile": ""
      }
    },
    "16458011004aaa609d": {
      "type": "rich-text",
      "blocks": {
        "16458011000d532d59-0": {
          "type": "heading",
          "settings": {
            "heading": "Congrats on Purchasing Keto-Green 16!",
            "heading_size": "h1",
            "heading_alignment": "center",
            "heading_color": "accent-4",
            "css_class": "",
            "heading_divider": false
          }
        }
      },
      "block_order": [
        "16458011000d532d59-0"
      ],
      "settings": {
        "anchor_id": "",
        "color_scheme": "background-1",
        "full_width": true,
        "padding_top": 40,
        "padding_bottom": 20,
        "css_class": "",
        "custom_css": "",
        "custom_css_mobile": ""
      }
    },
    "1663082416842d7182": {
      "type": "multicolumn",
      "blocks": {
        "16630824169ca180ab-0": {
          "type": "column",
          "settings": {
            "image": "shopify:\/\/shop_images\/KG16-book-cover_600_897ac59c-3659-4a99-bd6e-1bcebe58c1c7.jpg",
            "title": "",
            "heading_color": "color-scheme",
            "text": "",
            "link_label": "",
            "link": "",
            "button_color": "color-scheme",
            "css_class": ""
          }
        },
        "fa663406-d032-4741-b103-2f2e4f12294f": {
          "type": "custom_liquid",
          "settings": {
            "custom_liquid": "<h3>Get all the helpful resources mentioned in the book...<\/h3>\n<ul><li>Assessments and checklists<\/li><li>​​Special offers on my products<\/li><li>Recipe videos<\/li><\/ul>\n<p style=\"padding-top:15px;\">Where Should We Send Your Resources?<\/p>\n\n<div class=\"klaviyo-form-SZkxqY\" data-name=\"KG16 Book Resources\"><\/div>",
            "css_class": ""
          }
        }
      },
      "block_order": [
        "16630824169ca180ab-0",
        "fa663406-d032-4741-b103-2f2e4f12294f"
      ],
      "settings": {
        "anchor_id": "optin",
        "title": "",
        "text": "",
        "heading_size": "h1",
        "heading_color": "color-scheme",
        "text_size": "p",
        "column_heading_size": "h3",
        "column_text_size": "p",
        "image_width": "full",
        "image_ratio": "adapt",
        "columns_desktop": 2,
        "column_alignment": "left",
        "column_link_type": "button",
        "background_style": "none",
        "button_label": "",
        "button_link": "",
        "button_color": "color-scheme",
        "color_scheme": "background-1",
        "columns_mobile": "1",
        "swipe_on_mobile": false,
        "padding_top": 36,
        "padding_bottom": 24,
        "css_class": "",
        "custom_css": ".optin h3 {\ncolor:#00989b;\npadding-bottom: 5px;\n}\n\n.optin p {\nfont-size: 24px;\n}\n\n.optin ul li {\npadding-top: 10px;\n}",
        "custom_css_mobile": ""
      }
    }
  },
  "order": [
    "main",
    "16458011004aaa609d",
    "1663082416842d7182"
  ]
}
