{
  "layout": "theme-offer-page",
  "sections": {
    "16462238058b508f23": {
      "type": "header-offer-page",
      "blocks": {
        "2d234c6a-ad15-4b01-b895-79b7c0f04cdf": {
          "type": "custom_colors",
          "settings": {
            "colors_solid_button_labels": "",
            "colors_accent_1": "#63316e",
            "gradient_accent_1": "",
            "colors_accent_2": "#ff8f19",
            "gradient_accent_2": "",
            "colors_accent_3": "rgba(0,0,0,0)",
            "colors_accent_4": "",
            "colors_text": "",
            "colors_outline_button_labels": "",
            "colors_background_1": "",
            "gradient_background_1": "",
            "colors_background_2": "rgba(0,0,0,0)",
            "gradient_background_2": ""
          }
        }
      },
      "block_order": [
        "2d234c6a-ad15-4b01-b895-79b7c0f04cdf"
      ],
      "settings": {
        "color_scheme": "background-1",
        "display_logo": true,
        "enable_logo_link": false,
        "logo_color": "gold",
        "show_line_separator": false,
        "enable_sticky_header": true,
        "margin_bottom": 0,
        "css_class": "",
        "custom_css": "@font-face {\n  font-family: 'Larsseit';\n  src: url(https:\/\/d2saw6je89goi1.cloudfront.net\/uploads\/digital_asset\/file\/962385\/Type_Dynamic_-_Larsseit_Regular.otf);\n  font-weight: normal;\n  font-style: normal;\n}\n@font-face {\n  font-family: 'Larsseit-Bold';\n  src: url(https:\/\/d2saw6je89goi1.cloudfront.net\/uploads\/digital_asset\/file\/962384\/Type_Dynamic_-_Larsseit_Bold.otf) format('truetype');\n  font-weight: var(--font-body-weight-bold);\n  font-style: normal;\n}\n@font-face {\n  font-family: 'Larsseit-Thin';\n  src: url(https:\/\/d2saw6je89goi1.cloudfront.net\/uploads\/digital_asset\/file\/962386\/Type_Dynamic_-_Larsseit_Thin.otf) format('truetype');\n  font-weight: lighter;\n  font-style: normal;\n}\n\n@font-face {\n  font-family: 'Larsseit-Light';\n  src: url(https:\/\/d2saw6je89goi1.cloudfront.net\/uploads\/digital_asset\/file\/965155\/Larsseit-Light.ttf) format('truetype');\n  font-weight: lighter;\n  font-style: normal;\n}\n\nbody {\n  font-family: 'Larsseit-Light', serif !important;\n}",
        "custom_css_mobile": ""
      }
    },
    "16611758835f2bca50": {
      "type": "multicolumn",
      "blocks": {
        "bf8af3a8-3ff5-4967-a03f-ea89df6bc4cf": {
          "type": "custom_liquid",
          "settings": {
            "custom_liquid": "<script>\n    document.addEventListener(\"DOMContentLoaded\", (event) => {\n      let q = new URLSearchParams(window.location.search);\n      let t = document.querySelector('.' + q.get('bonus'));\n      if (t) {\n        t.style.display = 'block';\n      }\n    });\n  <\/script>",
            "css_class": ""
          }
        },
        "16611758831630ea5e-0": {
          "type": "column",
          "settings": {
            "title": "",
            "heading_color": "color-scheme",
            "text": "",
            "link_label": "Download Your Sneak Peek",
            "link": "https:\/\/cdn.shopify.com\/s\/files\/1\/0524\/5661\/files\/The_Hormone_Fix_Sneak_Peek.pdf",
            "button_color": "accent-1",
            "css_class": "sneakpeek"
          }
        },
        "dee1963c-8640-4fc5-82e5-b0fa6e124b25": {
          "type": "column",
          "settings": {
            "title": "",
            "heading_color": "color-scheme",
            "text": "",
            "link_label": "Download eBook",
            "link": "https:\/\/cdn.shopify.com\/s\/files\/1\/0524\/5661\/files\/What_s_Happening_to_My_Hormones.pdf",
            "button_color": "accent-1",
            "css_class": "ebook"
          }
        }
      },
      "block_order": [
        "bf8af3a8-3ff5-4967-a03f-ea89df6bc4cf",
        "16611758831630ea5e-0",
        "dee1963c-8640-4fc5-82e5-b0fa6e124b25"
      ],
      "settings": {
        "anchor_id": "",
        "title": "",
        "text": "",
        "heading_size": "h1",
        "heading_color": "color-scheme",
        "text_size": "p",
        "column_heading_size": "h3",
        "column_text_size": "p",
        "image_width": "full",
        "image_ratio": "adapt",
        "columns_desktop": 1,
        "column_alignment": "center",
        "column_link_type": "button",
        "background_style": "none",
        "button_label": "",
        "button_link": "",
        "button_color": "color-scheme",
        "color_scheme": "accent-2",
        "columns_mobile": "1",
        "swipe_on_mobile": false,
        "padding_top": 0,
        "padding_bottom": 0,
        "css_class": "",
        "custom_css": ".button {\ncolor:#63316e;\nfont-size:30px;\npadding:10px 25px;\nbackground-color: #ffffff;\n}\n.sneakpeek, .ebook {\ndisplay: none;\n  }",
        "custom_css_mobile": ".button {\ncolor:#63316e;\nfont-size:16px;\npadding:10px 25px;\n}"
      }
    },
    "16461663454a306e26": {
      "type": "rich-text",
      "blocks": {
        "1646166345821458f3-0": {
          "type": "heading",
          "settings": {
            "heading": "\"The Hormone Fix\" Reveals How",
            "heading_size": "h1",
            "heading_alignment": "center",
            "heading_color": "accent-1",
            "css_class": "topheading",
            "heading_divider": false
          }
        },
        "58b948bb-ef27-4ed1-85a5-1d89b6a13e2e": {
          "type": "text",
          "settings": {
            "text": "<p>Women of All Ages Can Slim Down, Boost Energy, Sleep Better, and Stop Hot Flashes...<em>Naturally!<\/em><\/p>",
            "text_alignment": "center",
            "text_size": "p",
            "css_class": ""
          }
        }
      },
      "block_order": [
        "1646166345821458f3-0",
        "58b948bb-ef27-4ed1-85a5-1d89b6a13e2e"
      ],
      "settings": {
        "anchor_id": "",
        "color_scheme": "background-2",
        "full_width": true,
        "padding_top": 24,
        "padding_bottom": 24,
        "css_class": "",
        "custom_css": "h2 {\nfont-size: 53px;\n}\np {\nfont-size: 33px;\n}",
        "custom_css_mobile": ".topheading {\nfont-size:45px;\n}\np {\nfont-size: 30px;\n}"
      }
    },
    "1661182888336e42fc": {
      "type": "video-with-text",
      "blocks": {
        "e5a1f8db-c0e7-462a-b15c-e80795142424": {
          "type": "image",
          "settings": {
            "image": "shopify:\/\/shop_images\/hormone-fix-3d-smaller_828b0af5-ecae-489c-9e1b-f05389b24241.jpg",
            "max_width": 0
          }
        },
        "341c9a92-cac1-4a53-b8fd-942d605f21ae": {
          "type": "button",
          "settings": {
            "button_label": "Get The Hormone FIx",
            "button_link": "#optin",
            "button_color": "color-scheme"
          }
        },
        "ca9c9ef7-a571-49c7-bc4e-3f9014bda430": {
          "type": "text",
          "settings": {
            "text": "<p>Then come back to this page to claim your <strong>10 FREE Bonuses Worth $274!<\/strong><\/p>",
            "text_style": "body",
            "text_size": "p"
          }
        }
      },
      "block_order": [
        "e5a1f8db-c0e7-462a-b15c-e80795142424",
        "341c9a92-cac1-4a53-b8fd-942d605f21ae",
        "ca9c9ef7-a571-49c7-bc4e-3f9014bda430"
      ],
      "settings": {
        "anchor_id": "",
        "cover_image": "shopify:\/\/shop_images\/Hormone_Fix_416d3271-7fde-4abf-afab-f4f6a74c13d0.png",
        "video_url_metafield": "",
        "video_url": "https:\/\/vimeo.com\/308940969",
        "description": "The Hormone Fix Book Trailer Live",
        "desktop_image_width": "medium",
        "layout": "video_first",
        "desktop_content_position": "middle",
        "desktop_content_alignment": "left",
        "color_scheme": "background-1",
        "padding_top": 0,
        "padding_bottom": 0,
        "css_class": "videotxt",
        "custom_css": ".button {\nmargin:0px auto;\nbackground-color:#ff8f19;\ncolor:#ffffff;\n--border-offset: none;\nmargin:20px auto\n}\n\np{\nmargin:0px auto;\nfont-size:18px;\nfont-weight:100px;\ntext-align:center;\n}\n\n.body{\nmargin:0px auto;\n}\n\n.videotxt {\npadding: 0px 20px;\nmargin-top:0px;\n}\n\n.image__media{\nmargin:0px 30px;\nmax-width:75%;\n}",
        "custom_css_mobile": "img{\nmargin:auto\n}"
      }
    },
    "1654342987b12a4c39": {
      "type": "multicolumn",
      "blocks": {
        "1654342987af5fde1e-0": {
          "type": "column",
          "settings": {
            "image": "shopify:\/\/shop_images\/JJ.jpg",
            "title": "“Dr. Anna Cabeca is a true innovator. She’s also a powerful crusader for women’s health. Her experiences help her tell it like it is, but also approach even the most delicate topics with warmth and compassion.The Hormone Fix really is a perfect example of what happens when brains, heart, and fearless innovation come together. I highly recommend this book.”",
            "heading_color": "color-scheme",
            "text": "<p><em>— JJ Virgin 4-Time New York Times bestselling author, and Fitness Hall of Famer<\/em><\/p>",
            "link_label": "",
            "link": "",
            "button_color": "color-scheme",
            "css_class": ""
          }
        },
        "180871fa-2274-4181-b9f9-96670eaff194": {
          "type": "column",
          "settings": {
            "image": "shopify:\/\/shop_images\/christiane-northrup.jpg",
            "title": "“The Hormone Fix is a treasure trove of accurate and user-friendly information that all women who are suffering during menopause need to know and apply. It is written by an OBGYN who knows the territory both personally and professionally. I highly recommend this book.”",
            "heading_color": "color-scheme",
            "text": "<p><em>— Christiane Northrup MD, New York Times bestselling author ofThe Wisdom of Menopause<\/em><\/p>",
            "link_label": "",
            "link": "",
            "button_color": "color-scheme",
            "css_class": ""
          }
        },
        "1654342987af5fde1e-2": {
          "type": "column",
          "settings": {
            "image": "shopify:\/\/shop_images\/david-perlmutter.jpg",
            "title": "“Dr. Cabeca brings an incredible level of clarity to the task of optimizing hormone function - a task that has long proven a challenge for patients and clinicians alike. There is so much a woman can do to regain health through hormone balance, and Dr. Cabeca provides the roadmap.”",
            "heading_color": "color-scheme",
            "text": "<p><em>—David Perlmutter MD, Author, #1 New York Times bestseller,Grain Brain, andBrain Maker<\/em><\/p>",
            "link_label": "",
            "link": "",
            "button_color": "color-scheme",
            "css_class": ""
          }
        }
      },
      "block_order": [
        "1654342987af5fde1e-0",
        "180871fa-2274-4181-b9f9-96670eaff194",
        "1654342987af5fde1e-2"
      ],
      "settings": {
        "anchor_id": "",
        "title": "Rave Reviews for The Hormone Fix",
        "text": "",
        "heading_size": "h1",
        "heading_color": "accent-1",
        "text_size": "h4",
        "column_heading_size": "h3",
        "column_text_size": "p",
        "image_width": "full",
        "image_ratio": "circle",
        "columns_desktop": 3,
        "column_alignment": "left",
        "column_link_type": "button",
        "background_style": "none",
        "button_label": "",
        "button_link": "",
        "button_color": "color-scheme",
        "color_scheme": "background-1",
        "columns_mobile": "1",
        "swipe_on_mobile": false,
        "padding_top": 36,
        "padding_bottom": 36,
        "css_class": "",
        "custom_css": "h3 {\nfont-size: 21px;\ncolor:#000000;\n}\np {\nfont-size: 21px;\ncolor:#63316e;\n}\n.media{\nborder-radius:180px;\n}",
        "custom_css_mobile": ""
      }
    },
    "16614371194e515926": {
      "type": "multicolumn",
      "blocks": {
        "7bac96dc-6c15-4881-8ab3-d4683b91edf9": {
          "type": "custom_liquid",
          "settings": {
            "custom_liquid": "<style>\na.button {\n--border-offset: none;\n    -webkit-appearance: button;\n    -moz-appearance: button;\n    appearance: button;\n  border: none;\n  background-color:#ff8f19;\n  color: white;\n  padding: 15px 32px;\n  text-align: center;\n  text-decoration: none;\n  display: inline-block;\n  font-size: 16px;\n  margin: 4px 2px;\n  cursor: pointer;\n}\n<\/style>\n<h2 style=\"text-align: center;\"><span style=\"text-decoration: underline; color: #63316e;\">STEP 1<\/span><\/h2>\n<p style=\"text-align: center;\">Purchase the Book from any of these online retailers...<\/p>\n<p style=\"text-align: center;\"><a href=\"https:\/\/www.amazon.com\/Hormone-Fix-Naturally-Flashes-Keto-Green-ebook\/dp\/B07DMZ8SC3\/ref=as_li_ss_tl?keywords=hormone+fix&qid=1560804181&s=gateway&sr=8-2&linkCode=ll1&tag=hormonefix-ggl-20&linkId=58fba3c6b53eb16f1f978d17af2fafdd\" class=\"button\">AMAZON<\/a><\/p>\n<p style=\"text-align: center;\"><a href=\"https:\/\/www.barnesandnoble.com\/w\/the-hormone-fix-anna-cabeca-do-obgyn\/1129708563?cjdata=MXxOfDB8WXww&ean=9780525621645&st=AFF&SID=www.barnesandnoble.com&2sid=Golden+Isles+Medical%2C+Inc_8949105_NA&sourceId=AFFGolden+Isles+Medical%2C+Inc&cjevent=c874a193620011ee812b00eb0a82b824&dpid=tekz25v83#\/\" class=\"button\">BARNES & NOBLE<\/a>",
            "css_class": ""
          }
        },
        "815134f8-ad30-4c9e-b219-6bfe23951a49": {
          "type": "custom_liquid",
          "settings": {
            "custom_liquid": "<h2 style=\"text-align: center;\"><span style=\"text-decoration: underline; color: #63316e;\">STEP 2<\/span><\/h2>\n<p style=\"text-align: center;\">Copy your receipt number and come back to this page<\/p>",
            "css_class": ""
          }
        },
        "595faf85-0217-48ce-934d-a96d0fae0da2": {
          "type": "custom_liquid",
          "settings": {
            "custom_liquid": "<h2 style=\"text-align: center;\"><span style=\"text-decoration: underline; color: #63316e;\">STEP 3<\/span><\/h2>\n<p style=\"text-align: center;\">Verify your book purchase to claim your instant bonuses! <\/p>\n\n<div class=\"klaviyo-form-TMgVuc\" data-name=\"The Hormone Fix - Purchased - To Book Bonuses\"><\/div>",
            "css_class": ""
          }
        }
      },
      "block_order": [
        "7bac96dc-6c15-4881-8ab3-d4683b91edf9",
        "815134f8-ad30-4c9e-b219-6bfe23951a49",
        "595faf85-0217-48ce-934d-a96d0fae0da2"
      ],
      "settings": {
        "anchor_id": "optin",
        "title": "Here's How to Get the Book and Claim Your Instant Digital Bonuses...",
        "text": "",
        "heading_size": "h1",
        "heading_color": "accent-1",
        "text_size": "p",
        "column_heading_size": "h3",
        "column_text_size": "p",
        "image_width": "full",
        "image_ratio": "adapt",
        "columns_desktop": 3,
        "column_alignment": "center",
        "column_link_type": "button",
        "background_style": "none",
        "button_label": "",
        "button_link": "",
        "button_color": "color-scheme",
        "color_scheme": "background-1",
        "columns_mobile": "1",
        "swipe_on_mobile": false,
        "padding_top": 36,
        "padding_bottom": 36,
        "css_class": "",
        "custom_css": "",
        "custom_css_mobile": ""
      }
    },
    "166118175461227b14": {
      "type": "multicolumn",
      "blocks": {
        "166118175404049317-0": {
          "type": "column",
          "settings": {
            "image": "shopify:\/\/shop_images\/stock_bladder.jpg",
            "title": "Bladder Problems",
            "heading_color": "foreground",
            "text": "",
            "link_label": "",
            "link": "",
            "button_color": "color-scheme",
            "css_class": ""
          }
        },
        "166118175404049317-1": {
          "type": "column",
          "settings": {
            "image": "shopify:\/\/shop_images\/stock_fog.jpg",
            "title": "Brain Fog",
            "heading_color": "foreground",
            "text": "",
            "link_label": "",
            "link": "",
            "button_color": "color-scheme",
            "css_class": ""
          }
        },
        "166118175404049317-2": {
          "type": "column",
          "settings": {
            "image": "shopify:\/\/shop_images\/stock_tired_8756ce5d-132f-4d63-a360-f8b868a515ac.jpg",
            "title": "Fatigue",
            "heading_color": "foreground",
            "text": "",
            "link_label": "",
            "link": "",
            "button_color": "color-scheme",
            "css_class": ""
          }
        },
        "d4bd8169-7d62-4db5-b568-f015ecc0e8be": {
          "type": "column",
          "settings": {
            "image": "shopify:\/\/shop_images\/stock_hair_00f629bb-1a84-4b09-922a-333ad7f0d4d0.jpg",
            "title": "Hormone Imbalance",
            "heading_color": "foreground",
            "text": "",
            "link_label": "",
            "link": "",
            "button_color": "color-scheme",
            "css_class": ""
          }
        },
        "e16a277e-d64d-406f-ac4d-11105e0d595f": {
          "type": "column",
          "settings": {
            "image": "shopify:\/\/shop_images\/stock_hot-flashes_ea8de6f1-5ebe-4a39-aea2-c42e8f0c076d.jpg",
            "title": "Hot Flashes",
            "heading_color": "foreground",
            "text": "",
            "link_label": "",
            "link": "",
            "button_color": "color-scheme",
            "css_class": ""
          }
        },
        "86fcd066-da01-4309-b9f4-9616ca3bcce1": {
          "type": "column",
          "settings": {
            "image": "shopify:\/\/shop_images\/stock_drive.jpg",
            "title": "Low Sex Drive",
            "heading_color": "foreground",
            "text": "",
            "link_label": "",
            "link": "",
            "button_color": "color-scheme",
            "css_class": ""
          }
        },
        "4d280bc2-f253-4ab1-8d66-1f5e064ce90a": {
          "type": "column",
          "settings": {
            "image": "shopify:\/\/shop_images\/stock_sleep.jpg",
            "title": "Sleep Disturbances",
            "heading_color": "foreground",
            "text": "",
            "link_label": "",
            "link": "",
            "button_color": "color-scheme",
            "css_class": ""
          }
        },
        "0360520e-123b-493d-b9cd-f3fe9735e19b": {
          "type": "column",
          "settings": {
            "image": "shopify:\/\/shop_images\/stock_dryness.jpg",
            "title": "Vaginal Dryness",
            "heading_color": "foreground",
            "text": "",
            "link_label": "",
            "link": "",
            "button_color": "color-scheme",
            "css_class": ""
          }
        },
        "dfe633c1-b6b2-4bba-90e2-4fe2cff73d46": {
          "type": "column",
          "settings": {
            "image": "shopify:\/\/shop_images\/stock_weight_371e386d-928c-41ba-b837-96edf7d925e6.jpg",
            "title": "Weight Gain",
            "heading_color": "foreground",
            "text": "",
            "link_label": "",
            "link": "",
            "button_color": "color-scheme",
            "css_class": ""
          }
        }
      },
      "block_order": [
        "166118175404049317-0",
        "166118175404049317-1",
        "166118175404049317-2",
        "d4bd8169-7d62-4db5-b568-f015ecc0e8be",
        "e16a277e-d64d-406f-ac4d-11105e0d595f",
        "86fcd066-da01-4309-b9f4-9616ca3bcce1",
        "4d280bc2-f253-4ab1-8d66-1f5e064ce90a",
        "0360520e-123b-493d-b9cd-f3fe9735e19b",
        "dfe633c1-b6b2-4bba-90e2-4fe2cff73d46"
      ],
      "settings": {
        "anchor_id": "",
        "title": "Do You Have Any of The 9 Warning Signs of Haywire Hormones?",
        "text": "",
        "heading_size": "h1",
        "heading_color": "accent-1",
        "text_size": "p",
        "column_heading_size": "h3",
        "column_text_size": "p",
        "image_width": "full",
        "image_ratio": "adapt",
        "columns_desktop": 3,
        "column_alignment": "center",
        "column_link_type": "button",
        "background_style": "none",
        "button_label": "",
        "button_link": "#optin",
        "button_color": "accent-2",
        "color_scheme": "background-1",
        "columns_mobile": "1",
        "swipe_on_mobile": false,
        "padding_top": 36,
        "padding_bottom": 0,
        "css_class": "",
        "custom_css": "h2{padding-bottom:20px;}",
        "custom_css_mobile": ""
      }
    },
    "9cfe443a-e4c3-4b02-9706-c7fa15fc14b5": {
      "type": "rich-text",
      "blocks": {
        "template--14581433565239__9cfe443a-e4c3-4b02-9706-c7fa15fc14b5-heading-1": {
          "type": "heading",
          "settings": {
            "heading": "(If so... YOU NEED THIS BOOK!)",
            "heading_size": "h1",
            "heading_alignment": "center",
            "heading_color": "accent-1",
            "css_class": "need",
            "heading_divider": false
          }
        },
        "b54e4cca-5eca-4d53-aae6-1b63b8470d22": {
          "type": "text",
          "settings": {
            "text": "<p>Here's What's Waiting for Your Inside <em>The Hormone Fix<\/em>...<\/p>",
            "text_alignment": "center",
            "text_size": "p",
            "css_class": ""
          }
        }
      },
      "block_order": [
        "template--14581433565239__9cfe443a-e4c3-4b02-9706-c7fa15fc14b5-heading-1",
        "b54e4cca-5eca-4d53-aae6-1b63b8470d22"
      ],
      "settings": {
        "anchor_id": "",
        "color_scheme": "background-1",
        "full_width": true,
        "padding_top": 28,
        "padding_bottom": 0,
        "css_class": "",
        "custom_css": ".p{font-size:35px;}",
        "custom_css_mobile": ""
      }
    },
    "166143580145277b12": {
      "type": "image-with-text",
      "blocks": {
        "f55d1001-92c2-4f21-814a-bf30d82b393e": {
          "type": "custom_liquid",
          "settings": {
            "custom_liquid": "<ul class=\"multicolumn-list contains-content-container grid grid--1-col grid--2-col-tablet  grid--2-col-desktop\" role=\"list\">\n<li class=\"leftcolumn multicolumn-list__item grid__item center\"><img src=\"https:\/\/cdn.shopify.com\/s\/files\/1\/0524\/5661\/files\/icons_hormones.jpg\" width=\"75%\"><\/li>\n<li class=\"rightcolumn multicolumn-list__item grid__item center\"><h4>Learn The Latest on Hormones<\/h4>\n<p>It takes 15 years for the latest medical research to trickle down to our medical system and providers — so in The Hormone Fix you will get up to speed on the latest female hormone research and what it means to you.<\/p><\/li>\n<li class=\"leftcolumn multicolumn-list__item grid__item center\"><img src=\"https:\/\/cdn.shopify.com\/s\/files\/1\/0524\/5661\/files\/icon_recipes.jpg\" width=\"75%\"><\/li>\n<li class=\"rightcolumn multicolumn-list__item grid__item center\"><h4>81 Yummy Recipes You'll Love<\/h4>\n<p>You won't believe how easy and delicious it can be to eat my Keto-Green™ Way! These tried and true meals are not only delicious, they're super filling. I promise you'll never be hungry!<\/p><\/li>\n<li class=\"leftcolumn multicolumn-list__item grid__item center\"><img src=\"https:\/\/cdn.shopify.com\/s\/files\/1\/0524\/5661\/files\/icon_slim.png\" width=\"75%\"><\/li>\n<li class=\"rightcolumn multicolumn-list__item grid__item center\"><h4>10 Day Quick Start Detox<\/h4>\n<p>Start feeling lighter, looking slimmer, and enjoying more energy... Plus lose as much as 10 pounds and in just 10 days!<\/p><\/li>\n<li class=\"leftcolumn multicolumn-list__item grid__item center\"><img src=\"https:\/\/cdn.shopify.com\/s\/files\/1\/0524\/5661\/files\/icon_21.jpg\" width=\"75%\"><\/li>\n<li class=\"rightcolumn multicolumn-list__item grid__item center\"><h4>21 Day Keto-Green Eating Plan<\/h4>\n<p>After the 10 Day Quick Start Detox you'll continue to feel slimmer, saner, and sexier thanks to meal plans that are delicious and... hormone balancing!<\/p><\/li>\n<\/ul>",
            "css_class": ""
          }
        }
      },
      "block_order": [
        "f55d1001-92c2-4f21-814a-bf30d82b393e"
      ],
      "settings": {
        "image": "shopify:\/\/shop_images\/hormone-fix-3d-smaller_84350f11-1413-4510-be68-08ddc7b66d2e.jpg",
        "height": "adapt",
        "desktop_image_width": "small-plus",
        "layout": "image_first",
        "desktop_content_position": "top",
        "desktop_content_alignment": "left",
        "content_layout": "no-overlap",
        "color_scheme": "background-1",
        "mobile_content_alignment": "left",
        "padding_top": 36,
        "padding_bottom": 36,
        "css_class": "dac-full-width dac-allow-media-resize",
        "custom_css": ".rightcolumn h4 { text-align:left; margin:0px; padding:0px; font-weight:bold;}\n\n.rightcolumn p { text-align:left; margin:0px; padding:0px 0px 20px 0px;}\n\n.rightcolumn h4 { color: #000000; font-size: 26px;}\n\n.multicolumn-card__image-wrapper { max-width: 100px; margin: 0 auto; }\n.leftcolumn { max-width: 100px; margin: 5 auto; }\n.rightcolumn { max-width: 500px; margin: 5 auto; }\n\n.grid--2-col-desktop .grid__item:nth-child(odd) { max-width: calc(30% - var(--grid-desktop-horizontal-spacing) \/ 2); }\n\n.grid--2-col-desktop .grid__item:nth-child(even) { min-width: calc(70% - var(--grid-desktop-horizontal-spacing) \/ 2); }\n\n.page-width { max-width: 1800px;}",
        "custom_css_mobile": "{ padding: 0 0rem; }\n\n.grid--2-col-desktop .grid__item:nth-child(odd) { max-width: 100%; }"
      }
    },
    "16543413375e4fa8d4": {
      "type": "rich-text",
      "blocks": {
        "16543413373de05a04-0": {
          "type": "heading",
          "settings": {
            "heading": "It's Finally Time to Get Those Hormones Fixed!",
            "heading_size": "h1",
            "heading_alignment": "center",
            "heading_color": "foreground",
            "css_class": "",
            "heading_divider": false
          }
        },
        "a47557b4-3353-4dcf-97b3-298658e85206": {
          "type": "button",
          "settings": {
            "button_label": "Get The Book + All The Bonuses!",
            "button_link": "#optin",
            "button_style_secondary": false,
            "button_alignment": "center",
            "button_color": "color-scheme",
            "css_class": ""
          }
        }
      },
      "block_order": [
        "16543413373de05a04-0",
        "a47557b4-3353-4dcf-97b3-298658e85206"
      ],
      "settings": {
        "anchor_id": "",
        "color_scheme": "accent-1",
        "full_width": true,
        "padding_top": 40,
        "padding_bottom": 52,
        "css_class": "",
        "custom_css": "h2 {\nfont-size: 45px;\n}",
        "custom_css_mobile": "h2 {\nfont-size: 30px;\n}"
      }
    },
    "4b470212-4e2c-49be-b35a-f5241ff451e6": {
      "type": "multicolumn",
      "blocks": {
        "template--14581433565239__4b470212-4e2c-49be-b35a-f5241ff451e6-column-1": {
          "type": "column",
          "settings": {
            "image": "shopify:\/\/shop_images\/ketoomeletwrap2b.jpg",
            "title": "Omelet Wrap",
            "heading_color": "foreground",
            "text": "",
            "link_label": "",
            "link": "",
            "button_color": "color-scheme",
            "css_class": ""
          }
        },
        "template--14581433565239__4b470212-4e2c-49be-b35a-f5241ff451e6-column-2": {
          "type": "column",
          "settings": {
            "image": "shopify:\/\/shop_images\/eggs_web.jpg",
            "title": "Omelet Wrap",
            "heading_color": "foreground",
            "text": "",
            "link_label": "",
            "link": "",
            "button_color": "color-scheme",
            "css_class": ""
          }
        },
        "template--14581433565239__4b470212-4e2c-49be-b35a-f5241ff451e6-column-3": {
          "type": "column",
          "settings": {
            "image": "shopify:\/\/shop_images\/spinachandonionfrittata_web.jpg",
            "title": "Spinach Frittata",
            "heading_color": "foreground",
            "text": "",
            "link_label": "",
            "link": "",
            "button_color": "color-scheme",
            "css_class": ""
          }
        },
        "1c8ec611-3d77-4d46-b94d-1a78d4eb038d": {
          "type": "column",
          "settings": {
            "image": "shopify:\/\/shop_images\/steakfajitabowl_web.jpg",
            "title": "Steak Fajita Bowl",
            "heading_color": "foreground",
            "text": "",
            "link_label": "",
            "link": "",
            "button_color": "color-scheme",
            "css_class": ""
          }
        },
        "055639d7-8fcb-4fa7-95c9-3b01c3f39622": {
          "type": "column",
          "settings": {
            "image": "shopify:\/\/shop_images\/food_tacos.jpg",
            "title": "Lettuce Tacos",
            "heading_color": "foreground",
            "text": "",
            "link_label": "",
            "link": "",
            "button_color": "color-scheme",
            "css_class": ""
          }
        },
        "5c9a7290-0a43-4055-b40f-eb59bc8ae8be": {
          "type": "column",
          "settings": {
            "image": "shopify:\/\/shop_images\/salmoncakes_web.jpg",
            "title": "Salmon Cakes",
            "heading_color": "foreground",
            "text": "",
            "link_label": "",
            "link": "",
            "button_color": "color-scheme",
            "css_class": ""
          }
        },
        "6d4d05d6-f15a-463f-8587-c1dee2ab8595": {
          "type": "column",
          "settings": {
            "image": "shopify:\/\/shop_images\/pistachiowhitefish1_web.jpg",
            "title": "Pistachio Whitefish",
            "heading_color": "foreground",
            "text": "",
            "link_label": "",
            "link": "",
            "button_color": "color-scheme",
            "css_class": ""
          }
        },
        "bd55a3b5-a785-429d-af03-d412be5e99d3": {
          "type": "column",
          "settings": {
            "image": "shopify:\/\/shop_images\/slowcookedlemonpepperchicken_web.jpg",
            "title": "Lemon Chicken",
            "heading_color": "foreground",
            "text": "",
            "link_label": "",
            "link": "",
            "button_color": "color-scheme",
            "css_class": ""
          }
        },
        "f30d11cd-c367-4491-9ff4-de54756ba4ff": {
          "type": "column",
          "settings": {
            "image": "shopify:\/\/shop_images\/food_ribs.jpg",
            "title": "Oven-Braised Ribs",
            "heading_color": "foreground",
            "text": "",
            "link_label": "",
            "link": "",
            "button_color": "color-scheme",
            "css_class": ""
          }
        }
      },
      "block_order": [
        "template--14581433565239__4b470212-4e2c-49be-b35a-f5241ff451e6-column-1",
        "template--14581433565239__4b470212-4e2c-49be-b35a-f5241ff451e6-column-2",
        "template--14581433565239__4b470212-4e2c-49be-b35a-f5241ff451e6-column-3",
        "1c8ec611-3d77-4d46-b94d-1a78d4eb038d",
        "055639d7-8fcb-4fa7-95c9-3b01c3f39622",
        "5c9a7290-0a43-4055-b40f-eb59bc8ae8be",
        "6d4d05d6-f15a-463f-8587-c1dee2ab8595",
        "bd55a3b5-a785-429d-af03-d412be5e99d3",
        "f30d11cd-c367-4491-9ff4-de54756ba4ff"
      ],
      "settings": {
        "anchor_id": "",
        "title": "Here's a Small Sample of the Delicious, Hormone-Balancing Meals You'll Enjoy as You Eat Your Way to Wellness...",
        "text": "",
        "heading_size": "h1",
        "heading_color": "foreground",
        "text_size": "p",
        "column_heading_size": "h3",
        "column_text_size": "p",
        "image_width": "full",
        "image_ratio": "adapt",
        "columns_desktop": 3,
        "column_alignment": "center",
        "column_link_type": "button",
        "background_style": "none",
        "button_label": "",
        "button_link": "",
        "button_color": "color-scheme",
        "color_scheme": "background-1",
        "columns_mobile": "1",
        "swipe_on_mobile": false,
        "padding_top": 36,
        "padding_bottom": 36,
        "css_class": "",
        "custom_css": "",
        "custom_css_mobile": ""
      }
    },
    "1654429156cf23b65b": {
      "type": "image-with-text",
      "blocks": {
        "1654429156c9b37b07-0": {
          "type": "heading",
          "settings": {
            "heading": "Are You Ready to Feel Slim, Sane, and Sexy Again?",
            "heading_size": "h1",
            "heading_color": "accent-1",
            "css_class": ""
          }
        },
        "74319c13-b469-4aad-8b76-14696a3c4e0c": {
          "type": "button",
          "settings": {
            "button_label": "Get Your Copy of the Book",
            "button_link": "#optin",
            "button_color": "color-scheme",
            "css_class": ""
          }
        }
      },
      "block_order": [
        "1654429156c9b37b07-0",
        "74319c13-b469-4aad-8b76-14696a3c4e0c"
      ],
      "settings": {
        "image": "shopify:\/\/shop_images\/hormone-fix-3d-smaller_e42e8863-bf39-4e30-9eb3-9be7d3c2fff4.jpg",
        "height": "adapt",
        "desktop_image_width": "small",
        "layout": "image_first",
        "desktop_content_position": "middle",
        "desktop_content_alignment": "left",
        "content_layout": "no-overlap",
        "color_scheme": "background-1",
        "mobile_content_alignment": "left",
        "padding_top": 0,
        "padding_bottom": 0,
        "css_class": "",
        "custom_css": "h2 {\ntext-align:center;\n}\n\n.button{\nfont-size:20px;\nmargin:30px auto;\n}\n\n.page-width { max-width: 1800px;}",
        "custom_css_mobile": ".button{\nmargin-top:30px;\nwidth:100%;\npadding:20px 50px;\nborder-radius:0px;\nitem-align:center;\nfont-size:20px;\nfont-weight:500;\n}"
      }
    },
    "da0d05b3-8f2b-4355-864c-acf70bc0f420": {
      "type": "multicolumn",
      "blocks": {
        "template--14581433565239__da0d05b3-8f2b-4355-864c-acf70bc0f420-column-1": {
          "type": "column",
          "settings": {
            "image": "shopify:\/\/shop_images\/Leanne-Ely.jpg",
            "title": "Leanne Ely",
            "heading_color": "foreground",
            "text": "<p>\"Packed full of excellent information and all based on the latest scientific research, Dr. Cabeca makes the subject of hormone balance understandable and, even better, doable! Her delicious Keto-Green recipes wisely point women toward a much more nutrient dense way to do the popular keto diet.\"<\/p><p><em>-CNC, New York Times bestselling author and creator of SavingDinner.com<\/em><\/p>",
            "link_label": "",
            "link": "",
            "button_color": "color-scheme",
            "css_class": ""
          }
        },
        "template--14581433565239__da0d05b3-8f2b-4355-864c-acf70bc0f420-column-2": {
          "type": "column",
          "settings": {
            "image": "shopify:\/\/shop_images\/axe.jpg",
            "title": "Josh Axe",
            "heading_color": "foreground",
            "text": "<p>“Dr. Anna Cabeca is the authority on fixing women’s hormones. No one has put these pieces together until now. Follow Dr. Anna’s program and experience rapid yet safe weight loss and resolution of your most nagging hormonal symptoms.” <\/p><p><em>-DNM, DC, CNS, author ofKeto Dietand co-founder Ancient Nutrition<\/em><\/p>",
            "link_label": "",
            "link": "",
            "button_color": "color-scheme",
            "css_class": ""
          }
        },
        "template--14581433565239__da0d05b3-8f2b-4355-864c-acf70bc0f420-column-3": {
          "type": "column",
          "settings": {
            "image": "shopify:\/\/shop_images\/mark-hyman-hd-headshot-_1.jpg",
            "title": "Mark Hyman",
            "heading_color": "foreground",
            "text": "<p>“Dr. Anna Cabeca is a pioneer in the field of women's menopausal health, and she brings her expertise into this fantastic book. Her book provides women with useful, impactful and easy to implement solutions that will bring them back to pristine health. Every woman should have The Hormone Fix on her bookshelf and share it with their daughters.”<\/p><p><em>-MD, Ten-time #1 New York Times Bestselling author<\/em><\/p><p><\/p>",
            "link_label": "",
            "link": "",
            "button_color": "color-scheme",
            "css_class": ""
          }
        },
        "8a513695-834a-4281-841f-2b2372cadaf6": {
          "type": "column",
          "settings": {
            "image": "shopify:\/\/shop_images\/19948512_300x300_93021464-54a0-48d2-a8a9-30882428d135.jpg",
            "title": "Kellyann Petrucci",
            "heading_color": "foreground",
            "text": "<p>\"Dr. Anna Cabeca is the world-class expert you need to guide you through the challenging territory of menopause. If you’re experiencing brain fog, vaginal dryness, weight gain, mood swings, or other symptoms, she has safe, natural solutions that truly work. So don’t waste any more time suffering! Instead, read The Hormone Fix, and take back your life.\"<\/p><p>-<em>New York Times bestselling author ofDr. Kellyann’s Bone Broth Diet<\/em><\/p>",
            "link_label": "",
            "link": "",
            "button_color": "color-scheme",
            "css_class": ""
          }
        },
        "f1d39ad8-e10b-4fc7-920e-645749c24d2d": {
          "type": "column",
          "settings": {
            "image": "shopify:\/\/shop_images\/steven-masley.jpg",
            "title": "Steven Masley",
            "heading_color": "foreground",
            "text": "<p>“This is an urgently needed book that every woman should read. The Hormone Fix provides clear, practical, and easy-to-follow steps that will correct hormone-related symptoms. Dr. Anna Cabeca has combined decades of practical experience and wisdom to provide a safe solution to health issues that women face today.\"<\/p><p>-<em>MD, FAHA, FACN, FAAFP, CNS, and author ofThe Better Brain Solution<\/em><\/p>",
            "link_label": "",
            "link": "",
            "button_color": "color-scheme",
            "css_class": ""
          }
        },
        "5f39ee87-ffb4-4b0a-ae14-8a5620b44f74": {
          "type": "column",
          "settings": {
            "image": "shopify:\/\/shop_images\/ellie-campbell.jpg",
            "title": "Ellie Campbell",
            "heading_color": "foreground",
            "text": "<p>\"Dr. Cabeca has cracked the code for weight loss. For many patients going keto is not enough. Her brilliant wisdom and decades of experience helping women achieve wellness goals shines in this outstanding easy to read guide. Highly recommended.\"<\/p><p><em>-DO, Board Certified in Family Medicine and Integrative Holistic Medicine<\/em><\/p>",
            "link_label": "",
            "link": "",
            "button_color": "color-scheme",
            "css_class": ""
          }
        },
        "47eb67a5-b2a2-4d78-a189-bc41acb01781": {
          "type": "column",
          "settings": {
            "image": "shopify:\/\/shop_images\/angeli-maun-akey.jpg",
            "title": "Angeli Maun Akey",
            "heading_color": "foreground",
            "text": "<p>\"Dr. Anna Cabeca is a pioneer in women’s health and natural ways to restore hormonal balance. Her raw honesty in sharing her own healing journey makes this book even more impactful. This Hormone Fix provides a concise road map to balanced hormones through deep healing and nutrition. I recommend it to all of my perimenopausal and menopausal women!\"<\/p><p>-<em>MD FACP, Author ofFine-Tune Your Hormone Symphony<\/em><\/p>",
            "link_label": "",
            "link": "",
            "button_color": "color-scheme",
            "css_class": ""
          }
        },
        "1f790ef9-ad0b-4bd8-985c-8a19e88e936d": {
          "type": "column",
          "settings": {
            "image": "shopify:\/\/shop_images\/palmer-kippola.jpg",
            "title": "Palmer Kippola",
            "heading_color": "foreground",
            "text": "<p>\"If you are a woman over 40, looking to reverse or prevent peri- and menopause misery, there is no better or more comprehensive solution than Dr. Anna Cabeca’s Magic Menopause program. The combination of education, empowerment, and enthusiastic community delivered by an incredibly caring and world-class women’s health expert makes the outcome of personal transformation almost guaranteed.\"<\/p><p>-<em>Functional Medicine certified health coach and author Beat Autoimmune<\/em><\/p>",
            "link_label": "",
            "link": "",
            "button_color": "color-scheme",
            "css_class": ""
          }
        },
        "2690a4e3-e1d0-4fed-b261-a59d8c5edecb": {
          "type": "column",
          "settings": {
            "image": "shopify:\/\/shop_images\/robin-nielsen.jpg",
            "title": "Robin Nielsen",
            "heading_color": "foreground",
            "text": "<p>“You’ll want Dr. Anna’s secrets to getting your sexy back! She shows you how to lose those last 10 pounds, double your energy and fall in love with yourself again, naturally.”<\/p><p><em>-CNC, BCHN<\/em><\/p>",
            "link_label": "",
            "link": "",
            "button_color": "color-scheme",
            "css_class": ""
          }
        }
      },
      "block_order": [
        "template--14581433565239__da0d05b3-8f2b-4355-864c-acf70bc0f420-column-1",
        "template--14581433565239__da0d05b3-8f2b-4355-864c-acf70bc0f420-column-2",
        "template--14581433565239__da0d05b3-8f2b-4355-864c-acf70bc0f420-column-3",
        "8a513695-834a-4281-841f-2b2372cadaf6",
        "f1d39ad8-e10b-4fc7-920e-645749c24d2d",
        "5f39ee87-ffb4-4b0a-ae14-8a5620b44f74",
        "47eb67a5-b2a2-4d78-a189-bc41acb01781",
        "1f790ef9-ad0b-4bd8-985c-8a19e88e936d",
        "2690a4e3-e1d0-4fed-b261-a59d8c5edecb"
      ],
      "settings": {
        "anchor_id": "",
        "title": "More Rave Reviews for The Hormone Fix",
        "text": "",
        "heading_size": "h1",
        "heading_color": "foreground",
        "text_size": "p",
        "column_heading_size": "h3",
        "column_text_size": "p",
        "image_width": "full",
        "image_ratio": "circle",
        "columns_desktop": 3,
        "column_alignment": "center",
        "column_link_type": "button",
        "background_style": "none",
        "button_label": "",
        "button_link": "",
        "button_color": "color-scheme",
        "color_scheme": "background-1",
        "columns_mobile": "1",
        "swipe_on_mobile": false,
        "padding_top": 36,
        "padding_bottom": 36,
        "css_class": "",
        "custom_css": "h2{\npadding-bottom:10px;\npadding-top:20px;\n}\n\nem{\ncolor:#321748;\n}\np{\nfont-size:18px;\n}\n.media{\nborder-radius:180px;\n}",
        "custom_css_mobile": ""
      }
    },
    "662df687-4de4-4894-8155-c9fbcc43403c": {
      "type": "multicolumn",
      "blocks": {
        "template--14581433565239__662df687-4de4-4894-8155-c9fbcc43403c-column-1": {
          "type": "column",
          "settings": {
            "image": "shopify:\/\/shop_images\/onthego.png",
            "title": "",
            "heading_color": "color-scheme",
            "text": "",
            "link_label": "",
            "link": "",
            "button_color": "color-scheme",
            "css_class": "leftcolumn"
          }
        },
        "template--14581433565239__662df687-4de4-4894-8155-c9fbcc43403c-column-2": {
          "type": "column",
          "settings": {
            "title": "Bonus #1 ($35 value)",
            "heading_color": "foreground",
            "text": "<h4>Staying Keto-Green on the Go<\/h4><p>This ebook reveals my secrets for sticking to the program while you're on the go — be it across town or across the country. Includes info on how to find Keto-Green foods at restaurants and convenience stores, plus how to stay in ketosis while traveling.<\/p><p><\/p>",
            "link_label": "",
            "link": "",
            "button_color": "color-scheme",
            "css_class": "rightcolumn"
          }
        },
        "template--14581433565239__662df687-4de4-4894-8155-c9fbcc43403c-column-3": {
          "type": "column",
          "settings": {
            "image": "shopify:\/\/shop_images\/recipe-cards.png",
            "title": "",
            "heading_color": "color-scheme",
            "text": "",
            "link_label": "",
            "link": "",
            "button_color": "color-scheme",
            "css_class": "leftcolumn"
          }
        },
        "79cbc9d6-6e6e-4eae-b5b9-be4b5d80e85b": {
          "type": "column",
          "settings": {
            "title": "Bonus #2 ($25 value)",
            "heading_color": "foreground",
            "text": "<h4>Keto-Green Recipe Cards <\/h4><p>These are 10 of my fav Keto-Green dishes — hearty breakfasts, satisfying lunches, delicious dinners — that I'm absolutely sure you and your family will enjoy.<\/p>",
            "link_label": "",
            "link": "",
            "button_color": "color-scheme",
            "css_class": "rightcolumn"
          }
        },
        "f7a0114a-94af-4e8a-8d4e-c5e9d8aba976": {
          "type": "column",
          "settings": {
            "image": "shopify:\/\/shop_images\/husband-vid.png",
            "title": "",
            "heading_color": "color-scheme",
            "text": "",
            "link_label": "",
            "link": "",
            "button_color": "color-scheme",
            "css_class": "leftcolumn"
          }
        },
        "17ca2722-e9b3-4028-8ac1-7bd61fd30339": {
          "type": "column",
          "settings": {
            "title": "Bonus #3 ($20 value)",
            "heading_color": "foreground",
            "text": "<h4>It's Not Your Husband... It's Your Hormones!<\/h4><p>One of my favorite sayings is, \"If you only hate your husband 2 weeks out of every month... it's not your husband, it's your hormones.\" Watch this video to learn more about how your monthly cycle affects your mood and libido.<\/p>",
            "link_label": "",
            "link": "",
            "button_color": "color-scheme",
            "css_class": "rightcolumn"
          }
        },
        "be19c173-2d31-4d62-9ce2-bd176c5bc469": {
          "type": "column",
          "settings": {
            "image": "shopify:\/\/shop_images\/KGplatevid.png",
            "title": "",
            "heading_color": "color-scheme",
            "text": "",
            "link_label": "",
            "link": "",
            "button_color": "color-scheme",
            "css_class": "leftcolumn"
          }
        },
        "44775b59-71ac-426b-9b34-362e7444baba": {
          "type": "column",
          "settings": {
            "title": "Bonus #4 ($20 value)",
            "heading_color": "foreground",
            "text": "<h4>How to Make a Keto-Green Plate<\/h4><p>In this video I demystify what it means to be Keto-Green by explaining what your average meal should look like on my plan. It's very different than the USDA's MyPlate that's made so many Americans obese.<\/p>",
            "link_label": "",
            "link": "",
            "button_color": "color-scheme",
            "css_class": "rightcolumn"
          }
        },
        "f2279ffd-2885-491c-8a2c-a21729b9b564": {
          "type": "column",
          "settings": {
            "image": "shopify:\/\/shop_images\/elixervid.png",
            "title": "",
            "heading_color": "color-scheme",
            "text": "",
            "link_label": "",
            "link": "",
            "button_color": "color-scheme",
            "css_class": "leftcolumn"
          }
        },
        "38c0f700-e052-4eaf-b770-190550ed78d2": {
          "type": "column",
          "settings": {
            "title": "Bonus #5 ($20 value)",
            "heading_color": "foreground",
            "text": "<h4><strong>My Mighty Morning Energy ElixirI <\/strong><\/h4><p>start almost every day with a special green smoothie that balances my hormones, detoxes my system and puts me in ketosis. Watch this video to see how easy it is to make this tasty green smoothie.<\/p>",
            "link_label": "",
            "link": "",
            "button_color": "color-scheme",
            "css_class": "rightcolumn"
          }
        },
        "2e356e9a-65bc-406e-96cb-e552433150b5": {
          "type": "column",
          "settings": {
            "image": "shopify:\/\/shop_images\/keto-greenn.png",
            "title": "",
            "heading_color": "color-scheme",
            "text": "",
            "link_label": "",
            "link": "",
            "button_color": "color-scheme",
            "css_class": "leftcolumn"
          }
        },
        "0e2931db-c73f-46a7-8ea1-e61cfa833941": {
          "type": "column",
          "settings": {
            "title": "Bonus #6 ($50 value)",
            "heading_color": "foreground",
            "text": "<h4><strong>Keto-Green Community<\/strong><\/h4><p>MembershipIn this community we share helpful Keto-Green tips, delicious and nutritious Keto-Green recipes, inspire each other with our successes, and get answers to any questions in regards to the Keto-Green Way. I just know you're going to love the wonderful people you meet in here! <\/p>",
            "link_label": "",
            "link": "",
            "button_color": "color-scheme",
            "css_class": "rightcolumn"
          }
        },
        "f1d86dcb-64e0-465e-96e1-7e0dfb5647e1": {
          "type": "column",
          "settings": {
            "image": "shopify:\/\/shop_images\/notebook_e6804550-cc94-403f-b3f3-9935b3f1ae03.png",
            "title": "",
            "heading_color": "foreground",
            "text": "",
            "link_label": "",
            "link": "",
            "button_color": "color-scheme",
            "css_class": "leftcolumn"
          }
        },
        "2a8b1f28-ddfe-4f83-86dd-9e8f38858e3a": {
          "type": "column",
          "settings": {
            "title": "Bonus #7 ($20 value)",
            "heading_color": "foreground",
            "text": "<h4><strong>Chemistry Lab Panel <\/strong>by Ulta Labs<\/h4><p>Get important information about the current status of your metabolism, including the health of your kidneys and liver, electrolyte and acid\/base balance as well as levels of blood glucose and blood proteins. Abnormal results, and especially combinations of abnormal results, can indicate a problem that needs to be addressed.<\/p>",
            "link_label": "",
            "link": "",
            "button_color": "color-scheme",
            "css_class": "rightcolumn"
          }
        },
        "0c8a8542-1739-4d72-9b55-4503aecf7ed4": {
          "type": "column",
          "settings": {
            "image": "shopify:\/\/shop_images\/thrivee_f939c3db-039d-44b7-9bf4-93a85ebe5936.png",
            "title": "",
            "heading_color": "color-scheme",
            "text": "",
            "link_label": "",
            "link": "",
            "button_color": "color-scheme",
            "css_class": "leftcolumn"
          }
        },
        "ee3490cb-eb25-48ab-9f47-f99957c8f42b": {
          "type": "column",
          "settings": {
            "title": "Bonus #8 ($25 value)",
            "heading_color": "foreground",
            "text": "<h4><strong>Thrive Market Coupon: Save 25% <\/strong><\/h4><p>Thrive Market is on a mission to make healthy living easy and affordable for everyone. They can ship Keto-Green foods right to your door! Get an extra 25% off your first purchase and a free 30 day trial by using my special coupon code. <\/p>",
            "link_label": "",
            "link": "",
            "button_color": "color-scheme",
            "css_class": "rightcolumn"
          }
        },
        "619a5da3-11cd-4b3c-9e75-5a1821b15486": {
          "type": "column",
          "settings": {
            "image": "shopify:\/\/shop_images\/Seed-Rotation-for-Hormone-Balance.png",
            "title": "",
            "heading_color": "color-scheme",
            "text": "",
            "link_label": "",
            "link": "",
            "button_color": "color-scheme",
            "css_class": "leftcolumn"
          }
        },
        "0afbecfb-96d4-433e-9b14-3b95de337ba1": {
          "type": "column",
          "settings": {
            "title": "Bonus #9 ($20 value)",
            "heading_color": "foreground",
            "text": "<h4><strong>SEED ROTATION STARTER KIT for Hormone Balance<\/strong><\/h4><p><strong> <\/strong>It's a little-known secret that you can smooth out your monthly hormone fluctuations by eating specific seeds during certain days of your cycle. My good friend and colleague Magdalena Wszelaki explains it all in this easy ebook. <\/p>",
            "link_label": "",
            "link": "",
            "button_color": "color-scheme",
            "css_class": "rightcolumn"
          }
        },
        "646923bc-a3c7-4e2a-9002-78ce776dd34a": {
          "type": "column",
          "settings": {
            "image": "shopify:\/\/shop_images\/olive-oil_622a1c58-2e6c-44f3-bd5a-406c80465992.png",
            "title": "",
            "heading_color": "color-scheme",
            "text": "",
            "link_label": "",
            "link": "",
            "button_color": "color-scheme",
            "css_class": "leftcolumn"
          }
        },
        "37a6a968-b826-4348-8073-f3efc7021c86": {
          "type": "column",
          "settings": {
            "title": "Bonus #10 ($39 value)",
            "heading_color": "foreground",
            "text": "<p><strong>$39 Olive Oil for Just $1<\/strong><\/p><p>Receive a free $39 bottle of artisanal extra virgin olive oil—direct from the new harvest and bursting with farm-fresh flavor unlike any olive oil you've ever tasted. Pay just $1 to help cover shipping as your introduction to the Fresh-Pressed Olive Oil Club. My favorite olive oil—amazingly delicious! (Limited to the first 250 who respond.)<\/p>",
            "link_label": "",
            "link": "",
            "button_color": "color-scheme",
            "css_class": "rightcolumn"
          }
        }
      },
      "block_order": [
        "template--14581433565239__662df687-4de4-4894-8155-c9fbcc43403c-column-1",
        "template--14581433565239__662df687-4de4-4894-8155-c9fbcc43403c-column-2",
        "template--14581433565239__662df687-4de4-4894-8155-c9fbcc43403c-column-3",
        "79cbc9d6-6e6e-4eae-b5b9-be4b5d80e85b",
        "f7a0114a-94af-4e8a-8d4e-c5e9d8aba976",
        "17ca2722-e9b3-4028-8ac1-7bd61fd30339",
        "be19c173-2d31-4d62-9ce2-bd176c5bc469",
        "44775b59-71ac-426b-9b34-362e7444baba",
        "f2279ffd-2885-491c-8a2c-a21729b9b564",
        "38c0f700-e052-4eaf-b770-190550ed78d2",
        "2e356e9a-65bc-406e-96cb-e552433150b5",
        "0e2931db-c73f-46a7-8ea1-e61cfa833941",
        "f1d86dcb-64e0-465e-96e1-7e0dfb5647e1",
        "2a8b1f28-ddfe-4f83-86dd-9e8f38858e3a",
        "0c8a8542-1739-4d72-9b55-4503aecf7ed4",
        "ee3490cb-eb25-48ab-9f47-f99957c8f42b",
        "619a5da3-11cd-4b3c-9e75-5a1821b15486",
        "0afbecfb-96d4-433e-9b14-3b95de337ba1",
        "646923bc-a3c7-4e2a-9002-78ce776dd34a",
        "37a6a968-b826-4348-8073-f3efc7021c86"
      ],
      "settings": {
        "anchor_id": "",
        "title": "Everyone Who Purchases the Book Gets $274 in Bonuses...",
        "text": "",
        "heading_size": "h1",
        "heading_color": "foreground",
        "text_size": "p",
        "column_heading_size": "h3",
        "column_text_size": "p",
        "image_width": "full",
        "image_ratio": "adapt",
        "columns_desktop": 2,
        "column_alignment": "left",
        "column_link_type": "button",
        "background_style": "none",
        "button_label": "",
        "button_link": "",
        "button_color": "color-scheme",
        "color_scheme": "background-1",
        "columns_mobile": "1",
        "swipe_on_mobile": false,
        "padding_top": 36,
        "padding_bottom": 36,
        "css_class": "",
        "custom_css": "{ padding: 0 5rem; }\n\n.rightcolumn p { text-align:left; }\n\n.rightcolumn h4 { color: rgb(var(--color-base-accent-4)); font-size: 31.50px; text-align:left; padding:0px; margin:0px;}\n\n.grid--2-col-desktop .grid__item:nth-child(odd) { max-width: calc(40% - var(--grid-desktop-horizontal-spacing) \/ 2); }\n\n.grid--2-col-desktop .grid__item:nth-child(even) { min-width: calc(60% - var(--grid-desktop-horizontal-spacing) \/ 2); }\n\n.rightcolumn h5 { color: rgb(var(--color-base-accent-4)); margin-top: -30px; text-align:left; }\n\n.rightcolumn strong, b { color: rgb(var(--color-base-accent-4));}\n\n.multicolumn-card__image-wrapper { max-width: 100%; margin: 0 auto; }",
        "custom_css_mobile": "{ padding: 0 0rem; }\n\n.grid--2-col-desktop .grid__item:nth-child(odd) { max-width: 100%; }"
      }
    },
    "16582571767cd40403": {
      "type": "image-with-text",
      "blocks": {
        "16582571765aa1deec-0": {
          "type": "heading",
          "settings": {
            "heading": "Meet Dr. Anna Cabeca",
            "heading_size": "h1",
            "heading_color": "accent-1",
            "css_class": ""
          }
        },
        "16582571765aa1deec-1": {
          "type": "text",
          "settings": {
            "text": "<p>Hi Gorgeous,<\/p><p>My name is Dr. Anna Cabeca and over the past 20 years I've served <strong>over 10,000<\/strong> women in my private practice and <strong>millions more online<\/strong> through my videos, podcasts, and articles. <\/p><p>Although I currently enjoy great health and energy, it wasn't always this way. There was a time when <strong>I weighed over 240 pounds!<\/strong> My hair was falling out in clumps, I was depressed, and I couldn't sleep... but I was always exhausted.<\/p><p>I was a board-certified physician and I was helpless to fix this mess with the tools that were available to me within the conventional medical system of the time. Antidepressants and sleeping pills were <strong>not an acceptable answer<\/strong> so I literally took a journey around the world that saved my life and improved the lives of tens of thousands of others.<\/p><p>Now <strong>I feel great and I have all the energy I need <\/strong>for my very fulfilling life with four daughters, running a busy business, operating a charitable foundation, and training other physicians about hormones. <\/p><p>I've got all this going on and yet I manage to stay healthy, happy, and fit. How do you want to live out the rest of your life? What kind of example do you want to leave for your children and grandchildren?<\/p><p><strong>I want you to live the best quality of life and my plan to help you do that is inside <\/strong><em><strong>The Hormone Fix!<\/strong><\/em><\/p>",
            "text_style": "body",
            "css_class": ""
          }
        },
        "16582571765aa1deec-2": {
          "type": "button",
          "settings": {
            "button_label": "ORDER NOW",
            "button_link": "#optin",
            "button_color": "accent-2",
            "css_class": ""
          }
        }
      },
      "block_order": [
        "16582571765aa1deec-0",
        "16582571765aa1deec-1",
        "16582571765aa1deec-2"
      ],
      "settings": {
        "image": "shopify:\/\/shop_images\/MenuPause_LP_Book-Sales-Page_DrAnnaCoat-13.jpg",
        "height": "adapt",
        "desktop_image_width": "small-plus",
        "layout": "text_first",
        "desktop_content_position": "top",
        "desktop_content_alignment": "left",
        "content_layout": "no-overlap",
        "color_scheme": "background-1",
        "mobile_content_alignment": "left",
        "padding_top": 36,
        "padding_bottom": 36,
        "css_class": "dac-full-width  dac-padding-side-none dac-allow-media-resize",
        "custom_css": "h2 {\nfont-size: 33px;\n}\np {\nfont-size: 21px;\n}\nbutton {\nfont-size: 24;\npadding: 10px 25px;\n}\nstrong{\ncolor:#321748;\n}\n.page-width { max-width: 1800px;}",
        "custom_css_mobile": ""
      }
    },
    "main": {
      "type": "main-page",
      "disabled": true,
      "settings": {
        "display_title": true,
        "color_scheme": "background-1",
        "padding_top": 28,
        "padding_bottom": 28,
        "css_class": "",
        "custom_css": "",
        "custom_css_mobile": ""
      }
    },
    "3c5cb463-60b8-4155-9c74-38a7f8c2d34c": {
      "type": "image-with-text",
      "blocks": {
        "template--14581433565239__3c5cb463-60b8-4155-9c74-38a7f8c2d34c-heading-1": {
          "type": "heading",
          "settings": {
            "heading": "Are You Ready to Get Slim Naturally, Boost Energy, Sleep Better, and Stop Hot Flashes?",
            "heading_size": "h1",
            "heading_color": "foreground",
            "css_class": ""
          }
        },
        "template--14581433565239__3c5cb463-60b8-4155-9c74-38a7f8c2d34c-button-1": {
          "type": "button",
          "settings": {
            "button_label": "Get The Hormone Fix",
            "button_link": "#optin",
            "button_color": "color-scheme",
            "css_class": ""
          }
        }
      },
      "block_order": [
        "template--14581433565239__3c5cb463-60b8-4155-9c74-38a7f8c2d34c-heading-1",
        "template--14581433565239__3c5cb463-60b8-4155-9c74-38a7f8c2d34c-button-1"
      ],
      "settings": {
        "image": "shopify:\/\/shop_images\/book-stoack-8_8970b2b4-337d-43c8-bf3e-ca4793245777.png",
        "height": "adapt",
        "desktop_image_width": "medium",
        "layout": "image_first",
        "desktop_content_position": "top",
        "desktop_content_alignment": "left",
        "content_layout": "no-overlap",
        "color_scheme": "background-1",
        "mobile_content_alignment": "left",
        "padding_top": 36,
        "padding_bottom": 36,
        "css_class": "",
        "custom_css": "h2{\nfont-size:40px;\ntext-align:center;\n}\n.button{\nmargin-top:30px;\nborder-radius:0px;\nwidth:100%;\nFont-size:20px;\nFont-weight:450;\n}\n\n.page-width { max-width: 1800px;}",
        "custom_css_mobile": ""
      }
    }
  },
  "order": [
    "16462238058b508f23",
    "16611758835f2bca50",
    "16461663454a306e26",
    "1661182888336e42fc",
    "1654342987b12a4c39",
    "16614371194e515926",
    "166118175461227b14",
    "9cfe443a-e4c3-4b02-9706-c7fa15fc14b5",
    "166143580145277b12",
    "16543413375e4fa8d4",
    "4b470212-4e2c-49be-b35a-f5241ff451e6",
    "1654429156cf23b65b",
    "da0d05b3-8f2b-4355-864c-acf70bc0f420",
    "662df687-4de4-4894-8155-c9fbcc43403c",
    "16582571767cd40403",
    "main",
    "3c5cb463-60b8-4155-9c74-38a7f8c2d34c"
  ]
}
