{
  "layout": "theme-offer-page",
  "sections": {
    "main": {
      "type": "main-page",
      "disabled": true,
      "settings": {
        "display_title": false,
        "color_scheme": "background-1",
        "padding_top": 28,
        "padding_bottom": 28,
        "css_class": "center",
        "custom_css": "",
        "custom_css_mobile": ""
      }
    },
    "06f4d6c5-8955-4e99-8936-dc96296ef92d": {
      "type": "header-offer-page",
      "blocks": {
        "e14f5aa4-afa0-46b3-a2ed-b404c002ac28": {
          "type": "custom_colors",
          "settings": {
            "colors_solid_button_labels": "",
            "colors_accent_1": "",
            "gradient_accent_1": "",
            "colors_accent_2": "#321748",
            "gradient_accent_2": "",
            "colors_accent_3": "rgba(0,0,0,0)",
            "colors_accent_4": "",
            "colors_text": "",
            "colors_outline_button_labels": "",
            "colors_background_1": "rgba(0,0,0,0)",
            "gradient_background_1": "",
            "colors_background_2": "",
            "gradient_background_2": ""
          }
        }
      },
      "block_order": [
        "e14f5aa4-afa0-46b3-a2ed-b404c002ac28"
      ],
      "disabled": true,
      "settings": {
        "color_scheme": "accent-2",
        "display_logo": true,
        "enable_logo_link": false,
        "logo_color": "white",
        "show_line_separator": true,
        "enable_sticky_header": true,
        "margin_bottom": 0,
        "css_class": "",
        "custom_css": "",
        "custom_css_mobile": ""
      }
    },
    "16458011004aaa609d": {
      "type": "rich-text",
      "blocks": {
        "16458011000d532d59-1": {
          "type": "text",
          "settings": {
            "text": "<p>Are you a healthcare professional or physician looking to enhance your knowledge and expertise in addressing vaginal health concerns?<\/p>",
            "text_alignment": "center",
            "text_size": "p",
            "css_class": ""
          }
        }
      },
      "block_order": [
        "16458011000d532d59-1"
      ],
      "settings": {
        "anchor_id": "",
        "color_scheme": "accent-3",
        "full_width": true,
        "padding_top": 8,
        "padding_bottom": 8,
        "css_class": "",
        "custom_css": "p {\nfont-size: 25px;\n}",
        "custom_css_mobile": "p {\nfont-size: 18px;\n}"
      }
    },
    "54241dca-a171-48f7-8ac1-b2f3365f4f73": {
      "type": "rich-text",
      "blocks": {
        "template--14487746248759__54241dca-a171-48f7-8ac1-b2f3365f4f73-1679075648b5677df1-0": {
          "type": "heading",
          "settings": {
            "heading": "Dr. Anna's Vaginal Health Protocol Guide, specifically designed to provide healthcare professionals with valuable insights and recommendations on diagnosing and treating vaginal health issues in patients.",
            "heading_size": "h2",
            "heading_alignment": "center",
            "heading_color": "foreground",
            "css_class": "",
            "heading_divider": false
          }
        }
      },
      "block_order": [
        "template--14487746248759__54241dca-a171-48f7-8ac1-b2f3365f4f73-1679075648b5677df1-0"
      ],
      "settings": {
        "anchor_id": "",
        "color_scheme": "background-1",
        "full_width": true,
        "padding_top": 40,
        "padding_bottom": 12,
        "css_class": "",
        "custom_css": "h2 {\nfont-size: 30px;\n}",
        "custom_css_mobile": "h2 {\nfont-size: 35px;\n}"
      }
    },
    "1663082416842d7182": {
      "type": "multicolumn",
      "blocks": {
        "list_rCr4Kd": {
          "type": "list",
          "settings": {
            "title": "Here's what you'll find in the Vaginal Health Protocol Guide",
            "heading_color": "color-scheme",
            "list_items": "<p>Comprehensive Assessment Tools: Gain access to a detailed questionnaire designed to help you understand the unique concerns and challenges your patients may be facing. The questionnaire serves as a baseline for developing personalized treatment plans.<\/p><p>Treatment Recommendations: Discover evidence-based treatment modalities for addressing common vaginal health issues such as vaginal dryness, atrophy, and hormone-related concerns. Learn about topical options, prescription medications, and lifestyle modifications that can contribute to better patient outcomes.<\/p><p>Educational Resources: Access instructional videos and resources, including a step-by-step guide on creating DIY moisturizing lubricants, designed to improve patient comfort and satisfaction.<\/p>",
            "list_style_type": "bullets",
            "text_alignment": "left",
            "text_size": "p",
            "css_class": ""
          }
        },
        "99c16c1f-72bd-40bc-bd39-4cc5220d0c6e": {
          "type": "custom_liquid",
          "settings": {
            "custom_liquid": "<center><h3 style=\"color:#000000;\">Sign up now to receive instant access to this comprehensive resource:<\/h3><\/center>\n\n<div class=\"klaviyo-form-Uf9HXD\" data-name=\"Vaginal Health Protocol\"><\/div>",
            "css_class": ""
          }
        }
      },
      "block_order": [
        "list_rCr4Kd",
        "99c16c1f-72bd-40bc-bd39-4cc5220d0c6e"
      ],
      "settings": {
        "anchor_id": "",
        "title": "",
        "text": "",
        "heading_size": "h1",
        "heading_color": "color-scheme",
        "text_size": "p",
        "column_heading_size": "h3",
        "column_text_size": "p",
        "image_width": "full",
        "image_ratio": "adapt",
        "columns_desktop": 2,
        "column_alignment": "left",
        "column_link_type": "button",
        "background_style": "none",
        "button_label": "",
        "button_link": "",
        "button_color": "color-scheme",
        "color_scheme": "background-1",
        "columns_mobile": "1",
        "swipe_on_mobile": false,
        "padding_top": 36,
        "padding_bottom": 24,
        "css_class": "",
        "custom_css": ".optin h3 {\ncolor:#000000;\npadding-bottom: 5px;\nfont-size: 24px;\n}\n\n.optin p {\nfont-size: 24px;\nmargin-top:0px;\npadding-top: 0px;\n}\n\n\n.optin img{\nwidth:80%;\ndisplay: block;\n    margin-left: auto;\n    margin-right: auto;\nmargin-bottom: 0px;\npadding-bottom: 0px; \n}",
        "custom_css_mobile": ""
      }
    },
    "0d2a5dec-1ffb-426d-836f-fa56b541bcc1": {
      "type": "rich-text",
      "blocks": {
        "template--14488442011703__0d2a5dec-1ffb-426d-836f-fa56b541bcc1-16793158417623e99a-0": {
          "type": "heading",
          "settings": {
            "heading": "The Girlfriend Doctor Has Been Featured On:",
            "heading_size": "h2",
            "heading_alignment": "center",
            "heading_color": "foreground",
            "css_class": "seen",
            "heading_divider": false
          }
        }
      },
      "block_order": [
        "template--14488442011703__0d2a5dec-1ffb-426d-836f-fa56b541bcc1-16793158417623e99a-0"
      ],
      "settings": {
        "anchor_id": "",
        "color_scheme": "background-1",
        "full_width": true,
        "padding_top": 40,
        "padding_bottom": 0,
        "css_class": "",
        "custom_css": ".seen {\nfont-size: 20px;\n}",
        "custom_css_mobile": ""
      }
    },
    "4864648c-1ed9-4d9b-b834-a8523acb4260": {
      "type": "media-logos",
      "settings": {
        "color_scheme": "background-1",
        "display_borders": false,
        "display_text": false,
        "svg_color": "foreground",
        "padding_top": 0,
        "padding_bottom": 36,
        "css_class": "",
        "custom_css": "",
        "custom_css_mobile": ""
      }
    }
  },
  "order": [
    "main",
    "06f4d6c5-8955-4e99-8936-dc96296ef92d",
    "16458011004aaa609d",
    "54241dca-a171-48f7-8ac1-b2f3365f4f73",
    "1663082416842d7182",
    "0d2a5dec-1ffb-426d-836f-fa56b541bcc1",
    "4864648c-1ed9-4d9b-b834-a8523acb4260"
  ]
}
