{
  "layout": "theme-offer-page",
  "sections": {
    "16462238058b508f23": {
      "type": "header-offer-page",
      "blocks": {
        "2d234c6a-ad15-4b01-b895-79b7c0f04cdf": {
          "type": "custom_colors",
          "settings": {
            "colors_solid_button_labels": "",
            "colors_accent_1": "#63316e",
            "gradient_accent_1": "",
            "colors_accent_2": "#ff8f19",
            "gradient_accent_2": "",
            "colors_accent_3": "rgba(0,0,0,0)",
            "colors_accent_4": "",
            "colors_text": "",
            "colors_outline_button_labels": "",
            "colors_background_1": "",
            "gradient_background_1": "",
            "colors_background_2": "rgba(0,0,0,0)",
            "gradient_background_2": ""
          }
        }
      },
      "block_order": [
        "2d234c6a-ad15-4b01-b895-79b7c0f04cdf"
      ],
      "settings": {
        "color_scheme": "background-1",
        "display_logo": true,
        "enable_logo_link": false,
        "logo_color": "gold",
        "show_line_separator": false,
        "enable_sticky_header": true,
        "margin_bottom": 0,
        "css_class": "",
        "custom_css": "@font-face {\n  font-family: 'Larsseit';\n  src: url(https:\/\/d2saw6je89goi1.cloudfront.net\/uploads\/digital_asset\/file\/962385\/Type_Dynamic_-_Larsseit_Regular.otf);\n  font-weight: normal;\n  font-style: normal;\n}\n@font-face {\n  font-family: 'Larsseit-Bold';\n  src: url(https:\/\/d2saw6je89goi1.cloudfront.net\/uploads\/digital_asset\/file\/962384\/Type_Dynamic_-_Larsseit_Bold.otf) format('truetype');\n  font-weight: var(--font-body-weight-bold);\n  font-style: normal;\n}\n@font-face {\n  font-family: 'Larsseit-Thin';\n  src: url(https:\/\/d2saw6je89goi1.cloudfront.net\/uploads\/digital_asset\/file\/962386\/Type_Dynamic_-_Larsseit_Thin.otf) format('truetype');\n  font-weight: lighter;\n  font-style: normal;\n}\n\n@font-face {\n  font-family: 'Larsseit-Light';\n  src: url(https:\/\/d2saw6je89goi1.cloudfront.net\/uploads\/digital_asset\/file\/965155\/Larsseit-Light.ttf) format('truetype');\n  font-weight: lighter;\n  font-style: normal;\n}\n\nbody {\n  font-family: 'Larsseit-Light', serif !important;\n}",
        "custom_css_mobile": ""
      }
    },
    "16461663454a306e26": {
      "type": "rich-text",
      "blocks": {
        "1646166345821458f3-0": {
          "type": "heading",
          "settings": {
            "heading": "Get a sneak peek of my new book!",
            "heading_size": "h1",
            "heading_alignment": "center",
            "heading_color": "color-scheme",
            "css_class": "topheading",
            "heading_divider": false
          }
        }
      },
      "block_order": [
        "1646166345821458f3-0"
      ],
      "settings": {
        "anchor_id": "",
        "color_scheme": "accent-1",
        "full_width": true,
        "padding_top": 24,
        "padding_bottom": 24,
        "css_class": "",
        "custom_css": "h2 {\nfont-size: 63px;\n}",
        "custom_css_mobile": ".topheading {\nfont-size:35px;\n}"
      }
    },
    "164616622356f72eeb": {
      "type": "image-with-text",
      "blocks": {
        "1646166223b6760f4c-0": {
          "type": "heading",
          "settings": {
            "heading": "Cook Your Way to Reduced Menopausal Symptoms  with MenuPause:",
            "heading_size": "h2",
            "heading_color": "accent-1",
            "css_class": ""
          }
        },
        "5cc900b8-f1f5-466a-abf2-ebfa1bc57071": {
          "type": "list",
          "settings": {
            "list_items": "<p>Discover the food-hormone connection​<\/p><p>Learn to pause for optimal health<\/p><p>Get delicious, nutritious, symptom-reducing recipes<\/p><p><strong>​<\/strong>Feel revitalized in body, mind, and spirit<\/p>",
            "list_style_type": "bullets",
            "text_alignment": "left",
            "css_class": ""
          }
        },
        "f698dec3-aba3-4c19-8be2-ba298d3628ba": {
          "type": "button",
          "settings": {
            "button_label": "GET YOUR SNEAK PEEK",
            "button_link": "#optin",
            "button_color": "accent-2",
            "css_class": ""
          }
        }
      },
      "block_order": [
        "1646166223b6760f4c-0",
        "5cc900b8-f1f5-466a-abf2-ebfa1bc57071",
        "f698dec3-aba3-4c19-8be2-ba298d3628ba"
      ],
      "settings": {
        "image": "shopify:\/\/shop_images\/Sneakpeakimage_543ec648-4c80-4a5d-a164-65554831bd40.jpg",
        "height": "adapt",
        "desktop_image_width": "medium",
        "layout": "image_first",
        "desktop_content_position": "top",
        "desktop_content_alignment": "left",
        "content_layout": "no-overlap",
        "color_scheme": "background-2",
        "mobile_content_alignment": "left",
        "padding_top": 0,
        "padding_bottom": 36,
        "css_class": "dac-full-width dac-padding-side-none",
        "custom_css": "h2 {\nfont-size: 44px;\n}\n\nul li {\nfont-size: 23px;\n}\n\n.button {\nfont-size: 23px;\npadding: 10px 25px;\n}",
        "custom_css_mobile": "h2 {\nfont-size: 35px;\n}\n\n.button {\nfont-size: 14px;\npadding: 10px 25px;\n}"
      }
    },
    "1658250672dac6639f": {
      "type": "image",
      "settings": {
        "image": "shopify:\/\/shop_images\/TGFD_Logolist-desktop.png",
        "mobile_image": "shopify:\/\/shop_images\/TGFD_Logolist-02-1.png",
        "max_width": 0,
        "color_scheme": "background-1",
        "link": "",
        "padding_top": 36,
        "padding_bottom": 36,
        "css_class": "",
        "custom_css": "",
        "custom_css_mobile": ""
      }
    },
    "16543413375e4fa8d4": {
      "type": "rich-text",
      "blocks": {
        "16543413373de05a04-0": {
          "type": "heading",
          "settings": {
            "heading": "Girlfriend, the hormonal fluctuations that bring us to menopause can wreak havoc on our otherwise normal and happy lives.",
            "heading_size": "h1",
            "heading_alignment": "center",
            "heading_color": "accent-1",
            "css_class": "",
            "heading_divider": false
          }
        }
      },
      "block_order": [
        "16543413373de05a04-0"
      ],
      "settings": {
        "anchor_id": "",
        "color_scheme": "background-2",
        "full_width": true,
        "padding_top": 40,
        "padding_bottom": 52,
        "css_class": "",
        "custom_css": "h2 {\nfont-size: 46px;\n}",
        "custom_css_mobile": "h2 {\nfont-size: 30px;\n}"
      }
    },
    "1654429156cf23b65b": {
      "type": "image-with-text",
      "blocks": {
        "1654429156c9b37b07-0": {
          "type": "heading",
          "settings": {
            "heading": "But you probably don’t know how simple it can be to restore balance.",
            "heading_size": "h1",
            "heading_color": "foreground",
            "css_class": ""
          }
        },
        "1654429156c9b37b07-1": {
          "type": "text",
          "settings": {
            "text": "<p>When you support your hormones, you can reduce frustrating symptoms, break plateaus, and create a higher quality of life. Here’s the exciting part: it’s as easy as making dinner. All you need is the right menu.<\/p>",
            "text_style": "body",
            "css_class": ""
          }
        },
        "ecaaa7d6-5e8a-4d5c-a806-687fd8692699": {
          "type": "caption",
          "settings": {
            "caption": "Are you ready to stop the hormone havoc and start the healing and renewal?",
            "text_style": "subtitle",
            "text_size": "large",
            "css_class": ""
          }
        }
      },
      "block_order": [
        "1654429156c9b37b07-0",
        "1654429156c9b37b07-1",
        "ecaaa7d6-5e8a-4d5c-a806-687fd8692699"
      ],
      "settings": {
        "image": "shopify:\/\/shop_images\/MenuPause_LP_SneakPeak_book-opt-in-page_2nd-image_42d7ef04-190f-4168-b8b8-a37a7bd59648.png",
        "height": "adapt",
        "desktop_image_width": "medium",
        "layout": "text_first",
        "desktop_content_position": "middle",
        "desktop_content_alignment": "left",
        "content_layout": "no-overlap",
        "color_scheme": "background-1",
        "mobile_content_alignment": "left",
        "padding_top": 36,
        "padding_bottom": 36,
        "css_class": "",
        "custom_css": "h2 {\nfont-size: 33px;\n}\n\np {\nfont-size: 21px;\n}\n\n.subtitle {\nfont-size: 33px;\nline-height: 1em;\ncolor: #000;\n}",
        "custom_css_mobile": ""
      }
    },
    "165434335589c58515": {
      "type": "rich-text",
      "blocks": {
        "165434335569444dc8-0": {
          "type": "heading",
          "settings": {
            "heading": "MenuPause is where the magic begins.",
            "heading_size": "h1",
            "heading_alignment": "center",
            "heading_color": "color-scheme",
            "css_class": "",
            "heading_divider": false
          }
        },
        "4c2a4957-64c2-4d66-89f7-6b0a795101bb": {
          "type": "button",
          "settings": {
            "button_label": "GET YOUR SNEAK PEEK",
            "button_link": "#optin",
            "button_style_secondary": false,
            "button_alignment": "center",
            "button_color": "accent-2",
            "css_class": ""
          }
        }
      },
      "block_order": [
        "165434335569444dc8-0",
        "4c2a4957-64c2-4d66-89f7-6b0a795101bb"
      ],
      "settings": {
        "anchor_id": "",
        "color_scheme": "accent-1",
        "full_width": true,
        "padding_top": 40,
        "padding_bottom": 52,
        "css_class": "",
        "custom_css": "h2 { \nfont-size: 45px; \n}\n.button {\nfont-size: 24px; \npadding: 10px 25px;\n}",
        "custom_css_mobile": "h2 { \nfont-size: 30px; \n}\n.button {\nfont-size: 14px; \npadding: 10px 25px;\n}"
      }
    },
    "1654342987b12a4c39": {
      "type": "multicolumn",
      "blocks": {
        "1654342987af5fde1e-0": {
          "type": "column",
          "settings": {
            "image": "shopify:\/\/shop_images\/MenuPause_LP_SneakPeak_book-opt-in-page_Revised-DrKelly.png",
            "title": "",
            "heading_color": "color-scheme",
            "text": "",
            "link_label": "",
            "link": "",
            "button_color": "color-scheme",
            "css_class": "leftcolumn"
          }
        },
        "1654342987af5fde1e-1": {
          "type": "column",
          "settings": {
            "title": "",
            "heading_color": "color-scheme",
            "text": "<p>“Dr. Cabeca’s brilliant new book is a must-read if you want to free yourself from creeping weight gain, brain fog, hot flashes, and other menopause symptoms.”<\/p><p>— DR. KELLYANN PETRUCCI<\/p><p>NYT bestselling author of Dr. Kellann’s Bone Broth Diet<\/p>",
            "link_label": "",
            "link": "",
            "button_color": "color-scheme",
            "css_class": "rightcolumn"
          }
        },
        "1654342987af5fde1e-2": {
          "type": "column",
          "settings": {
            "image": "shopify:\/\/shop_images\/MenuPause_LP_SneakPeak_book-opt-in-page_Revised-Dr.Sara.png",
            "title": "",
            "heading_color": "color-scheme",
            "text": "",
            "link_label": "",
            "link": "",
            "button_color": "color-scheme",
            "css_class": "leftcolumn"
          }
        },
        "9bd8e5cc-0917-4465-b6da-4701f26610ec": {
          "type": "column",
          "settings": {
            "title": "",
            "heading_color": "color-scheme",
            "text": "<p>“Fuel the hormonal shift of menopause with these creative, internationally-inspired recipes, and thrive.” <\/p><p><\/p><p>— DR. SARA GOTTFRIED<\/p><p>NYT bestselling author of The Hormone Cure<\/p>",
            "link_label": "",
            "link": "",
            "button_color": "color-scheme",
            "css_class": "rightcolumn"
          }
        },
        "180871fa-2274-4181-b9f9-96670eaff194": {
          "type": "column",
          "settings": {
            "image": "shopify:\/\/shop_images\/MenuPause_LP_SneakPeak_book-opt-in-page_Revised-DrTasneem.png",
            "title": "",
            "heading_color": "color-scheme",
            "text": "",
            "link_label": "",
            "link": "",
            "button_color": "color-scheme",
            "css_class": "leftcolumn"
          }
        },
        "09e8ed85-c670-445c-8062-118cbd2a8b05": {
          "type": "column",
          "settings": {
            "title": "",
            "heading_color": "color-scheme",
            "text": "<p>“Dr. Anna beautifully helps us use food as our ﬁrst medicine, helping women break through the weight blocks, hot flashes, mood shifts, and more. Blending a solid science-based approach with great recipes, the journey back to you starts right here.” <\/p><p>— DR. TASNEEM BHATIA<\/p><p>Author of The 21-Day Belly Fix and Super Woman Rx<\/p>",
            "link_label": "",
            "link": "",
            "button_color": "color-scheme",
            "css_class": "rightcolumn"
          }
        }
      },
      "block_order": [
        "1654342987af5fde1e-0",
        "1654342987af5fde1e-1",
        "1654342987af5fde1e-2",
        "9bd8e5cc-0917-4465-b6da-4701f26610ec",
        "180871fa-2274-4181-b9f9-96670eaff194",
        "09e8ed85-c670-445c-8062-118cbd2a8b05"
      ],
      "settings": {
        "anchor_id": "",
        "title": "Praise for MenuPause",
        "text": "",
        "heading_size": "h1",
        "heading_color": "accent-1",
        "text_size": "h4",
        "column_heading_size": "h3",
        "column_text_size": "p",
        "image_width": "full",
        "image_ratio": "adapt",
        "columns_desktop": 2,
        "column_alignment": "left",
        "column_link_type": "button",
        "background_style": "none",
        "button_label": "",
        "button_link": "",
        "button_color": "color-scheme",
        "color_scheme": "background-1",
        "columns_mobile": "1",
        "swipe_on_mobile": false,
        "padding_top": 36,
        "padding_bottom": 36,
        "css_class": "",
        "custom_css": ".multicolumn-card__image-wrapper { max-width: 200px; margin: 0 auto; }\n.leftcolumn { max-width: 300px; margin: 10 auto; }\n.rightcolumn { max-width: 1000px; margin: 10 auto; }\n\n.grid--2-col-desktop .grid__item:nth-child(odd) { max-width: calc(30% - var(--grid-desktop-horizontal-spacing) \/ 2); }\n\n.grid--2-col-desktop .grid__item:nth-child(even) { min-width: calc(70% - var(--grid-desktop-horizontal-spacing) \/ 2); }\n\nh2 {\nfont-size: 53px;\n}\np {\nfont-size: 21px;\n}",
        "custom_css_mobile": "h2 {\nfont-size: 35px;\n}\n\n.grid--2-col-desktop .grid__item:nth-child(odd) { max-width: 100%; }"
      }
    },
    "16582571767cd40403": {
      "type": "image-with-text",
      "blocks": {
        "16582571765aa1deec-0": {
          "type": "heading",
          "settings": {
            "heading": "Hi, I’m Dr. Anna Cabeca.",
            "heading_size": "h1",
            "heading_color": "accent-1",
            "css_class": ""
          }
        },
        "16582571765aa1deec-1": {
          "type": "text",
          "settings": {
            "text": "<p>Over the past 20 years, I’ve served <strong>10,000+ women <\/strong>in my private practice as an OBGYN — and <strong>millions more <\/strong>through my books, online videos and articles.<\/p><p>One of the greatest lessons I’ve learned as a clinician is that food is the foundation of true health. I know, because I too reached a point where menopause was making me miserable, and I had to get my hormones— and life—in order.<\/p><p>I reclaimed my health and my life using delicious, healing foods, and I want to help you do the same.<\/p><p>Through the power of the Keto-Green lifestyle, <strong>thousands of women have opted out of menopause misery <\/strong>and experienced a joyful transition to the next stage of their lives.<\/p><p>You’ve worked hard to get here. <\/p><p>You deserve to feel energetic, vibrant, and strong.<\/p><p>That’s why I’m sharing this exclusive preview of MenuPause with you. It’s your how-to guide for living a fulﬁlling life, in which you wake up every day, loving the woman you have become.\" <\/p>",
            "text_style": "body",
            "css_class": ""
          }
        },
        "16582571765aa1deec-2": {
          "type": "button",
          "settings": {
            "button_label": "GET YOUR SNEAK PEEK",
            "button_link": "#optin",
            "button_color": "accent-2",
            "css_class": ""
          }
        }
      },
      "block_order": [
        "16582571765aa1deec-0",
        "16582571765aa1deec-1",
        "16582571765aa1deec-2"
      ],
      "settings": {
        "image": "shopify:\/\/shop_images\/MenuPause_LP_Quiz-Opt-In-Page-Dr.Anna.jpg",
        "height": "adapt",
        "desktop_image_width": "medium",
        "layout": "text_first",
        "desktop_content_position": "top",
        "desktop_content_alignment": "left",
        "content_layout": "no-overlap",
        "color_scheme": "background-1",
        "mobile_content_alignment": "left",
        "padding_top": 36,
        "padding_bottom": 36,
        "css_class": "dac-full-width  dac-padding-side-none",
        "custom_css": "h2 {\nfont-size: 33px;\n}\np {\nfont-size: 21px;\n}\nbutton {\nfont-size: 24;\npadding: 10px 25px;\n}",
        "custom_css_mobile": ""
      }
    },
    "1658262889339758a0": {
      "type": "rich-text",
      "settings": {
        "anchor_id": "optin",
        "color_scheme": "background-1",
        "full_width": true,
        "padding_top": 0,
        "padding_bottom": 0,
        "css_class": "",
        "custom_css": "",
        "custom_css_mobile": ""
      }
    },
    "ef7ffd4f-4f4a-4002-8fe5-755aad683b4f": {
      "type": "custom-liquid",
      "settings": {
        "anchor_id": "",
        "custom_liquid": "<h2 class=\"h1 center heading--accent-1\">Where should I send your Sneak Peek?<\/h2>\n<div class=\"klaviyo-form-W6XLbw\" data-name=\"MenuPause Sneak Peek to Book Offer\"><\/div>",
        "color_scheme": "background-2",
        "padding_top": 40,
        "padding_bottom": 52,
        "css_class": "",
        "custom_css": "",
        "custom_css_mobile": ""
      }
    },
    "main": {
      "type": "main-page",
      "disabled": true,
      "settings": {
        "display_title": true,
        "color_scheme": "background-1",
        "padding_top": 28,
        "padding_bottom": 28,
        "css_class": "",
        "custom_css": "",
        "custom_css_mobile": ""
      }
    }
  },
  "order": [
    "16462238058b508f23",
    "16461663454a306e26",
    "164616622356f72eeb",
    "1658250672dac6639f",
    "16543413375e4fa8d4",
    "1654429156cf23b65b",
    "165434335589c58515",
    "1654342987b12a4c39",
    "16582571767cd40403",
    "1658262889339758a0",
    "ef7ffd4f-4f4a-4002-8fe5-755aad683b4f",
    "main"
  ]
}
