{
  "sections": {
    "main": {
      "type": "main-page",
      "disabled": true,
      "settings": {
        "display_title": false,
        "color_scheme": "background-1",
        "padding_top": 28,
        "padding_bottom": 28,
        "css_class": "center",
        "custom_css": "",
        "custom_css_mobile": ""
      }
    },
    "16458011004aaa609d": {
      "type": "rich-text",
      "blocks": {
        "16458011000d532d59-0": {
          "type": "heading",
          "settings": {
            "heading": "DIY Video: Create Natural, Effective Lubricants and Moisturizers...",
            "heading_size": "h1",
            "heading_alignment": "center",
            "heading_color": "accent-3",
            "css_class": "",
            "heading_divider": false
          }
        },
        "16458011000d532d59-1": {
          "type": "text",
          "settings": {
            "text": "<p><em>With Simple Household Ingredients!<\/em><\/p>",
            "text_alignment": "center",
            "text_size": "h4",
            "css_class": ""
          }
        }
      },
      "block_order": [
        "16458011000d532d59-0",
        "16458011000d532d59-1"
      ],
      "settings": {
        "anchor_id": "",
        "color_scheme": "background-1",
        "full_width": true,
        "padding_top": 40,
        "padding_bottom": 20,
        "css_class": "",
        "custom_css": "",
        "custom_css_mobile": ""
      }
    },
    "1663082416842d7182": {
      "type": "multicolumn",
      "blocks": {
        "16630824169ca180ab-0": {
          "type": "column",
          "settings": {
            "image": "shopify:\/\/shop_images\/LubricantsVideo.png",
            "title": "",
            "heading_color": "color-scheme",
            "text": "",
            "link_label": "",
            "link": "",
            "button_color": "color-scheme",
            "css_class": ""
          }
        },
        "9ebfa554-df31-443a-8d6a-e3780ac2639d": {
          "type": "custom_liquid",
          "settings": {
            "custom_liquid": "<p>Tired of spending money on high-priced, toxin-filled skin products?  In this exclusive 8 minute video lesson, Dr. Anna Cabeca will walk you step-by-step through creating healthier moisturizing lubricants with simple ingredients you already have!<\/p>\n\n<div class=\"klaviyo-form-S6c4ps\" data-name=\"Julva - Send WIMC Video\"><\/div>",
            "css_class": "optin"
          }
        }
      },
      "block_order": [
        "16630824169ca180ab-0",
        "9ebfa554-df31-443a-8d6a-e3780ac2639d"
      ],
      "settings": {
        "anchor_id": "",
        "title": "",
        "text": "",
        "heading_size": "h1",
        "heading_color": "color-scheme",
        "text_size": "p",
        "column_heading_size": "h3",
        "column_text_size": "p",
        "image_width": "full",
        "image_ratio": "adapt",
        "columns_desktop": 2,
        "column_alignment": "left",
        "column_link_type": "button",
        "background_style": "none",
        "button_label": "",
        "button_link": "",
        "button_color": "color-scheme",
        "color_scheme": "background-1",
        "columns_mobile": "1",
        "swipe_on_mobile": false,
        "padding_top": 36,
        "padding_bottom": 24,
        "css_class": "",
        "custom_css": ".optin h3 {\ncolor:#9f2b68;\npadding-bottom: 5px;\n}\n\n.optin p {\nfont-size: 24px;\n}\n\n.optin ul li {\npadding-top: 10px;\n}",
        "custom_css_mobile": ""
      }
    }
  },
  "order": [
    "main",
    "16458011004aaa609d",
    "1663082416842d7182"
  ]
}
