{
  "sections": {
    "164631893258a191e3": {
      "type": "multicolumn",
      "blocks": {
        "16463189325b48c999-0": {
          "type": "column",
          "settings": {
            "image": "shopify:\/\/shop_images\/TGFD_Course_Page-Breeze.jpg",
            "title": "",
            "heading_color": "color-scheme",
            "text": "",
            "link_label": "",
            "link": "",
            "button_color": "color-scheme",
            "css_class": ""
          }
        },
        "16463189325b48c999-1": {
          "type": "column",
          "settings": {
            "title": "",
            "heading_color": "color-scheme",
            "text": "<p>If you're looking for a quick reset... start here. This quick FREE Masterclass can help you take back control of your body, lose that extra weight, and recover your love life. You’ll get all the recipes, meal plans, videos, and support you need to succeed!<\/p>",
            "link_label": "Get Started With The Keto-Green® Way",
            "link": "shopify:\/\/pages\/breeze-through-menopause",
            "button_color": "accent-3",
            "css_class": ""
          }
        },
        "c49a4f91-f235-4de1-8f6e-126b3077a106": {
          "type": "column",
          "settings": {
            "image": "shopify:\/\/shop_images\/TGFD_CoursePage-SexualCPR.jpg",
            "title": "",
            "heading_color": "color-scheme",
            "text": "",
            "link_label": "",
            "link": "",
            "button_color": "color-scheme",
            "css_class": ""
          }
        },
        "e58bbf16-10ea-448f-9fc1-5d1480f2c48e": {
          "type": "column",
          "settings": {
            "title": "",
            "heading_color": "color-scheme",
            "text": "<p>If you're ready to learn the SECRETS to reigniting your sex drive, experiencing more deep, soul-satisfying sexual pleasure, and reconnecting with your partner -- so you can experience true intimacy -- then do NOT miss out on this opportunity to learn from one of the most accomplished and knowledgeable women's sexual health physicians in the country!<\/p>",
            "link_label": "Increase Intimacy And Connection",
            "link": "shopify:\/\/pages\/offers-sexualcpr",
            "button_color": "accent-3",
            "css_class": ""
          }
        },
        "40004552-bd41-4f25-85dd-881ee8bae102": {
          "type": "column",
          "settings": {
            "image": "shopify:\/\/shop_images\/TGFD_Courses_Page_Magic_485432d4-8032-48c9-9300-c03da83bd4e0.jpg",
            "title": "",
            "heading_color": "color-scheme",
            "text": "",
            "link_label": "",
            "link": "",
            "button_color": "color-scheme",
            "css_class": ""
          }
        },
        "405a2c48-d5db-40b2-9f17-ac562e80608c": {
          "type": "column",
          "settings": {
            "title": "",
            "heading_color": "color-scheme",
            "text": "<p>Experience the #1 online menopause program with Dr. Anna coming back this fall. If you've had it \"up to here\" with menopause... the uncontrollable bloating, swelling, and weight gain, the sleepless, sweaty nights, the annoying brain fog and bad moods, and if you're ready to enjoy life again...<\/p>",
            "link_label": "Let's get started!",
            "link": "shopify:\/\/pages\/offers-magic-menopause",
            "button_color": "accent-3",
            "css_class": ""
          }
        }
      },
      "block_order": [
        "16463189325b48c999-0",
        "16463189325b48c999-1",
        "c49a4f91-f235-4de1-8f6e-126b3077a106",
        "e58bbf16-10ea-448f-9fc1-5d1480f2c48e",
        "40004552-bd41-4f25-85dd-881ee8bae102",
        "405a2c48-d5db-40b2-9f17-ac562e80608c"
      ],
      "custom_css": [
        ".grid__item {align-self: center;}",
        ".button {line-height: calc(1 + 0.5 \/ var(--font-body-scale)); padding-top: 0.5em; padding-bottom: 0.5em;}",
        "@media screen and (max-width: 749px) {.button {width: 100%; }}"
      ],
      "settings": {
        "anchor_id": "",
        "title": "",
        "text": "",
        "heading_size": "h1",
        "heading_color": "color-scheme",
        "text_size": "p",
        "column_heading_size": "h3",
        "column_text_size": "p",
        "image_width": "full",
        "image_ratio": "adapt",
        "columns_desktop": 2,
        "column_alignment": "left",
        "column_link_type": "button",
        "background_style": "none",
        "button_label": "",
        "button_link": "",
        "button_color": "color-scheme",
        "color_scheme": "background-1",
        "columns_mobile": "1",
        "swipe_on_mobile": false,
        "padding_top": 36,
        "padding_bottom": 36,
        "css_class": "",
        "custom_css": "",
        "custom_css_mobile": ""
      }
    },
    "main": {
      "type": "main-page",
      "disabled": true,
      "settings": {
        "display_title": true,
        "color_scheme": "background-1",
        "padding_top": 28,
        "padding_bottom": 28,
        "css_class": "",
        "custom_css": "",
        "custom_css_mobile": ""
      }
    },
    "1646318209f73fcbb4": {
      "type": "image-with-text",
      "blocks": {
        "1646318209b7555b14-1": {
          "type": "text",
          "settings": {
            "text": "<p>If you're looking for a quick reset... start here. This quick FREE Masterclass can help you take back control of your body, lose that extra weight, and recover your love life. You’ll get all the recipes, meal plans, videos, and support you need to succeed!<\/p><p><\/p>",
            "text_style": "body",
            "css_class": ""
          }
        },
        "1646318209b7555b14-2": {
          "type": "button",
          "settings": {
            "button_label": "Get Started With The Keto-Green® Way",
            "button_link": "https:\/\/breeze.dranna.com\/",
            "button_color": "color-scheme",
            "css_class": ""
          }
        }
      },
      "block_order": [
        "1646318209b7555b14-1",
        "1646318209b7555b14-2"
      ],
      "disabled": true,
      "settings": {
        "anchor_id": "",
        "image": "shopify:\/\/shop_images\/TGFD_Course_Page-Breeze.jpg",
        "height": "small",
        "desktop_image_width": "medium",
        "layout": "image_first",
        "desktop_content_position": "middle",
        "desktop_content_alignment": "left",
        "content_layout": "no-overlap",
        "color_scheme": "background-1",
        "mobile_content_alignment": "left",
        "padding_top": 36,
        "padding_bottom": 36,
        "css_class": "",
        "custom_css": "",
        "custom_css_mobile": ""
      }
    },
    "164631828008c07da6": {
      "type": "image-with-text",
      "blocks": {
        "16463182807aea22a5-0": {
          "type": "heading",
          "settings": {
            "heading": "Image with text",
            "heading_size": "h2",
            "heading_color": "color-scheme",
            "css_class": ""
          }
        },
        "16463182807aea22a5-1": {
          "type": "text",
          "settings": {
            "text": "<p>Pair text with an image to focus on your chosen product, collection, or blog post. Add details on availability, style, or even provide a review.<\/p>",
            "text_style": "body",
            "css_class": ""
          }
        },
        "16463182807aea22a5-2": {
          "type": "button",
          "settings": {
            "button_label": "Button label",
            "button_link": "",
            "button_color": "color-scheme",
            "css_class": ""
          }
        }
      },
      "block_order": [
        "16463182807aea22a5-0",
        "16463182807aea22a5-1",
        "16463182807aea22a5-2"
      ],
      "disabled": true,
      "settings": {
        "anchor_id": "",
        "image": "shopify:\/\/shop_images\/TGFD_CoursePage-SexualCPR.jpg",
        "height": "adapt",
        "desktop_image_width": "medium",
        "layout": "image_first",
        "desktop_content_position": "middle",
        "desktop_content_alignment": "left",
        "content_layout": "no-overlap",
        "color_scheme": "background-1",
        "mobile_content_alignment": "left",
        "padding_top": 36,
        "padding_bottom": 36,
        "css_class": "",
        "custom_css": "",
        "custom_css_mobile": ""
      }
    },
    "1646318286d2973c27": {
      "type": "image-with-text",
      "blocks": {
        "16463182851790a595-0": {
          "type": "heading",
          "settings": {
            "heading": "Image with text",
            "heading_size": "h2",
            "heading_color": "color-scheme",
            "css_class": ""
          }
        },
        "16463182851790a595-1": {
          "type": "text",
          "settings": {
            "text": "<p>Pair text with an image to focus on your chosen product, collection, or blog post. Add details on availability, style, or even provide a review.<\/p>",
            "text_style": "body",
            "css_class": ""
          }
        },
        "16463182851790a595-2": {
          "type": "button",
          "settings": {
            "button_label": "Button label",
            "button_link": "",
            "button_color": "color-scheme",
            "css_class": ""
          }
        }
      },
      "block_order": [
        "16463182851790a595-0",
        "16463182851790a595-1",
        "16463182851790a595-2"
      ],
      "disabled": true,
      "settings": {
        "anchor_id": "",
        "image": "shopify:\/\/shop_images\/TGFD_Courses_Page_Magic_485432d4-8032-48c9-9300-c03da83bd4e0.jpg",
        "height": "adapt",
        "desktop_image_width": "medium",
        "layout": "image_first",
        "desktop_content_position": "middle",
        "desktop_content_alignment": "left",
        "content_layout": "no-overlap",
        "color_scheme": "background-1",
        "mobile_content_alignment": "left",
        "padding_top": 36,
        "padding_bottom": 36,
        "css_class": "",
        "custom_css": "",
        "custom_css_mobile": ""
      }
    }
  },
  "order": [
    "164631893258a191e3",
    "main",
    "1646318209f73fcbb4",
    "164631828008c07da6",
    "1646318286d2973c27"
  ]
}
