{"sections":{"multicolumn_r73JqB":{"type":"multicolumn","blocks":{"custom_liquid_KhKCQJ":{"type":"custom_liquid","settings":{"custom_liquid":"<script>\n    document.addEventListener(\"DOMContentLoaded\", (event) => {\n      let q = new URLSearchParams(window.location.search);\n      let t = document.querySelector('.' + q.get('result'));\n      if (t) {\n        t.style.display = 'block';\n      }\n    });\n  <\/script>","css_class":""}},"column_m6Anpg":{"type":"column","settings":{"title":"","heading_color":"color-scheme","text":"<p>Get 10% off with code <strong>HELLO10OFF<\/strong><\/p>","link_label":"","link":"","button_color":"color-scheme","css_class":"a"}}},"block_order":["custom_liquid_KhKCQJ","column_m6Anpg"],"settings":{"anchor_id":"","title":"","text":"","heading_size":"h0","heading_color":"color-scheme","text_size":"p","column_heading_size":"h2","column_text_size":"p","image_width":"full","image_ratio":"adapt","columns_desktop":1,"column_alignment":"center","column_link_type":"button","background_style":"none","button_label":"","button_link":"","button_color":"color-scheme","color_scheme":"accent-1","width":"page-width","internal_padding":"true","columns_mobile":"1","swipe_on_mobile":false,"padding_top":12,"padding_bottom":0,"css_class":"","custom_css":".a {\ndisplay: none;\n  }","custom_css_mobile":""}},"image_banner_LDDiJg":{"type":"image-banner","settings":{"image":"shopify:\/\/shop_images\/TGFD_SymptomsPages-Fatigue-04_a5551369-49d0-4c8f-9511-e505f28f82af.jpg","mobile_image":"shopify:\/\/shop_images\/TGFD_SymptomsPages-Fatigue-02_35fe69b1-6e97-45e2-b1e9-d211968b2075.jpg","link":"","image_overlay_opacity":0,"image_height":"medium","adapt_height_first_image":true,"desktop_content_position":"middle-center","show_text_box":true,"desktop_content_alignment":"center","color_scheme":"background-1","mobile_content_alignment":"center","stack_images_on_mobile":true,"show_text_below":true,"css_class":"","custom_css":"","custom_css_mobile":""}},"833b4aa7-30e5-4291-bd1e-1d1533c2bebc":{"type":"image-with-text","blocks":{"template--14579283853367__833b4aa7-30e5-4291-bd1e-1d1533c2bebc-text-1":{"type":"text","settings":{"text":"<h1>Why am I tired all the time?<\/h1><p>For women going through menopause, experiencing fatigue is commonplace. Not only is your body changing, but the stress that comes from all that change can wreak havoc on your system.<\/p><p>Because your body feels stressed, your adrenals may focus on producing cortisol instead of hormones like DHEA, estrogen, progesterone, and testosterone. <\/p><p>This can literally empty your tank and throw your hormones even further out of balance. And it can certainly make you feel exhausted — all the time. <\/p><p>Add in the stress from your job, and\/or caregiving responsibilities, and you start to feel like you’ll never be rested again.<\/p>","text_style":"body","css_class":""}}},"block_order":["template--14579283853367__833b4aa7-30e5-4291-bd1e-1d1533c2bebc-text-1"],"custom_css":["\/* Match Rich Text *\/@media (min-width: 750px) {.rich-text__blocks {max-width: 78rem; }}","@media (min-width: 990px) {.rich-text__blocks {max-width: 78rem; width: calc(100% - 15rem); padding: 0; }}"],"settings":{"anchor_id":"","image":"shopify:\/\/shop_images\/TGFD_SymptomsPages-Fatigue-09_2.jpg","mobile_image":"shopify:\/\/shop_images\/TGFD_SymptomsPages-Fatigue-05.jpg","height":"adapt","desktop_image_width":"small","layout":"image_first","desktop_content_position":"top","desktop_content_alignment":"left","content_layout":"no-overlap","color_scheme":"background-1","width":"rich-text-width","internal_padding":"false","mobile_layout":"text_top","mobile_content_alignment":"left","padding_top":48,"padding_bottom":0,"css_class":"","custom_css":"strong{font-size:21px;}\n\nh1 {\ncolor: #9F2B68;\nfont-size: 40px;\n}\n\nimg{max-height:650px;}","custom_css_mobile":"h1 {\nfont-size: 32px;\n}\n\nimg{width:450px;\nobject-fit:scale-down;\npadding-bottom:20px;}\n\n.image-with-text__content{padding:0px 10px 20px 10px;}"}},"c5929b1b-a3b0-4536-81da-ac49e6b40dac":{"type":"rich-text","blocks":{"text_A6JfgA":{"type":"text","settings":{"text":"<p>FATIGUE AND LOW ENERGY DURING MENOPAUSE IS OFTEN A RESULT OF:<\/p>","text_alignment":"left","text_size":"p","css_class":"title"}},"list_dNzzgN":{"type":"list","settings":{"list_items":"<p>Fluctuating hormones (notably estrogen and progesterone)<\/p><p>Adrenal dysfunction<\/p><p>Stress<\/p><p>Nutrient deficiencies<\/p><p>Thyroid disorders<\/p><p>Sleep disruptions and\/or poor sleep quality<\/p>","text_alignment":"left","text_size":"p","css_class":"list"}},"text_RYiqHC":{"type":"text","settings":{"text":"<p>While fatigue can affect anyone during menopause, women with chronic health conditions like fibromyalgia, diabetes, and thyroid disorders may find their struggles with fatigue exacerbated. <\/p>","text_alignment":"left","text_size":"p","css_class":"ending"}},"template--14579283853367__c5929b1b-a3b0-4536-81da-ac49e6b40dac-button-1":{"type":"button","settings":{"button_label":"LEARN MORE ABOUT MENOPAUSE","button_link":"shopify:\/\/pages\/menopause","button_style_secondary":false,"button_alignment":"left","button_color":"accent-1","css_class":""}}},"block_order":["text_A6JfgA","list_dNzzgN","text_RYiqHC","template--14579283853367__c5929b1b-a3b0-4536-81da-ac49e6b40dac-button-1"],"settings":{"anchor_id":"","color_scheme":"background-1","full_width":true,"padding_top":20,"padding_bottom":52,"css_class":"","custom_css":".button {\ncolor:#ffffff;\ntext-decoration: none;\n}\n\n.title{\ncolor:#9F2B68;}\n\n.list{\ncolor:#9F2B68;}","custom_css_mobile":".button{font-size:16px;\npadding:8px 6px;}"}},"626918f2-19cb-4bdb-a42c-7ddbea0a7523":{"type":"rich-text","blocks":{"31408c9c-6838-4a56-ae1e-43a4cb54349f":{"type":"heading","settings":{"heading":"What can I do about it?","heading_size":"h0","heading_alignment":"left","heading_color":"accent-1","css_class":"","heading_divider":false}},"template--14572363284535__626918f2-19cb-4bdb-a42c-7ddbea0a7523-text-1":{"type":"text","settings":{"text":"<p>Combatting fatigue takes a multi-pronged approach. You should work with your doctor to determine what’s at the root of your low energy. Investigating cardiovascular health, thyroid function, blood glucose levels, electrolytes, nutrient and mineral deficiencies, and inflammation levels in addition to assessing your hormones should be part of your physician’s plan. <\/p><p>While it may seem counterintuitive, a gentle exercise routine can help combat fatigue. Just be sure to exercise earlier in the day if you can, as evening workouts tend to be energizing rather than relaxing. <\/p><p>Also, focusing on your diet during this time is crucial. You want to support your body with plenty of high-quality, nutrient-dense foods to make sure it has enough fuel. Healthy fats and vegetables should be your main focus. <\/p>","text_alignment":"left","text_size":"p","css_class":""}}},"block_order":["31408c9c-6838-4a56-ae1e-43a4cb54349f","template--14572363284535__626918f2-19cb-4bdb-a42c-7ddbea0a7523-text-1"],"settings":{"anchor_id":"","color_scheme":"background-2","full_width":true,"padding_top":44,"padding_bottom":48,"css_class":"","custom_css":".section-template--14579793231927__626918f2-19cb-4bdb-a42c-7ddbea0a7523-padding{background-color:#fcf3f7;}\n\nh2{\nfont-size:40px;\ntext-transform: capitalize;\n}","custom_css_mobile":"h2 {\nfont-size: 32px;\n}"}},"rich_text_YUcBdj":{"type":"rich-text","blocks":{"heading_3WUKVg":{"type":"heading","settings":{"heading":"Upgrade your energy","heading_size":"h2","heading_alignment":"left","heading_color":"accent-1","css_class":"","heading_divider":false}},"text_J7mknU":{"type":"text","settings":{"text":"<p>Your adrenal glands often take the brunt of the menopause burden. They crumple under the weight of a lifetime of built-up stress and the overwhelming task of trying to produce hormones when your ovaries can’t. <\/p>","text_alignment":"left","text_size":"p","css_class":""}}},"block_order":["heading_3WUKVg","text_J7mknU"],"settings":{"anchor_id":"","color_scheme":"background-1","full_width":true,"padding_top":40,"padding_bottom":12,"css_class":"","custom_css":"","custom_css_mobile":""}},"226b22f5-bb5f-440a-830f-180e99fa2df0":{"type":"image-with-text","blocks":{"text_FrApzU":{"type":"text","settings":{"text":"<p>WHICH IS WHY I CREATED:<\/p>","text_style":"body","css_class":"Top"}},"4cdbfef5-c9fd-4485-b49f-e41f656ef878":{"type":"heading","settings":{"heading":"Mighty Maca® Plus","heading_size":"h1","heading_color":"accent-1","css_class":""}},"b7652cb5-4d7c-46ab-9d04-128052636264":{"type":"text","settings":{"text":"<p>Helps you support your adrenals the right way, and makes you feel instantly more energetic. Plus, it’s packed with nutrients to keep hot flashes at bay and support metabolism too. <\/p><p><strong>FEATURED INGREDIENTS:<\/strong><\/p><p>&lt;img src=\"https:\/\/cdn.shopify.com\/s\/files\/1\/0524\/5661\/files\/TGFD_SymptomsPages-Fatigue-13.png?v=1726159729\" alt=\"Peruvian Maca Root, Turmeric, Chlorella, Pomegranate, Mangosteen, and Green Tea.\" width=\"auto\" height=\"auto\" class=\"small\"&gt;<\/p>","text_style":"body","css_class":""}},"custom_liquid_Law6bb":{"type":"custom_liquid","settings":{"custom_liquid":"<img src=\"https:\/\/cdn.shopify.com\/s\/files\/1\/0524\/5661\/files\/TGFD_SymptomsPages-Fatigue-10.png?v=1726243517\" alt=\"Peruvian Maca Root, Turmeric, Chlorella, Pomegranate, Mangosteen, and Green Tea.\" width=\"300px\" height=\"auto\">","css_class":"mobileimage"}},"6bd2519e-c3bf-4e5f-bcea-bcc09b1868c0":{"type":"button","settings":{"button_label":"Shop Mighty Maca Plus Now","button_link":"shopify:\/\/pages\/offers-mighty-maca","button_color":"color-scheme","css_class":""}}},"block_order":["text_FrApzU","4cdbfef5-c9fd-4485-b49f-e41f656ef878","b7652cb5-4d7c-46ab-9d04-128052636264","custom_liquid_Law6bb","6bd2519e-c3bf-4e5f-bcea-bcc09b1868c0"],"custom_css":[],"settings":{"anchor_id":"","image":"shopify:\/\/shop_images\/TGFD_SymptomsPages-Fatigue-14.png","mobile_image":"shopify:\/\/shop_images\/TGFD_SymptomsPages-Fatigue-12.png","height":"adapt","desktop_image_width":"small","layout":"image_first","desktop_content_position":"middle","desktop_content_alignment":"left","content_layout":"no-overlap","color_scheme":"background-1","width":"rich-text-width","internal_padding":"false","mobile_layout":"image_top","mobile_content_alignment":"left","padding_top":0,"padding_bottom":4,"css_class":"dac-allow-media-resize","custom_css":".Top{\ncolor:#9F2B68;\nletter-spacing: 4px;\ntransform: translateY(15px);}\n\nstrong{color:#9F2B68;\nletter-spacing: 4px;}\n\n.mobileimage{display:none;}","custom_css_mobile":".Top{\nfont-size:19px;\nletter-spacing:0px;\ntransform: translateY(0px);}\n\nh2{font-size:35px;}\n\n.small{display:none;}\n\n.mobileimage{\ndisplay:block;\n transform: translateX(0px)\ntranslateY(-30px);\nmargin:0 auto;\npadding-top:10px;}\n\n.button{padding:8px 6px;\nmargin-top:0px;\nmargin-bottom:10px;}\n\nimg{padding-top:20px;}\n\n.image-with-text__content{padding:0px 10px 20px 10px;}"}},"image_with_text_i9xAi9":{"type":"image-with-text","blocks":{"heading_JpgkeT":{"type":"heading","settings":{"heading":"Nite-Zzz Caps","heading_size":"h1","heading_color":"accent-1","css_class":""}},"text_yCG9Ri":{"type":"text","settings":{"text":"<p>A gentle and non-habit-forming sleep support that will help you bypass that “wired but tired” feeling and get the rest you need to feel energized the next day.<\/p>","text_style":"body","css_class":""}},"list_BFwyxk":{"type":"list","settings":{"list_items":"<p>Relaxes the body and calms the mind<\/p><p>Relieves hot flashes and night sweats<\/p><p>Boosts daytime mood and energy levels<\/p><p>Supports healthy insulin sensitivity<\/p><p>Repairs \"wear and tear\" in aging cells<\/p>","list_style_type":"bullets","text_alignment":"left","css_class":"list"}},"button_JntaFe":{"type":"button","settings":{"button_label":"Shop Nite-Zzz Caps  Now","button_link":"shopify:\/\/products\/nite-zzz","button_color":"color-scheme","css_class":""}}},"block_order":["heading_JpgkeT","text_yCG9Ri","list_BFwyxk","button_JntaFe"],"settings":{"anchor_id":"","image":"shopify:\/\/shop_images\/TGFD_SymptomsPages-Fatigue-15.png","mobile_image":"shopify:\/\/shop_images\/TGFD_SymptomsPages-Fatigue-13_1.png","height":"adapt","desktop_image_width":"small","layout":"image_first","desktop_content_position":"middle","desktop_content_alignment":"left","content_layout":"no-overlap","color_scheme":"background-1","width":"rich-text-width","internal_padding":"false","mobile_layout":"image_top","mobile_content_alignment":"left","padding_top":0,"padding_bottom":44,"css_class":"dac-allow-media-resize","custom_css":"img{max-height:700px;\nobject-fit:scale-down;}\n\n.page-width { max-width: 1800px;}\n\n.list{\ncolor:#9F2B68;}\n\nul li::marker {\n    font-size: 12px;}","custom_css_mobile":".button{padding:8px 7px;}\n\n.image-with-text__content{padding:0px 10px 20px 10px;}"}},"rich_text_jadpNb":{"type":"rich-text","blocks":{"heading_YDbgJE":{"type":"heading","settings":{"heading":"Other Things You Can Do To Help With Fatigue","heading_size":"h2","heading_alignment":"center","heading_color":"color-scheme","css_class":"","heading_divider":false}}},"block_order":["heading_YDbgJE"],"settings":{"anchor_id":"","color_scheme":"accent-1","full_width":true,"padding_top":28,"padding_bottom":28,"css_class":"","custom_css":"","custom_css_mobile":""}},"multicolumn_GMw84E":{"type":"multicolumn","blocks":{"column_9zDw4r":{"type":"column","settings":{"image":"shopify:\/\/shop_images\/TGFD_SymptomsPages-Fatigue-16.png","mobile_image":"shopify:\/\/shop_images\/TGFD_SymptomsPages-Fatigue-16_1.png","title":"","heading_color":"color-scheme","text":"","link_label":"","link":"","button_color":"color-scheme","css_class":""}},"column_UYKikj":{"type":"column","settings":{"title":"DIETARY CHANGES","heading_color":"accent-1","text":"<p>A Keto-Green® diet with the right proportions of carbohydrates, protein, healthy fats, and a wealth of alkalizing fresh vegetables can go a long way toward restoring your energy levels. When you’re fueling your body with nutrient-dense foods and managing your insulin response, it makes an enormous difference in how you feel.<\/p><p><a href=\"https:\/\/drannacabeca.com\/blogs\/keto-alkaline-diet\/what-you-can-t-and-can-eat-on-the-keto-green-diet?_pos=2&_sid=e13abd099&_ss=r\" target=\"_blank\" title=\"https:\/\/drannacabeca.com\/blogs\/keto-alkaline-diet\/what-you-can-t-and-can-eat-on-the-keto-green-diet?_pos=2&_sid=e13abd099&_ss=r\">Check out this guide to creating the perfect menopause diet.<\/a><\/p>","link_label":"","link":"","button_color":"color-scheme","css_class":"one"}},"column_xmFhfz":{"type":"column","settings":{"image":"shopify:\/\/shop_images\/TGFD_SymptomsPages-Fatigue-17.png","mobile_image":"shopify:\/\/shop_images\/TGFD_SymptomsPages-Fatigue-17_1.png","title":"","heading_color":"color-scheme","text":"","link_label":"","link":"","button_color":"color-scheme","css_class":""}},"column_Ft6qWE":{"type":"column","settings":{"title":"PROMOTE OXYTOCIN","heading_color":"accent-1","text":"<p>Oxytocin is often referred to as the “love hormone.” Oxytocin creates bonds and makes you feel happy. When oxytocin goes up, so does your energy. To create more oxytocin in your life, you must make a proactive effort to carve out time each day to connect with what you love and reduce your stress. Things like cuddling with people or pets, focusing on gratitude, and laughing all create more oxytocin in your body.<\/p><p><a href=\"https:\/\/drannacabeca.com\/pages\/oxytocin-quiz\" target=\"_blank\" title=\"https:\/\/drannacabeca.com\/pages\/oxytocin-quiz\">For more detailed oxytocin-generating recommendations, take this short quiz.<\/a><\/p>","link_label":"","link":"","button_color":"color-scheme","css_class":"one"}},"column_mQX9eL":{"type":"column","settings":{"image":"shopify:\/\/shop_images\/TGFD_SymptomsPages-Fatigue-18.png","mobile_image":"shopify:\/\/shop_images\/TGFD_SymptomsPages-Fatigue-18_1.png","title":"","heading_color":"color-scheme","text":"","link_label":"","link":"","button_color":"color-scheme","css_class":""}},"column_mXraHE":{"type":"column","settings":{"title":"GET BETTER SLEEP","heading_color":"accent-1","text":"<p>Practicing good sleep hygiene can make a difference in how rested you feel. Be sure to go to bed at the same time every night and wake up at the same time every morning (even on the weekends). Keep your bedroom dark and cold, too. Magnesium can help you relax and have better quality sleep — so be sure to get plenty of magnesium in your diet with lots of green, leafy vegetables.<\/p><p><a href=\"https:\/\/drannacabeca.com\/blogs\/sleep\/restless-nights-be-gone?_pos=7&_sid=0352d91bf&_ss=r\" target=\"_blank\" title=\"https:\/\/drannacabeca.com\/blogs\/sleep\/restless-nights-be-gone?_pos=7&_sid=0352d91bf&_ss=r\">Get my in-depth guide to a better night’s sleep here.<\/a><\/p>","link_label":"","link":"","button_color":"color-scheme","css_class":"one"}}},"block_order":["column_9zDw4r","column_UYKikj","column_xmFhfz","column_Ft6qWE","column_mQX9eL","column_mXraHE"],"settings":{"anchor_id":"","title":"","text":"","heading_size":"h1","heading_color":"color-scheme","text_size":"p","column_heading_size":"h3","column_text_size":"p","image_width":"full","image_ratio":"adapt","columns_desktop":2,"column_alignment":"center","column_link_type":"button","background_style":"none","button_label":"","button_link":"","button_color":"color-scheme","color_scheme":"background-2","width":"rich-text-width","internal_padding":"false","columns_mobile":"1","swipe_on_mobile":false,"padding_top":36,"padding_bottom":20,"css_class":"","custom_css":".grid--2-col-desktop .grid__item:nth-child(odd) { max-width: calc(25% - var(--grid-desktop-horizontal-spacing) \/ 2); \npadding-bottom:40px;}\n\n.grid--2-col-desktop .grid__item:nth-child(even) { min-width: calc(75% - var(--grid-desktop-horizontal-spacing) \/ 2); }\n\n.one{text-align:left;}\n\nh3{font-size:23px;\nletter-spacing:4px;}","custom_css_mobile":".grid--2-col-desktop .grid__item:nth-child(odd) { max-width: calc(100% - var(--grid-desktop-horizontal-spacing) \/ 2); \npadding-bottom:25px;}\n\n.grid--2-col-desktop .grid__item:nth-child(even) { min-width: calc(100% - var(--grid-desktop-horizontal-spacing) \/ 2);\npadding-bottom:15px; }\n\nimg{width:450px;\npadding-top:10px;\nmargin-top:10px}\n\n.one{text-align:left}\n\nh3{letter-spacing:1px;}\n\n.section-template--14579793231927__multicolumn_GMw84E-padding{padding:0px 0px 0px 0px;}"}},"rich_text_UV3xiF":{"type":"rich-text","blocks":{"heading_RGkBza":{"type":"heading","settings":{"heading":"Your energy levels matter","heading_size":"h2","heading_alignment":"left","heading_color":"accent-1","css_class":"sec","heading_divider":false}},"text_TRwL4C":{"type":"text","settings":{"text":"<p>Just because you’ve gotten used to powering through doesn’t mean you should. When you feel tired all the time, it’s a message from your body that you shouldn’t ignore. You deserve to feel wildly energetic and in love with your life during menopause. Plus, when your energy levels plummet, you’re more likely to skip exercise and social activities — which in turn increases your risk for heart disease and exacerbates other menopause symptoms like mood disorders, joint pain, and brain fog. <\/p>","text_alignment":"left","text_size":"p","css_class":"sec"}},"button_cCQdhc":{"type":"button","settings":{"button_label":"Shop NOW","button_link":"shopify:\/\/products\/nite-zzz","button_style_secondary":false,"button_alignment":"center","button_color":"color-scheme","css_class":"sec"}}},"block_order":["heading_RGkBza","text_TRwL4C","button_cCQdhc"],"settings":{"anchor_id":"","color_scheme":"background-1","full_width":true,"padding_top":44,"padding_bottom":64,"css_class":"","custom_css":"","custom_css_mobile":""}},"main":{"type":"main-page","disabled":true,"custom_css":["h1 {text-transform: uppercase; font-size: 1.5em; text-align: center;}",".rte > p:first-of-type {font-size: 2em; line-height: 1.1; text-align: center;}",".rte > p:first-of-type,strong {color: var(--dac-color-awaken);}","@media screen and (min-width: 750px) {.rte > div {columns: 2; column-gap: 3em; text-align: justify; }}","p {break-inside: avoid;}","div p:first-child {margin-top: 0;}"],"settings":{"display_title":true,"color_scheme":"background-1","padding_top":56,"padding_bottom":72,"css_class":"","custom_css":"","custom_css_mobile":""}}},"order":["multicolumn_r73JqB","image_banner_LDDiJg","833b4aa7-30e5-4291-bd1e-1d1533c2bebc","c5929b1b-a3b0-4536-81da-ac49e6b40dac","626918f2-19cb-4bdb-a42c-7ddbea0a7523","rich_text_YUcBdj","226b22f5-bb5f-440a-830f-180e99fa2df0","image_with_text_i9xAi9","rich_text_jadpNb","multicolumn_GMw84E","rich_text_UV3xiF","main"]}