{"layout":"theme-offer-page","sections":{"16462238058b508f23":{"type":"header-offer-page","blocks":{"2d234c6a-ad15-4b01-b895-79b7c0f04cdf":{"type":"custom_colors","settings":{"colors_solid_button_labels":"","colors_accent_1":"#80b64d","gradient_accent_1":"","colors_accent_2":"#0f888a","gradient_accent_2":"","colors_accent_3":"rgba(0,0,0,0)","colors_accent_4":"#813859","colors_text":"","colors_outline_button_labels":"","colors_background_1":"","gradient_background_1":"","colors_background_2":"rgba(0,0,0,0)","gradient_background_2":""}},"6053d1c6-6467-4b7c-9561-3029c15025f7":{"type":"countdown_timer","disabled":true,"settings":{"title":"Save up to 30%:","end_date_time":"December 29, 2023 3:00:00 GMT-0500","first_countdown":true,"color_scheme":"background-1","padding_top":40,"padding_bottom":52,"css_class":""}},"a1b6a66b-1b0f-41ae-8dfb-cc9a349f7fb1":{"type":"countdown_timer","disabled":true,"settings":{"title":"Save 30% Extended:","end_date_time":"January 1, 2024 3:00:00 GMT-0500","first_countdown":true,"color_scheme":"background-1","padding_top":40,"padding_bottom":52,"css_class":""}}},"block_order":["2d234c6a-ad15-4b01-b895-79b7c0f04cdf","6053d1c6-6467-4b7c-9561-3029c15025f7","a1b6a66b-1b0f-41ae-8dfb-cc9a349f7fb1"],"settings":{"color_scheme":"accent-1","display_logo":false,"enable_logo_link":false,"logo_color":"white","show_line_separator":false,"enable_sticky_header":true,"margin_bottom":0,"css_class":"","custom_css":"","custom_css_mobile":""}},"1664220002eb81770c":{"type":"multicolumn","blocks":{"914083e4-ebbe-4ddb-aaf7-f7886847c9ab":{"type":"custom_liquid","settings":{"custom_liquid":"<script>\n    document.addEventListener(\"DOMContentLoaded\", (event) => {\n      let q = new URLSearchParams(window.location.search);\n      let t = document.querySelector('.' + q.get('bonus'));\n      if (t) {\n        t.style.display = 'block';\n      }\n    });\n  <\/script>","css_class":""}},"73265631-bf1e-4493-922f-2d21634eb1d3":{"type":"column","settings":{"title":"","heading_color":"color-scheme","text":"<p><\/p>","link_label":"Access Your Book Bonuses!","link":"https:\/\/book.ketogreendiet.com\/book-bonuses-page","button_color":"color-scheme","css_class":"bonuses"}}},"block_order":["914083e4-ebbe-4ddb-aaf7-f7886847c9ab","73265631-bf1e-4493-922f-2d21634eb1d3"],"settings":{"anchor_id":"","title":"","text":"<p><\/p>","heading_size":"h1","heading_color":"color-scheme","text_size":"p","column_heading_size":"h3","column_text_size":"p","image_width":"full","image_ratio":"adapt","columns_desktop":1,"column_alignment":"center","column_link_type":"button","background_style":"none","button_label":"","button_link":"","button_color":"color-scheme","color_scheme":"background-2","width":"page-width","columns_mobile":"1","swipe_on_mobile":false,"padding_top":0,"padding_bottom":0,"css_class":"","custom_css":".button {\ncolor:#fffff;\nfont-size:30px;\npadding:10px 25px;\n}\n.bonuses {\ndisplay: none;\n  }","custom_css_mobile":".button {\ncolor:#ffffff;\nfont-size:16px;\npadding:10px 25px;\n}"}},"165693170843cac016":{"type":"image-banner","settings":{"image":"shopify:\/\/shop_images\/TGFD_KetoGreen16Challenge_Landingpage_FInal_2024-11_6783a795-9b4d-402b-8eb5-a085427a239f.jpg","mobile_image":"shopify:\/\/shop_images\/TGFD_KetoGreen16Challenge_Landingpage_FInal_2024-01_a7c88ac4-f79a-4c91-981b-a94b07a5b0ad.jpg","link":"","image_overlay_opacity":0,"image_height":"medium","adapt_height_first_image":true,"desktop_content_position":"middle-center","show_text_box":true,"desktop_content_alignment":"center","color_scheme":"background-1","mobile_content_alignment":"center","stack_images_on_mobile":true,"show_text_below":true,"css_class":"","custom_css":"","custom_css_mobile":""}},"16461663454a306e26":{"type":"rich-text","blocks":{"1646166345821458f3-0":{"type":"heading","settings":{"heading":"Recharge your energy with a 16-day Reset","heading_size":"h2","heading_alignment":"center","heading_color":"color-scheme","css_class":"","heading_divider":false}},"677b55ef-92c6-4d96-8032-b45c4155631d":{"type":"text","settings":{"text":"<p><em>Awaken your mind • Nourish your body • Boost energy • Lose weight • Clear brain fog<\/em><\/p>","text_alignment":"center","text_size":"h4","css_class":""}},"34514eac-7c28-425c-9d3d-f03e04c7617f":{"type":"text","disabled":true,"settings":{"text":"<p><strong>Do the challenge on your own, at any time <\/strong>or join the next group challenge, January 2024.<\/p>","text_alignment":"center","text_size":"h4","css_class":"larger"}},"1d858806-cc49-436a-8820-9ee1faa342f4":{"type":"text","settings":{"text":"<p><strong>The next LIVE group challenge begins Monday, January 15th<\/strong> with prep week beginning January 8th<\/p>","text_alignment":"center","text_size":"h4","css_class":"larger"}},"59700e86-19ac-4cac-8030-548453ed5e52":{"type":"button","settings":{"button_label":"Join the LIVE Challenge in DALLAS, TX","button_link":"#join","button_style_secondary":false,"button_alignment":"center","button_color":"accent-1","css_class":""}}},"block_order":["1646166345821458f3-0","677b55ef-92c6-4d96-8032-b45c4155631d","34514eac-7c28-425c-9d3d-f03e04c7617f","1d858806-cc49-436a-8820-9ee1faa342f4","59700e86-19ac-4cac-8030-548453ed5e52"],"settings":{"anchor_id":"","color_scheme":"accent-2","full_width":true,"padding_top":24,"padding_bottom":24,"css_class":"","custom_css":".h4 { margin-top: .5em; }\n.larger strong { font-size: 1.2em; display: block; margin: .7em 0 .15em;}","custom_css_mobile":".larger { border-top: 1px solid white; margin-top: 1em}"}},"main":{"type":"main-page","disabled":true,"settings":{"display_title":true,"color_scheme":"background-1","padding_top":28,"padding_bottom":28,"css_class":"","custom_css":"","custom_css_mobile":""}},"16569312013c845dea":{"type":"rich-text","blocks":{"1656931201240c6b07-0":{"type":"heading","settings":{"heading":"What is The Keto-Green 16 Challenge?","heading_size":"h1","heading_alignment":"center","heading_color":"accent-4","css_class":"","heading_divider":false}},"1656931201240c6b07-1":{"type":"text","settings":{"text":"<p>Based on my best-selling book <em>Keto-Green 16<\/em>, the challenge is a chance to apply the book’s principles with support from me, my team, and the entire Keto-Green community. But here’s the real magic of it…<\/p><p>By participating, you’re challenging yourself to something bigger than healthy eating. You’re challenging everything that holds you back—old stories, limiting beliefs, and your mindset. You may notice physical changes, create better habits, discover new healthy recipes you love, or finally keep a promise to yourself. <\/p><p>For 16 days, you’ll replenish your body, boost oxytocin, and reconnect to your highest self.<\/p><p>Your highest self understands that your body is a wondrous gift. She is empowered in her health and life. She is joyful, comfortable, confident, connected to others, and knows her desires. Most of all, she lives at the highest frequency of all: self‑love.<\/p><p>What better way to kick off the new year?  <\/p>","text_alignment":"center","text_size":"p","css_class":""}}},"block_order":["1656931201240c6b07-0","1656931201240c6b07-1"],"settings":{"anchor_id":"","color_scheme":"background-1","full_width":true,"padding_top":40,"padding_bottom":52,"css_class":"","custom_css":"p { max-width: 749px; margin: 0 auto 1em; }","custom_css_mobile":""}},"1654342987b12a4c39":{"type":"multicolumn","blocks":{"1654342987af5fde1e-0":{"type":"column","settings":{"image":"shopify:\/\/shop_images\/TGFD_KetoGreen16Challenge_Landingpage_revise-04.png","title":"Intermittent Fasting","heading_color":"foreground","text":"<p>Commit to a fasting window to rest, rebalance, and restore<\/p>","link_label":"","link":"","button_color":"color-scheme","css_class":""}},"1654342987af5fde1e-1":{"type":"column","settings":{"image":"shopify:\/\/shop_images\/TGFD_KetoGreen16Challenge_Landingpage_revise-05_1.png","title":"Mighty Maca","heading_color":"foreground","text":"<p>Start the day with this alkalizing superfood drink<\/p>","link_label":"","link":"","button_color":"color-scheme","css_class":""}},"1654342987af5fde1e-2":{"type":"column","settings":{"image":"shopify:\/\/shop_images\/TGFD_KetoGreen16Challenge_Landingpage_revise-06_1.png","title":"Lunch","heading_color":"foreground","text":"<p>Choose a nutrient-dense Keto-Green shake recipe for lunch<\/p>","link_label":"","link":"","button_color":"color-scheme","css_class":""}},"f7d3aa7a-87f4-4dda-917e-aa36a7d4d4cc":{"type":"column","settings":{"image":"shopify:\/\/shop_images\/TGFD_KetoGreen16Challenge_Landingpage_revise-07_1.png","title":"Dinner","heading_color":"foreground","text":"<p>Enjoy a filling, flavorful Keto-Green dinner using a recipe from the book<\/p>","link_label":"","link":"","button_color":"color-scheme","css_class":""}},"5d112505-2b55-454b-91bb-5f1ef13e2d55":{"type":"column","settings":{"image":"shopify:\/\/shop_images\/TGFD_KetoGreen16Challenge_Landingpage_revise-08_1.png","title":"Test, don't guess","heading_color":"foreground","text":"<p>Check your ketosis status daily with the test strips & app<\/p>","link_label":"","link":"","button_color":"color-scheme","css_class":""}}},"block_order":["1654342987af5fde1e-0","1654342987af5fde1e-1","1654342987af5fde1e-2","f7d3aa7a-87f4-4dda-917e-aa36a7d4d4cc","5d112505-2b55-454b-91bb-5f1ef13e2d55"],"settings":{"anchor_id":"","title":"How it Works","text":"<p>YOUR 16-DAY PLAN<\/p>","heading_size":"h1","heading_color":"accent-1","text_size":"h4","column_heading_size":"h4","column_text_size":"p","image_width":"full","image_ratio":"adapt","columns_desktop":5,"column_alignment":"center","column_link_type":"button","background_style":"none","button_label":"Join the Challenge","button_link":"#join","button_color":"accent-1","color_scheme":"background-2","width":"page-width","columns_mobile":"2","swipe_on_mobile":false,"padding_top":36,"padding_bottom":80,"css_class":"","custom_css":".multicolumn-card__image-wrapper { max-width: 330px; margin: 0 auto; }\nh3 { font-size: 1.1em; font-weight: var(--font-body-weight-bold); }\n.background-none .grid--2-col-tablet .multicolumn-list__item { margin-bottom: 0; }","custom_css_mobile":""}},"7c01535e-9131-41bd-9851-53bbe3de6dec":{"type":"slideshow","blocks":{"template--14453756788791__7c01535e-9131-41bd-9851-53bbe3de6dec-16728327213645f916-0":{"type":"slide","settings":{"image":"shopify:\/\/shop_images\/TGFD_KetoGreen16Challenge_Landingpage_FInal_2024-14.jpg","mobile_image":"shopify:\/\/shop_images\/TGFD_KetoGreen16Challenge_Landingpage_FInal_2024-21.jpg","heading":"","heading_size":"h1","subheading":"","button_label":"","link":"","button_style_secondary":false,"box_align":"middle-center","show_text_box":false,"text_alignment":"center","image_overlay_opacity":0,"color_scheme":"background-1","text_alignment_mobile":"center"}},"template--14453756788791__7c01535e-9131-41bd-9851-53bbe3de6dec-16728327213645f916-1":{"type":"slide","settings":{"image":"shopify:\/\/shop_images\/TGFD_KetoGreen16Challenge_Landingpage_FInal_2024-15.jpg","mobile_image":"shopify:\/\/shop_images\/TGFD_KetoGreen16Challenge_Landingpage_FInal_2024-20.jpg","heading":"","heading_size":"h1","subheading":"","button_label":"","link":"","button_style_secondary":false,"box_align":"middle-center","show_text_box":false,"text_alignment":"center","image_overlay_opacity":0,"color_scheme":"background-1","text_alignment_mobile":"center"}},"0984b513-2914-4920-868a-1fd70b365eac":{"type":"slide","settings":{"image":"shopify:\/\/shop_images\/TGFD_KetoGreen16Challenge_Landingpage_FInal_2024-16.jpg","mobile_image":"shopify:\/\/shop_images\/TGFD_KetoGreen16Challenge_Landingpage_FInal_2024-19.jpg","heading":"","heading_size":"h1","subheading":"","button_label":"","link":"","button_style_secondary":false,"box_align":"middle-center","show_text_box":false,"text_alignment":"center","image_overlay_opacity":0,"color_scheme":"background-1","text_alignment_mobile":"center"}},"86c282c6-cfc9-434a-9a53-ef0484c6247a":{"type":"slide","settings":{"image":"shopify:\/\/shop_images\/TGFD_KetoGreen16Challenge_Landingpage_FInal_2024-17.jpg","mobile_image":"shopify:\/\/shop_images\/TGFD_KetoGreen16Challenge_Landingpage_FInal_2024-18_a56a089a-da19-4857-856e-380184a3ace0.jpg","heading":"","heading_size":"h1","subheading":"","button_label":"","link":"","button_style_secondary":false,"box_align":"middle-center","show_text_box":false,"text_alignment":"center","image_overlay_opacity":0,"color_scheme":"background-1","text_alignment_mobile":"center"}}},"block_order":["template--14453756788791__7c01535e-9131-41bd-9851-53bbe3de6dec-16728327213645f916-0","template--14453756788791__7c01535e-9131-41bd-9851-53bbe3de6dec-16728327213645f916-1","0984b513-2914-4920-868a-1fd70b365eac","86c282c6-cfc9-434a-9a53-ef0484c6247a"],"settings":{"layout":"full_bleed","slide_height":"adapt_image","slider_visual":"dots","auto_rotate":true,"change_slides_speed":5,"show_text_below":true,"accessibility_info":"Testimonial Slideshow","css_class":"","custom_css":".slider-button { color: rgb(var(--color-base-accent-1)); }\n.dot { border-color: rgb(var(--color-base-accent-1)); }\n.slider-counter__link--active .dot { background-color: rgb(var(--color-base-accent-1)); }\n.slideshow__autoplay path { fill: rgb(var(--color-base-accent-1)); }\n\n.slideshow__controls {\n    position: absolute;\n    z-index: 999;\n    bottom: 1em;\n    right: 0;\n    width: calc(50% + 40px);\n}","custom_css_mobile":".slideshow__controls { width: 100%; }"}},"165434335589c58515":{"type":"rich-text","blocks":{"165434335569444dc8-0":{"type":"heading","settings":{"heading":"Get Your Quick Start Kit For 15% OFF","heading_size":"h1","heading_alignment":"center","heading_color":"color-scheme","css_class":"","heading_divider":false}},"8ef00083-6ca2-4d9f-9ad4-20c197b01225":{"type":"text","settings":{"text":"<p>Everything you need to get started on the Keto-Green 16 Challenge.<\/p>","text_alignment":"center","text_size":"h4","css_class":""}},"75133bad-f195-400b-b0f3-0ce10e3cd682":{"type":"text","disabled":true,"settings":{"text":"<p>↑ Standard Discount Message<\/p>","text_alignment":"center","text_size":"p","css_class":"hidden"}}},"block_order":["165434335569444dc8-0","8ef00083-6ca2-4d9f-9ad4-20c197b01225","75133bad-f195-400b-b0f3-0ce10e3cd682"],"settings":{"anchor_id":"","color_scheme":"accent-2","full_width":true,"padding_top":40,"padding_bottom":52,"css_class":"","custom_css":"","custom_css_mobile":""}},"a14519a1-a0dd-46b7-b833-ced74daad80e":{"type":"rich-text","blocks":{"53c32d3c-e4fa-4772-896e-d11b9dcc1261":{"type":"heading","settings":{"heading":"Get Your Quick Start Kit For Up To 30% Off","heading_size":"h1","heading_alignment":"center","heading_color":"color-scheme","css_class":"","heading_divider":false}},"7db42588-4785-46da-8ef8-44ff8f890b30":{"type":"text","settings":{"text":"<p>Everything you need to get started on the Keto-Green 16 Challenge.<\/p>","text_alignment":"center","text_size":"h4","css_class":""}},"1f6feb0b-de04-4505-8454-e16fc33c051a":{"type":"text","disabled":true,"settings":{"text":"<p>↑ Promo Discount<\/p>","text_alignment":"center","text_size":"p","css_class":"hidden"}}},"block_order":["53c32d3c-e4fa-4772-896e-d11b9dcc1261","7db42588-4785-46da-8ef8-44ff8f890b30","1f6feb0b-de04-4505-8454-e16fc33c051a"],"disabled":true,"settings":{"anchor_id":"","color_scheme":"accent-2","full_width":true,"padding_top":40,"padding_bottom":52,"css_class":"","custom_css":"","custom_css_mobile":""}},"164616622356f72eeb":{"type":"image-with-text","blocks":{"1646166223b6760f4c-0":{"type":"heading","settings":{"heading":"Keto-Green Protein Shake","heading_size":"h2","heading_color":"accent-4","css_class":""}},"1646166223b6760f4c-1":{"type":"text","settings":{"text":"<p>This all-in-one revitalizing meal replacement contains the perfect blend of plant-based protein, clean fats, alkalizing greens, and antioxidant superfoods that...<\/p>","text_style":"body","css_class":""}},"5cc900b8-f1f5-466a-abf2-ebfa1bc57071":{"type":"list","settings":{"list_items":"<p>Supports strength + feeds your body what it needs<\/p><p>Boosts energy with superfoods instead of stimulants<\/p><p>Curbs cravings and keeps you feeling satisfied<\/p><p>Fights inflammation and supports detoxification<\/p>","list_style_type":"bullets","text_alignment":"left","css_class":""}}},"block_order":["1646166223b6760f4c-0","1646166223b6760f4c-1","5cc900b8-f1f5-466a-abf2-ebfa1bc57071"],"settings":{"anchor_id":"","image":"shopify:\/\/shop_images\/TGFD_KG_QuickStartKit_V6.png","height":"adapt","desktop_image_width":"medium","layout":"text_first","desktop_content_position":"top","desktop_content_alignment":"left","content_layout":"no-overlap","color_scheme":"background-1","width":"page-width","mobile_layout":"image_top","mobile_content_alignment":"left","padding_top":52,"padding_bottom":0,"css_class":"dac-allow-media-resize","custom_css":"","custom_css_mobile":""}},"1654429156cf23b65b":{"type":"image-with-text","blocks":{"1654429156c9b37b07-0":{"type":"heading","settings":{"heading":"Mighty Maca® Plus","heading_size":"h1","heading_color":"accent-4","css_class":""}},"1654429156c9b37b07-1":{"type":"text","settings":{"text":"<p>This sensationally delicious green drink mix contains over 30 superstars from the plant kingdom.<\/p>","text_style":"body","css_class":""}},"4922f08e-b0b8-4e17-b872-c9d6dd46ea93":{"type":"list","settings":{"list_items":"<p>Increases stamina and boosts energy<\/p><p>Aids metabolism and improves digestion<\/p><p>Fights inflammation and decreases hot flashes<\/p><p>Helps with mood, PMS and menopause symptoms<\/p><p>Increases feeling of intimacy and improves fertility<\/p>","list_style_type":"bullets","text_alignment":"left","css_class":""}}},"block_order":["1654429156c9b37b07-0","1654429156c9b37b07-1","4922f08e-b0b8-4e17-b872-c9d6dd46ea93"],"settings":{"anchor_id":"","image":"shopify:\/\/shop_images\/TGFD_KG_QuickStartKit_V7.png","height":"adapt","desktop_image_width":"medium","layout":"image_first","desktop_content_position":"middle","desktop_content_alignment":"left","content_layout":"no-overlap","color_scheme":"background-1","width":"page-width","mobile_layout":"image_top","mobile_content_alignment":"left","padding_top":36,"padding_bottom":0,"css_class":"dac-allow-media-resize","custom_css":"","custom_css_mobile":""}},"16569325772bd2c932":{"type":"image-with-text","blocks":{"16569325775c741a3f-0":{"type":"heading","settings":{"heading":"Keto-pH Test Strips","heading_size":"h1","heading_color":"accent-4","css_class":""}},"16569325775c741a3f-1":{"type":"text","settings":{"text":"<p>Get Instant bio-feedback so you know for sure if you are in fat burning mode (ketosis) and if your body chemistry is conducive to hormone balance and detoxing (alkaline).<\/p>","text_style":"body","css_class":""}}},"block_order":["16569325775c741a3f-0","16569325775c741a3f-1"],"settings":{"anchor_id":"","image":"shopify:\/\/shop_images\/TGFD_KetoGreen16Challenge_UrineTest_2023_bdcce8df-22e5-4983-b5ad-607908fc9ea0.png","height":"adapt","desktop_image_width":"medium","layout":"text_first","desktop_content_position":"top","desktop_content_alignment":"left","content_layout":"no-overlap","color_scheme":"background-1","width":"page-width","mobile_layout":"image_top","mobile_content_alignment":"left","padding_top":36,"padding_bottom":36,"css_class":"dac-allow-media-resize","custom_css":"","custom_css_mobile":""}},"1656933153146d64d7":{"type":"rich-text","blocks":{"1656933153ce169aeb-0":{"type":"heading","settings":{"heading":"+ You Get Full-Access To The Private Keto-Green Facebook Community Group and Online Tools","heading_size":"h1","heading_alignment":"center","heading_color":"accent-4","css_class":"","heading_divider":false}}},"block_order":["1656933153ce169aeb-0"],"settings":{"anchor_id":"","color_scheme":"background-1","full_width":true,"padding_top":40,"padding_bottom":0,"css_class":"","custom_css":"","custom_css_mobile":""}},"16569327300480d720":{"type":"image-with-text","blocks":{"16569327305e5fa8fb-1":{"type":"text","settings":{"text":"<p>Enjoy next-level support with membership in our private online community and access to helpful online tools specially designed for your Keto-Green journey.<\/p>","text_style":"body","css_class":""}},"7cb32168-ad4b-4578-a08b-f2388ec4178b":{"type":"list","settings":{"list_items":"<p>Daily videos with Dr. Anna<\/p><p>Even more Keto-Green recipes<\/p><p>Cooking videos with Dr. Anna<\/p><p>Guidance from the Dr Anna team<\/p><p>Making Keto Work for Women Over 40 ebook<\/p><p>Personalized Keto Macro Calculator<\/p><p>Hormonal Symptoms Checklist<\/p><p>Tracking Tools<\/p>","list_style_type":"bullets","text_alignment":"left","css_class":""}}},"block_order":["16569327305e5fa8fb-1","7cb32168-ad4b-4578-a08b-f2388ec4178b"],"settings":{"anchor_id":"","image":"shopify:\/\/shop_images\/kg16challengeportal.jpg","height":"adapt","desktop_image_width":"medium","layout":"text_first","desktop_content_position":"top","desktop_content_alignment":"left","content_layout":"no-overlap","color_scheme":"background-1","width":"page-width","mobile_layout":"image_top","mobile_content_alignment":"left","padding_top":36,"padding_bottom":0,"css_class":"dac-allow-media-resize","custom_css":".image-with-text__content { padding-top: 0; }","custom_css_mobile":".image-with-text__content { padding-top: 1em; }"}},"62a7659d-bb36-4a17-ab3a-ba736f3e5a0c":{"type":"rich-text","blocks":{"template--14453756821559__62a7659d-bb36-4a17-ab3a-ba736f3e5a0c-167283205237cda37f-2":{"type":"button","settings":{"button_label":"Join the Challenge","button_link":"#join","button_style_secondary":false,"button_alignment":"center","button_color":"color-scheme","css_class":""}}},"block_order":["template--14453756821559__62a7659d-bb36-4a17-ab3a-ba736f3e5a0c-167283205237cda37f-2"],"settings":{"anchor_id":"","color_scheme":"background-1","full_width":true,"padding_top":16,"padding_bottom":64,"css_class":"","custom_css":"","custom_css_mobile":""}},"16569333253fde3820":{"type":"rich-text","blocks":{"16569333259a2dd5ea-0":{"type":"heading","settings":{"heading":"Here’s everything you get\\nwhen you join the Keto-Green 16 Challenge","heading_size":"h1","heading_alignment":"center","heading_color":"color-scheme","css_class":"","heading_divider":false}}},"block_order":["16569333259a2dd5ea-0"],"settings":{"anchor_id":"","color_scheme":"accent-4","full_width":true,"padding_top":40,"padding_bottom":52,"css_class":"","custom_css":"","custom_css_mobile":""}},"16543413375e4fa8d4":{"type":"rich-text","blocks":{"6e2edc2e-0d69-4884-8505-14f773792ef1":{"type":"image","settings":{"image":"shopify:\/\/shop_images\/TGFD_KetoGreen16Challenge_Landingpage_FInal_2023-12_fc9b3b54-b0f5-4bca-aabb-5dd00b41314e.jpg","max_width":0,"css_class":""}},"d2ba6b85-d840-495c-84d6-0613c1a5f62f":{"type":"heading","settings":{"heading":"The Keto-Green Quick Start Kit","heading_size":"h1","heading_alignment":"center","heading_color":"accent-4","css_class":"","heading_divider":false}},"4547442d-93f9-42d8-8fb5-d4621c604307":{"type":"list","settings":{"list_items":"<p>Mighty Maca Plus, 16 day supply<\/p><p>Keto-Green Shake Mix, 16 day supply<\/p><p>Keto-pH Test Strips (100 ct)<\/p><p>Keto-Green 16 book<\/p><p>Membership in the Keto-Green 16 community<\/p>","text_alignment":"center","text_size":"p","css_class":""}},"f07fc7c0-3f7e-47ba-8efd-0b0f62d3e140":{"type":"heading","settings":{"heading":"Online Community + Tools","heading_size":"h1","heading_alignment":"center","heading_color":"accent-4","css_class":"","heading_divider":false}},"40619afd-9d74-4f69-8f1d-f46b1f188d1f":{"type":"list","settings":{"list_items":"<p>Daily Videos with Dr. Anna<\/p><p>Delicious Keto-Green Recipes<\/p><p>Cooking Videos with Dr. Anna<\/p><p>Keto Macro Calculator<\/p><p>Hormonal Symptoms<\/p><p>Checklist & Tracking Tools<\/p>","text_alignment":"center","text_size":"p","css_class":""}},"170d53f5-ba8c-4f44-bc5f-905e1b5149c8":{"type":"heading","settings":{"heading":"Are you ready to replenish & reconnect? We begin on January 8th!","heading_size":"h1","heading_alignment":"center","heading_color":"accent-2","css_class":"","heading_divider":false}}},"block_order":["6e2edc2e-0d69-4884-8505-14f773792ef1","d2ba6b85-d840-495c-84d6-0613c1a5f62f","4547442d-93f9-42d8-8fb5-d4621c604307","f07fc7c0-3f7e-47ba-8efd-0b0f62d3e140","40619afd-9d74-4f69-8f1d-f46b1f188d1f","170d53f5-ba8c-4f44-bc5f-905e1b5149c8"],"settings":{"anchor_id":"","color_scheme":"background-2","full_width":true,"padding_top":40,"padding_bottom":52,"css_class":"","custom_css":"li {\n  list-style-type: none;\n}","custom_css_mobile":""}},"16569325664b9f379b":{"type":"image-with-text","blocks":{"165693256612bf10d6-0":{"type":"heading","settings":{"heading":"Step 1: Get the Keto-Green 16 Book","heading_size":"h1","heading_color":"accent-4","css_class":""}},"165693256612bf10d6-1":{"type":"text","settings":{"text":"<p><em>The book is required for the challenge an must be purchased separately.<\/em><\/p><p>Your in-depth guide to the innovative 16-day plan that combines the fat-burning benefits of a ketogenic diet with the brain-clearing and keto-flu protection of alkaline food.<\/p><p><\/p>","text_style":"body","css_class":""}},"584880c5-f115-4ace-8cab-9656c4f1ab46":{"type":"list","settings":{"list_items":"<p>16-day meal plans (including veg & vegan options)<\/p><p>50+ recipes<\/p><p>6 best alkaline foods<\/p><p>6-minute HIIT workouts<\/p><p>Intermittent fasting strategy<\/p>","list_style_type":"bullets","text_alignment":"left","css_class":""}},"f3b50f7a-1922-47f4-9c44-2760538a23bc":{"type":"button","settings":{"button_label":"Buy Book On Amazon","button_link":"https:\/\/www.amazon.com\/Keto-Green-16-Fat-Burning-Ketogenic-Nourishing\/dp\/0593157974\/?&_encoding=UTF8&tag=drannacabecac-20&linkCode=ur2&linkId=b6f706bc7303dc73c6c7a2e7b739409a&camp=1789&creative=9325","button_color":"color-scheme","css_class":""}}},"block_order":["165693256612bf10d6-0","165693256612bf10d6-1","584880c5-f115-4ace-8cab-9656c4f1ab46","f3b50f7a-1922-47f4-9c44-2760538a23bc"],"settings":{"anchor_id":"join","image":"shopify:\/\/shop_images\/TGFD_KetoGreen16Challenge_Landingpage_revise-08.png","height":"adapt","desktop_image_width":"medium","layout":"image_first","desktop_content_position":"top","desktop_content_alignment":"left","content_layout":"no-overlap","color_scheme":"background-1","width":"page-width","mobile_layout":"image_top","mobile_content_alignment":"left","padding_top":36,"padding_bottom":0,"css_class":"dac-allow-media-resize","custom_css":"","custom_css_mobile":""}},"1656934133ca022678":{"type":"countdown-timer","disabled":true,"settings":{"anchor_id":"","title":"Save 15%:","end_date_time":"Sep 6, 2022 2:00:00 GMT-0500","first_countdown":false,"color_scheme":"accent-2","padding_top":40,"padding_bottom":0,"css_class":"","custom_css":"","custom_css_mobile":""}},"b614a5f1-4d79-4746-a262-f9d2d79f0fc9":{"type":"rich-text","blocks":{"template--14554231865399__b614a5f1-4d79-4746-a262-f9d2d79f0fc9-heading-1":{"type":"heading","settings":{"heading":"Step 2: Order Your Keto-Green 16 Challenge Kit","heading_size":"h1","heading_alignment":"center","heading_color":"accent-4","css_class":"","heading_divider":false}},"template--14554231865399__b614a5f1-4d79-4746-a262-f9d2d79f0fc9-button-1":{"type":"button","disabled":true,"settings":{"button_label":"Buy Book on Amazon","button_link":"https:\/\/www.amazon.com\/Keto-Green-16-Fat-Burning-Ketogenic-Nourishing\/dp\/0593157974\/?&_encoding=UTF8&tag=drannacabecac-20&linkCode=ur2&linkId=b6f706bc7303dc73c6c7a2e7b739409a&camp=1789&creative=9325","button_style_secondary":false,"button_alignment":"center","button_color":"color-scheme","css_class":""}},"b0b426f5-7825-4c85-884d-bc0e3b3b9cb9":{"type":"text","settings":{"text":"<p>Already stocked up on Keto-Green products? Grab your receipt\/order number and <a href=\"https:\/\/help.drannacabeca.com\/en-US\/contact\" target=\"_blank\">get entered into the challenge<\/a>!  <\/p>","text_alignment":"center","text_size":"h4","css_class":"open-chat"}},"2d495d83-f1e3-470f-be26-ba7e4e9de215":{"type":"custom_liquid","settings":{"custom_liquid":"<script>\nwindow.onload = function() {\n  var chatLinks = document.querySelectorAll('.open-chat a');\n\n  \/\/ Loop through each element and attach the click event handler\n  chatLinks.forEach(function(alertLink) {\n    alertLink.addEventListener('click', function(event) {\n      event.preventDefault();\n      GorgiasChat.open();\n    });\n  });\n};<\/script>","css_class":""}}},"block_order":["template--14554231865399__b614a5f1-4d79-4746-a262-f9d2d79f0fc9-heading-1","template--14554231865399__b614a5f1-4d79-4746-a262-f9d2d79f0fc9-button-1","b0b426f5-7825-4c85-884d-bc0e3b3b9cb9","2d495d83-f1e3-470f-be26-ba7e4e9de215"],"settings":{"anchor_id":"","color_scheme":"background-1","full_width":true,"padding_top":40,"padding_bottom":52,"css_class":"","custom_css":"","custom_css_mobile":""}},"5d0b6e89-bae6-48e7-9982-7d46badf209f":{"type":"multicolumn","blocks":{"06294edd-e4f1-4914-a12f-40c021b8e95f":{"type":"product_bundle","settings":{"image":"shopify:\/\/shop_images\/TGFD_KG_QuickStartKit_V3.png","title":"","variants":"keto-green-16-quick-start-kit,BUND-KG-QSK","offer_name":"","price_features":"total","banner":"Virtual","text":"<p><strong>&lt;s&gt;Live KG16 Challenge at Carpathia Collaborative<br\/><\/strong>10260 N. Central Expressway Suite 210, Dallas, TX 75231<br\/><br\/>January 16th \/ 6pm CST: KG16 Challenge kick-off at Carpathia<br\/>January 30th \/ 6pm CST: Wrap-up at Carpathia<br\/><br\/>- Two 3D body scans<br\/>- One in-person group coaching session w\/ a prepared KG16 meal&lt;\/s&gt;<br\/><\/p><p><strong>16 Servings<\/strong> of Mighty Maca Plus & Keto-Green Shake<\/p><p>16-DAY STEP-BY-STEP CHALLENGE<\/p><p>COMMUNITY + TOOLS<\/p>","show_servings":false,"show_cost_per_day":false,"guarantee_length":"60","calculate_free_shipping":"show-always","offer_inventory_policy":"deny","show_inventory":false,"inventory_label":"","coupon_discounts":"","layout":"recommended\ntitle\nimage\nprice\nbuy_buttons\nsnippets\ninventory","css_class":""}},"38d4d22b-43db-4542-b364-1c38ab382ba7":{"type":"product_bundle","settings":{"image":"shopify:\/\/shop_images\/DeluxeKit_KG16Challenge.jpg","title":"","variants":"keto-green-16-deluxe-kit,BUND-KG-DELUXE","offer_name":"","price_features":"total","banner":"Virtual","text":"<p><strong>&lt;s&gt;Live KG16 Challenge at Carpathia Collaborative<br\/><\/strong>10260 N. Central Expressway Suite 210, Dallas, TX 75231<br\/><br\/>January 16th \/ 6pm CST: KG16 Challenge kick-off at Carpathia<br\/>January 30th \/ 6pm CST: Wrap-up at Carpathia<br\/><br\/>- Two 3D body scans<br\/>- One in-person group coaching session w\/ a prepared KG16 meal&lt;\/s&gt;<\/p><p><strong>40 Servings<\/strong> of Mighty Maca Plus & Keto-Green Shake<\/p><p>16-DAY STEP-BY-STEP CHALLENGE<\/p><p>COMMUNITY + TOOLS<\/p>","show_servings":false,"show_cost_per_day":false,"guarantee_length":"60","calculate_free_shipping":"show-always","offer_inventory_policy":"deny","show_inventory":false,"inventory_label":"","coupon_discounts":"","layout":"recommended\ntitle\nimage\nprice\nbuy_buttons\nsnippets\ninventory","css_class":""}},"9e76c196-5101-4eec-a1e1-467870712bc4":{"type":"product_bundle","settings":{"image":"shopify:\/\/shop_images\/TGFD_KetoGreen16Challenge_Landingpage_FInal_2023-23a.png","title":"","variants":"","offer_name":"","price_features":"total","banner":"Live","text":"<p><strong>Live KG16 Challenge at Carpathia Collaborative<br\/><\/strong>10260 N. Central Expressway Suite 210, Dallas, TX 75231<br\/><br\/>January 16th \/ 6pm CST: KG16 Challenge kick-off at Carpathia<br\/>January 30th \/ 6pm CST: Wrap-up at Carpathia<br\/><br\/>- Two 3D body scans<br\/>- One in-person group coaching session w\/ a prepared KG16 meal<\/p><p><strong>16 Servings<\/strong> of Mighty Maca Plus & Keto-Green Shake<\/p><p>16-DAY STEP-BY-STEP CHALLENGE<\/p><p>COMMUNITY + TOOLS<\/p>","show_servings":true,"show_cost_per_day":true,"guarantee_length":"60","calculate_free_shipping":"show-if-free","offer_inventory_policy":"deny","show_inventory":false,"inventory_label":"","coupon_discounts":"","layout":"recommended\ntitle\nimage\nprice\nbuy_buttons\nsnippets\ninventory","css_class":"live"}}},"block_order":["06294edd-e4f1-4914-a12f-40c021b8e95f","38d4d22b-43db-4542-b364-1c38ab382ba7","9e76c196-5101-4eec-a1e1-467870712bc4"],"settings":{"anchor_id":"","title":"","text":"","heading_size":"h2","heading_color":"accent-4","text_size":"h4","column_heading_size":"h3","column_text_size":"p","image_width":"full","image_ratio":"adapt","columns_desktop":3,"column_alignment":"center","column_link_type":"button","background_style":"none","button_label":"","button_link":"","button_color":"accent-1","color_scheme":"background-1","width":"page-width","columns_mobile":"1","swipe_on_mobile":false,"padding_top":36,"padding_bottom":36,"css_class":"","custom_css":".offer-box .multicolumn-card__image-wrapper { max-width: 100%; }\n.save-sticker { left: 73%; top: 3rem}\nh2 + .rte { max-width: 850px; margin: 0 auto; }\n.standout { display: none; }\n.live .recommended p { background-color: rgb(var(--color-base-accent-1));}\ns { color: var(--dac-color-gray); }\n.live .save-sticker { display:none; }","custom_css_mobile":""}},"165693608026333ad2":{"type":"apps","blocks":{"7cd2ef68-c355-4fd0-b5a0-3ef6d2608d47":{"type":"heading","settings":{"heading":"What my girlfriends are saying\\nabout The KG16 Quick Start Kit","heading_size":"h1","heading_color":"accent-4"}}},"block_order":["7cd2ef68-c355-4fd0-b5a0-3ef6d2608d47"],"settings":{"include_margins":true,"color_scheme":"background-2","padding_top":36,"padding_bottom":36,"css_class":"","custom_css":".okeReviews-reviewsCarousel-heading { display: none; }","custom_css_mobile":""}}},"order":["16462238058b508f23","1664220002eb81770c","165693170843cac016","16461663454a306e26","main","16569312013c845dea","1654342987b12a4c39","7c01535e-9131-41bd-9851-53bbe3de6dec","165434335589c58515","a14519a1-a0dd-46b7-b833-ced74daad80e","164616622356f72eeb","1654429156cf23b65b","16569325772bd2c932","1656933153146d64d7","16569327300480d720","62a7659d-bb36-4a17-ab3a-ba736f3e5a0c","16569333253fde3820","16543413375e4fa8d4","16569325664b9f379b","1656934133ca022678","b614a5f1-4d79-4746-a262-f9d2d79f0fc9","5d0b6e89-bae6-48e7-9982-7d46badf209f","165693608026333ad2"]}