{
  "sections": {
    "main": {
      "type": "main-page",
      "disabled": true,
      "settings": {
        "display_title": false,
        "color_scheme": "background-1",
        "padding_top": 0,
        "padding_bottom": 0,
        "css_class": "center",
        "custom_css": "",
        "custom_css_mobile": ""
      }
    },
    "06f4d6c5-8955-4e99-8936-dc96296ef92d": {
      "type": "header-offer-page",
      "blocks": {
        "e14f5aa4-afa0-46b3-a2ed-b404c002ac28": {
          "type": "custom_colors",
          "settings": {
            "colors_solid_button_labels": "",
            "colors_accent_1": "",
            "gradient_accent_1": "",
            "colors_accent_2": "#321748",
            "gradient_accent_2": "",
            "colors_accent_3": "rgba(0,0,0,0)",
            "colors_accent_4": "",
            "colors_text": "",
            "colors_outline_button_labels": "",
            "colors_background_1": "rgba(0,0,0,0)",
            "gradient_background_1": "",
            "colors_background_2": "",
            "gradient_background_2": ""
          }
        }
      },
      "block_order": [
        "e14f5aa4-afa0-46b3-a2ed-b404c002ac28"
      ],
      "disabled": true,
      "settings": {
        "color_scheme": "accent-2",
        "display_logo": true,
        "enable_logo_link": false,
        "logo_color": "white",
        "show_line_separator": true,
        "enable_sticky_header": true,
        "margin_bottom": 0,
        "css_class": "",
        "custom_css": "",
        "custom_css_mobile": ""
      }
    },
    "54241dca-a171-48f7-8ac1-b2f3365f4f73": {
      "type": "rich-text",
      "blocks": {
        "template--14487746248759__54241dca-a171-48f7-8ac1-b2f3365f4f73-1679075648b5677df1-0": {
          "type": "heading",
          "settings": {
            "heading": "Women Love Julva",
            "heading_size": "h1",
            "heading_alignment": "center",
            "heading_color": "accent-1",
            "css_class": "",
            "heading_divider": false
          }
        }
      },
      "block_order": [
        "template--14487746248759__54241dca-a171-48f7-8ac1-b2f3365f4f73-1679075648b5677df1-0"
      ],
      "settings": {
        "anchor_id": "",
        "color_scheme": "background-1",
        "full_width": true,
        "padding_top": 16,
        "padding_bottom": 8,
        "css_class": "",
        "custom_css": "h2 {\npadding:10px;\nmargin-top:10px;\n}\n\n.bottom {\nfont-size: 28px;\n}\n\np {\npadding:0px;\nmargin:0px;\n}",
        "custom_css_mobile": "h2 {\nfont-size:30px;\n}\n.bottom{\nfont-size:20px;"
      }
    },
    "8a8581b4-13a2-449f-a446-746671c1742e": {
      "type": "video",
      "settings": {
        "heading": "",
        "heading_size": "h1",
        "heading_color": "color-scheme",
        "cover_image": "shopify:\/\/shop_images\/Screen_Shot_2023-10-10_at_10.07.14_AM.png",
        "video_url_metafield": "",
        "video_url": "https:\/\/youtu.be\/wAtFhLVkmto",
        "description": "",
        "transcript": "",
        "full_width": false,
        "color_scheme": "background-1",
        "padding_top": 36,
        "padding_bottom": 20,
        "css_class": "",
        "custom_css": "",
        "custom_css_mobile": ""
      }
    },
    "9bde9f4f-0d54-4e79-80eb-0264622c9aaa": {
      "type": "rich-text",
      "blocks": {
        "template--14488581767223__9bde9f4f-0d54-4e79-80eb-0264622c9aaa-16793158417623e99a-2": {
          "type": "button",
          "settings": {
            "button_label": "Get Your 60-Night Tube! ",
            "button_link": "shopify:\/\/pages\/offers-julva-trial",
            "button_style_secondary": false,
            "button_alignment": "center",
            "button_color": "accent-1",
            "css_class": ""
          }
        }
      },
      "block_order": [
        "template--14488581767223__9bde9f4f-0d54-4e79-80eb-0264622c9aaa-16793158417623e99a-2"
      ],
      "settings": {
        "anchor_id": "",
        "color_scheme": "background-1",
        "full_width": true,
        "padding_top": 0,
        "padding_bottom": 52,
        "css_class": "",
        "custom_css": ".button{\npadding:20px 40px;\nfont-size:25px;\nmargin-top:15px;\n}",
        "custom_css_mobile": ".button{\nfont-size:15px;\npadding:10px 10px;\nwidth:100%;\n}"
      }
    }
  },
  "order": [
    "main",
    "06f4d6c5-8955-4e99-8936-dc96296ef92d",
    "54241dca-a171-48f7-8ac1-b2f3365f4f73",
    "8a8581b4-13a2-449f-a446-746671c1742e",
    "9bde9f4f-0d54-4e79-80eb-0264622c9aaa"
  ]
}
