{
  "layout": "theme-offer-page",
  "sections": {
    "16462238058b508f23": {
      "type": "header-offer-page",
      "blocks": {
        "2d234c6a-ad15-4b01-b895-79b7c0f04cdf": {
          "type": "custom_colors",
          "settings": {
            "colors_solid_button_labels": "",
            "colors_accent_1": "#63316e",
            "gradient_accent_1": "",
            "colors_accent_2": "#ff8f19",
            "gradient_accent_2": "",
            "colors_accent_3": "rgba(0,0,0,0)",
            "colors_accent_4": "",
            "colors_text": "",
            "colors_outline_button_labels": "",
            "colors_background_1": "",
            "gradient_background_1": "",
            "colors_background_2": "rgba(0,0,0,0)",
            "gradient_background_2": ""
          }
        }
      },
      "block_order": [
        "2d234c6a-ad15-4b01-b895-79b7c0f04cdf"
      ],
      "settings": {
        "color_scheme": "background-1",
        "display_logo": true,
        "enable_logo_link": false,
        "logo_color": "gold",
        "show_line_separator": false,
        "enable_sticky_header": true,
        "margin_bottom": 0,
        "css_class": "",
        "custom_css": "@font-face {\n  font-family: 'Larsseit';\n  src: url(https:\/\/d2saw6je89goi1.cloudfront.net\/uploads\/digital_asset\/file\/962385\/Type_Dynamic_-_Larsseit_Regular.otf);\n  font-weight: normal;\n  font-style: normal;\n}\n@font-face {\n  font-family: 'Larsseit-Bold';\n  src: url(https:\/\/d2saw6je89goi1.cloudfront.net\/uploads\/digital_asset\/file\/962384\/Type_Dynamic_-_Larsseit_Bold.otf) format('truetype');\n  font-weight: var(--font-body-weight-bold);\n  font-style: normal;\n}\n@font-face {\n  font-family: 'Larsseit-Thin';\n  src: url(https:\/\/d2saw6je89goi1.cloudfront.net\/uploads\/digital_asset\/file\/962386\/Type_Dynamic_-_Larsseit_Thin.otf) format('truetype');\n  font-weight: lighter;\n  font-style: normal;\n}\n\n@font-face {\n  font-family: 'Larsseit-Light';\n  src: url(https:\/\/d2saw6je89goi1.cloudfront.net\/uploads\/digital_asset\/file\/965155\/Larsseit-Light.ttf) format('truetype');\n  font-weight: lighter;\n  font-style: normal;\n}\n\nbody {\n  font-family: 'Larsseit-Light', serif !important;\n}",
        "custom_css_mobile": ""
      }
    },
    "main": {
      "type": "main-page",
      "disabled": true,
      "settings": {
        "display_title": true,
        "color_scheme": "background-1",
        "padding_top": 28,
        "padding_bottom": 28,
        "css_class": "",
        "custom_css": "",
        "custom_css_mobile": ""
      }
    },
    "166153222901843f4d": {
      "type": "rich-text",
      "blocks": {
        "166153222918c0cb99-0": {
          "type": "heading",
          "settings": {
            "heading": "Congrats on Purchasing MenuPause!",
            "heading_size": "h1",
            "heading_alignment": "center",
            "heading_color": "accent-1",
            "css_class": "",
            "heading_divider": false
          }
        }
      },
      "block_order": [
        "166153222918c0cb99-0"
      ],
      "settings": {
        "anchor_id": "",
        "color_scheme": "background-1",
        "full_width": true,
        "padding_top": 40,
        "padding_bottom": 12,
        "css_class": "",
        "custom_css": "",
        "custom_css_mobile": ""
      }
    },
    "166153218322e3f5cb": {
      "type": "image-with-text",
      "blocks": {
        "16615321837094e813-1": {
          "type": "text",
          "settings": {
            "text": "<p><strong>Get all the helpful resources mentioned in the book...<\/strong><\/p>",
            "text_style": "body",
            "css_class": ""
          }
        },
        "252f2392-5387-4297-8f1b-54af4a297c76": {
          "type": "list",
          "settings": {
            "list_items": "<p>​Assessments and checklists​<\/p><p>Special offers on my products<\/p><p>Recipe videos<\/p>",
            "list_style_type": "bullets",
            "text_alignment": "left",
            "css_class": ""
          }
        },
        "5ec20230-0e9c-455c-836f-115d34b10fa3": {
          "type": "custom_liquid",
          "settings": {
            "custom_liquid": "<h2 style=\"align:center;\">Where Should We Send Your Resources?<\/h2>\n\n<div class=\"klaviyo-form-V5anmH\" data-name=\"MenuPause Resources\"><\/div>",
            "css_class": ""
          }
        }
      },
      "block_order": [
        "16615321837094e813-1",
        "252f2392-5387-4297-8f1b-54af4a297c76",
        "5ec20230-0e9c-455c-836f-115d34b10fa3"
      ],
      "settings": {
        "image": "shopify:\/\/shop_images\/MenuPause_LP_Book-Sales-Page_bonuses.jpg",
        "height": "adapt",
        "desktop_image_width": "medium",
        "layout": "image_first",
        "desktop_content_position": "top",
        "desktop_content_alignment": "left",
        "content_layout": "no-overlap",
        "color_scheme": "background-1",
        "mobile_content_alignment": "left",
        "padding_top": 0,
        "padding_bottom": 36,
        "css_class": "",
        "custom_css": "#_form_92_ {\nmargin: 0;\npadding: 0px;\n}\nh2 {\nmargin: 0;\npadding: 0px;\ncolor: #692977;\n}\np, ul li {\nfont-size:24px;\n}",
        "custom_css_mobile": ""
      }
    }
  },
  "order": [
    "16462238058b508f23",
    "main",
    "166153222901843f4d",
    "166153218322e3f5cb"
  ]
}
