{
  "layout": "theme-offer-page",
  "sections": {
    "main": {
      "type": "main-page",
      "settings": {
        "display_title": true,
        "color_scheme": "background-1",
        "padding_top": 40,
        "padding_bottom": 40,
        "css_class": "visually-hidden",
        "custom_css": "",
        "custom_css_mobile": ""
      }
    },
    "1640097424c2f7eec2": {
      "type": "header-offer-page",
      "blocks": {
        "64d5290e-0111-45f8-add9-b15e6899534a": {
          "type": "countdown_timer",
          "disabled": true,
          "settings": {
            "title": "Masterclass Begins In:",
            "end_date_time": "August 31, 2022 19:00:00 GMT-0400",
            "first_countdown": true,
            "color_scheme": "background-1",
            "padding_top": 20,
            "padding_bottom": 20,
            "css_class": ""
          }
        },
        "bd5c02bc-ed1a-47fb-93b9-a67e14efaa95": {
          "type": "custom_colors",
          "settings": {
            "colors_solid_button_labels": "",
            "colors_accent_1": "",
            "gradient_accent_1": "",
            "colors_accent_2": "rgba(0,0,0,0)",
            "gradient_accent_2": "",
            "colors_accent_3": "",
            "colors_accent_4": "",
            "colors_text": "",
            "colors_outline_button_labels": "",
            "colors_background_1": "",
            "gradient_background_1": "",
            "colors_background_2": "#fcfaf7",
            "gradient_background_2": ""
          }
        }
      },
      "block_order": [
        "64d5290e-0111-45f8-add9-b15e6899534a",
        "bd5c02bc-ed1a-47fb-93b9-a67e14efaa95"
      ],
      "settings": {
        "color_scheme": "accent-2",
        "display_logo": true,
        "enable_logo_link": false,
        "logo_color": "gold",
        "show_line_separator": false,
        "enable_sticky_header": true,
        "margin_bottom": 0,
        "css_class": "",
        "custom_css": "",
        "custom_css_mobile": ""
      }
    },
    "c74c33b5-c12f-4ae1-b870-bbca2d1ed679": {
      "type": "image",
      "settings": {
        "image": "shopify:\/\/shop_images\/revitalize_core_banner_copy.png",
        "mobile_image": "shopify:\/\/shop_images\/revitalize_core_banner_mobile.png",
        "max_width": 1600,
        "color_scheme": "accent-2",
        "link": "#optin",
        "padding_top": 0,
        "padding_bottom": 0,
        "css_class": "klaviyo_form_trigger",
        "custom_css": ".img {margin:0px; padding:0px;}",
        "custom_css_mobile": ""
      }
    },
    "c7c9e59b-0dcc-4586-8e47-94bed7a4256c": {
      "type": "multicolumn",
      "blocks": {
        "template--14572953763895__c7c9e59b-0dcc-4586-8e47-94bed7a4256c-column-2": {
          "type": "column",
          "settings": {
            "image": "shopify:\/\/shop_images\/revitalize_core.png",
            "title": "",
            "heading_color": "color-scheme",
            "text": "",
            "link_label": "",
            "link": "",
            "button_color": "color-scheme",
            "css_class": "leftimg"
          }
        },
        "template--14572953763895__c7c9e59b-0dcc-4586-8e47-94bed7a4256c-column-3": {
          "type": "column",
          "settings": {
            "title": "",
            "heading_color": "color-scheme",
            "text": "<p>Don’t miss this <strong>FREE<\/strong> masterclass featuring expert in Pelvic Floor Health and Bladder Vitality, Jana Danielson hosted by Dr. Anna Cabeca.<\/p>",
            "link_label": ">> Register Now!",
            "link": "#optin",
            "button_color": "accent-1",
            "css_class": "rightimg"
          }
        }
      },
      "block_order": [
        "template--14572953763895__c7c9e59b-0dcc-4586-8e47-94bed7a4256c-column-2",
        "template--14572953763895__c7c9e59b-0dcc-4586-8e47-94bed7a4256c-column-3"
      ],
      "disabled": true,
      "settings": {
        "anchor_id": "",
        "title": "",
        "text": "",
        "heading_size": "h1",
        "heading_color": "color-scheme",
        "text_size": "p",
        "column_heading_size": "h3",
        "column_text_size": "p",
        "image_width": "full",
        "image_ratio": "adapt",
        "columns_desktop": 2,
        "column_alignment": "center",
        "column_link_type": "button",
        "background_style": "none",
        "button_label": "",
        "button_link": "",
        "button_color": "color-scheme",
        "color_scheme": "accent-2",
        "columns_mobile": "1",
        "swipe_on_mobile": false,
        "padding_top": 36,
        "padding_bottom": 36,
        "css_class": "",
        "custom_css": ".rightimg {\n  margin: auto 0;\n}\n\np { font-size: 1.3em;\ncolor:#be9452;\n}\n\nstrong, b {\ncolor:#ffffff;\n}",
        "custom_css_mobile": ""
      }
    },
    "4560f1a8-8b9f-4d84-9544-d7ed53177104": {
      "type": "rich-text",
      "blocks": {
        "template--14572953763895__4560f1a8-8b9f-4d84-9544-d7ed53177104-heading-1": {
          "type": "heading",
          "settings": {
            "heading": "What You'll Learn:",
            "heading_size": "h2",
            "heading_alignment": "left",
            "heading_color": "color-scheme",
            "css_class": "",
            "heading_divider": false
          }
        },
        "template--14572953763895__4560f1a8-8b9f-4d84-9544-d7ed53177104-text-1": {
          "type": "text",
          "settings": {
            "text": "<p><strong>Pelvic Floor Empowerment:<\/strong> Gain a deep understanding of your body's core foundation and learn strategies to optimize pelvic health for a more vibrant life.<\/p><p><\/p><p><strong>Intimacy and Connection:<\/strong> Explore techniques to strengthen intimate relationships, fostering deeper connections and mutual fulfillment.<\/p><p><\/p><p><strong>Bladder Health Mastery:<\/strong> Discover proven methods to maintain optimal bladder function and vitality, ensuring comfort and confidence.<\/p><p><\/p><p>This masterclass is a unique opportunity to learn from leading experts who have dedicated their careers to empowering individuals in their journeys to holistic well-being. Dr. Cabeca and Jana Danielson bring a wealth of knowledge, experience, and a commitment to your success.<\/p>",
            "text_alignment": "left",
            "text_size": "h4",
            "css_class": ""
          }
        },
        "39a3c332-2733-40ad-84fb-a6906fd6f610": {
          "type": "heading",
          "settings": {
            "heading": "Join us for this 90-minute virtual masterclass and learn how you can revitalize your core and transform your life.",
            "heading_size": "h1",
            "heading_alignment": "left",
            "heading_color": "foreground",
            "css_class": "join",
            "heading_divider": false
          }
        },
        "5dcde093-9fe6-4040-8b66-a1f8ac5ff415": {
          "type": "button",
          "settings": {
            "button_label": ">> Register Now!",
            "button_link": "#optin",
            "button_style_secondary": false,
            "button_alignment": "center",
            "button_color": "color-scheme",
            "css_class": "klaviyo_form_trigger"
          }
        }
      },
      "block_order": [
        "template--14572953763895__4560f1a8-8b9f-4d84-9544-d7ed53177104-heading-1",
        "template--14572953763895__4560f1a8-8b9f-4d84-9544-d7ed53177104-text-1",
        "39a3c332-2733-40ad-84fb-a6906fd6f610",
        "5dcde093-9fe6-4040-8b66-a1f8ac5ff415"
      ],
      "settings": {
        "anchor_id": "",
        "color_scheme": "background-1",
        "full_width": true,
        "padding_top": 40,
        "padding_bottom": 52,
        "css_class": "dac-full-width dac-padding-side-none",
        "custom_css": "h2{\nfont-weight:bold;\n}\n.join{\npadding-top:15px;\ncolor: #321748;\n}\np {\nline-height: 1.4em;\n}\n\nbutton {\ntext-transform: uppercase;\nmin-height: calc(3.25rem + var(--buttons-border-width) * 2);\nletter-spacing: .1rem;\n    line-height: calc(1 + .2 \/ var(--font-body-scale));\ndisplay: inline-flex;\n    justify-content: center;\n    align-items: center;\n    border: 0;\n    padding: 0 3rem;\n    cursor: pointer;\n    font: inherit;\n    font-size: 1.5rem;\n    text-decoration: none;\n    color: rgb(var(--color-button-text));\n    transition: box-shadow var(--duration-short) ease;\n    -webkit-appearance: none;\n    appearance: none;\n    background-color: rgba(var(--color-button),var(--alpha-button-background));\n--shadow-horizontal-offset: var(--buttons-shadow-horizontal-offset);\n    --shadow-vertical-offset: var(--buttons-shadow-vertical-offset);\n    --shadow-blur-radius: var(--buttons-shadow-blur-radius);\n    --shadow-opacity: var(--buttons-shadow-opacity);\n    --border-offset: var(--buttons-border-offset);\n    --border-opacity: calc(1 - var(--buttons-border-opacity));\n    border-radius: var(--buttons-radius-outset);\n    position: relative;\n    text-align: center;\n}",
        "custom_css_mobile": ""
      }
    },
    "2d9ba4d8-f533-480d-b2a0-e7945ff4c47e": {
      "type": "image-with-text",
      "blocks": {
        "61cbc041-5991-4148-a4c7-c18332df7fdc": {
          "type": "custom_liquid",
          "settings": {
            "custom_liquid": "<img src=\"https:\/\/drannacabeca.com\/cdn\/shop\/files\/HostedBy_V3.png\" width=\"100%\" alt=\"Hosted by Triple Board Certified OB-GYN, Dr. Anna Cabeca\">",
            "css_class": "leftimg"
          }
        }
      },
      "block_order": [
        "61cbc041-5991-4148-a4c7-c18332df7fdc"
      ],
      "settings": {
        "anchor_id": "",
        "image": "shopify:\/\/shop_images\/HostedBy_V6_fa785d97-4f93-43fc-9ccb-ef77c3cfb298.png",
        "height": "adapt",
        "desktop_image_width": "small",
        "layout": "text_first",
        "desktop_content_position": "top",
        "desktop_content_alignment": "left",
        "content_layout": "no-overlap",
        "color_scheme": "accent-2",
        "mobile_content_alignment": "left",
        "padding_top": 0,
        "padding_bottom": 0,
        "css_class": "dac-full-width dac-padding-side-none",
        "custom_css": ".leftimg {\n  margin: auto;\n}",
        "custom_css_mobile": ""
      }
    },
    "cc83ed7f-0e50-4149-b355-73678a9bbc56": {
      "type": "rich-text",
      "blocks": {
        "template--14572953763895__cc83ed7f-0e50-4149-b355-73678a9bbc56-heading-1": {
          "type": "heading",
          "settings": {
            "heading": "WITH AWARD-WINNING WELLNESS ENTREPRENEUR:",
            "heading_size": "h2",
            "heading_alignment": "left",
            "heading_color": "color-scheme",
            "css_class": "expert",
            "heading_divider": false
          }
        }
      },
      "block_order": [
        "template--14572953763895__cc83ed7f-0e50-4149-b355-73678a9bbc56-heading-1"
      ],
      "settings": {
        "anchor_id": "",
        "color_scheme": "accent-3",
        "full_width": true,
        "padding_top": 28,
        "padding_bottom": 28,
        "css_class": "",
        "custom_css": ".expert{\nfont-weight:bold;\n}\n.expert{\ncolor:white\n}",
        "custom_css_mobile": ""
      }
    },
    "f5410b89-8725-4b0e-84f0-6b7f33c0b8b2": {
      "type": "multicolumn",
      "blocks": {
        "template--14572953763895__f5410b89-8725-4b0e-84f0-6b7f33c0b8b2-column-1": {
          "type": "column",
          "settings": {
            "image": "shopify:\/\/shop_images\/Jana.png",
            "title": "",
            "heading_color": "color-scheme",
            "text": "",
            "link_label": "",
            "link": "",
            "button_color": "color-scheme",
            "css_class": ".leftcolumn"
          }
        },
        "template--14572953763895__f5410b89-8725-4b0e-84f0-6b7f33c0b8b2-column-2": {
          "type": "column",
          "settings": {
            "title": "Jana Danielson",
            "heading_color": "color-scheme",
            "text": "<h5>Best Seller and Host of the Healthy Pelvic Floor Masterclass<\/h5><p>Jana Danielson is an award-winning wellness entrepreneur who through her own experience with physical pain turned her mess into her message.She is an Amazon Best Selling Author, owner of Lead Pilates and Lead Integrated Health Therapies, her bricks & mortar businesses and the Metta District, her online wellness community.She is the creator of the Cooch Ball, the world’s first patented pelvic floor fitness tool for women.Jana has coached and consulted with thousands of women from all over the world to help improve their quality of life, their confidence and their impact in this world.<\/p>",
            "link_label": ">> Register Now!",
            "link": "#optin",
            "button_color": "color-scheme",
            "css_class": "rightcolumn klaviyo_form_trigger"
          }
        }
      },
      "block_order": [
        "template--14572953763895__f5410b89-8725-4b0e-84f0-6b7f33c0b8b2-column-1",
        "template--14572953763895__f5410b89-8725-4b0e-84f0-6b7f33c0b8b2-column-2"
      ],
      "settings": {
        "anchor_id": "",
        "title": "",
        "text": "",
        "heading_size": "h1",
        "heading_color": "color-scheme",
        "text_size": "p",
        "column_heading_size": "h3",
        "column_text_size": "p",
        "image_width": "full",
        "image_ratio": "adapt",
        "columns_desktop": 2,
        "column_alignment": "left",
        "column_link_type": "button",
        "background_style": "none",
        "button_label": "",
        "button_link": "",
        "button_color": "color-scheme",
        "color_scheme": "background-2",
        "columns_mobile": "1",
        "swipe_on_mobile": false,
        "padding_top": 36,
        "padding_bottom": 20,
        "css_class": "",
        "custom_css": "h5{\nmargin:0px;\n}\n\n.multicolumn-card__image-wrapper { max-width: 75%; margin: 0 auto; }\n.leftcolumn { max-width: 400px; margin: 10 auto; }\n.rightcolumn { max-width: 900px; margin:10 auto;}\n\n.grid--2-col-desktop .grid__item:nth-child(odd) { max-width: calc(40% - var(--grid-desktop-horizontal-spacing) \/ 2); }\n\n.grid--2-col-desktop .grid__item:nth-child(even) { min-width: calc(60% - var(--grid-desktop-horizontal-spacing) \/ 2); }\n\nbutton {\ntext-transform: uppercase;\nmin-height: calc(3.25rem + var(--buttons-border-width) * 2);\nletter-spacing: .1rem;\n    line-height: calc(1 + .2 \/ var(--font-body-scale));\ndisplay: inline-flex;\n    justify-content: center;\n    align-items: center;\n    border: 0;\n    padding: 0 3rem;\n    cursor: pointer;\n    font: inherit;\n    font-size: 1.5rem;\n    text-decoration: none;\n    color: rgb(var(--color-button-text));\n    transition: box-shadow var(--duration-short) ease;\n    -webkit-appearance: none;\n    appearance: none;\n    background-color: rgba(var(--color-button),var(--alpha-button-background));\n--shadow-horizontal-offset: var(--buttons-shadow-horizontal-offset);\n    --shadow-vertical-offset: var(--buttons-shadow-vertical-offset);\n    --shadow-blur-radius: var(--buttons-shadow-blur-radius);\n    --shadow-opacity: var(--buttons-shadow-opacity);\n    --border-offset: var(--buttons-border-offset);\n    --border-opacity: calc(1 - var(--buttons-border-opacity));\n    border-radius: var(--buttons-radius-outset);\n    position: relative;\n    text-align: center;\n}",
        "custom_css_mobile": "{ padding: 0 0rem; }"
      }
    },
    "e4bb0b45-16b4-479f-82c5-b26781066c4c": {
      "type": "custom-liquid",
      "disabled": true,
      "settings": {
        "anchor_id": "optin",
        "custom_liquid": "<iframe src=\"https:\/\/app.acuityscheduling.com\/schedule.php?owner=24803320&appointmentType=54438551\" width=\"100%\" height=\"800\" frameBorder=\"0\"><\/iframe>\t\t\t\t\t\t\t\t\t\t\t\t\t\t\t\t\t\t\t\t\t\t\t\t\t\t\t\t\t\t\t\t\t<script src=\"https:\/\/embed.acuityscheduling.com\/js\/embed.js\" type=\"text\/javascript\"><\/script>",
        "color_scheme": "background-1",
        "padding_top": 40,
        "padding_bottom": 52,
        "css_class": "",
        "custom_css": "",
        "custom_css_mobile": ""
      }
    },
    "510b3147-7bcc-494e-a40d-72cb9bdd5cf2": {
      "type": "rich-text",
      "blocks": {
        "template--14572953763895__510b3147-7bcc-494e-a40d-72cb9bdd5cf2-heading-1": {
          "type": "heading",
          "settings": {
            "heading": "Sign Up Below:",
            "heading_size": "h1",
            "heading_alignment": "center",
            "heading_color": "accent-2",
            "css_class": "up",
            "heading_divider": false
          }
        },
        "template--14572953763895__510b3147-7bcc-494e-a40d-72cb9bdd5cf2-button-1": {
          "type": "button",
          "disabled": true,
          "settings": {
            "button_label": ">> WATCH MASTERCLASS NOW!",
            "button_link": "#optin",
            "button_style_secondary": false,
            "button_alignment": "center",
            "button_color": "color-scheme",
            "css_class": ""
          }
        },
        "2b3d3d69-e91e-48ef-b157-9b3613ccc764": {
          "type": "custom_liquid",
          "settings": {
            "custom_liquid": "<div class=\"klaviyo-form-W3RAv2\"><\/div>",
            "css_class": ""
          }
        }
      },
      "block_order": [
        "template--14572953763895__510b3147-7bcc-494e-a40d-72cb9bdd5cf2-heading-1",
        "template--14572953763895__510b3147-7bcc-494e-a40d-72cb9bdd5cf2-button-1",
        "2b3d3d69-e91e-48ef-b157-9b3613ccc764"
      ],
      "settings": {
        "anchor_id": "",
        "color_scheme": "background-1",
        "full_width": true,
        "padding_top": 40,
        "padding_bottom": 52,
        "css_class": "",
        "custom_css": ".up{\nfont-weight:bold;\n}",
        "custom_css_mobile": ""
      }
    },
    "4a6b9e97-5d00-4290-be86-b33f236efc61": {
      "type": "custom-liquid",
      "settings": {
        "anchor_id": "",
        "custom_liquid": "<script type=\"text\/javascript\">\n\tdocument.querySelector('.klaviyo_form_trigger').addEventListener('click', function (){\n\t\twindow._klOnsite = window._klOnsite || []; \n\t\twindow._klOnsite.push(['openForm', 'TsJF5w']);\n\t});\n<\/script>",
        "color_scheme": "background-1",
        "padding_top": 0,
        "padding_bottom": 0,
        "css_class": "",
        "custom_css": "",
        "custom_css_mobile": ""
      }
    }
  },
  "order": [
    "main",
    "1640097424c2f7eec2",
    "c74c33b5-c12f-4ae1-b870-bbca2d1ed679",
    "c7c9e59b-0dcc-4586-8e47-94bed7a4256c",
    "4560f1a8-8b9f-4d84-9544-d7ed53177104",
    "2d9ba4d8-f533-480d-b2a0-e7945ff4c47e",
    "cc83ed7f-0e50-4149-b355-73678a9bbc56",
    "f5410b89-8725-4b0e-84f0-6b7f33c0b8b2",
    "e4bb0b45-16b4-479f-82c5-b26781066c4c",
    "510b3147-7bcc-494e-a40d-72cb9bdd5cf2",
    "4a6b9e97-5d00-4290-be86-b33f236efc61"
  ]
}
