{
  "sections": {
    "main": {
      "type": "main-page",
      "settings": {
        "display_title": false,
        "color_scheme": "background-1",
        "padding_top": 0,
        "padding_bottom": 28,
        "css_class": "",
        "custom_css": "",
        "custom_css_mobile": ""
      }
    },
    "1657744261d91d74d3": {
      "type": "image-banner",
      "blocks": {
        "1657744261c4013a77-0": {
          "type": "heading",
          "settings": {
            "heading": "Giving Back",
            "heading_size": "h1"
          }
        },
        "1657744261c4013a77-1": {
          "type": "text",
          "settings": {
            "text": "Your purchase supports women in crisis",
            "text_style": "subtitle"
          }
        },
        "1657744261c4013a77-2": {
          "type": "buttons",
          "disabled": true,
          "settings": {
            "button_label_1": "Button label",
            "button_link_1": "",
            "button_style_secondary_1": false,
            "button_label_2": "Button label",
            "button_link_2": "",
            "button_style_secondary_2": false
          }
        }
      },
      "block_order": [
        "1657744261c4013a77-0",
        "1657744261c4013a77-1",
        "1657744261c4013a77-2"
      ],
      "settings": {
        "image": "shopify:\/\/shop_images\/GIVINGBACK_BANNER-06.jpg",
        "mobile_image": "shopify:\/\/shop_images\/TGFD_GivingBack-07.jpg",
        "link": "",
        "image_overlay_opacity": 0,
        "image_height": "medium",
        "adapt_height_first_image": true,
        "desktop_content_position": "middle-center",
        "show_text_box": false,
        "desktop_content_alignment": "center",
        "color_scheme": "inverse",
        "mobile_content_alignment": "center",
        "stack_images_on_mobile": false,
        "show_text_below": false,
        "css_class": "",
        "custom_css": "",
        "custom_css_mobile": ""
      }
    },
    "16573072208955a4e2": {
      "type": "multicolumn",
      "blocks": {
        "16573072206d35a35d-0": {
          "type": "column",
          "settings": {
            "image": "shopify:\/\/shop_images\/TGFD_GivingBack-08.png",
            "title": "",
            "heading_color": "color-scheme",
            "text": "",
            "link_label": "",
            "link": "",
            "button_color": "color-scheme",
            "css_class": ""
          }
        },
        "16573072206d35a35d-1": {
          "type": "column",
          "settings": {
            "title": "Restoring self-esteem, love, balance, integrity, and hope for a future worth looking forward to.",
            "heading_color": "color-scheme",
            "text": "<p><strong>House of Hope<\/strong> exists to renew, restore, and release minor females in Georgia who have been freed out of Domestic Minor Sex Trafficking and to fight the factors that allow trafficking to thrive. Their 12-month program provides a place of refuge and recovery for girls traumatized by or at risk for becoming victims of sex trafficking.<\/p>",
            "link_label": "LEARN MORE",
            "link": "https:\/\/www.houseofhopeng.org\/",
            "button_color": "accent-1",
            "css_class": ""
          }
        },
        "16573072206d35a35d-2": {
          "type": "column",
          "disabled": true,
          "settings": {
            "title": "Column",
            "heading_color": "color-scheme",
            "text": "<p>Pair text with an image to focus on your chosen product, collection, or blog post. Add details on availability, style, or even provide a review.<\/p>",
            "link_label": "",
            "link": "",
            "button_color": "color-scheme",
            "css_class": ""
          }
        }
      },
      "block_order": [
        "16573072206d35a35d-0",
        "16573072206d35a35d-1",
        "16573072206d35a35d-2"
      ],
      "settings": {
        "anchor_id": "",
        "title": "",
        "text": "",
        "heading_size": "h1",
        "heading_color": "color-scheme",
        "text_size": "p",
        "column_heading_size": "h3",
        "column_text_size": "p",
        "image_width": "full",
        "image_ratio": "adapt",
        "columns_desktop": 2,
        "column_alignment": "left",
        "column_link_type": "button",
        "background_style": "none",
        "button_label": "",
        "button_link": "",
        "button_color": "color-scheme",
        "color_scheme": "background-1",
        "columns_mobile": "1",
        "swipe_on_mobile": false,
        "padding_top": 60,
        "padding_bottom": 12,
        "css_class": "",
        "custom_css": "",
        "custom_css_mobile": ""
      }
    },
    "1657307635e5ce2db4": {
      "type": "multicolumn",
      "blocks": {
        "1657307635605eda25-0": {
          "type": "column",
          "settings": {
            "image": "shopify:\/\/shop_images\/TGFD_GivingBack-07.png",
            "title": "",
            "heading_color": "color-scheme",
            "text": "",
            "link_label": "",
            "link": "",
            "button_color": "color-scheme",
            "css_class": ""
          }
        },
        "1657307635605eda25-1": {
          "type": "column",
          "settings": {
            "title": "Changing Lives. Changing Generations.",
            "heading_color": "color-scheme",
            "text": "<p><strong>House of Dawn <\/strong>provides housing and supportive services to young mothers and their children. They provide a Workforce Affordable Housing Program as well as a University Student Housing Program for moms that are in college, ages 18-24, and need off campus housing for them and their babies. House of Dawn support young mothers to become independent, self-supporting women and loving mothers to their children.<\/p>",
            "link_label": "LEARN MORE",
            "link": "https:\/\/houseofdawn.org\/",
            "button_color": "accent-1",
            "css_class": ""
          }
        },
        "1657307635605eda25-2": {
          "type": "column",
          "disabled": true,
          "settings": {
            "title": "Column",
            "heading_color": "color-scheme",
            "text": "<p>Pair text with an image to focus on your chosen product, collection, or blog post. Add details on availability, style, or even provide a review.<\/p>",
            "link_label": "",
            "link": "",
            "button_color": "color-scheme",
            "css_class": ""
          }
        }
      },
      "block_order": [
        "1657307635605eda25-0",
        "1657307635605eda25-1",
        "1657307635605eda25-2"
      ],
      "settings": {
        "anchor_id": "",
        "title": "",
        "text": "",
        "heading_size": "h1",
        "heading_color": "color-scheme",
        "text_size": "p",
        "column_heading_size": "h3",
        "column_text_size": "p",
        "image_width": "full",
        "image_ratio": "adapt",
        "columns_desktop": 2,
        "column_alignment": "left",
        "column_link_type": "button",
        "background_style": "none",
        "button_label": "",
        "button_link": "",
        "button_color": "color-scheme",
        "color_scheme": "background-1",
        "columns_mobile": "1",
        "swipe_on_mobile": false,
        "padding_top": 60,
        "padding_bottom": 8,
        "css_class": "",
        "custom_css": "",
        "custom_css_mobile": ""
      }
    },
    "16573077762a997654": {
      "type": "multicolumn",
      "blocks": {
        "1657307776d7ebf547-0": {
          "type": "column",
          "settings": {
            "image": "shopify:\/\/shop_images\/TGFD_GivingBack-06.png",
            "title": "",
            "heading_color": "color-scheme",
            "text": "",
            "link_label": "",
            "link": "",
            "button_color": "color-scheme",
            "css_class": ""
          }
        },
        "1657307776d7ebf547-1": {
          "type": "column",
          "settings": {
            "title": "Hearts and Hands Lifting Others Up",
            "heading_color": "color-scheme",
            "text": "<p><strong>The Garrett V. Bivens Foundation<\/strong> supports women and children recovering from trauma. They partner with organizations and individuals who empower the powerless through the vehicles of education, therapeutic intervention, job training and placement, and spiritual development. They work closely with our partners to guarantee sustainability, fiscal responsibility and long-term change.<\/p>",
            "link_label": "DONATE",
            "link": "https:\/\/www.paypal.com\/donate?hosted_button_id=KEW5YDTJV2QYE",
            "button_color": "accent-1",
            "css_class": ""
          }
        },
        "1657307776d7ebf547-2": {
          "type": "column",
          "disabled": true,
          "settings": {
            "title": "Column",
            "heading_color": "color-scheme",
            "text": "<p>Pair text with an image to focus on your chosen product, collection, or blog post. Add details on availability, style, or even provide a review.<\/p>",
            "link_label": "",
            "link": "",
            "button_color": "color-scheme",
            "css_class": ""
          }
        }
      },
      "block_order": [
        "1657307776d7ebf547-0",
        "1657307776d7ebf547-1",
        "1657307776d7ebf547-2"
      ],
      "settings": {
        "anchor_id": "",
        "title": "",
        "text": "",
        "heading_size": "h1",
        "heading_color": "color-scheme",
        "text_size": "p",
        "column_heading_size": "h3",
        "column_text_size": "p",
        "image_width": "full",
        "image_ratio": "adapt",
        "columns_desktop": 2,
        "column_alignment": "left",
        "column_link_type": "button",
        "background_style": "none",
        "button_label": "",
        "button_link": "",
        "button_color": "color-scheme",
        "color_scheme": "background-1",
        "columns_mobile": "1",
        "swipe_on_mobile": false,
        "padding_top": 60,
        "padding_bottom": 40,
        "css_class": "",
        "custom_css": "",
        "custom_css_mobile": ""
      }
    },
    "165815869181e56e3f": {
      "type": "rich-text",
      "blocks": {
        "1658158691737026bd-0": {
          "type": "heading",
          "settings": {
            "heading": "Real Stories",
            "heading_size": "h1",
            "heading_alignment": "center",
            "heading_color": "color-scheme",
            "css_class": "",
            "heading_divider": false
          }
        },
        "1658158691737026bd-1": {
          "type": "text",
          "disabled": true,
          "settings": {
            "text": "<p>Share information about your brand with your customers. Describe a product, make announcements, or welcome customers to your store.<\/p>",
            "text_alignment": "center",
            "text_size": "p",
            "css_class": ""
          }
        },
        "1658158691737026bd-2": {
          "type": "button",
          "disabled": true,
          "settings": {
            "button_label": "Button label",
            "button_link": "",
            "button_style_secondary": false,
            "button_alignment": "center",
            "button_color": "color-scheme",
            "css_class": ""
          }
        }
      },
      "block_order": [
        "1658158691737026bd-0",
        "1658158691737026bd-1",
        "1658158691737026bd-2"
      ],
      "settings": {
        "anchor_id": "",
        "color_scheme": "background-2",
        "full_width": true,
        "padding_top": 40,
        "padding_bottom": 0,
        "css_class": "",
        "custom_css": "",
        "custom_css_mobile": ""
      }
    },
    "1657727698f532142c": {
      "type": "slideshow",
      "blocks": {
        "16577276984df3ad0f-0": {
          "type": "slide",
          "settings": {
            "image": "shopify:\/\/shop_images\/Testimonials_charityPage-02_2.png",
            "mobile_image": "shopify:\/\/shop_images\/Testimonials_charityPage-05v2.jpg",
            "heading": "",
            "heading_size": "h1",
            "subheading": "",
            "button_label": "",
            "link": "",
            "button_style_secondary": false,
            "box_align": "middle-center",
            "show_text_box": false,
            "text_alignment": "center",
            "image_overlay_opacity": 0,
            "color_scheme": "background-2",
            "text_alignment_mobile": "center"
          }
        },
        "16577276984df3ad0f-1": {
          "type": "slide",
          "settings": {
            "image": "shopify:\/\/shop_images\/Testimonials_charityPage-03_2.png",
            "mobile_image": "shopify:\/\/shop_images\/Testimonials_charityPage-06v2.jpg",
            "heading": "",
            "heading_size": "h1",
            "subheading": "",
            "button_label": "",
            "link": "",
            "button_style_secondary": false,
            "box_align": "middle-center",
            "show_text_box": false,
            "text_alignment": "center",
            "image_overlay_opacity": 0,
            "color_scheme": "background-2",
            "text_alignment_mobile": "center"
          }
        },
        "ed621426-7c98-4c64-babc-8917362aff10": {
          "type": "slide",
          "settings": {
            "image": "shopify:\/\/shop_images\/Testimonials_charityPage-01_2.png",
            "mobile_image": "shopify:\/\/shop_images\/Testimonials_charityPage-04v2.jpg",
            "heading": "",
            "heading_size": "h1",
            "subheading": "",
            "button_label": "",
            "link": "",
            "button_style_secondary": false,
            "box_align": "middle-center",
            "show_text_box": false,
            "text_alignment": "center",
            "image_overlay_opacity": 0,
            "color_scheme": "background-2",
            "text_alignment_mobile": "center"
          }
        }
      },
      "block_order": [
        "16577276984df3ad0f-0",
        "16577276984df3ad0f-1",
        "ed621426-7c98-4c64-babc-8917362aff10"
      ],
      "settings": {
        "layout": "full_bleed",
        "slide_height": "adapt_image",
        "slider_visual": "dots",
        "auto_rotate": false,
        "change_slides_speed": 5,
        "show_text_below": false,
        "accessibility_info": "Testimonials",
        "css_class": "",
        "custom_css": ".slideshow__controls { position: relative; margin-top: -2em; z-index: 10; }",
        "custom_css_mobile": ""
      }
    }
  },
  "order": [
    "main",
    "1657744261d91d74d3",
    "16573072208955a4e2",
    "1657307635e5ce2db4",
    "16573077762a997654",
    "165815869181e56e3f",
    "1657727698f532142c"
  ]
}
