{
  "layout": "theme-offer-page",
  "sections": {
    "main": {
      "type": "main-page",
      "settings": {
        "display_title": true,
        "color_scheme": "background-1",
        "padding_top": 40,
        "padding_bottom": 40,
        "css_class": "visually-hidden",
        "custom_css": "",
        "custom_css_mobile": ""
      }
    },
    "1640097424c2f7eec2": {
      "type": "header-offer-page",
      "disabled": true,
      "blocks": {
        "bd5c02bc-ed1a-47fb-93b9-a67e14efaa95": {
          "type": "custom_colors",
          "settings": {
            "colors_solid_button_labels": "",
            "colors_accent_1": "rgba(0,0,0,0)",
            "gradient_accent_1": "",
            "colors_accent_2": "#e4f4f5",
            "gradient_accent_2": "",
            "colors_accent_3": "#be9452",
            "colors_accent_4": "",
            "colors_text": "#000000",
            "colors_outline_button_labels": "",
            "colors_background_1": "#ffffff",
            "gradient_background_1": "",
            "colors_background_2": "#fcfaf7",
            "gradient_background_2": ""
          }
        }
      },
      "block_order": [
        "bd5c02bc-ed1a-47fb-93b9-a67e14efaa95"
      ],
      "custom_css": [

      ],
      "settings": {
        "color_scheme": "accent-2",
        "display_logo": false,
        "enable_logo_link": false,
        "logo_color": "gold",
        "show_line_separator": false,
        "enable_sticky_header": true,
        "margin_bottom": 0,
        "css_class": "",
        "custom_css": ".header--offer-page {\n    grid-template-columns: var(--cart-width) auto var(--cart-width);\ngrid-\n}\n\n.grid { margin-bottom: 0; }\n\n.breeze{ max-width:400px; margin: auto;}\n\n.header__icon, .header__icon--cart .icon {color: rgb(var(--color-base-accent-4));}",
        "custom_css_mobile": ""
      }
    },
    "77ada822-4af9-4698-a100-9de2fcd7c944": {
      "type": "image-banner",
      "settings": {
        "image": "shopify:\/\/shop_images\/TGFD_HormoneBasics_Optin-desktop.jpg",
        "mobile_image": "shopify:\/\/shop_images\/TGFD_HormoneBasics_Optin-mobile.jpg",
        "link": "",
        "image_overlay_opacity": 0,
        "image_height": "medium",
        "adapt_height_first_image": true,
        "desktop_content_position": "middle-center",
        "show_text_box": true,
        "desktop_content_alignment": "center",
        "color_scheme": "background-1",
        "mobile_content_alignment": "center",
        "stack_images_on_mobile": true,
        "show_text_below": true,
        "css_class": "",
        "custom_css": "",
        "custom_css_mobile": ""
      }
    },
    "c65a07b3-cc9e-40a9-88c2-c551f251ac0b": {
      "type": "rich-text",
      "blocks": {
        "template--14523125465143__c65a07b3-cc9e-40a9-88c2-c551f251ac0b-16872839716d605a71-0": {
          "type": "heading",
          "settings": {
            "heading": "Watch Now",
            "heading_size": "h1",
            "heading_alignment": "center",
            "heading_color": "foreground",
            "css_class": "",
            "heading_divider": true
          }
        }
      },
      "block_order": [
        "template--14523125465143__c65a07b3-cc9e-40a9-88c2-c551f251ac0b-16872839716d605a71-0"
      ],
      "custom_css": [
        ".heading-divider:after {width: 100%; border-bottom: 1px solid; margin: 2rem auto 1rem;}"
      ],
      "settings": {
        "anchor_id": "",
        "color_scheme": "background-2",
        "full_width": true,
        "padding_top": 40,
        "padding_bottom": 24,
        "css_class": "",
        "custom_css": "",
        "custom_css_mobile": ""
      }
    },
    "99378f83-4bc9-429c-8c56-f82acf7a7e62": {
      "type": "rich-text",
      "blocks": {
        "template--14523125465143__99378f83-4bc9-429c-8c56-f82acf7a7e62-1689598176ee4ac25f-1": {
          "type": "text",
          "settings": {
            "text": "<h2><strong>Intro Video<br\/>About This Training<\/strong><\/h2><p><strong>(3 mins)<\/strong><\/p><p>Start here if you didn't watch this video on the previous page.<\/p>",
            "text_alignment": "center",
            "text_size": "p",
            "css_class": ""
          }
        }
      },
      "block_order": [
        "template--14523125465143__99378f83-4bc9-429c-8c56-f82acf7a7e62-1689598176ee4ac25f-1"
      ],
      "custom_css": [
        "h2 {margin: 0; color: rgb(var(--color-base-accent-1));}",
        "h2:first-line {color: black; font-size: smaller; font-size: calc(var(--font-heading-scale) * 1.7rem);}",
        "p {margin-top: 0;}",
        "p:last-child {margin-bottom: 0;}",
        "p strong {font-size: calc(var(--font-heading-scale) * 1.15rem);}"
      ],
      "settings": {
        "anchor_id": "",
        "color_scheme": "background-2",
        "full_width": true,
        "padding_top": 40,
        "padding_bottom": 0,
        "css_class": "medium-hide large-up-hide",
        "custom_css": "",
        "custom_css_mobile": ""
      }
    },
    "3812188f-ff71-460e-84be-e8cd7d449c27": {
      "type": "video",
      "settings": {
        "heading": "",
        "heading_size": "h1",
        "heading_color": "color-scheme",
        "cover_image": "shopify:\/\/shop_images\/TGFD_HormoneBasics_Optin_page_zero.jpg",
        "video_url_metafield": "",
        "video_url": "https:\/\/youtu.be\/YsAYGuXb2BE",
        "description": "Introduction: Learn the basics of your hormones",
        "transcript": "",
        "full_width": false,
        "color_scheme": "background-2",
        "padding_top": 36,
        "padding_bottom": 36,
        "css_class": "large-up-hide medium-hide",
        "custom_css": "",
        "custom_css_mobile": ""
      }
    },
    "ffa2c7b0-44fa-439a-8fe8-51e40a25fd7c": {
      "type": "rich-text",
      "blocks": {
        "3caf380c-4b10-4a3e-a754-515c38b34e5f": {
          "type": "text",
          "settings": {
            "text": "<h2><strong>Video #1<br\/>Understand Your Hormones<\/strong><\/h2><p><strong>(3.5 mins)<\/strong><\/p><p>Learn how the 200+ hormones in your body interact, and the hormone hierarchy that governs them.<\/p>",
            "text_alignment": "center",
            "text_size": "p",
            "css_class": ""
          }
        }
      },
      "block_order": [
        "3caf380c-4b10-4a3e-a754-515c38b34e5f"
      ],
      "custom_css": [
        "h2 {margin: 0; color: rgb(var(--color-base-accent-1));}",
        "h2:first-line {color: black; font-size: smaller; font-size: calc(var(--font-heading-scale) * 1.7rem);}",
        "p {margin-top: 0;}",
        "p:last-child {margin-bottom: 0;}",
        "p strong {font-size: calc(var(--font-heading-scale) * 1.15rem);}"
      ],
      "settings": {
        "anchor_id": "",
        "color_scheme": "background-2",
        "full_width": true,
        "padding_top": 40,
        "padding_bottom": 0,
        "css_class": "medium-hide large-up-hide",
        "custom_css": "",
        "custom_css_mobile": ""
      }
    },
    "145fe95c-bc8d-466d-9b23-b8cd21fa23ae": {
      "type": "video",
      "settings": {
        "heading": "",
        "heading_size": "h1",
        "heading_color": "color-scheme",
        "cover_image": "shopify:\/\/shop_images\/TGFD_HormoneBasics_Optin-video1.jpg",
        "video_url_metafield": "",
        "video_url": "https:\/\/youtu.be\/tuBvsAiB1fw",
        "description": "Video 1: What is a hormone? Learn the basics of hormones",
        "transcript": "",
        "full_width": false,
        "color_scheme": "background-2",
        "padding_top": 36,
        "padding_bottom": 36,
        "css_class": "large-up-hide medium-hide",
        "custom_css": "",
        "custom_css_mobile": ""
      }
    },
    "95740ac7-3796-4ea0-8fa0-09ceeddda1a1": {
      "type": "rich-text",
      "blocks": {
        "96c59cc4-7ea7-4658-bf1c-0792b062e9bd": {
          "type": "text",
          "settings": {
            "text": "<h2><strong>Video #2<br\/>How Hormones Change with Time<\/strong><\/h2><p><strong>(4 mins)<\/strong><\/p><p>There are two periods of tremendous hormonal fluctuation in a woman’s life: puberty and menopause. Learn how these fluctuations aect our mood and overall health.<\/p>",
            "text_alignment": "center",
            "text_size": "p",
            "css_class": ""
          }
        }
      },
      "block_order": [
        "96c59cc4-7ea7-4658-bf1c-0792b062e9bd"
      ],
      "custom_css": [
        "h2 {margin: 0; color: rgb(var(--color-base-accent-1));}",
        "h2:first-line {color: black; font-size: smaller; font-size: calc(var(--font-heading-scale) * 1.7rem);}",
        "p {margin-top: 0;}",
        "p:last-child {margin-bottom: 0;}",
        "p strong {font-size: calc(var(--font-heading-scale) * 1.15rem);}"
      ],
      "settings": {
        "anchor_id": "",
        "color_scheme": "background-2",
        "full_width": true,
        "padding_top": 40,
        "padding_bottom": 0,
        "css_class": "medium-hide large-up-hide",
        "custom_css": "",
        "custom_css_mobile": ""
      }
    },
    "71c65304-ad28-4067-ac6b-d15969a441ca": {
      "type": "video",
      "settings": {
        "heading": "",
        "heading_size": "h1",
        "heading_color": "color-scheme",
        "cover_image": "shopify:\/\/shop_images\/TGFD_HormoneBasics_Optin-video2.jpg",
        "video_url_metafield": "",
        "video_url": "https:\/\/youtu.be\/wKHjcPbKgTk",
        "description": "Video 2: How do our hormones change as we age?",
        "transcript": "",
        "full_width": false,
        "color_scheme": "background-2",
        "padding_top": 36,
        "padding_bottom": 36,
        "css_class": "large-up-hide medium-hide",
        "custom_css": "",
        "custom_css_mobile": ""
      }
    },
    "9a0c9f63-52cf-4bf2-aed8-b24b20b339fb": {
      "type": "rich-text",
      "blocks": {
        "416a8fff-7709-4035-ba5a-c58b9ad3e629": {
          "type": "text",
          "settings": {
            "text": "<h2><strong>Video #3<br\/>Mood, Memory & Hormones<\/strong><\/h2><p><strong>(5 mins)<\/strong><\/p><p>Midlife brings neurologic, endocrine, and gynecologic symptoms. Learn what these are and how to navigate this period to improve the quality of your life, health, and relationships.<\/p>",
            "text_alignment": "center",
            "text_size": "p",
            "css_class": ""
          }
        }
      },
      "block_order": [
        "416a8fff-7709-4035-ba5a-c58b9ad3e629"
      ],
      "custom_css": [
        "h2 {margin: 0; color: rgb(var(--color-base-accent-1));}",
        "h2:first-line {color: black; font-size: smaller; font-size: calc(var(--font-heading-scale) * 1.7rem);}",
        "p {margin-top: 0;}",
        "p:last-child {margin-bottom: 0;}",
        "p strong {font-size: calc(var(--font-heading-scale) * 1.15rem);}"
      ],
      "settings": {
        "anchor_id": "",
        "color_scheme": "background-2",
        "full_width": true,
        "padding_top": 40,
        "padding_bottom": 0,
        "css_class": "medium-hide large-up-hide",
        "custom_css": "",
        "custom_css_mobile": ""
      }
    },
    "04175ac4-6886-47b2-85f4-2035368d9458": {
      "type": "video",
      "settings": {
        "heading": "",
        "heading_size": "h1",
        "heading_color": "color-scheme",
        "cover_image": "shopify:\/\/shop_images\/TGFD_HormoneBasics_Optin-video3.jpg",
        "video_url_metafield": "",
        "video_url": "https:\/\/youtu.be\/QyIdgwk17vw",
        "description": "Video 3: How do hormones change how we feel?",
        "transcript": "",
        "full_width": false,
        "color_scheme": "background-2",
        "padding_top": 36,
        "padding_bottom": 36,
        "css_class": "large-up-hide medium-hide",
        "custom_css": "",
        "custom_css_mobile": ""
      }
    },
    "5a4c7923-a2dc-441c-8004-3bf05b1e9e1c": {
      "type": "custom-liquid",
      "custom_css": [
        "#media-container p {font-size: 1.2em; margin-bottom: 1em;}",
        "#media-container a {display: block; max-width: 85%; margin: auto;}",
        "p {text-align: center; margin: 0.25em 0px;}",
        ".video-summary {text-align: center;}",
        "h2 {margin: 0;}",
        "h2,.h3,.h4,.h5 {display: block; margin: 0px 0px; color: black; font-weight: 500;}",
        ".video-gallery:before {display: block; width: 100%; border-top: 1px solid; margin: 2rem auto 1rem;}",
        ".thumbnail {margin: 0.5em 0; margin-bottom: 10px;}"
      ],
      "settings": {
        "anchor_id": "",
        "custom_liquid": "<script src=\"https:\/\/www.youtube.com\/iframe_api\"><\/script>\n<style>\n  .prod-banner {\n    max-width: 100%;\n    height: auto;\n    margin: 7em auto 0;\n  }\n\n  .video-gallery {\n    display: flex;\n    justify-content: space-evenly;\n    flex-direction: column;\n  }\n\n  .video-wrapper {\n    position: relative;\n    padding-bottom: 56.25%;\n  }\n\n  #video-container {\n    position: absolute;\n    margin: auto;\n  }\n\n  #sidebar {\n    flex-basis: 25%;\n  }\n\n  .switcher {\n    display: flex;\n    flex-direction: row;\n    flex-wrap: wrap;\n    row-gap: 2em;\n    column-gap: 1em;\n  }\n\n  .thumbnail img {\n    width: 100%;\n    border: 3px solid white;\n  }\n\n  .thumbnail.selected img {\n    border-color: rgb(var(--color-base-accent-1));\n  }\n\n  @media screen and (min-width: 650px) and (max-width: 1099px) {\n    .video-summary {\n      flex-basis: calc((100% \/ 3) - 1em);\n      min-width: 190px;\n      flex-grow: 1;\n    }\n  }\n\n  @media screen and (min-width: 1100px) {\n    #media-container {\n      flex-basis: calc((100% - 465px) - 6em);\n    }\n\n    #sidebar {\n      flex-basis: 465px;\n    }\n\n    .switcher {\n      flex-direction: column;\n    }\n\n    .video-gallery {\n      flex-direction: row;\n      column-gap: 2rem;\n    }\n\n  }\n\n  @media screen and (max-width: 1099px) {\n\n    #sidebar>p {\n      padding-top: 2em;\n    }\n  }\n<\/style>\n<div class=\"video-gallery page-width\">\n\n  <div id=\"media-container\" aria-live=\"polite\">\n    <div class=\"video-summary\">\n      <h2><span class=\"h3\">Intro Video<\/span>\n        <span>About This Training<\/span>\n      <\/h2>\n      <p>Start here if you didn't watch this video on the previous page.<\/p>\n    <\/div>\n    <div class=\"video-wrapper\">\n      <div id=\"video-container\"><\/div>\n      <button id=\"Deferred-Poster-Modal\" class=\"video-section__poster media deferred-media__poster media--landscape\"\n        type=\"button\"><img\n          src=\"https:\/\/cdn.shopify.com\/s\/files\/1\/0524\/5661\/files\/TGFD_HormoneBasics_Optin_page_zero.jpg?width=790\"\n          alt=\"Play introduction video\"><span class=\"deferred-media__poster-button motion-reduce\">\n          <svg xmlns=\"http:\/\/www.w3.org\/2000\/svg\" aria-hidden=\"true\" focusable=\"false\" role=\"presentation\"\n            class=\"icon icon-play\" fill=\"none\" viewBox=\"0 0 10 14\">\n            <path fill-rule=\"evenodd\" clip-rule=\"evenodd\"\n              d=\"M1.48177 0.814643C0.81532 0.448245 0 0.930414 0 1.69094V12.2081C0 12.991 0.858787 13.4702 1.52503 13.0592L10.5398 7.49813C11.1918 7.09588 11.1679 6.13985 10.4965 5.77075L1.48177 0.814643Z\"\n              fill=\"currentColor\"><\/path>\n          <\/svg>\n        <\/span>\n      <\/button>\n    <\/div>\n\n    <a href=\"\/pages\/offers-menopause-kit-sales\" class=\"medium-hide link link--text focus-inset\">\n      <img class=\"prod-banner\"\n        srcset=\"\/\/drannacabeca.com\/cdn\/shop\/files\/TGFD_HormoneOptin-02.jpg?v=1687201878&amp;width=165 165w,\/\/drannacabeca.com\/cdn\/shop\/files\/TGFD_HormoneOptin-02.jpg?v=1687201878&amp;width=360 360w,\/\/drannacabeca.com\/cdn\/shop\/files\/TGFD_HormoneOptin-02.jpg?v=1687201878&amp;width=535 535w,\/\/drannacabeca.com\/cdn\/shop\/files\/TGFD_HormoneOptin-02.jpg?v=1687201878&amp;width=750 750w,\/\/drannacabeca.com\/cdn\/shop\/files\/TGFD_HormoneOptin-02.jpg?v=1687201878&amp;width=1070 1070w,\/\/drannacabeca.com\/cdn\/shop\/files\/TGFD_HormoneOptin-02.jpg?v=1687201878&amp;width=1500 1500w,\/\/drannacabeca.com\/cdn\/shop\/files\/TGFD_HormoneOptin-02.jpg?v=1687201878 2100w\"\n        src=\"\/\/drannacabeca.com\/cdn\/shop\/files\/TGFD_HormoneOptin-02.jpg?v=1687201878&amp;width=1500\"\n        sizes=\"calc(100vw - 50px)\" alt=\"The Menopause Kit. Because suffering is optional. Reset your hormones\" loading=\"lazy\" width=\"2100\" height=\"1982\">\n    <\/a>\n  <\/div>\n\n  <aside id=\"sidebar\">\n    <p>Click on each video to watch it<\/p>\n    <div class=\"switcher\">\n      <div class=\"video-summary\">\n        <a class=\"thumbnail selected\" href=\"#media-container\">\n          <img src=\"https:\/\/cdn.shopify.com\/s\/files\/1\/0524\/5661\/files\/TGFD_HormoneBasics_Optin-video1.jpg?width=300\"\n            alt=\"Switch to video 1\">\n        <\/a>\n        <h3><span class=\"visually-hidden\">Summary for <\/span><span class=\"h5\">Video #1<\/span>\n          <span class=\"h3\">Understand Your Hormones<\/span>\n          <span class=\"h5\">(3.5 mins)<\/span>\n        <\/h3>\n        <p>Learn how the 200+ hormones in your body interact, and the hormone hierarchy that governs&nbsp;them.<\/p>\n      <\/div>\n\n      <div class=\"video-summary\">\n        <a class=\"thumbnail\" href=\"#media-container\">\n          <img src=\"https:\/\/cdn.shopify.com\/s\/files\/1\/0524\/5661\/files\/TGFD_HormoneBasics_Optin-video2.jpg?width=300\"\n            alt=\"Switch to video 2\">\n        <\/a>\n        <h3><span class=\"visually-hidden\">Summary for <\/span><span class=\"h5\">Video #2<\/span>\n          <span class=\"h3\">How Hormones Change with Time<\/span>\n          <span class=\"h5\">(4 mins)<\/span>\n        <\/h3>\n        <p>There are two periods of tremendous hormonal fluctuation in a woman’s life: puberty and menopause. Learn\n          how these fluctuations affect our mood and overall&nbsp;health.<\/p>\n      <\/div>\n\n      <div class=\"video-summary\">\n        <a class=\"thumbnail\" href=\"#media-container\">\n          <img src=\"https:\/\/cdn.shopify.com\/s\/files\/1\/0524\/5661\/files\/TGFD_HormoneBasics_Optin-video3.jpg?width=300\"\n            alt=\"Switch to video 3\">\n        <\/a>\n        <h3><span class=\"visually-hidden\">Summary for <\/span><span class=\"h5\">Video #3<\/span>\n          <span class=\"h3\">Mood, Memory & Hormones<\/span>\n          <span class=\"h5\">(5 mins)<\/span>\n        <\/h3>\n        <p>Midlife brings neurologic, endocrine, and gynecologic symptoms. Learn what these are and how to navigate\n          this\n          period to improve the quality of your life, health, and&nbsp;relationships.<\/p>\n      <\/div>\n    <\/div>\n<\/div>\n<\/div>\n\n<script>\n  var player;\n  var videoIds = ['tuBvsAiB1fw', 'wKHjcPbKgTk', 'QyIdgwk17vw'];\n  var thumbnails = document.querySelectorAll('.thumbnail');\n\n  function onYouTubeIframeAPIReady() {\n    player = new YT.Player('video-container', {\n      height: '100%',\n      width: '100%',\n      videoId: 'YsAYGuXb2BE',\n      playerVars: {\n        autoplay: 0,\n        controls: 1,\n        modestbranding: 1,\n        rel: 0,\n        showinfo: 0\n      },\n      events: {\n        onReady: onPlayerReady\n      }\n    });\n  }\n\n  function onPlayerReady(event) {\n    thumbnails.forEach(function (thumbnail, index) {\n      thumbnail.addEventListener('click', function () {\n        let tgt = document.getElementById('media-container')\n        tgt.querySelector('h2 .h3').innerHTML = this.parentElement.querySelector('h3 .h5').innerHTML\n        tgt.querySelector('h2 span + span').innerHTML = this.parentElement.querySelector('h3 .h3').innerHTML\n        tgt.querySelector('p').innerHTML = this.parentElement.querySelector('p:last-child').innerHTML\n        var videoId = videoIds[index];\n        document.getElementById('Deferred-Poster-Modal').style.display = 'none';\n        player.loadVideoById(videoId);\n\n        thumbnails.forEach(function (thumb) {\n          thumb.classList.remove('selected');\n        });\n\n        thumbnail.classList.add('selected');\n      });\n    });\n\n    let cover = document.getElementById('Deferred-Poster-Modal')\n    cover.style.display = 'block';\n\n    cover.addEventListener('click', function () {\n      player.playVideo();\n      cover.style.display = 'none';\n    });\n  }\n<\/script>",
        "color_scheme": "background-2",
        "padding_top": 0,
        "padding_bottom": 52,
        "css_class": "small-hide",
        "custom_css": ".deferred-media__poster-button {\n  background-color: rgb(var(--color-base-accent-1));\ncolor: white; }",
        "custom_css_mobile": ""
      }
    },
    "d62584b1-9066-4572-bf2f-85bd030ea592": {
      "type": "image",
      "settings": {
        "image": "shopify:\/\/shop_images\/TGFD_HormoneOptin-01.jpg",
        "mobile_image": "shopify:\/\/shop_images\/TGFD_HormoneOptin-02.jpg",
        "max_width": 0,
        "color_scheme": "background-2",
        "link": "shopify:\/\/pages\/offers-menopause-kit-sales",
        "padding_top": 24,
        "padding_bottom": 16,
        "css_class": "large-up-hide",
        "custom_css": "",
        "custom_css_mobile": ""
      }
    },
    "66f06729-5c18-46dc-aaf5-ea0a1c7e4b34": {
      "type": "image",
      "settings": {
        "image": "shopify:\/\/shop_images\/TGFD_HormoneBasics_Optin-13.jpg",
        "mobile_image": "shopify:\/\/shop_images\/TGFD_HormoneBasics_Optin-14.jpg",
        "max_width": 0,
        "color_scheme": "background-2",
        "link": "shopify:\/\/pages\/offers-julva-trial-pack",
        "padding_top": 36,
        "padding_bottom": 56,
        "css_class": "",
        "custom_css": "",
        "custom_css_mobile": ""
      }
    },
    "ec51d548-bf8f-4f19-8295-3a6899e98296": {
      "type": "collage",
      "disabled": true,
      "blocks": {
        "template--14523125465143__ec51d548-bf8f-4f19-8295-3a6899e98296-168720187942be3e49-0": {
          "type": "video",
          "settings": {
            "cover_image": "shopify:\/\/shop_images\/TGFD_HormoneBasics_Optin-video1.jpg",
            "video_url": "https:\/\/youtu.be\/tuBvsAiB1fw",
            "description": "Describe the video",
            "image_padding": false
          }
        },
        "f17a050a-937d-4c99-be88-99b3ce73d909": {
          "type": "video",
          "settings": {
            "cover_image": "shopify:\/\/shop_images\/TGFD_HormoneBasics_Optin-video2.jpg",
            "video_url": "https:\/\/youtu.be\/wKHjcPbKgTk",
            "description": "Describe the video",
            "image_padding": false
          }
        },
        "636514e6-c698-41bb-844f-5e91ad1893b6": {
          "type": "video",
          "settings": {
            "cover_image": "shopify:\/\/shop_images\/TGFD_HormoneBasics_Optin-video3.jpg",
            "video_url": "https:\/\/youtu.be\/QyIdgwk17vw",
            "description": "Describe the video",
            "image_padding": false
          }
        }
      },
      "block_order": [
        "template--14523125465143__ec51d548-bf8f-4f19-8295-3a6899e98296-168720187942be3e49-0",
        "f17a050a-937d-4c99-be88-99b3ce73d909",
        "636514e6-c698-41bb-844f-5e91ad1893b6"
      ],
      "settings": {
        "heading": "Multimedia collage",
        "heading_size": "h1",
        "desktop_layout": "left",
        "mobile_layout": "collage",
        "color_scheme": "background-1",
        "padding_top": 36,
        "padding_bottom": 36
      }
    }
  },
  "order": [
    "main",
    "1640097424c2f7eec2",
    "77ada822-4af9-4698-a100-9de2fcd7c944",
    "c65a07b3-cc9e-40a9-88c2-c551f251ac0b",
    "99378f83-4bc9-429c-8c56-f82acf7a7e62",
    "3812188f-ff71-460e-84be-e8cd7d449c27",
    "ffa2c7b0-44fa-439a-8fe8-51e40a25fd7c",
    "145fe95c-bc8d-466d-9b23-b8cd21fa23ae",
    "95740ac7-3796-4ea0-8fa0-09ceeddda1a1",
    "71c65304-ad28-4067-ac6b-d15969a441ca",
    "9a0c9f63-52cf-4bf2-aed8-b24b20b339fb",
    "04175ac4-6886-47b2-85f4-2035368d9458",
    "5a4c7923-a2dc-441c-8004-3bf05b1e9e1c",
    "d62584b1-9066-4572-bf2f-85bd030ea592",
    "66f06729-5c18-46dc-aaf5-ea0a1c7e4b34",
    "ec51d548-bf8f-4f19-8295-3a6899e98296"
  ]
}
