{"layout":"theme-offer-page","sections":{"16462238058b508f23":{"type":"header-offer-page","blocks":{"2d234c6a-ad15-4b01-b895-79b7c0f04cdf":{"type":"custom_colors","settings":{"colors_solid_button_labels":"","colors_accent_1":"#80b64d","gradient_accent_1":"","colors_accent_2":"#0f888a","gradient_accent_2":"","colors_accent_3":"rgba(0,0,0,0)","colors_accent_4":"#813859","colors_text":"","colors_outline_button_labels":"","colors_background_1":"","gradient_background_1":"","colors_background_2":"rgba(0,0,0,0)","gradient_background_2":""}},"6053d1c6-6467-4b7c-9561-3029c15025f7":{"type":"countdown_timer","disabled":true,"settings":{"title":"Save up to 30%:","end_date_time":"Aug 17, 2024 3:00:00 GMT-0400","first_countdown":true,"color_scheme":"background-1","padding_top":40,"padding_bottom":52,"css_class":""}},"a1b6a66b-1b0f-41ae-8dfb-cc9a349f7fb1":{"type":"countdown_timer","disabled":true,"settings":{"title":"Sale Extended!","end_date_time":"May 18, 2024 3:00:00 GMT-0400","first_countdown":true,"color_scheme":"background-1","padding_top":40,"padding_bottom":52,"css_class":""}},"image_KTybfF":{"type":"image","settings":{"image":"shopify:\/\/shop_images\/TGFD_Logo.png","max_width":225,"css_class":"header__heading"}},"countdown_timer_kn6RFW":{"type":"countdown_timer","disabled":true,"settings":{"title":"Ends In:","end_date_time":"Jan 4, 2025 03:00:00 GMT-0500","first_countdown":true,"color_scheme":"background-1","padding_top":36,"padding_bottom":0,"css_class":""}}},"block_order":["2d234c6a-ad15-4b01-b895-79b7c0f04cdf","6053d1c6-6467-4b7c-9561-3029c15025f7","a1b6a66b-1b0f-41ae-8dfb-cc9a349f7fb1","image_KTybfF","countdown_timer_kn6RFW"],"custom_css":[],"settings":{"color_scheme":"accent-1","display_logo":false,"enable_logo_link":false,"logo_color":"white","show_line_separator":false,"enable_sticky_header":true,"margin_bottom":0,"css_class":"","custom_css":".header--offer-page {\ngrid-template-columns: 15% auto var(--cart-width); }","custom_css_mobile":".header--offer-page {\ngrid-template-columns: 30% auto var(--cart-width); }"}},"1664220002eb81770c":{"type":"multicolumn","blocks":{"914083e4-ebbe-4ddb-aaf7-f7886847c9ab":{"type":"custom_liquid","settings":{"custom_liquid":"<script>\n    document.addEventListener(\"DOMContentLoaded\", (event) => {\n      let q = new URLSearchParams(window.location.search);\n      let t = document.querySelector('.' + q.get('bonus'));\n      if (t) {\n        t.style.display = 'block';\n      }\n    });\n  <\/script>","css_class":""}},"73265631-bf1e-4493-922f-2d21634eb1d3":{"type":"column","settings":{"title":"","heading_color":"color-scheme","text":"<p><\/p>","link_label":"Access Your Book Bonuses!","link":"https:\/\/book.ketogreendiet.com\/book-bonuses-page","button_color":"color-scheme","css_class":"bonuses"}}},"block_order":["914083e4-ebbe-4ddb-aaf7-f7886847c9ab","73265631-bf1e-4493-922f-2d21634eb1d3"],"settings":{"anchor_id":"","title":"","text":"","heading_size":"h1","heading_color":"color-scheme","text_size":"p","column_heading_size":"h3","column_text_size":"p","image_width":"full","image_ratio":"adapt","columns_desktop":1,"column_alignment":"center","column_link_type":"button","background_style":"none","button_label":"","button_link":"","button_color":"color-scheme","color_scheme":"background-2","width":"page-width","internal_padding":"true","columns_mobile":"1","swipe_on_mobile":false,"padding_top":0,"padding_bottom":0,"css_class":"","custom_css":".button {\ncolor:#fffff;\nfont-size:30px;\npadding:10px 25px;\n}\n.bonuses {\ndisplay: none;\n  }","custom_css_mobile":".button {\ncolor:#ffffff;\nfont-size:16px;\npadding:10px 25px;\n}"}},"165693170843cac016":{"type":"image-banner","settings":{"image":"shopify:\/\/shop_images\/TGFD_KetoGreen16Challenge_LandingpageJan_25--27.jpg","mobile_image":"shopify:\/\/shop_images\/TGFD_KetoGreen16Challenge_LandingpageJan_25--26.jpg","link":"","image_overlay_opacity":0,"image_height":"medium","adapt_height_first_image":true,"desktop_content_position":"middle-center","show_text_box":true,"desktop_content_alignment":"center","color_scheme":"background-1","mobile_content_alignment":"center","stack_images_on_mobile":true,"show_text_below":true,"css_class":"","custom_css":"","custom_css_mobile":""}},"image_with_text_qc9PYR":{"type":"image-with-text","blocks":{"text_kTQA89":{"type":"text","settings":{"text":"<p>Recharge your energy with a &lt;i&gt;16-day Reset&lt;\/i&gt;<\/p>","text_style":"body","css_class":"top"}},"text_8hhatc":{"type":"text","settings":{"text":"<p><em>Awaken your mind • Nourish your body • Boost energy • Lose weight • Clear brain fog<\/em><\/p>","text_style":"body","css_class":"mid"}},"text_7WMTdD":{"type":"text","settings":{"text":"<p><strong>Do the challenge on your own, at any time... <\/strong>or join the next group challenge, <span style=\"text-decoration:underline\">Summer 2025.<\/span><\/p>","text_style":"body","css_class":"bottom"}},"button_qnUVR4":{"type":"button","settings":{"button_label":"join the challenge","button_link":"#join","button_color":"color-scheme","css_class":"but"}}},"block_order":["text_kTQA89","text_8hhatc","text_7WMTdD","button_qnUVR4"],"settings":{"anchor_id":"","image":"shopify:\/\/shop_images\/TGFD_KetoGreen16Challenge_LandingpageJan_25-28.jpg","height":"adapt","desktop_image_width":"medium","layout":"text_first","desktop_content_position":"top","desktop_content_alignment":"left","content_layout":"no-overlap","color_scheme":"background-1","width":"page-width","internal_padding":"false","mobile_layout":"image_top","mobile_content_alignment":"left","padding_top":0,"padding_bottom":0,"css_class":"","custom_css":".page-width {\n        padding: 0 0rem;\n    }\n\n.image-with-text__grid--reverse .image-with-text__content{background-color:#00989B;}\n\n.image-with-text{background-color:#00989B;}\n\n.top{color:white;\nfont-size:35px;\ntransform: translateX(30px);}\n\ni{font-weight:500;}\n\n.mid{color:white;\ntransform: translateY(-20px);\ntransform: translateX(30px);}\n\n.bottom{color:white;\ntransform: translateY(-20px);\ntransform: translateX(30px);}\n\n.but{transform: translateY(-20px);\ntransform: translateX(30px);}","custom_css_mobile":".image-with-text .grid{display:none;}"}},"16461663454a306e26":{"type":"rich-text","blocks":{"1646166345821458f3-0":{"type":"heading","settings":{"heading":"Recharge your energy with a 16-day Reset","heading_size":"h2","heading_alignment":"center","heading_color":"color-scheme","css_class":"","heading_divider":false}},"677b55ef-92c6-4d96-8032-b45c4155631d":{"type":"text","settings":{"text":"<p><em>Awaken your mind • Nourish your body • Boost energy • Lose weight • Clear brain fog<\/em><\/p>","text_alignment":"center","text_size":"h4","css_class":""}},"34514eac-7c28-425c-9d3d-f03e04c7617f":{"type":"text","settings":{"text":"<p><strong>Do the challenge on your own, at any time, <\/strong>or join the next group challenge, January 2025.<\/p>","text_alignment":"center","text_size":"h4","css_class":"larger"}},"1d858806-cc49-436a-8820-9ee1faa342f4":{"type":"text","disabled":true,"settings":{"text":"<p><strong>We Begin August 26th<\/strong><\/p><p>(Prep Week Starts August 19th)<\/p>","text_alignment":"center","text_size":"h4","css_class":"larger"}},"59700e86-19ac-4cac-8030-548453ed5e52":{"type":"button","settings":{"button_label":"Join the Challenge","button_link":"#join","button_style_secondary":false,"button_alignment":"center","button_color":"accent-1","css_class":""}}},"block_order":["1646166345821458f3-0","677b55ef-92c6-4d96-8032-b45c4155631d","34514eac-7c28-425c-9d3d-f03e04c7617f","1d858806-cc49-436a-8820-9ee1faa342f4","59700e86-19ac-4cac-8030-548453ed5e52"],"settings":{"anchor_id":"","color_scheme":"accent-2","full_width":true,"padding_top":24,"padding_bottom":24,"css_class":"","custom_css":".h4 { margin-top: .5em; }\n.larger strong { font-size: 1.2em; display: block; margin: .7em 0 .15em;}\n\n.rich-text.rich-text--full-width{\n    display: none;\n}","custom_css_mobile":".larger { border-top: 1px solid white; margin-top: 1em}\n\n.rich-text.rich-text--full-width{\n        display: block;}"}},"main":{"type":"main-page","disabled":true,"settings":{"display_title":true,"color_scheme":"background-1","padding_top":28,"padding_bottom":28,"css_class":"","custom_css":"","custom_css_mobile":""}},"rich_text_WwCMDR":{"type":"rich-text","blocks":{"heading_yPPULa":{"type":"heading","settings":{"heading":"What is The Keto-Green 16 Challenge?","heading_size":"h2","heading_alignment":"center","heading_color":"color-scheme","css_class":"","heading_divider":false}},"text_YQ4x8E":{"type":"text","settings":{"text":"<p>Based on my best-selling book <em>Keto-Green 16<\/em>, the challenge is a chance to apply the book’s principles with support from me, my team, and the entire Keto-Green community. But here’s the real magic of it…<\/p>","text_alignment":"left","text_size":"p","css_class":""}}},"block_order":["heading_yPPULa","text_YQ4x8E"],"settings":{"anchor_id":"","color_scheme":"background-1","full_width":false,"padding_top":52,"padding_bottom":0,"css_class":"","custom_css":"h2{text-align:left;\ncolor:#00989B;}","custom_css_mobile":""}},"image_with_text_iCy8qr":{"type":"image-with-text","blocks":{"text_jeCMa7":{"type":"text","settings":{"text":"<p>Based on my best-selling book <em>Keto-Green 16<\/em>, the challenge is a chance to apply the book’s principles with support from me, my team, and the entire Keto-Green community. But here’s the real magic of it…<\/p><p>By participating, you’re challenging yourself to something bigger than healthy eating. You’re challenging everything that holds you back—old stories, limiting beliefs, and your mindset. You may notice physical changes, create better habits, discover new healthy recipes you love, or finally keep a promise to yourself. <\/p><p>For 16 days, you’ll replenish your body, boost oxytocin, and reconnect to your highest self.<\/p><p>Your highest self understands that your body is a wondrous gift. She is empowered in her health and life. She is joyful, comfortable, confident, connected to others, and knows her desires. Most of all, she lives at the highest frequency of all: self‑love.<\/p><p>What better way to kick off the fall?  <\/p>","text_style":"body","css_class":""}}},"block_order":["text_jeCMa7"],"settings":{"anchor_id":"","image":"shopify:\/\/shop_images\/TGFD_KetoGreen16Challenge_LandingpageJan_25-19.png","height":"adapt","desktop_image_width":"small","layout":"text_first","desktop_content_position":"top","desktop_content_alignment":"left","content_layout":"no-overlap","color_scheme":"background-1","width":"rich-text-width","internal_padding":"false","mobile_layout":"text_top","mobile_content_alignment":"left","padding_top":0,"padding_bottom":0,"css_class":"","custom_css":"img{width:100%;\nobject-fit:scale-down;\n}","custom_css_mobile":""}},"1654342987b12a4c39":{"type":"multicolumn","blocks":{"1654342987af5fde1e-0":{"type":"column","settings":{"image":"shopify:\/\/shop_images\/TGFD_KetoGreen16Challenge_Landingpage_revise-04.png","title":"Intermittent Fasting","heading_color":"foreground","text":"<p>Commit to a fasting window to rest, rebalance, and restore<\/p>","link_label":"","link":"","button_color":"color-scheme","css_class":""}},"1654342987af5fde1e-1":{"type":"column","settings":{"image":"shopify:\/\/shop_images\/TGFD_KetoGreen16Challenge_Landingpage_revise-05_1.png","title":"Mighty Maca","heading_color":"foreground","text":"<p>Start the day with this alkalizing superfood drink<\/p>","link_label":"","link":"","button_color":"color-scheme","css_class":""}},"1654342987af5fde1e-2":{"type":"column","settings":{"image":"shopify:\/\/shop_images\/TGFD_KetoGreen16Challenge_Landingpage_revise-06_1.png","title":"Lunch","heading_color":"foreground","text":"<p>Choose a nutrient-dense Keto-Green shake recipe for lunch<\/p>","link_label":"","link":"","button_color":"color-scheme","css_class":""}},"f7d3aa7a-87f4-4dda-917e-aa36a7d4d4cc":{"type":"column","settings":{"image":"shopify:\/\/shop_images\/TGFD_KetoGreen16Challenge_Landingpage_revise-07_1.png","title":"Dinner","heading_color":"foreground","text":"<p>Enjoy a filling, flavorful Keto-Green dinner using a recipe from the book<\/p>","link_label":"","link":"","button_color":"color-scheme","css_class":""}},"5d112505-2b55-454b-91bb-5f1ef13e2d55":{"type":"column","settings":{"image":"shopify:\/\/shop_images\/TGFD_KetoGreen16Challenge_Landingpage_revise-08_1.png","title":"Test, don't guess","heading_color":"foreground","text":"<p>Check your ketosis status daily with the test strips & app<\/p>","link_label":"","link":"","button_color":"color-scheme","css_class":""}}},"block_order":["1654342987af5fde1e-0","1654342987af5fde1e-1","1654342987af5fde1e-2","f7d3aa7a-87f4-4dda-917e-aa36a7d4d4cc","5d112505-2b55-454b-91bb-5f1ef13e2d55"],"settings":{"anchor_id":"","title":"How it Works","text":"<p>YOUR 16-DAY PLAN<\/p>","heading_size":"h1","heading_color":"accent-1","text_size":"h4","column_heading_size":"h4","column_text_size":"p","image_width":"full","image_ratio":"adapt","columns_desktop":5,"column_alignment":"center","column_link_type":"button","background_style":"none","button_label":"Join the Challenge","button_link":"#join","button_color":"accent-1","color_scheme":"background-2","width":"page-width","internal_padding":"true","columns_mobile":"2","swipe_on_mobile":false,"padding_top":36,"padding_bottom":80,"css_class":"","custom_css":".multicolumn-card__image-wrapper { max-width: 330px; margin: 0 auto; }\nh3 { font-size: 1.1em; font-weight: var(--font-body-weight-bold); }\n.background-none .grid--2-col-tablet .multicolumn-list__item { margin-bottom: 0; }","custom_css_mobile":""}},"7c01535e-9131-41bd-9851-53bbe3de6dec":{"type":"slideshow","blocks":{"template--14453756788791__7c01535e-9131-41bd-9851-53bbe3de6dec-16728327213645f916-0":{"type":"slide","settings":{"image":"shopify:\/\/shop_images\/TGFD_KetoGreen16Challenge_LandingpageJan_25-08.jpg","mobile_image":"shopify:\/\/shop_images\/TGFD_KetoGreen16Challenge_LandingpageJan_25-13.jpg","heading":"","heading_size":"h1","subheading":"","button_label":"","link":"","button_style_secondary":false,"box_align":"middle-center","show_text_box":false,"text_alignment":"center","image_overlay_opacity":0,"color_scheme":"background-1","text_alignment_mobile":"center"}},"template--14453756788791__7c01535e-9131-41bd-9851-53bbe3de6dec-16728327213645f916-1":{"type":"slide","settings":{"image":"shopify:\/\/shop_images\/TGFD_KetoGreen16Challenge_LandingpageJan_25-09.jpg","mobile_image":"shopify:\/\/shop_images\/TGFD_KetoGreen16Challenge_LandingpageJan_25-14.jpg","heading":"","heading_size":"h1","subheading":"","button_label":"","link":"","button_style_secondary":false,"box_align":"middle-center","show_text_box":false,"text_alignment":"center","image_overlay_opacity":0,"color_scheme":"background-1","text_alignment_mobile":"center"}},"0984b513-2914-4920-868a-1fd70b365eac":{"type":"slide","settings":{"image":"shopify:\/\/shop_images\/TGFD_KetoGreen16Challenge_LandingpageJan_25-10.jpg","mobile_image":"shopify:\/\/shop_images\/TGFD_KetoGreen16Challenge_LandingpageJan_25-15.jpg","heading":"","heading_size":"h1","subheading":"","button_label":"","link":"","button_style_secondary":false,"box_align":"middle-center","show_text_box":false,"text_alignment":"center","image_overlay_opacity":0,"color_scheme":"background-1","text_alignment_mobile":"center"}},"86c282c6-cfc9-434a-9a53-ef0484c6247a":{"type":"slide","settings":{"image":"shopify:\/\/shop_images\/TGFD_KetoGreen16Challenge_LandingpageJan_25-11.jpg","mobile_image":"shopify:\/\/shop_images\/TGFD_KetoGreen16Challenge_LandingpageJan_25-16.jpg","heading":"","heading_size":"h1","subheading":"","button_label":"","link":"","button_style_secondary":false,"box_align":"middle-center","show_text_box":false,"text_alignment":"center","image_overlay_opacity":0,"color_scheme":"background-1","text_alignment_mobile":"center"}}},"block_order":["template--14453756788791__7c01535e-9131-41bd-9851-53bbe3de6dec-16728327213645f916-0","template--14453756788791__7c01535e-9131-41bd-9851-53bbe3de6dec-16728327213645f916-1","0984b513-2914-4920-868a-1fd70b365eac","86c282c6-cfc9-434a-9a53-ef0484c6247a"],"settings":{"layout":"full_bleed","slide_height":"adapt_image","slider_visual":"dots","auto_rotate":true,"change_slides_speed":5,"show_text_below":true,"accessibility_info":"Testimonial Slideshow","css_class":"","custom_css":".slider-button { color: rgb(var(--color-base-accent-1)); }\n.dot { border-color: rgb(var(--color-base-accent-1)); }\n.slider-counter__link--active .dot { background-color: rgb(var(--color-base-accent-1)); }\n.slideshow__autoplay path { fill: rgb(var(--color-base-accent-1)); }\n\n.slideshow__controls {\n    position: absolute;\n    z-index: 999;\n    bottom: 3em;\n    right: 0;\n    width: calc(50% + 40px);\n}","custom_css_mobile":".slideshow__controls { width: 100%; }"}},"165434335589c58515":{"type":"rich-text","blocks":{"165434335569444dc8-0":{"type":"heading","disabled":true,"settings":{"heading":"Get Your Quick Start Kit For 15% OFF","heading_size":"h1","heading_alignment":"center","heading_color":"color-scheme","css_class":"","heading_divider":false}},"heading_xUfiQh":{"type":"heading","settings":{"heading":"Get Your Quick Start Kit For 15% OFF","heading_size":"h1","heading_alignment":"center","heading_color":"color-scheme","css_class":"","heading_divider":false}},"8ef00083-6ca2-4d9f-9ad4-20c197b01225":{"type":"text","settings":{"text":"<p>Everything you need to get started on the Keto-Green 16 Challenge.<\/p>","text_alignment":"center","text_size":"h4","css_class":""}},"75133bad-f195-400b-b0f3-0ce10e3cd682":{"type":"text","disabled":true,"settings":{"text":"<p>↑ Standard Discount Message<\/p>","text_alignment":"center","text_size":"p","css_class":"hidden"}}},"block_order":["165434335569444dc8-0","heading_xUfiQh","8ef00083-6ca2-4d9f-9ad4-20c197b01225","75133bad-f195-400b-b0f3-0ce10e3cd682"],"settings":{"anchor_id":"","color_scheme":"accent-2","full_width":true,"padding_top":40,"padding_bottom":52,"css_class":"","custom_css":"","custom_css_mobile":""}},"164616622356f72eeb":{"type":"image-with-text","blocks":{"1646166223b6760f4c-0":{"type":"heading","settings":{"heading":"Keto-Green Shake Mix","heading_size":"h2","heading_color":"accent-2","css_class":""}},"1646166223b6760f4c-1":{"type":"text","settings":{"text":"<p>This all-in-one revitalizing meal replacement contains the perfect blend of plant-based protein, clean fats, alkalizing greens, and antioxidant superfoods that...<\/p>","text_style":"body","css_class":""}},"5cc900b8-f1f5-466a-abf2-ebfa1bc57071":{"type":"list","settings":{"list_items":"<p>Supports strength + feeds your body what it needs<\/p><p>Boosts energy with superfoods instead of stimulants<\/p><p>Curbs cravings and keeps you feeling satisfied<\/p><p>Fights inflammation and supports detoxification<\/p>","list_style_type":"bullets","text_alignment":"left","css_class":""}}},"block_order":["1646166223b6760f4c-0","1646166223b6760f4c-1","5cc900b8-f1f5-466a-abf2-ebfa1bc57071"],"settings":{"anchor_id":"","image":"shopify:\/\/shop_images\/TGFD_KetoGreen16Challenge_LandingpageJan_25-20.png","height":"adapt","desktop_image_width":"medium","layout":"text_first","desktop_content_position":"top","desktop_content_alignment":"left","content_layout":"no-overlap","color_scheme":"background-2","width":"page-width","internal_padding":"true","mobile_layout":"image_top","mobile_content_alignment":"left","padding_top":16,"padding_bottom":0,"css_class":"dac-allow-media-resize","custom_css":"h2{font-size:30px;}\n.section-template--14554231865399__164616622356f72eeb-padding{background-color:#FCFAF7;}","custom_css_mobile":""}},"1654429156cf23b65b":{"type":"image-with-text","blocks":{"1654429156c9b37b07-0":{"type":"heading","settings":{"heading":"Mighty Maca® Plus","heading_size":"h1","heading_color":"accent-2","css_class":""}},"1654429156c9b37b07-1":{"type":"text","settings":{"text":"<p>This sensationally delicious green drink mix contains over 30 superstars from the plant kingdom.<\/p>","text_style":"body","css_class":""}},"4922f08e-b0b8-4e17-b872-c9d6dd46ea93":{"type":"list","settings":{"list_items":"<p>Increases stamina and boosts energy<\/p><p>Aids metabolism and improves digestion<\/p><p>Fights inflammation and decreases hot flashes<\/p><p>Helps with mood, PMS and menopause symptoms<\/p><p>Increases feeling of intimacy and improves fertility<\/p>","list_style_type":"bullets","text_alignment":"left","css_class":""}}},"block_order":["1654429156c9b37b07-0","1654429156c9b37b07-1","4922f08e-b0b8-4e17-b872-c9d6dd46ea93"],"settings":{"anchor_id":"","image":"shopify:\/\/shop_images\/TGFD_KetoGreen16Challenge_LandingpageJan_25-21.png","height":"adapt","desktop_image_width":"medium","layout":"text_first","desktop_content_position":"middle","desktop_content_alignment":"left","content_layout":"no-overlap","color_scheme":"background-1","width":"page-width","internal_padding":"true","mobile_layout":"image_top","mobile_content_alignment":"left","padding_top":36,"padding_bottom":0,"css_class":"dac-allow-media-resize","custom_css":"h2{font-size:30px;}","custom_css_mobile":""}},"16569325772bd2c932":{"type":"image-with-text","blocks":{"16569325775c741a3f-0":{"type":"heading","settings":{"heading":"Keto-pH Test Strips","heading_size":"h1","heading_color":"accent-2","css_class":""}},"16569325775c741a3f-1":{"type":"text","settings":{"text":"<p>Get Instant bio-feedback so you know for sure if you are in fat burning mode (ketosis) and if your body chemistry is conducive to hormone balance and detoxing (alkaline).<\/p>","text_style":"body","css_class":""}}},"block_order":["16569325775c741a3f-0","16569325775c741a3f-1"],"settings":{"anchor_id":"","image":"shopify:\/\/shop_images\/TGFD_KetoGreen16Challenge_UrineTest_2023_bdcce8df-22e5-4983-b5ad-607908fc9ea0.png","height":"adapt","desktop_image_width":"medium","layout":"text_first","desktop_content_position":"top","desktop_content_alignment":"left","content_layout":"no-overlap","color_scheme":"background-2","width":"page-width","internal_padding":"true","mobile_layout":"image_top","mobile_content_alignment":"left","padding_top":36,"padding_bottom":36,"css_class":"dac-allow-media-resize","custom_css":"h2{font-size:30px;}\n.section-template--14554231865399__16569325772bd2c932-padding{background:#FCFAF7;}","custom_css_mobile":""}},"1656933153146d64d7":{"type":"rich-text","blocks":{"1656933153ce169aeb-0":{"type":"heading","settings":{"heading":"+ You Get Full-Access To The Private Keto-Green Facebook Community Group and Online Tools","heading_size":"h1","heading_alignment":"center","heading_color":"accent-4","css_class":"","heading_divider":false}}},"block_order":["1656933153ce169aeb-0"],"settings":{"anchor_id":"","color_scheme":"background-1","full_width":true,"padding_top":32,"padding_bottom":32,"css_class":"","custom_css":".rich-text--full-width .rich-text__blocks{background-color:#7fb14c}\n.section-template--14554231865399__1656933153146d64d7-padding{background-color:#7fb14c}\n\nh2{color:white;\nfont-size:30px;","custom_css_mobile":""}},"16569327300480d720":{"type":"image-with-text","blocks":{"16569327305e5fa8fb-1":{"type":"text","settings":{"text":"<p>Enjoy next-level support with membership in our private online community and access to helpful online tools specially designed for your Keto-Green journey.<\/p>","text_style":"body","css_class":""}},"7cb32168-ad4b-4578-a08b-f2388ec4178b":{"type":"list","settings":{"list_items":"<p>Daily videos with Dr. Anna<\/p><p>Even more Keto-Green recipes<\/p><p>Cooking videos with Dr. Anna<\/p><p>Guidance from the Dr Anna team<\/p><p>Making Keto Work for Women Over 40 ebook<\/p><p>Personalized Keto Macro Calculator<\/p><p>Hormonal Symptoms Checklist<\/p><p>Tracking Tools<\/p>","list_style_type":"bullets","text_alignment":"left","css_class":""}}},"block_order":["16569327305e5fa8fb-1","7cb32168-ad4b-4578-a08b-f2388ec4178b"],"settings":{"anchor_id":"","image":"shopify:\/\/shop_images\/TGFD_KetoGreen16Challenge_LandingpageJan_25-23.jpg","height":"adapt","desktop_image_width":"medium","layout":"text_first","desktop_content_position":"top","desktop_content_alignment":"left","content_layout":"no-overlap","color_scheme":"background-1","width":"page-width","internal_padding":"true","mobile_layout":"image_top","mobile_content_alignment":"left","padding_top":36,"padding_bottom":0,"css_class":"dac-allow-media-resize","custom_css":".image-with-text__content { padding-top: 0; }","custom_css_mobile":".image-with-text__content { padding-top: 1em; }"}},"62a7659d-bb36-4a17-ab3a-ba736f3e5a0c":{"type":"rich-text","blocks":{"template--14453756821559__62a7659d-bb36-4a17-ab3a-ba736f3e5a0c-167283205237cda37f-2":{"type":"button","settings":{"button_label":"Join the Challenge","button_link":"#join","button_style_secondary":false,"button_alignment":"center","button_color":"color-scheme","css_class":""}}},"block_order":["template--14453756821559__62a7659d-bb36-4a17-ab3a-ba736f3e5a0c-167283205237cda37f-2"],"settings":{"anchor_id":"","color_scheme":"background-1","full_width":true,"padding_top":0,"padding_bottom":32,"css_class":"","custom_css":"","custom_css_mobile":""}},"video_NPmpr8":{"type":"video","settings":{"heading":"","heading_size":"h1","heading_color":"color-scheme","cover_image":"shopify:\/\/shop_images\/thumb.jpg","video_url_metafield":"","video_url":"https:\/\/vimeo.com\/1041819959\/4a76288166","description":"","transcript":"","full_width":false,"color_scheme":"background-1","padding_top":36,"padding_bottom":36,"css_class":"","custom_css":"","custom_css_mobile":""}},"16569333253fde3820":{"type":"rich-text","blocks":{"16569333259a2dd5ea-0":{"type":"heading","settings":{"heading":"Here’s everything you get\\nwhen you join the Keto-Green 16 Challenge","heading_size":"h2","heading_alignment":"center","heading_color":"color-scheme","css_class":"","heading_divider":false}}},"block_order":["16569333259a2dd5ea-0"],"settings":{"anchor_id":"","color_scheme":"accent-4","full_width":true,"padding_top":32,"padding_bottom":32,"css_class":"","custom_css":"","custom_css_mobile":""}},"image_with_text_VA9h7g":{"type":"image-with-text","blocks":{"text_Fa3QVb":{"type":"text","settings":{"text":"<p>The Keto-Green Quick Start Kit<\/p>","text_style":"body","css_class":"top"}},"text_CzBMXd":{"type":"text","settings":{"text":"<ul><li>Mighty Maca Plus, <em>16 day supply<\/em><\/li><li>Keto-Green Shake Mix, <em>16 day supply<\/em><\/li><li>Keto-pH Test Strips (100 ct)<\/li><li>Keto-Green 16 book<\/li><li>Membership in the Keto-Green 16 Community <\/li><\/ul>","text_style":"body","css_class":"bullet"}},"text_XFeRx6":{"type":"text","settings":{"text":"<p>Online Community + Tools<\/p>","text_style":"body","css_class":"top"}},"text_7hkykk":{"type":"text","settings":{"text":"<ul><li>Delicious Keto-Green Recipes<\/li><li>Cooking Videos with Dr. Anna<\/li><li>Keto Macro Calculator<\/li><li>Hormonal Symptoms<\/li><li>Checklist & Tracking Tools<\/li><\/ul>","text_style":"body","css_class":"bullet"}}},"block_order":["text_Fa3QVb","text_CzBMXd","text_XFeRx6","text_7hkykk"],"settings":{"anchor_id":"","image":"shopify:\/\/shop_images\/TGFD_KetoGreen16Challenge_LandingpageJan_25-24.png","height":"adapt","desktop_image_width":"medium-plus","layout":"text_first","desktop_content_position":"top","desktop_content_alignment":"left","content_layout":"no-overlap","color_scheme":"background-1","width":"rich-text-width","internal_padding":"false","mobile_layout":"image_top","mobile_content_alignment":"left","padding_top":0,"padding_bottom":0,"css_class":"","custom_css":"img{width:100%;\nobject-fit:scale-down;\ntransform: translateX(10px);}\n\n.top{color:#00989B;\nfont-size:30px;}\n\n.bullet{font-size:17px;\ntransform: translateY(-20px);}\n\nul li::marker {\n  font-size: 0.6em; \n}","custom_css_mobile":"img{padding-top:20px;\ntransform: translateX(-10px);\ntransform: translateY(10px);}\n\n.top{transform: translateY(10px);\n\n.bullet{\ntransform: translateY(-10px);}"}},"rich_text_C6Rfzj":{"type":"rich-text","blocks":{"image_wq4gad":{"type":"image","settings":{"image":"shopify:\/\/shop_images\/TGFD_KetoGreen16Challenge_LandingpageJan_25-29.jpg","mobile_image":"shopify:\/\/shop_images\/TGFD_KetoGreen16Challenge_LandingpageJan_25-30.jpg","max_width":0,"css_class":""}}},"block_order":["image_wq4gad"],"settings":{"anchor_id":"","color_scheme":"background-1","full_width":true,"padding_top":0,"padding_bottom":0,"css_class":"","custom_css":"","custom_css_mobile":"img{padding-bottom:none;\nmargin-bottom:none;}"}},"16569325664b9f379b":{"type":"image-with-text","blocks":{"text_7UmyeT":{"type":"text","settings":{"text":"<p>Step 1: <\/p>","text_style":"body","css_class":"top"}},"165693256612bf10d6-0":{"type":"heading","settings":{"heading":"Get the Keto-Green 16 Book","heading_size":"h2","heading_color":"accent-2","css_class":""}},"165693256612bf10d6-1":{"type":"text","settings":{"text":"<p><em>&lt;i&gt;The book is required for the challenge an must be purchased separately.&lt;\/i&gt;<\/em><\/p><p>Your in-depth guide to the innovative 16-day plan that combines the fat-burning benefits of a ketogenic diet with the brain-clearing and keto-flu protection of alkaline food.<\/p><p><\/p>","text_style":"body","css_class":""}},"584880c5-f115-4ace-8cab-9656c4f1ab46":{"type":"list","settings":{"list_items":"<p>16-day meal plans (including veg & vegan options)<\/p><p>50+ recipes<\/p><p>6 best alkaline foods<\/p><p>6-minute HIIT workouts<\/p><p>Intermittent fasting strategy<\/p>","list_style_type":"bullets","text_alignment":"left","css_class":""}},"f3b50f7a-1922-47f4-9c44-2760538a23bc":{"type":"button","settings":{"button_label":"Buy Book On Amazon","button_link":"https:\/\/www.amazon.com\/Keto-Green-16-Fat-Burning-Ketogenic-Nourishing\/dp\/0593157974\/?&_encoding=UTF8&tag=drannacabecac-20&linkCode=ur2&linkId=b6f706bc7303dc73c6c7a2e7b739409a&camp=1789&creative=9325","button_color":"color-scheme","css_class":""}}},"block_order":["text_7UmyeT","165693256612bf10d6-0","165693256612bf10d6-1","584880c5-f115-4ace-8cab-9656c4f1ab46","f3b50f7a-1922-47f4-9c44-2760538a23bc"],"settings":{"anchor_id":"join","image":"shopify:\/\/shop_images\/TGFD_KetoGreen16Challenge_LandingpageUPDATED-desktop.jpg","height":"adapt","desktop_image_width":"small-plus","layout":"image_first","desktop_content_position":"top","desktop_content_alignment":"left","content_layout":"no-overlap","color_scheme":"background-1","width":"rich-text-width","internal_padding":"true","mobile_layout":"text_top","mobile_content_alignment":"left","padding_top":0,"padding_bottom":0,"css_class":"dac-allow-media-resize","custom_css":".top{font-size:25px;\ntext-transform: uppercase;\ncolor:#00989B;\ntransform:translateY(20px)}\n\nh2{font-size:30px;}\n\nimg{min-height:700px;}","custom_css_mobile":"img{max-height:300px;\nmin-height:300px;\nobject-fit:scale-down;\npadding-bottom:20px;}"}},"b614a5f1-4d79-4746-a262-f9d2d79f0fc9":{"type":"rich-text","blocks":{"template--14554231865399__b614a5f1-4d79-4746-a262-f9d2d79f0fc9-heading-1":{"type":"heading","settings":{"heading":"Step 2: Order Your Keto-Green 16 Challenge Kit","heading_size":"h2","heading_alignment":"center","heading_color":"accent-2","css_class":"","heading_divider":false}},"template--14554231865399__b614a5f1-4d79-4746-a262-f9d2d79f0fc9-button-1":{"type":"button","disabled":true,"settings":{"button_label":"Buy Book on Amazon","button_link":"https:\/\/www.amazon.com\/Keto-Green-16-Fat-Burning-Ketogenic-Nourishing\/dp\/0593157974\/?&_encoding=UTF8&tag=drannacabecac-20&linkCode=ur2&linkId=b6f706bc7303dc73c6c7a2e7b739409a&camp=1789&creative=9325","button_style_secondary":false,"button_alignment":"center","button_color":"color-scheme","css_class":""}},"b0b426f5-7825-4c85-884d-bc0e3b3b9cb9":{"type":"text","settings":{"text":"<p>Already stocked up on Keto-Green products? &lt;br&gt;Grab your receipt\/order number and <a href=\"https:\/\/help.drannacabeca.com\/en-US\/contact\" target=\"_blank\">get entered into the challenge<\/a>!  <\/p>","text_alignment":"center","text_size":"p","css_class":"open-chat"}},"2d495d83-f1e3-470f-be26-ba7e4e9de215":{"type":"custom_liquid","disabled":true,"settings":{"custom_liquid":"<script>\nwindow.onload = function() {\n  var chatLinks = document.querySelectorAll('.open-chat a');\n\n  \/\/ Loop through each element and attach the click event handler\n  chatLinks.forEach(function(alertLink) {\n    alertLink.addEventListener('click', function(event) {\n      event.preventDefault();\n      GorgiasChat.open();\n    });\n  });\n};<\/script>","css_class":""}}},"block_order":["template--14554231865399__b614a5f1-4d79-4746-a262-f9d2d79f0fc9-heading-1","template--14554231865399__b614a5f1-4d79-4746-a262-f9d2d79f0fc9-button-1","b0b426f5-7825-4c85-884d-bc0e3b3b9cb9","2d495d83-f1e3-470f-be26-ba7e4e9de215"],"settings":{"anchor_id":"","color_scheme":"background-2","full_width":true,"padding_top":40,"padding_bottom":0,"css_class":"","custom_css":"","custom_css_mobile":""}},"5d0b6e89-bae6-48e7-9982-7d46badf209f":{"type":"multicolumn","blocks":{"06294edd-e4f1-4914-a12f-40c021b8e95f":{"type":"product_bundle","settings":{"image":"shopify:\/\/shop_images\/TGFD_KetoGreen16Challenge_LandingpageJan_25-26.png","title":"","variants":"keto-green-16-quick-start-kit,BUND-KG-QSK","offer_name":"","price_features":"total","banner":"Best Selling","text":"<p>KETO-GREEN 16 QUICK START KIT<br\/><br\/><strong>16 Servings<\/strong> of Mighty Maca Plus & Keto-Green Shake<\/p><p>16-DAY STEP-BY-STEP CHALLENGE<\/p><p>COMMUNITY + TOOLS<\/p>","show_servings":false,"show_cost_per_day":false,"guarantee_length":"60","calculate_free_shipping":"show-always","offer_inventory_policy":"deny","show_inventory":false,"inventory_label":"","coupon_discounts":"","layout":"recommended\ntitle\nimage\nprice\nsnippets\ninventory\nbuy_buttons\npayment_types","css_class":""}},"38d4d22b-43db-4542-b364-1c38ab382ba7":{"type":"product_bundle","settings":{"image":"shopify:\/\/shop_images\/TGFD_KetoGreen16Challenge_LandingpageJan_25-27.png","title":"","variants":"keto-green-16-deluxe-kit,BUND-KG-DELUXE","offer_name":"","price_features":"total","banner":"Best Value","text":"<p>KETO-GREEN 16 Deluxe Kit<br\/><br\/><strong>40 Servings<\/strong> of Mighty Maca Plus & Keto-Green Shake<\/p><p>16-DAY STEP-BY-STEP CHALLENGE<\/p><p>COMMUNITY + TOOLS<\/p>","show_servings":false,"show_cost_per_day":false,"guarantee_length":"60","calculate_free_shipping":"show-always","offer_inventory_policy":"deny","show_inventory":false,"inventory_label":"","coupon_discounts":"","layout":"recommended\ntitle\nimage\nprice\nsnippets\ninventory\nbuy_buttons\npayment_types","css_class":""}}},"block_order":["06294edd-e4f1-4914-a12f-40c021b8e95f","38d4d22b-43db-4542-b364-1c38ab382ba7"],"settings":{"anchor_id":"","title":"","text":"","heading_size":"h2","heading_color":"accent-4","text_size":"h4","column_heading_size":"h3","column_text_size":"p","image_width":"full","image_ratio":"adapt","columns_desktop":3,"column_alignment":"center","column_link_type":"button","background_style":"none","button_label":"","button_link":"","button_color":"accent-1","color_scheme":"background-2","width":"page-width","internal_padding":"true","columns_mobile":"1","swipe_on_mobile":false,"padding_top":36,"padding_bottom":36,"css_class":"","custom_css":".offer-box .multicolumn-card__image-wrapper { max-width: 100%; }\n.save-sticker { left: 73%; top: 5rem}\nh2 + .rte { max-width: 850px; margin: 0 auto; }","custom_css_mobile":""}},"165693608026333ad2":{"type":"apps","blocks":{"7cd2ef68-c355-4fd0-b5a0-3ef6d2608d47":{"type":"heading","settings":{"heading":"What my girlfriends are saying\\nabout The KG16 Quick Start Kit","heading_size":"h1","heading_color":"accent-4"}}},"block_order":["7cd2ef68-c355-4fd0-b5a0-3ef6d2608d47"],"settings":{"include_margins":true,"color_scheme":"background-1","padding_top":36,"padding_bottom":36,"css_class":"","custom_css":".okeReviews-reviewsCarousel-heading { display: none; }","custom_css_mobile":""}}},"order":["16462238058b508f23","1664220002eb81770c","165693170843cac016","image_with_text_qc9PYR","16461663454a306e26","main","rich_text_WwCMDR","image_with_text_iCy8qr","1654342987b12a4c39","7c01535e-9131-41bd-9851-53bbe3de6dec","165434335589c58515","164616622356f72eeb","1654429156cf23b65b","16569325772bd2c932","1656933153146d64d7","16569327300480d720","62a7659d-bb36-4a17-ab3a-ba736f3e5a0c","video_NPmpr8","16569333253fde3820","image_with_text_VA9h7g","rich_text_C6Rfzj","16569325664b9f379b","b614a5f1-4d79-4746-a262-f9d2d79f0fc9","5d0b6e89-bae6-48e7-9982-7d46badf209f","165693608026333ad2"]}