{
  "sections": {
    "main": {
      "type": "main-page",
      "disabled": true,
      "settings": {
        "display_title": true,
        "color_scheme": "background-1",
        "padding_top": 28,
        "padding_bottom": 28,
        "css_class": "",
        "custom_css": "",
        "custom_css_mobile": ""
      }
    },
    "16498754412059d33e": {
      "type": "image-banner",
      "blocks": {
        "16498754417fb04d44-0": {
          "type": "heading",
          "settings": {
            "heading": "The Girlfriend Doctor Scientific Advisory Board",
            "heading_size": "h1"
          }
        },
        "16498754417fb04d44-2": {
          "type": "buttons",
          "disabled": true,
          "settings": {
            "button_label_1": "Media",
            "button_link_1": "#media",
            "button_style_secondary_1": false,
            "button_label_2": "Podcasts",
            "button_link_2": "#podcasts",
            "button_style_secondary_2": false
          }
        }
      },
      "block_order": [
        "16498754417fb04d44-0",
        "16498754417fb04d44-2"
      ],
      "settings": {
        "image": "shopify:\/\/shop_images\/TGFD_PressPage_final_notext.jpg",
        "mobile_image": "shopify:\/\/shop_images\/TGFD_PressPage_final-13.jpg",
        "link": "",
        "image_overlay_opacity": 0,
        "image_height": "medium",
        "adapt_height_first_image": true,
        "desktop_content_position": "middle-right",
        "show_text_box": false,
        "desktop_content_alignment": "center",
        "color_scheme": "background-2",
        "mobile_content_alignment": "right",
        "stack_images_on_mobile": true,
        "show_text_below": false,
        "css_class": "",
        "custom_css": ".color-background-2 { background-color: transparent; --color-heading-a: var(--color-base-background-1); }\nh2 { width: 11em;}",
        "custom_css_mobile": "h2 {     position: absolute;\n    top: -2em;\n    text-align: right;\n    width: 5.5em;\n    right: 0.5em; }\n.banner__box { padding-top: 1em; }\nh2 span { font-size: .9em; }"
      }
    },
    "166334305418050dc1": {
      "type": "image-with-text",
      "blocks": {
        "1663343054fca0e3f3-0": {
          "type": "heading",
          "settings": {
            "heading": "Sahar Swidan, PHARM.D., ABAAHP, FAARFM, FACA",
            "heading_size": "h2",
            "heading_color": "color-scheme",
            "css_class": ""
          }
        },
        "1663343054fca0e3f3-1": {
          "type": "text",
          "settings": {
            "text": "<p>Dr. Swidan is board-certified and an advanced fellow in anti-aging and regenerative medicine She is well-known for her knowledge and experience in pain management, headaches, and hormone replacement therapy. She has authored several book chapters, articles, and patient education material in head and general pain management and personalized medicine.<\/p><p>Additionally, she is the President and CEO of NeuroPharm and the Former CEO of Pharmacy Solutions in Ann Arbor, MI. She was an Adjunct Associate Professor of Clinical Research and Leadership at George Washington University School of Medicine and Health Sciences, and an Adjunct Clinical Associate Professor of Pharmacy at Wayne State University.<\/p>",
            "text_style": "body",
            "css_class": ""
          }
        }
      },
      "block_order": [
        "1663343054fca0e3f3-0",
        "1663343054fca0e3f3-1"
      ],
      "custom_css": [
        ".image-with-text__grid {background-color: rgb(var(--color-base-background-2));}",
        ".media {margin: 2em;}"
      ],
      "settings": {
        "anchor_id": "",
        "image": "shopify:\/\/shop_images\/Sahar_Swidan.jpg",
        "height": "adapt",
        "desktop_image_width": "medium",
        "layout": "image_first",
        "desktop_content_position": "top",
        "desktop_content_alignment": "left",
        "content_layout": "no-overlap",
        "color_scheme": "background-2",
        "mobile_content_alignment": "left",
        "padding_top": 36,
        "padding_bottom": 36,
        "css_class": "dac-allow-media-resize",
        "custom_css": "",
        "custom_css_mobile": ""
      }
    },
    "164989701323987453": {
      "type": "image-with-text",
      "blocks": {
        "16498970134813f08e-0": {
          "type": "heading",
          "settings": {
            "heading": "Dr. Ellie Campbell",
            "heading_size": "h2",
            "heading_color": "color-scheme",
            "css_class": ""
          }
        },
        "16498970134813f08e-1": {
          "type": "text",
          "settings": {
            "text": "<p>Dr. Campbell has been Board Certified in Family Medicine for over 30 years, and she also holds certification from the American Board of Integrative Medicine. She received her training for the Bale Doneen Method from the Medical College of Georgia, and Cardiovascular Risk Reduction through the Cardiometabolic Program at the Institute For Functional Medicine. <\/p><p>She is a solo physician with specialty interests in interdisciplinary collaboration, holistic medicine, bioidentical hormone replacement therapy, reversing chronic disease, natural treatments for high blood pressure, and oral-systemic connections.<\/p>",
            "text_style": "body",
            "css_class": ""
          }
        }
      },
      "block_order": [
        "16498970134813f08e-0",
        "16498970134813f08e-1"
      ],
      "custom_css": [
        ".image-with-text__grid {background-color: rgb(var(--color-base-background-2)); align-items: start;}",
        ".media {margin: 2em;}"
      ],
      "settings": {
        "anchor_id": "",
        "image": "shopify:\/\/shop_images\/Ellie_Campbell_34284641-0436-4f3a-95b0-38a6cfb64054.jpg",
        "height": "adapt",
        "desktop_image_width": "medium",
        "layout": "image_first",
        "desktop_content_position": "top",
        "desktop_content_alignment": "left",
        "content_layout": "no-overlap",
        "color_scheme": "background-2",
        "mobile_content_alignment": "left",
        "padding_top": 36,
        "padding_bottom": 36,
        "css_class": "dac-allow-media-resize",
        "custom_css": "",
        "custom_css_mobile": ""
      }
    },
    "cde180a8-1c73-438f-9261-13030f7b240f": {
      "type": "image-with-text",
      "blocks": {
        "template--14245623595063__cde180a8-1c73-438f-9261-13030f7b240f-167665579602652fbb-0": {
          "type": "heading",
          "settings": {
            "heading": "Dr. Michael L. Krychman, MDCM",
            "heading_size": "h2",
            "heading_color": "color-scheme",
            "css_class": ""
          }
        },
        "template--14245623595063__cde180a8-1c73-438f-9261-13030f7b240f-167665579602652fbb-1": {
          "type": "text",
          "settings": {
            "text": "<p>Dr. Krychman is the Executive Director of the Southern California Center for Sexual Health and Survivorship Medicine located in Newport Beach California.  <\/p><p>As a doctor of sexual medicine, a board-certified obstetrician and gynecologist and a clinical sexual counselor and author, Dr. Krychman has devoted his career to helping patients and their partners overcome sexual health challenges and experience a higher quality of physical intimacy. <\/p><p>Dr. Krychman is also a specialist in survivorship medicine and provides life coaching and care plans to optimize the health and wellness of patients with chronic diseases or cancer. He actively continues to manage clinical care for many patients at UCI.<\/p><p>His special interests include menopausal health, hormone therapy, sexual pain disorders, loss of libido, chronic medical illness, and medical devices and their impact on female sexual function. <\/p>",
            "text_style": "body",
            "css_class": ""
          }
        }
      },
      "block_order": [
        "template--14245623595063__cde180a8-1c73-438f-9261-13030f7b240f-167665579602652fbb-0",
        "template--14245623595063__cde180a8-1c73-438f-9261-13030f7b240f-167665579602652fbb-1"
      ],
      "disabled": true,
      "custom_css": [
        ".image-with-text__grid {background-color: rgb(var(--color-base-background-2));}",
        ".media {margin: 2em;}"
      ],
      "settings": {
        "anchor_id": "",
        "image": "shopify:\/\/shop_images\/krychaman.png",
        "height": "adapt",
        "desktop_image_width": "medium",
        "layout": "image_first",
        "desktop_content_position": "top",
        "desktop_content_alignment": "left",
        "content_layout": "overlap",
        "color_scheme": "background-2",
        "mobile_content_alignment": "left",
        "padding_top": 36,
        "padding_bottom": 36,
        "css_class": "dac-allow-media-resize",
        "custom_css": "",
        "custom_css_mobile": ""
      }
    },
    "1649931318e8425387": {
      "type": "image-with-text",
      "blocks": {
        "1649931317bcc391ea-0": {
          "type": "heading",
          "settings": {
            "heading": "Dr. Dorota Małgorzata Wydro ",
            "heading_size": "h2",
            "heading_color": "color-scheme",
            "css_class": ""
          }
        },
        "1649931317bcc391ea-1": {
          "type": "text",
          "settings": {
            "text": "<p>Dr. Dorota Małgorzata Wydro is a Polish-American specialist in pathomorphology and doctor of aesthetic medicine. <\/p><p>Aside from being a medical professional, she also has a PhD in economics and is an academic teacher. She graduated with honors from the Faculty of Medicine at the Medical University of Lublin, and finished her doctoral studies in the field of Management Sciences at the Kozminski University in Warsaw. Dr. Wydro is also the author of “Anti-Aging on A Plate”.<\/p>",
            "text_style": "body",
            "css_class": ""
          }
        }
      },
      "block_order": [
        "1649931317bcc391ea-0",
        "1649931317bcc391ea-1"
      ],
      "custom_css": [
        ".image-with-text__grid {background-color: rgb(var(--color-base-background-2));}",
        ".media {margin: 2em;}"
      ],
      "settings": {
        "anchor_id": "",
        "image": "shopify:\/\/shop_images\/Dorota_Wydro_04-05-2018_c672a685-c40f-4146-839e-c8da118fd898.jpg",
        "height": "adapt",
        "desktop_image_width": "medium",
        "layout": "image_first",
        "desktop_content_position": "top",
        "desktop_content_alignment": "left",
        "content_layout": "no-overlap",
        "color_scheme": "background-2",
        "mobile_content_alignment": "left",
        "padding_top": 36,
        "padding_bottom": 36,
        "css_class": "dac-allow-media-resize",
        "custom_css": "",
        "custom_css_mobile": ""
      }
    }
  },
  "order": [
    "main",
    "16498754412059d33e",
    "166334305418050dc1",
    "164989701323987453",
    "cde180a8-1c73-438f-9261-13030f7b240f",
    "1649931318e8425387"
  ]
}
