{"layout":"theme-offer-page","sections":{"main":{"type":"main-page","disabled":true,"settings":{"display_title":true,"color_scheme":"background-1","padding_top":28,"padding_bottom":28,"css_class":"","custom_css":"","custom_css_mobile":""}},"16462238058b508f23":{"type":"header-offer-page","blocks":{"2d234c6a-ad15-4b01-b895-79b7c0f04cdf":{"type":"custom_colors","settings":{"colors_solid_button_labels":"","colors_accent_1":"#63316e","gradient_accent_1":"","colors_accent_2":"#ff8f19","gradient_accent_2":"","colors_accent_3":"rgba(0,0,0,0)","colors_accent_4":"","colors_text":"","colors_outline_button_labels":"","colors_background_1":"","gradient_background_1":"","colors_background_2":"rgba(0,0,0,0)","gradient_background_2":""}}},"block_order":["2d234c6a-ad15-4b01-b895-79b7c0f04cdf"],"settings":{"color_scheme":"background-1","display_logo":true,"enable_logo_link":false,"logo_color":"gold","show_line_separator":false,"enable_sticky_header":true,"margin_bottom":0,"css_class":"","custom_css":"@font-face {\n  font-family: 'Larsseit';\n  src: url(https:\/\/d2saw6je89goi1.cloudfront.net\/uploads\/digital_asset\/file\/962385\/Type_Dynamic_-_Larsseit_Regular.otf);\n  font-weight: normal;\n  font-style: normal;\n}\n@font-face {\n  font-family: 'Larsseit-Bold';\n  src: url(https:\/\/d2saw6je89goi1.cloudfront.net\/uploads\/digital_asset\/file\/962384\/Type_Dynamic_-_Larsseit_Bold.otf) format('truetype');\n  font-weight: var(--font-body-weight-bold);\n  font-style: normal;\n}\n@font-face {\n  font-family: 'Larsseit-Thin';\n  src: url(https:\/\/d2saw6je89goi1.cloudfront.net\/uploads\/digital_asset\/file\/962386\/Type_Dynamic_-_Larsseit_Thin.otf) format('truetype');\n  font-weight: lighter;\n  font-style: normal;\n}\n\n@font-face {\n  font-family: 'Larsseit-Light';\n  src: url(https:\/\/d2saw6je89goi1.cloudfront.net\/uploads\/digital_asset\/file\/965155\/Larsseit-Light.ttf) format('truetype');\n  font-weight: lighter;\n  font-style: normal;\n}\n\nbody {\n  font-family: 'Larsseit-Light', serif !important;\n}","custom_css_mobile":""}},"1661450495f0dc6c7b":{"type":"multicolumn","blocks":{"1661450495b789ea23-0":{"type":"column","settings":{"image":"shopify:\/\/shop_images\/bonus_quickstart-guide.png","title":"","heading_color":"color-scheme","text":"<p><\/p>","link_label":"DOWNLOAD","link":"https:\/\/d2saw6je89goi1.cloudfront.net\/uploads\/digital_asset\/file\/666406\/KG16_Quick-Start-Guide.pdf","button_color":"accent-2","css_class":""}},"1661450495b789ea23-1":{"type":"column","settings":{"image":"shopify:\/\/shop_images\/bonus_meal-plan_e9de3a81-43c6-4d51-bf66-692ef10ed3f0.jpg","title":"","heading_color":"color-scheme","text":"<p><\/p>","link_label":"DOWNLOAD","link":"https:\/\/d2saw6je89goi1.cloudfront.net\/uploads\/digital_asset\/file\/666408\/KG16_3-Day-Meal-Plan.pdf","button_color":"accent-2","css_class":""}},"1661450495b789ea23-2":{"type":"column","settings":{"image":"shopify:\/\/shop_images\/bonus_feast_d18b16cc-6387-447e-a1ad-126093249d85.jpg","title":"","heading_color":"color-scheme","text":"<p><\/p>","link_label":"DOWNLOAD","link":"https:\/\/d2saw6je89goi1.cloudfront.net\/uploads\/digital_asset\/file\/704026\/KG16_Feast-Recipes_v6-Digital.pdf","button_color":"accent-2","css_class":""}},"4a025274-c8c5-45b2-927b-8894411cca9f":{"type":"column","settings":{"image":"shopify:\/\/shop_images\/bonus_roadmap_ba5d942e-a2b0-4cb0-be5e-f1b363802af4.jpg","title":"","heading_color":"color-scheme","text":"<p><\/p>","link_label":"DOWNLOAD","link":"https:\/\/d2saw6je89goi1.cloudfront.net\/uploads\/digital_asset\/file\/666410\/KG16_Roadmap.pdf","button_color":"accent-2","css_class":""}},"aabc25ea-9600-4f3f-98f0-c9cdecbca353":{"type":"column","settings":{"image":"shopify:\/\/shop_images\/bonus_community_84b2628c-8f48-4804-90c5-9491adda82a8.jpg","title":"","heading_color":"color-scheme","text":"<p><\/p>","link_label":"JOIN GROUP","link":"https:\/\/www.facebook.com\/groups\/ketogreen\/","button_color":"accent-2","css_class":""}}},"block_order":["1661450495b789ea23-0","1661450495b789ea23-1","1661450495b789ea23-2","4a025274-c8c5-45b2-927b-8894411cca9f","aabc25ea-9600-4f3f-98f0-c9cdecbca353"],"settings":{"anchor_id":"","title":"Thank You!","text":"<p>Now claim your bonuses...<\/p>","heading_size":"h1","heading_color":"accent-4","text_size":"p","column_heading_size":"h3","column_text_size":"p","image_width":"full","image_ratio":"square","columns_desktop":3,"column_alignment":"center","column_link_type":"button","background_style":"none","button_label":"","button_link":"","button_color":"color-scheme","color_scheme":"background-1","columns_mobile":"1","swipe_on_mobile":false,"padding_top":36,"padding_bottom":36,"css_class":"","custom_css":"","custom_css_mobile":""}},"1661451533aefb46af":{"type":"multicolumn","blocks":{"6628e946-9c71-40a0-8b6f-d957b5a0249e":{"type":"column_with_video","settings":{"cover_image":"shopify:\/\/shop_images\/ghee.png","video_url_metafield":"","video_url":"https:\/\/vimeo.com\/304508152\/6820499aff","description":"","title":"Ghee","heading_color":"foreground","text":"<p><\/p>","link_label":"","link":"","button_color":"color-scheme","css_class":""}},"6e4bf56e-1e63-4972-8f80-10194831df37":{"type":"column_with_video","settings":{"cover_image":"shopify:\/\/shop_images\/kg16shake.png","video_url_metafield":"","video_url":"https:\/\/vimeo.com\/389593010\/77aa217fb4","description":"","title":"Keto-Green Shake","heading_color":"foreground","text":"<p><\/p>","link_label":"","link":"","button_color":"color-scheme","css_class":""}},"498d60eb-301b-4d62-835a-b985afd1c4a0":{"type":"column_with_video","settings":{"cover_image":"shopify:\/\/shop_images\/kgplate.png","video_url_metafield":"","video_url":"https:\/\/vimeo.com\/389592328\/b728efef19","description":"","title":"Keto-Green Plate","heading_color":"foreground","text":"<p><\/p>","link_label":"","link":"","button_color":"color-scheme","css_class":""}},"b1735057-c388-46b2-aad9-cadbba60d104":{"type":"column_with_video","settings":{"cover_image":"shopify:\/\/shop_images\/chickencurry.png","video_url_metafield":"","video_url":"https:\/\/vimeo.com\/394347792","description":"","title":"Curry Chicken Skillet","heading_color":"foreground","text":"<p><\/p>","link_label":"","link":"","button_color":"color-scheme","css_class":""}}},"block_order":["6628e946-9c71-40a0-8b6f-d957b5a0249e","6e4bf56e-1e63-4972-8f80-10194831df37","498d60eb-301b-4d62-835a-b985afd1c4a0","b1735057-c388-46b2-aad9-cadbba60d104"],"settings":{"anchor_id":"","title":"","text":"<p><\/p>","heading_size":"h1","heading_color":"accent-1","text_size":"p","column_heading_size":"h3","column_text_size":"p","image_width":"full","image_ratio":"adapt","columns_desktop":2,"column_alignment":"center","column_link_type":"button","background_style":"none","button_label":"","button_link":"","button_color":"color-scheme","color_scheme":"background-1","columns_mobile":"1","swipe_on_mobile":false,"padding_top":36,"padding_bottom":36,"css_class":"","custom_css":"","custom_css_mobile":""}},"102c33da-0f7a-40c6-abc7-e07e1a60b478":{"type":"multicolumn","blocks":{"368160d6-a2c8-4346-86a1-8265b92b6a27":{"type":"product_bundle","settings":{"title":"Keto-Green® 16 Quick Start Kit","variants":"keto-green-16-quick-start-kit,BUND-KG-QSK","offer_name":"","price_features":"total","banner":"","text":"<p>KETO-GREEN 16 QUICK START KIT<\/p><p>16-DAY STEP-BY-STEP CHALLENGE<\/p><p>COMMUNITY + TOOLS<\/p>","guarantee_length":"60","offer_inventory_policy":"deny","show_inventory":false,"inventory_label":"","coupon_discounts":"","layout":"recommended\ntitle\nimage\nprice\nsnippets\ninventory\nbuy_buttons\npayment_types","css_class":""}}},"block_order":["368160d6-a2c8-4346-86a1-8265b92b6a27"],"settings":{"anchor_id":"","title":"Do You Want to Accelerate Your Progress with Keto-Green 16?","text":"","heading_size":"h1","heading_color":"foreground","text_size":"p","column_heading_size":"h3","column_text_size":"p","image_width":"full","image_ratio":"adapt","columns_desktop":2,"column_alignment":"center","column_link_type":"button","background_style":"none","button_label":"","button_link":"","button_color":"color-scheme","color_scheme":"background-1","columns_mobile":"1","swipe_on_mobile":false,"padding_top":36,"padding_bottom":36,"css_class":"","custom_css":"","custom_css_mobile":""}}},"order":["main","16462238058b508f23","1661450495f0dc6c7b","1661451533aefb46af","102c33da-0f7a-40c6-abc7-e07e1a60b478"]}