{
  "layout": "theme-offer-page",
  "sections": {
    "main": {
      "type": "main-page",
      "settings": {
        "display_title": true,
        "color_scheme": "background-1",
        "padding_top": 40,
        "padding_bottom": 40,
        "css_class": "visually-hidden",
        "custom_css": "",
        "custom_css_mobile": ""
      }
    },
    "1640097424c2f7eec2": {
      "type": "header-offer-page",
      "disabled": true,
      "blocks": {
        "bd5c02bc-ed1a-47fb-93b9-a67e14efaa95": {
          "type": "custom_colors",
          "settings": {
            "colors_solid_button_labels": "",
            "colors_accent_1": "rgba(0,0,0,0)",
            "gradient_accent_1": "",
            "colors_accent_2": "#e4f4f5",
            "gradient_accent_2": "",
            "colors_accent_3": "#be9452",
            "colors_accent_4": "",
            "colors_text": "#000000",
            "colors_outline_button_labels": "",
            "colors_background_1": "#ffffff",
            "gradient_background_1": "",
            "colors_background_2": "#fcfaf7",
            "gradient_background_2": ""
          }
        }
      },
      "block_order": [
        "bd5c02bc-ed1a-47fb-93b9-a67e14efaa95"
      ],
      "custom_css": [

      ],
      "settings": {
        "color_scheme": "accent-2",
        "display_logo": false,
        "enable_logo_link": false,
        "logo_color": "gold",
        "show_line_separator": false,
        "enable_sticky_header": true,
        "margin_bottom": 0,
        "css_class": "",
        "custom_css": ".header--offer-page {\n    grid-template-columns: var(--cart-width) auto var(--cart-width);\ngrid-\n}\n\n.grid { margin-bottom: 0; }\n\n.breeze{ max-width:400px; margin: auto;}\n\n.header__icon, .header__icon--cart .icon {color: rgb(var(--color-base-accent-4));}",
        "custom_css_mobile": ""
      }
    },
    "aaf6cbb8-d777-467b-90a1-365d2d915495": {
      "type": "image",
      "disabled": true,
      "settings": {
        "image": "shopify:\/\/shop_images\/OxyPlayMasterclass_DesktopBanner2.png",
        "max_width": 400,
        "color_scheme": "background-1",
        "link": "",
        "padding_top": 0,
        "padding_bottom": 0,
        "css_class": "",
        "custom_css": "",
        "custom_css_mobile": ""
      }
    },
    "b22fd141-308b-4e14-9a7b-64287f0d9d0d": {
      "type": "image",
      "disabled": true,
      "settings": {
        "image": "shopify:\/\/shop_images\/TGFD_OxyPlayMasterclass_OptInPage.jpg",
        "max_width": 0,
        "color_scheme": "background-1",
        "link": "",
        "padding_top": 36,
        "padding_bottom": 36,
        "css_class": "",
        "custom_css": "",
        "custom_css_mobile": ""
      }
    },
    "9904cbae-60e0-426a-a3d9-e067d2a0d55c": {
      "type": "video-with-text",
      "disabled": true,
      "blocks": {
        "4394f467-be84-4850-a173-e30dc0c9eaf1": {
          "type": "heading",
          "settings": {
            "heading": "\"An orgasm a day is better than an apple a day. That is for sure, and we do that with OxyPlay.\"",
            "heading_size": "h2"
          }
        },
        "363735ee-db2f-43f5-8269-286b778ec495": {
          "type": "button",
          "settings": {
            "button_label": "SIGN UP TO GET ACCESS",
            "button_link": "#buy",
            "button_color": "accent-4"
          }
        }
      },
      "block_order": [
        "4394f467-be84-4850-a173-e30dc0c9eaf1",
        "363735ee-db2f-43f5-8269-286b778ec495"
      ],
      "settings": {
        "anchor_id": "",
        "cover_image": "shopify:\/\/shop_images\/TGFD_OxyPlayMasterclass_OptInPage.jpg",
        "video_url_metafield": "",
        "video_url": "https:\/\/youtu.be\/HOCuY6Yo7v8",
        "description": "",
        "desktop_image_width": "medium",
        "layout": "video_first",
        "desktop_content_position": "middle",
        "desktop_content_alignment": "center",
        "color_scheme": "background-1",
        "padding_top": 28,
        "padding_bottom": 28,
        "css_class": "",
        "custom_css": ".h2{ font-size: 1.8em; color: #000; padding: 0px 60px;}\n.button { margin: 30px 60px 0px;}\n\n\n.video-with-text__content { padding: 2rem 7rem 2rem 7rem;}\n.video-with-text__media-item { \n    padding: 2rem 1rem 2rem 7rem;\n}",
        "custom_css_mobile": ".video-with-text__media-item { \n    padding-left: 0; \n}\n.video-with-text__content { padding: 2rem 2rem 2rem;\n}\n\np { padding: 0px;}\n.h2{ padding: 0px;}\n.button { margin: 20px 0px;}"
      }
    },
    "aafce71b-6a90-4ec6-80c4-6aa6399a8f69": {
      "type": "video",
      "settings": {
        "heading": "",
        "heading_size": "h1",
        "heading_color": "color-scheme",
        "cover_image": "shopify:\/\/shop_images\/TGFD_OxyPlayMasterclass_OptInPage.jpg",
        "video_url_metafield": "",
        "video_url": "https:\/\/vimeo.com\/837610845",
        "description": "",
        "transcript": "",
        "full_width": false,
        "color_scheme": "background-1",
        "padding_top": 36,
        "padding_bottom": 36,
        "css_class": "",
        "custom_css": "",
        "custom_css_mobile": ""
      }
    }
  },
  "order": [
    "main",
    "1640097424c2f7eec2",
    "aaf6cbb8-d777-467b-90a1-365d2d915495",
    "b22fd141-308b-4e14-9a7b-64287f0d9d0d",
    "9904cbae-60e0-426a-a3d9-e067d2a0d55c",
    "aafce71b-6a90-4ec6-80c4-6aa6399a8f69"
  ]
}
