{
  "layout": "theme-offer-page",
  "sections": {
    "16462238058b508f23": {
      "type": "header-offer-page",
      "blocks": {
        "2d234c6a-ad15-4b01-b895-79b7c0f04cdf": {
          "type": "custom_colors",
          "settings": {
            "colors_solid_button_labels": "",
            "colors_accent_1": "#63316e",
            "gradient_accent_1": "",
            "colors_accent_2": "#ff8f19",
            "gradient_accent_2": "",
            "colors_accent_3": "rgba(0,0,0,0)",
            "colors_accent_4": "",
            "colors_text": "",
            "colors_outline_button_labels": "",
            "colors_background_1": "",
            "gradient_background_1": "",
            "colors_background_2": "rgba(0,0,0,0)",
            "gradient_background_2": ""
          }
        }
      },
      "block_order": [
        "2d234c6a-ad15-4b01-b895-79b7c0f04cdf"
      ],
      "settings": {
        "color_scheme": "background-1",
        "display_logo": true,
        "show_line_separator": false,
        "enable_sticky_header": true,
        "margin_bottom": 0,
        "css_class": "",
        "custom_css": "@font-face {\n  font-family: 'Larsseit';\n  src: url(https:\/\/d2saw6je89goi1.cloudfront.net\/uploads\/digital_asset\/file\/962385\/Type_Dynamic_-_Larsseit_Regular.otf);\n  font-weight: normal;\n  font-style: normal;\n}\n@font-face {\n  font-family: 'Larsseit-Bold';\n  src: url(https:\/\/d2saw6je89goi1.cloudfront.net\/uploads\/digital_asset\/file\/962384\/Type_Dynamic_-_Larsseit_Bold.otf) format('truetype');\n  font-weight: var(--font-body-weight-bold);\n  font-style: normal;\n}\n@font-face {\n  font-family: 'Larsseit-Thin';\n  src: url(https:\/\/d2saw6je89goi1.cloudfront.net\/uploads\/digital_asset\/file\/962386\/Type_Dynamic_-_Larsseit_Thin.otf) format('truetype');\n  font-weight: lighter;\n  font-style: normal;\n}\n\n@font-face {\n  font-family: 'Larsseit-Light';\n  src: url(https:\/\/d2saw6je89goi1.cloudfront.net\/uploads\/digital_asset\/file\/965155\/Larsseit-Light.ttf) format('truetype');\n  font-weight: lighter;\n  font-style: normal;\n}\n\nbody {\n  font-family: 'Larsseit-Light', serif !important;\n}",
        "custom_css_mobile": ""
      }
    },
    "16461663454a306e26": {
      "type": "rich-text",
      "blocks": {
        "1646166345821458f3-0": {
          "type": "heading",
          "settings": {
            "heading": "MenuPause is ready to launch!",
            "heading_size": "h1",
            "heading_alignment": "center",
            "heading_color": "accent-1",
            "css_class": "topheading"
          }
        }
      },
      "block_order": [
        "1646166345821458f3-0"
      ],
      "settings": {
        "anchor_id": "",
        "color_scheme": "background-1",
        "full_width": true,
        "padding_top": 24,
        "padding_bottom": 24,
        "css_class": "",
        "custom_css": "h2 {\nfont-size: 53px;\n}\np {\nfont-size: 33px;\n}",
        "custom_css_mobile": ".topheading {\nfont-size:45px;\n}\np {\nfont-size: 30px;\n}"
      }
    },
    "1661182888336e42fc": {
      "type": "video-with-text",
      "blocks": {
        "e5a1f8db-c0e7-462a-b15c-e80795142424": {
          "type": "image",
          "settings": {
            "image": "shopify:\/\/shop_images\/MenuPause_LP_Book-Sales-Page_openingbook-image.jpg",
            "max_width": 400
          }
        },
        "341c9a92-cac1-4a53-b8fd-942d605f21ae": {
          "type": "button",
          "settings": {
            "button_label": "GET STARTED",
            "button_link": "https:\/\/dranna.typeform.com\/to\/PGsQsbP5"
          }
        }
      },
      "block_order": [
        "e5a1f8db-c0e7-462a-b15c-e80795142424",
        "341c9a92-cac1-4a53-b8fd-942d605f21ae"
      ],
      "settings": {
        "anchor_id": "",
        "cover_image": "shopify:\/\/shop_images\/MenuPauseAffiliate.png",
        "video_url_metafield": "",
        "video_url": "https:\/\/vimeo.com\/662384200",
        "description": "",
        "desktop_image_width": "medium",
        "layout": "video_first",
        "desktop_content_position": "middle",
        "desktop_content_alignment": "left",
        "color_scheme": "background-1",
        "padding_top": 0,
        "padding_bottom": 0,
        "css_class": "videotxt",
        "custom_css": ".button {\nmargin:0px auto;\nbackground-color:#ff8f19;\ncolor:#ffffff;\n--border-offset: none;\n}\n\np{\nmargin:0px auto;\n}\n\n.body{\nmargin:0px auto;\n}\n\n.videotxt {\npadding: 0px 20px;\nmargin-top:0px;\n}",
        "custom_css_mobile": ""
      }
    },
    "1658250672dac6639f": {
      "type": "image",
      "settings": {
        "image": "shopify:\/\/shop_images\/MenuPause_LP_Affiliate-Page-02.png",
        "max_width": 0,
        "color_scheme": "background-1",
        "link": "https:\/\/drive.google.com\/drive\/folders\/1nT4hq3hmJ5-BNmIo2GWi1JaFoBXBZxhX",
        "padding_top": 36,
        "padding_bottom": 0,
        "css_class": "",
        "custom_css": "",
        "custom_css_mobile": ""
      }
    },
    "166153019175965556": {
      "type": "image",
      "settings": {
        "image": "shopify:\/\/shop_images\/MenuPause_LP_Affiliate-Page-03.png",
        "max_width": 0,
        "color_scheme": "background-1",
        "link": "https:\/\/drive.google.com\/drive\/folders\/1uL8-pVBXS5W-dyEwC0D-u-CZON4nN-nz",
        "padding_top": 0,
        "padding_bottom": 0,
        "css_class": "",
        "custom_css": "",
        "custom_css_mobile": ""
      }
    },
    "1661530266774c8918": {
      "type": "image",
      "settings": {
        "image": "shopify:\/\/shop_images\/MenuPause_LP_Affiliate-Page-04.png",
        "max_width": 0,
        "color_scheme": "background-1",
        "link": "https:\/\/docs.google.com\/document\/d\/1KDuM5Uqf-bQ5b6JiPNMELjUEvuhszXCBIyBLwVoPdU8\/edit?usp=sharing",
        "padding_top": 0,
        "padding_bottom": 36,
        "css_class": "",
        "custom_css": "",
        "custom_css_mobile": ""
      }
    },
    "164616622356f72eeb": {
      "type": "image-with-text",
      "blocks": {
        "1646166223b6760f4c-0": {
          "type": "heading",
          "settings": {
            "heading": "Who is MenuPause for?",
            "heading_size": "h2",
            "heading_color": "accent-1"
          }
        },
        "edca199a-20ac-473f-b85f-6eb39b62a4b9": {
          "type": "text",
          "settings": {
            "text": "<p>Before, during, and after menopause, hormones can throw women into a frustrating cycle. Millions of women put up with fatigue, brain fog, low libido, joint pain, night sweats, constipation, hot flashes, and frustrating weight gain that’s harder than ever to lose. And sometimes, despite their best efforts, they end up stuck..<\/p><p><\/p><p>But here’s a secret most women don’t know:<\/p><p><\/p><p>By shifting our diet to support our hormones, we can start reducing all of our symptoms, including that stubborn weight gain.<\/p><p><\/p><p>In my new book, MenuPause, I’m sharing 5 fantastic, nourishing eating plans that provide the key to living healthy, energetic, unlimited lives.<\/p><p><\/p><p>MenuPause is for every woman going through hormone hell, stuck on a plateau, or stalled out on her health journey.<\/p><p><\/p><p>For every woman who is ready to be empowered and in control of her health and her life.<\/p><p><\/p><p>For every woman who wants to love her life and body, no matter her age.<\/p>",
            "text_style": "body"
          }
        },
        "bca56056-0164-448e-9bc3-e3743ca82918": {
          "type": "caption",
          "settings": {
            "caption": "Because we all deserve to feel incredible at every stage of life.",
            "text_style": "caption-with-letter-spacing",
            "text_size": "large"
          }
        }
      },
      "block_order": [
        "1646166223b6760f4c-0",
        "edca199a-20ac-473f-b85f-6eb39b62a4b9",
        "bca56056-0164-448e-9bc3-e3743ca82918"
      ],
      "settings": {
        "image": "shopify:\/\/shop_images\/MenuPause_LP_Affiliate-Page-1.jpg",
        "height": "adapt",
        "desktop_image_width": "medium",
        "layout": "text_first",
        "desktop_content_position": "top",
        "desktop_content_alignment": "left",
        "content_layout": "no-overlap",
        "color_scheme": "background-2",
        "mobile_content_alignment": "left",
        "padding_top": 0,
        "padding_bottom": 36,
        "css_class": "dac-full-width dac-padding-side-none",
        "custom_css": "h2 {\nfont-size: 44px;\n}\np {\nfont-size: 21px;\n}",
        "custom_css_mobile": "h2 {\nfont-size: 35px;\n}\n\np {\nfont-size: 18px;\n}"
      }
    },
    "1654342987b12a4c39": {
      "type": "multicolumn",
      "blocks": {
        "777594e5-538f-4dd0-bb7c-de2761936f25": {
          "type": "list",
          "settings": {
            "title": "",
            "heading_color": "color-scheme",
            "list_items": "<p><strong>Essentials of the hormone-food connection​<\/strong><\/p><p><strong>3-day gut healing method​<\/strong><\/p><p><strong>5 symptom-based approaches​<\/strong><\/p><p><strong>6-day meal plans<\/strong><\/p>",
            "list_style_type": "bullets",
            "text_alignment": "left",
            "text_size": "p",
            "css_class": ""
          }
        },
        "d9094936-cf86-4ea1-8fb9-cf4d0d444c35": {
          "type": "list",
          "settings": {
            "title": "",
            "heading_color": "color-scheme",
            "list_items": "<p><strong>125+ fantastic recipes​<\/strong><\/p><p><strong>Shopping lists​<\/strong><\/p><p><strong>Success strategies​<\/strong><\/p><p><strong>Menopause wisdom from around the world<\/strong><\/p>",
            "list_style_type": "bullets",
            "text_alignment": "left",
            "text_size": "p",
            "css_class": ""
          }
        }
      },
      "block_order": [
        "777594e5-538f-4dd0-bb7c-de2761936f25",
        "d9094936-cf86-4ea1-8fb9-cf4d0d444c35"
      ],
      "settings": {
        "anchor_id": "",
        "title": "What’s in MenuPause?",
        "text": "",
        "heading_size": "h1",
        "heading_color": "foreground",
        "text_size": "h4",
        "column_heading_size": "h3",
        "column_text_size": "p",
        "image_width": "full",
        "image_ratio": "adapt",
        "columns_desktop": 2,
        "column_alignment": "left",
        "column_link_type": "button",
        "background_style": "none",
        "button_label": "",
        "button_link": "",
        "button_color": "color-scheme",
        "color_scheme": "accent-1",
        "columns_mobile": "1",
        "swipe_on_mobile": false,
        "padding_top": 36,
        "padding_bottom": 36,
        "css_class": "",
        "custom_css": "h3 {\nfont-size: 21px;\ncolor:#000000;\n}\np {\nfont-size: 21px;\ncolor:#63316e;\n}\n\nul li {\nfont-size: 25px;\n}",
        "custom_css_mobile": "ul li {\nfont-size: 18px;\n}"
      }
    },
    "16543413375e4fa8d4": {
      "type": "rich-text",
      "blocks": {
        "16543413373de05a04-0": {
          "type": "heading",
          "settings": {
            "heading": "These are just some of the recipes you will find in the book.",
            "heading_size": "h1",
            "heading_alignment": "center",
            "heading_color": "accent-1",
            "css_class": ""
          }
        },
        "2447f52c-cce0-45c5-941c-90a1e57937ba": {
          "type": "image",
          "settings": {
            "image": "shopify:\/\/shop_images\/MenuPause_LP_Book-Sales-Page_recipeshots.png",
            "mobile_image": "shopify:\/\/shop_images\/MenuPause_LP_Book-Sales-Page_recipesshots_mobile.png",
            "max_width": 0,
            "css_class": ""
          }
        }
      },
      "block_order": [
        "16543413373de05a04-0",
        "2447f52c-cce0-45c5-941c-90a1e57937ba"
      ],
      "settings": {
        "anchor_id": "",
        "color_scheme": "background-1",
        "full_width": true,
        "padding_top": 40,
        "padding_bottom": 52,
        "css_class": "",
        "custom_css": "h2 {\nfont-size: 45px;\n}",
        "custom_css_mobile": "h2 {\nfont-size: 30px;\n}"
      }
    },
    "166118175461227b14": {
      "type": "multicolumn",
      "blocks": {
        "166118175404049317-0": {
          "type": "column",
          "settings": {
            "image": "shopify:\/\/shop_images\/MenuPause_LP_SneakPeak_book-opt-in-page_Revised-DrKelly.png",
            "title": "",
            "heading_color": "color-scheme",
            "text": "",
            "link_label": "",
            "link": "",
            "button_color": "color-scheme",
            "css_class": "leftcolumn"
          }
        },
        "166118175404049317-1": {
          "type": "column",
          "settings": {
            "title": "",
            "heading_color": "color-scheme",
            "text": "<p>“Dr. Cabeca’s brilliant new book is a must-read if you want to free yourself from creeping weight gain, brain fog, hot flashes, and other menopause symptoms.”<\/p><p>— DR. KELLYANN PETRUCCI<\/p><p>NYT bestselling author of Dr. Kellann’s Bone Broth Diet<\/p>",
            "link_label": "",
            "link": "",
            "button_color": "color-scheme",
            "css_class": "rightcolumn"
          }
        },
        "166118175404049317-2": {
          "type": "column",
          "settings": {
            "image": "shopify:\/\/shop_images\/MenuPause_LP_SneakPeak_book-opt-in-page_Revised-Dr.Sara.png",
            "title": "",
            "heading_color": "color-scheme",
            "text": "",
            "link_label": "",
            "link": "",
            "button_color": "color-scheme",
            "css_class": "leftcolumn"
          }
        },
        "d4bd8169-7d62-4db5-b568-f015ecc0e8be": {
          "type": "column",
          "settings": {
            "title": "",
            "heading_color": "color-scheme",
            "text": "<p>“Fuel the hormonal shift of menopause with these creative, internationally-inspired recipes, and thrive.”<\/p><p>— DR. SARA GO TTFRIED<\/p><p>NYT bestselling author of The Hormone Cure<\/p>",
            "link_label": "",
            "link": "",
            "button_color": "color-scheme",
            "css_class": "rightcolumn"
          }
        },
        "e16a277e-d64d-406f-ac4d-11105e0d595f": {
          "type": "column",
          "settings": {
            "image": "shopify:\/\/shop_images\/MenuPause_LP_SneakPeak_book-opt-in-page_Revised-DrTasneem.png",
            "title": "",
            "heading_color": "color-scheme",
            "text": "",
            "link_label": "",
            "link": "",
            "button_color": "color-scheme",
            "css_class": "leftcolumn"
          }
        },
        "86fcd066-da01-4309-b9f4-9616ca3bcce1": {
          "type": "column",
          "settings": {
            "title": "",
            "heading_color": "color-scheme",
            "text": "<p>“Dr. Anna beautifully helps us use food as our ﬁrst medicine, helping women break through the weight blocks, hot flashes, mood shifts, and more. Blending a solid science-based approach with great recipes, the journey back to you starts right here.” <\/p><p>— DR. TASNEEM BHATIA<\/p><p>Author of The 21-Day Belly Fix and Super Woman Rx<\/p>",
            "link_label": "",
            "link": "",
            "button_color": "color-scheme",
            "css_class": "rightcolumn"
          }
        }
      },
      "block_order": [
        "166118175404049317-0",
        "166118175404049317-1",
        "166118175404049317-2",
        "d4bd8169-7d62-4db5-b568-f015ecc0e8be",
        "e16a277e-d64d-406f-ac4d-11105e0d595f",
        "86fcd066-da01-4309-b9f4-9616ca3bcce1"
      ],
      "settings": {
        "anchor_id": "",
        "title": "What the experts are saying",
        "text": "",
        "heading_size": "h1",
        "heading_color": "accent-1",
        "text_size": "h4",
        "column_heading_size": "h3",
        "column_text_size": "p",
        "image_width": "full",
        "image_ratio": "adapt",
        "columns_desktop": 2,
        "column_alignment": "left",
        "column_link_type": "button",
        "background_style": "none",
        "button_label": "",
        "button_link": "#",
        "button_color": "accent-2",
        "color_scheme": "background-2",
        "columns_mobile": "1",
        "swipe_on_mobile": false,
        "padding_top": 36,
        "padding_bottom": 36,
        "css_class": "",
        "custom_css": ".multicolumn-card__image-wrapper { max-width: 200px; margin: 0 auto; }\n.leftcolumn { max-width: 300px; margin: 10 auto; }\n.rightcolumn { max-width: 1000px; margin: 10 auto; }\n\n.grid--2-col-desktop .grid__item:nth-child(odd) { max-width: calc(30% - var(--grid-desktop-horizontal-spacing) \/ 2); }\n\n.grid--2-col-desktop .grid__item:nth-child(even) { min-width: calc(70% - var(--grid-desktop-horizontal-spacing) \/ 2); }\n\nh2 {\nfont-size: 53px;\n}\np {\nfont-size: 21px;\n}",
        "custom_css_mobile": "h2 {\nfont-size: 35px;\n}\n\n.grid--2-col-desktop .grid__item:nth-child(odd) { max-width: 100%; }"
      }
    },
    "165434335589c58515": {
      "type": "rich-text",
      "blocks": {
        "165434335569444dc8-0": {
          "type": "heading",
          "settings": {
            "heading": "Pause… and propel to progress",
            "heading_size": "h1",
            "heading_alignment": "center",
            "heading_color": "foreground",
            "css_class": ""
          }
        }
      },
      "block_order": [
        "165434335569444dc8-0"
      ],
      "settings": {
        "anchor_id": "",
        "color_scheme": "accent-1",
        "full_width": true,
        "padding_top": 40,
        "padding_bottom": 52,
        "css_class": "",
        "custom_css": "h2 { \nfont-size: 45px; \n}\np { \nfont-size: 33px; \n}",
        "custom_css_mobile": "h2 { \nfont-size: 30px; \n}\np { \nfont-size: 25px; \n}"
      }
    },
    "16582571767cd40403": {
      "type": "image-with-text",
      "blocks": {
        "16582571765aa1deec-0": {
          "type": "heading",
          "settings": {
            "heading": "About Dr. Anna Cabeca.",
            "heading_size": "h1",
            "heading_color": "accent-1"
          }
        },
        "16582571765aa1deec-1": {
          "type": "text",
          "settings": {
            "text": "<p>Dr. Anna Cabeca, DO, OBGYN, FACOG, is triple-board certified and a fellow of gynecology and obstetrics, integrative medicine, and anti-aging and regenerative medicine. She has special certifications in functional medicine, sexual health, and bioidentical hormone replacement therapy.<\/p><p>For the past 25 years, she’s served 10,000+ women in her private practice— and millions more through her books, online videos and articles.<\/p><p>When her own health took a troubling turn during menopause, she sought out the wisdom of healers around the world. She learned that modern medicine and time-tested natural remedies are not at odds. Working together, they create indisputable results and true well being. Using delicious, healing foods and simple lifestyle changes, Dr. Anna reclaimed her health and life.<\/p><p>As a result, she developed the Keto-Green lifestyle, which has helped thousands of women breeze through menopause and experience a joyful transition to the next stage of their lives.<\/p>",
            "text_style": "body"
          }
        }
      },
      "block_order": [
        "16582571765aa1deec-0",
        "16582571765aa1deec-1"
      ],
      "settings": {
        "image": "shopify:\/\/shop_images\/MenuPause_LP_Quiz-Opt-In-Page-Dr.Anna.jpg",
        "height": "adapt",
        "desktop_image_width": "medium",
        "layout": "text_first",
        "desktop_content_position": "top",
        "desktop_content_alignment": "left",
        "content_layout": "no-overlap",
        "color_scheme": "background-1",
        "mobile_content_alignment": "left",
        "padding_top": 36,
        "padding_bottom": 36,
        "css_class": "dac-full-width  dac-padding-side-none",
        "custom_css": "h2 {\nfont-size: 33px;\n}\np {\nfont-size: 21px;\n}\nbutton {\nfont-size: 24;\npadding: 10px 25px;\n}",
        "custom_css_mobile": ""
      }
    },
    "16615306287c1d6a56": {
      "type": "image",
      "settings": {
        "image": "shopify:\/\/shop_images\/TGFD_Logolist-desktop.png",
        "mobile_image": "shopify:\/\/shop_images\/TGFD_Logolist-02-1.png",
        "max_width": 0,
        "color_scheme": "background-1",
        "link": "",
        "padding_top": 36,
        "padding_bottom": 36,
        "css_class": "",
        "custom_css": "",
        "custom_css_mobile": ""
      }
    },
    "166118067446941804": {
      "type": "image-banner",
      "blocks": {
        "1661180674ce0186c8-0": {
          "type": "heading",
          "settings": {
            "heading": "Rest. Reset. Reignite your progress.",
            "heading_size": "h1"
          }
        },
        "1661180674ce0186c8-1": {
          "type": "text",
          "settings": {
            "text": "MenuPause is where the magic begins.",
            "text_style": "body"
          }
        }
      },
      "block_order": [
        "1661180674ce0186c8-0",
        "1661180674ce0186c8-1"
      ],
      "settings": {
        "image": "shopify:\/\/shop_images\/MenuPause_LP_Book-Sales-Page_RRR.jpg",
        "link": "",
        "image_overlay_opacity": 0,
        "image_height": "medium",
        "adapt_height_first_image": true,
        "desktop_content_position": "middle-center",
        "show_text_box": false,
        "desktop_content_alignment": "center",
        "color_scheme": "background-1",
        "mobile_content_alignment": "center",
        "stack_images_on_mobile": false,
        "show_text_below": false,
        "css_class": "",
        "custom_css": "h2 {\ncolor:#ffffff;\nfont-size:53px;\n}\n.body {\nfont-size:33px;\n}\n.button{\nbackground-color: #ff8f19;\ncolor: #ffffff;\nfont-size:24px;\n--border-offset: none;\n}",
        "custom_css_mobile": "h2 {\ncolor:#ffffff;\nfont-size:35px;\n}\n.body {\nfont-size:25px;\n}\n.button{\nbackground-color: #ff8f19;\ncolor: #ffffff;\nfont-size:14px;\n}"
      }
    },
    "main": {
      "type": "main-page",
      "disabled": true,
      "settings": {
        "display_title": true,
        "color_scheme": "background-1",
        "padding_top": 28,
        "padding_bottom": 28,
        "css_class": "",
        "custom_css": "",
        "custom_css_mobile": ""
      }
    }
  },
  "order": [
    "16462238058b508f23",
    "16461663454a306e26",
    "1661182888336e42fc",
    "1658250672dac6639f",
    "166153019175965556",
    "1661530266774c8918",
    "164616622356f72eeb",
    "1654342987b12a4c39",
    "16543413375e4fa8d4",
    "166118175461227b14",
    "165434335589c58515",
    "16582571767cd40403",
    "16615306287c1d6a56",
    "166118067446941804",
    "main"
  ]
}