{
  "sections": {
    "d2686658-f390-4127-8f1a-585bd0594d75": {
      "type": "image",
      "settings": {
        "image": "shopify:\/\/shop_images\/TGFD_WebsiteDesign_MenopausePage-34.png",
        "mobile_image": "shopify:\/\/shop_images\/TGFD_WebsiteDesign_MenopausePage-35.png",
        "max_width": 1600,
        "color_scheme": "accent-2",
        "link": "",
        "padding_top": 0,
        "padding_bottom": 0,
        "css_class": "",
        "custom_css": "",
        "custom_css_mobile": ""
      }
    },
    "833b4aa7-30e5-4291-bd1e-1d1533c2bebc": {
      "type": "image-with-text",
      "blocks": {
        "template--14579283853367__833b4aa7-30e5-4291-bd1e-1d1533c2bebc-text-1": {
          "type": "text",
          "settings": {
            "text": "<h1>What causes Urinary Incontinence In Menopause?<\/h1><p>Have you ever lost your bladder just a bit? Or have you ever been unable to make it to the restroom when you’ve really got to go? <\/p><p>Then you may be experiencing incontinence. <\/p><p>Incontinence is the involuntary loss of bladder control. It happens to an estimated 20 million people in the US who are going through menopause.<\/p>",
            "text_style": "body",
            "css_class": ""
          }
        },
        "a2ac8305-bb72-401b-a0fa-9a8e8d617024": {
          "type": "text",
          "settings": {
            "text": "<p>THIS CAN LOOK LIKE:<\/p>",
            "text_style": "body",
            "css_class": "gold"
          }
        },
        "525a86f0-f13f-475a-beee-e134531f7294": {
          "type": "list",
          "settings": {
            "list_items": "<p>Peeing a little when you laugh, cough, sneeze, lift something heavy, jump, or run<\/p><p>Having to speed to the toilet when you get the urge to pee<\/p><p>Planning your outings carefully so you don’t end up far away from a bathroom<\/p><p>Urinating often, including during the night<\/p>",
            "list_style_type": "bullets",
            "text_alignment": "left",
            "css_class": ""
          }
        },
        "f52c1eb0-faed-4c0d-a8bb-e2a33e83af4f": {
          "type": "text",
          "settings": {
            "text": "<p>IT OCCURS PRIMARILY DUE TO:<\/p>",
            "text_style": "body",
            "css_class": "gold"
          }
        },
        "cdde9e61-6045-4227-9fd1-836ba4bf3a1f": {
          "type": "list",
          "settings": {
            "list_items": "<p>Hormonal decline in menopause that leads to weak, thinning tissues in your vulva, vagina, urethra, and pelvic floor<\/p><p>Pregnancy and childbirth <\/p><p>Certain foods and drinks <\/p><p>Insulin resistance and diabetes<\/p>",
            "list_style_type": "bullets",
            "text_alignment": "left",
            "css_class": ""
          }
        }
      },
      "block_order": [
        "template--14579283853367__833b4aa7-30e5-4291-bd1e-1d1533c2bebc-text-1",
        "a2ac8305-bb72-401b-a0fa-9a8e8d617024",
        "525a86f0-f13f-475a-beee-e134531f7294",
        "f52c1eb0-faed-4c0d-a8bb-e2a33e83af4f",
        "cdde9e61-6045-4227-9fd1-836ba4bf3a1f"
      ],
      "settings": {
        "image": "shopify:\/\/shop_images\/TGFD_WebsiteDesign_MenopausePage-Urinary_Incontinence.jpg",
        "height": "adapt",
        "desktop_image_width": "medium",
        "layout": "text_first",
        "desktop_content_position": "top",
        "desktop_content_alignment": "left",
        "content_layout": "no-overlap",
        "color_scheme": "background-2",
        "mobile_content_alignment": "left",
        "padding_top": 0,
        "padding_bottom": 0,
        "css_class": "dac-allow-media-resize",
        "custom_css": "strong {\ncolor: #9F2B68;\n}\n\nh1 {\ncolor: #321748;\nfont-size: 64px;\n}\n\n.gold {\ncolor: #BE9452;\n}\n\n.page-width { max-width: 1800px;}\n{ background-color: rgb(var(--color-base-background-2));",
        "custom_css_mobile": ".image-with-text__grid {\n  padding: 10px;\n}\n\nh1 {\nfont-size: 32px;\n}"
      }
    },
    "c5929b1b-a3b0-4536-81da-ac49e6b40dac": {
      "type": "rich-text",
      "blocks": {
        "template--14579283853367__c5929b1b-a3b0-4536-81da-ac49e6b40dac-text-1": {
          "type": "text",
          "disabled": true,
          "settings": {
            "text": "<p>And these are just the physical symptoms! I haven’t even begun with the mental pain and drain that comes with vaginal dryness. The biggest mental drain is when you start feeling older than your years, which can lead to other self-esteem issues like losing your self-confidence, losing intimacy with your partner and just feeling uncomfortable in your own body. <\/p><p>As we age, our sex hormones — progesterone, estrogen, testosterone and DHEA — naturally decline, preparing our bodies for the next stage in our lives. It is when this <a href=\"\/pages\/menopause\" title=\"Menopause is Mandatory, Suffering is Optional\">decline takes place<\/a> that we start losing our natural moisture, as well as noticing some of the other symptoms <a href=\"\/pages\/menopause\" title=\"Menopause is Mandatory, Suffering is Optional\">we’ve talked about<\/a>. <\/p><p>Fortunately, when you understand what goes on down there, it gives you an opportunity to heal yourself. Believe me — you can feel like yourself again.<\/p>",
            "text_alignment": "center",
            "text_size": "p",
            "css_class": ""
          }
        },
        "template--14579283853367__c5929b1b-a3b0-4536-81da-ac49e6b40dac-button-1": {
          "type": "button",
          "settings": {
            "button_label": "LEARN MORE ABOUT MENOPAUSE",
            "button_link": "shopify:\/\/pages\/menopause",
            "button_style_secondary": false,
            "button_alignment": "center",
            "button_color": "accent-1",
            "css_class": ""
          }
        }
      },
      "block_order": [
        "template--14579283853367__c5929b1b-a3b0-4536-81da-ac49e6b40dac-text-1",
        "template--14579283853367__c5929b1b-a3b0-4536-81da-ac49e6b40dac-button-1"
      ],
      "settings": {
        "anchor_id": "",
        "color_scheme": "background-2",
        "full_width": true,
        "padding_top": 0,
        "padding_bottom": 72,
        "css_class": "",
        "custom_css": "a {\ncolor:#000000;\ntext-decoration: underline;\n}\n\n.button {\ncolor:#ffffff;\ntext-decoration: none;\n}",
        "custom_css_mobile": ""
      }
    },
    "626918f2-19cb-4bdb-a42c-7ddbea0a7523": {
      "type": "rich-text",
      "blocks": {
        "31408c9c-6838-4a56-ae1e-43a4cb54349f": {
          "type": "heading",
          "settings": {
            "heading": "What can I do about it?",
            "heading_size": "h0",
            "heading_alignment": "center",
            "heading_color": "accent-1",
            "css_class": "",
            "heading_divider": false
          }
        },
        "template--14572363284535__626918f2-19cb-4bdb-a42c-7ddbea0a7523-text-1": {
          "type": "text",
          "settings": {
            "text": "<p>Declining levels of estrogen are at the heart of many of the symptoms of menopause. <\/p><p>And your urethra (the duct that transports urine out of the body) and pelvic floor are definitely affected by the loss of estrogen. These parts of your body need estrogen to feel their best. When they lose estrogen, they become thinner and weaker.<\/p><p>That’s one of the major ways urinary incontinence develops.<\/p><p>Because when your tissues down there thin out, they are unable to properly hold urine in at all times.<\/p><p>This is why I’m such a huge fan of locally applied DHEA. <\/p><p>DHEA is a natural bio-identical hormone that is one of the important building blocks your body uses to make estrogen. So it helps bring some much-needed strength back to your urethra and helps put an end to your frantic search for a bathroom every time you’re out and about.<\/p>",
            "text_alignment": "center",
            "text_size": "p",
            "css_class": ""
          }
        }
      },
      "block_order": [
        "31408c9c-6838-4a56-ae1e-43a4cb54349f",
        "template--14572363284535__626918f2-19cb-4bdb-a42c-7ddbea0a7523-text-1"
      ],
      "settings": {
        "anchor_id": "",
        "color_scheme": "accent-2",
        "full_width": true,
        "padding_top": 72,
        "padding_bottom": 72,
        "css_class": "",
        "custom_css": "h2{color: #F498C8;\nfont-size:64px;\ntext-transform: capitalize;\n}",
        "custom_css_mobile": "h2 {\nfont-size: 32px;\n}"
      }
    },
    "7c5fdcdc-2543-4f18-8b91-c8d30b33ab3c": {
      "type": "rich-text",
      "blocks": {
        "template--14579283853367__7c5fdcdc-2543-4f18-8b91-c8d30b33ab3c-heading-1": {
          "type": "heading",
          "settings": {
            "heading": " Which is why I created:",
            "heading_size": "h0",
            "heading_alignment": "center",
            "heading_color": "color-scheme",
            "css_class": "",
            "heading_divider": false
          }
        }
      },
      "block_order": [
        "template--14579283853367__7c5fdcdc-2543-4f18-8b91-c8d30b33ab3c-heading-1"
      ],
      "settings": {
        "anchor_id": "",
        "color_scheme": "background-1",
        "full_width": true,
        "padding_top": 72,
        "padding_bottom": 28,
        "css_class": "",
        "custom_css": "h2{color: #BE9452;\ntext-transform: uppercase;\nfont-size:64px;\n}",
        "custom_css_mobile": "h2 {\nfont-size: 32px;\n}"
      }
    },
    "226b22f5-bb5f-440a-830f-180e99fa2df0": {
      "type": "image-with-text",
      "blocks": {
        "4cdbfef5-c9fd-4485-b49f-e41f656ef878": {
          "type": "heading",
          "settings": {
            "heading": "Julva®",
            "heading_size": "h1",
            "heading_color": "accent-1",
            "css_class": ""
          }
        },
        "b7652cb5-4d7c-46ab-9d04-128052636264": {
          "type": "text",
          "settings": {
            "text": "<p>Julva® is my dream cream — the ultimate vulva-revitalizing serum that supports your quest to end urinary incontinence. One of the main active ingredients in Julva® is DHEA.<\/p><p>Julva® delivers DHEA straight to the tissues that need it most. Your vulva absorbs DHEA quickly, which your body uses in turn to make estrogen and testosterone. This added bit of hormone help promotes strength and flexibility in your urethra, pelvic floor, vagina and vulva.<\/p><p>That means it can help you say goodbye to leaks. <\/p><p>And it also helps your vagina feel juicy again — plus gives a boost to your libido.<\/p>",
            "text_style": "body",
            "css_class": ""
          }
        },
        "9da69cf8-1bba-4848-835c-3e6780bf2c70": {
          "type": "text",
          "settings": {
            "text": "<p>In addition DHEA, it also includes:<\/p>",
            "text_style": "body",
            "css_class": "goldagain"
          }
        },
        "211d91a8-8fc3-452e-af94-52deb468440f": {
          "type": "custom_liquid",
          "settings": {
            "custom_liquid": "<img src=\"https:\/\/cdn.shopify.com\/s\/files\/1\/0524\/5661\/files\/Vector_a9c4bfbc-ebbc-4bc6-aa62-089e75ac0040.svg\" width=\"100%;\">",
            "css_class": ""
          }
        },
        "26c3fa12-d689-40df-8a23-b3d122f93b62": {
          "type": "text",
          "settings": {
            "text": "<p>Julva® is perfect for the delicate tissue of the vulva because it only uses natural ingredients. <\/p><p>You only need to apply a small amount externally for Julva® to work its magic. Although you may want to give it about 20 minutes to fully sink in. After that, you can sit back and wait for your libido to rise and the stress of urinary incontinence to melt away. Oh, and you’ll also feel way more juicy down there too.<\/p>",
            "text_style": "body",
            "css_class": ""
          }
        },
        "6bd2519e-c3bf-4e5f-bcea-bcc09b1868c0": {
          "type": "button",
          "settings": {
            "button_label": "Shop Julva Now",
            "button_link": "shopify:\/\/pages\/offers-julva-full-tube",
            "button_color": "color-scheme",
            "css_class": ""
          }
        }
      },
      "block_order": [
        "4cdbfef5-c9fd-4485-b49f-e41f656ef878",
        "b7652cb5-4d7c-46ab-9d04-128052636264",
        "9da69cf8-1bba-4848-835c-3e6780bf2c70",
        "211d91a8-8fc3-452e-af94-52deb468440f",
        "26c3fa12-d689-40df-8a23-b3d122f93b62",
        "6bd2519e-c3bf-4e5f-bcea-bcc09b1868c0"
      ],
      "custom_css": [

      ],
      "settings": {
        "image": "shopify:\/\/shop_images\/aboutJulvasection.jpg",
        "height": "adapt",
        "desktop_image_width": "small",
        "layout": "image_first",
        "desktop_content_position": "middle",
        "desktop_content_alignment": "left",
        "content_layout": "no-overlap",
        "color_scheme": "background-1",
        "mobile_content_alignment": "left",
        "padding_top": 0,
        "padding_bottom": 0,
        "css_class": "dac-allow-media-resize",
        "custom_css": ".goldagain{color: #BE9452;\ntext-transform: uppercase;\n}\n.page-width { max-width: 1800px;}",
        "custom_css_mobile": ".image-with-text__grid {\n  padding: 20px;\n}"
      }
    },
    "79d35df0-4e31-482a-a78f-eb54cb3cc9fa": {
      "type": "multicolumn",
      "blocks": {
        "template--14579283853367__79d35df0-4e31-482a-a78f-eb54cb3cc9fa-column-1": {
          "type": "column",
          "settings": {
            "title": "#1: Dietary changes",
            "heading_color": "color-scheme",
            "text": "<p>Cut out caffeine, carbonated drinks, and alcohol. And spicy foods, too.<\/p><p>These are known to exacerbate urinary incontinence, so it’s best to cut them out, or at least cut back on them.<\/p>",
            "link_label": "",
            "link": "",
            "button_color": "color-scheme",
            "css_class": ""
          }
        },
        "template--14579283853367__79d35df0-4e31-482a-a78f-eb54cb3cc9fa-column-2": {
          "type": "column",
          "settings": {
            "title": "#2: Kegel exercises",
            "heading_color": "color-scheme",
            "text": "<p>Yes, as we age and our vaginal tissue becomes thinner and less elastic, things might feel a little loose down there. But kegel exercises help!<\/p><p>Kegel exercises strengthen the pelvic floor muscles and can improve symptoms of incontinence — and they can improve arousal and orgasm, too…so a good Kegel program is a no-brainer!<\/p>",
            "link_label": "",
            "link": "",
            "button_color": "color-scheme",
            "css_class": ""
          }
        },
        "f0e8d8eb-648d-4c56-bf92-8f8dd9dd12a7": {
          "type": "column",
          "settings": {
            "title": "#3: Improve your blood sugar  ",
            "heading_color": "color-scheme",
            "text": "<p>Here’s the thing. Urinary incontinence is more likely to affect women with insulin resistance and diabetes. This is why it’s important to make sure you’re managing your blood sugar and improving insulin sensitivity with a Keto-Green® diet and plenty of exercise. <\/p>",
            "link_label": "",
            "link": "",
            "button_color": "color-scheme",
            "css_class": ""
          }
        },
        "769eb6c9-a129-44df-8530-dbe1054171e6": {
          "type": "column",
          "disabled": true,
          "settings": {
            "title": "#4: Kegel It Up!",
            "heading_color": "color-scheme",
            "text": "<p>It might seem weird that I’d recommend kegels as a way to combat vaginal dryness, but kegels and other pelvic floor exercises, done correctly, will get the blood flowing to your vaginal tissues and strengthen your muscles, increase the elasticity and intimate pleasure. This is important for the rest of your life!<br\/><br\/>On top of that, Kegel exercises will also help you prevent or defeat incontinence.<br\/><br\/>Recommendation: Do daily <a href=\"https:\/\/drannacabeca.com\/blogs\/bladder-problems\/how-to-do-kegel-exercises\" title=\"https:\/\/drannacabeca.com\/blogs\/bladder-problems\/how-to-do-kegel-exercises\">kegels correctly<\/a> to keep everything tight, fit  and functioning with your lady bits. There are also some  yoga poses that help keep the pelvic floor in shape. Ask your yoga teacher what they’d recommend.<br\/><\/p>",
            "link_label": "",
            "link": "",
            "button_color": "color-scheme",
            "css_class": ""
          }
        }
      },
      "block_order": [
        "template--14579283853367__79d35df0-4e31-482a-a78f-eb54cb3cc9fa-column-1",
        "template--14579283853367__79d35df0-4e31-482a-a78f-eb54cb3cc9fa-column-2",
        "f0e8d8eb-648d-4c56-bf92-8f8dd9dd12a7",
        "769eb6c9-a129-44df-8530-dbe1054171e6"
      ],
      "settings": {
        "anchor_id": "",
        "title": "Other things you can do to help with urinary incontinence",
        "text": "",
        "heading_size": "h0",
        "heading_color": "color-scheme",
        "text_size": "p",
        "column_heading_size": "h3",
        "column_text_size": "p",
        "image_width": "full",
        "image_ratio": "adapt",
        "columns_desktop": 2,
        "column_alignment": "center",
        "column_link_type": "button",
        "background_style": "none",
        "button_label": "SHOP JULVA NOW",
        "button_link": "shopify:\/\/pages\/offers-julva-full-tube",
        "button_color": "color-scheme",
        "color_scheme": "background-2",
        "columns_mobile": "1",
        "swipe_on_mobile": false,
        "padding_top": 72,
        "padding_bottom": 72,
        "css_class": "",
        "custom_css": "h2{color: #321748;\nfont-size: 64px;\ntext-transform: capitalize; padding:0px 100px;}\n\n\n\na {\ncolor:#000000;\ntext-decoration: underline;\n}\n\n.button {\ncolor:#ffffff;\ntext-decoration: none;\n}\n.multicolumn-list {\npadding: 0px 5%;\nmax-width: 1800px;\nmargin-left: auto;\nmargin-right: auto;\n}",
        "custom_css_mobile": "h2 {padding:0px;\nfont-size: 32px;\n}\n\n.multicolumn-list {padding: 0px;}"
      }
    },
    "main": {
      "type": "main-page",
      "disabled": true,
      "custom_css": [
        "h1 {text-transform: uppercase; font-size: 1.5em; text-align: center;}",
        ".rte > p:first-of-type {font-size: 2em; line-height: 1.1; text-align: center;}",
        ".rte > p:first-of-type,strong {color: var(--dac-color-awaken);}",
        "@media screen and (min-width: 750px) {.rte > div {columns: 2; column-gap: 3em; text-align: justify; }}",
        "p {break-inside: avoid;}",
        "div p:first-child {margin-top: 0;}"
      ],
      "settings": {
        "display_title": true,
        "color_scheme": "background-1",
        "padding_top": 56,
        "padding_bottom": 72,
        "css_class": "",
        "custom_css": "",
        "custom_css_mobile": ""
      }
    }
  },
  "order": [
    "d2686658-f390-4127-8f1a-585bd0594d75",
    "833b4aa7-30e5-4291-bd1e-1d1533c2bebc",
    "c5929b1b-a3b0-4536-81da-ac49e6b40dac",
    "626918f2-19cb-4bdb-a42c-7ddbea0a7523",
    "7c5fdcdc-2543-4f18-8b91-c8d30b33ab3c",
    "226b22f5-bb5f-440a-830f-180e99fa2df0",
    "79d35df0-4e31-482a-a78f-eb54cb3cc9fa",
    "main"
  ]
}
