{
  "layout": "theme-offer-page",
  "sections": {
    "16462238058b508f23": {
      "type": "header-offer-page",
      "blocks": {
        "2d234c6a-ad15-4b01-b895-79b7c0f04cdf": {
          "type": "custom_colors",
          "settings": {
            "colors_solid_button_labels": "",
            "colors_accent_1": "#63316e",
            "gradient_accent_1": "",
            "colors_accent_2": "#ff8f19",
            "gradient_accent_2": "",
            "colors_accent_3": "rgba(0,0,0,0)",
            "colors_accent_4": "",
            "colors_text": "",
            "colors_outline_button_labels": "",
            "colors_background_1": "",
            "gradient_background_1": "",
            "colors_background_2": "rgba(0,0,0,0)",
            "gradient_background_2": ""
          }
        }
      },
      "block_order": [
        "2d234c6a-ad15-4b01-b895-79b7c0f04cdf"
      ],
      "settings": {
        "color_scheme": "background-1",
        "display_logo": true,
        "enable_logo_link": false,
        "logo_color": "gold",
        "show_line_separator": false,
        "enable_sticky_header": true,
        "margin_bottom": 0,
        "css_class": "",
        "custom_css": "@font-face {\n  font-family: 'Larsseit';\n  src: url(https:\/\/d2saw6je89goi1.cloudfront.net\/uploads\/digital_asset\/file\/962385\/Type_Dynamic_-_Larsseit_Regular.otf);\n  font-weight: normal;\n  font-style: normal;\n}\n@font-face {\n  font-family: 'Larsseit-Bold';\n  src: url(https:\/\/d2saw6je89goi1.cloudfront.net\/uploads\/digital_asset\/file\/962384\/Type_Dynamic_-_Larsseit_Bold.otf) format('truetype');\n  font-weight: var(--font-body-weight-bold);\n  font-style: normal;\n}\n@font-face {\n  font-family: 'Larsseit-Thin';\n  src: url(https:\/\/d2saw6je89goi1.cloudfront.net\/uploads\/digital_asset\/file\/962386\/Type_Dynamic_-_Larsseit_Thin.otf) format('truetype');\n  font-weight: lighter;\n  font-style: normal;\n}\n\n@font-face {\n  font-family: 'Larsseit-Light';\n  src: url(https:\/\/d2saw6je89goi1.cloudfront.net\/uploads\/digital_asset\/file\/965155\/Larsseit-Light.ttf) format('truetype');\n  font-weight: lighter;\n  font-style: normal;\n}\n\nbody {\n  font-family: 'Larsseit-Light', serif !important;\n}",
        "custom_css_mobile": ""
      }
    },
    "165902107041c4632f": {
      "type": "multicolumn",
      "blocks": {
        "1659021070f3561609-0": {
          "type": "column",
          "settings": {
            "title": "Enjoy weight loss, hormone harmony, energy, and good health with",
            "heading_color": "foreground",
            "text": "<p>Nourishing, Keto-Green Recipes for Menopause<\/p><p>&lt;ul&gt;<br\/>&lt;li&gt;Lose stubborn hormonal weight&lt;\/li&gt;<strong>​<br\/><\/strong>&lt;li&gt;Eliminate hot flashes&lt;\/li&gt;<strong>​<br\/><\/strong>&lt;li&gt;Balance hormones&lt;\/li&gt;<strong>​<br\/><\/strong>&lt;li&gt;Reduce night sweats&lt;\/li&gt;<strong>​<br\/><\/strong>&lt;li&gt;Boost energy<strong>​<\/strong>Increase libido​&lt;\/li&gt;<br\/>&lt;li&gt;Calm inflammation&lt;\/li&gt;&lt;\/ul&gt;<\/p>",
            "link_label": "YES, I WANT THESE RECIPES!",
            "link": "#optin",
            "button_color": "accent-2",
            "css_class": "recipetitle"
          }
        },
        "d32a4e81-2d15-46a3-b3f6-33bda41c4bbf": {
          "type": "column_with_bkgd_img",
          "settings": {
            "background_image": "shopify:\/\/shop_images\/MenuPause_LP_Recipe-book-opt-in-page-04.png",
            "title": "",
            "heading_color": "color-scheme",
            "text": "",
            "link_label": "",
            "link": "",
            "css_class": "ipadbkgd"
          }
        }
      },
      "block_order": [
        "1659021070f3561609-0",
        "d32a4e81-2d15-46a3-b3f6-33bda41c4bbf"
      ],
      "settings": {
        "anchor_id": "",
        "title": "",
        "text": "",
        "heading_size": "h1",
        "heading_color": "color-scheme",
        "text_size": "p",
        "column_heading_size": "h3",
        "column_text_size": "p",
        "image_width": "full",
        "image_ratio": "adapt",
        "columns_desktop": 2,
        "column_alignment": "left",
        "column_link_type": "button",
        "background_style": "none",
        "button_label": "",
        "button_link": "",
        "button_color": "color-scheme",
        "color_scheme": "background-1",
        "columns_mobile": "1",
        "swipe_on_mobile": false,
        "padding_top": 52,
        "padding_bottom": 52,
        "css_class": "recipebkgd",
        "custom_css": ".recipebkgd {\n background: url('https:\/\/cdn.shopify.com\/s\/files\/1\/0524\/5661\/files\/MenuPause_LP_Recipe-book-opt-in-page-03.jpg?v=1659023390');\n  background-position: center center !important;\n  background-repeat: no-repeat;\n  background-size: cover !important;\n  width: 100%;\n}\n.recipetitle h3{\ncolor: #fff;\nfont-size: 52px;\nline-height:1em;\n}\n\n.recipetitle p{\ncolor: #fff;\nfont-size: 33px;\n}\n\n.recipetitle ul li{\ncolor: #fff;\nfont-size: 25px;\nline-height:1em;\n}",
        "custom_css_mobile": ".recipetitle h3{\ncolor: #fff;\nfont-size: 35px;\nline-height:1em;\n}\n\n.recipetitle p{\ncolor: #fff;\nfont-size: 25px;\n}\n\n.recipetitle ul li{\ncolor: #fff;\nfont-size: 21px;\nline-height:1em;\n}\n\n.button {\npadding: 10px 25px;\n}"
      }
    },
    "1658250672dac6639f": {
      "type": "image",
      "settings": {
        "image": "shopify:\/\/shop_images\/TGFD_Logolist-desktop.png",
        "mobile_image": "shopify:\/\/shop_images\/TGFD_Logolist-02-1.png",
        "max_width": 0,
        "color_scheme": "background-1",
        "link": "",
        "padding_top": 24,
        "padding_bottom": 24,
        "css_class": "",
        "custom_css": "",
        "custom_css_mobile": ""
      }
    },
    "164616622356f72eeb": {
      "type": "image-with-text",
      "blocks": {
        "1646166223b6760f4c-0": {
          "type": "heading",
          "settings": {
            "heading": "Is eating keto actually healthy?",
            "heading_size": "h2",
            "heading_color": "accent-1",
            "css_class": ""
          }
        },
        "97f6b31a-4982-49d2-b3aa-7c19ca98829b": {
          "type": "text",
          "settings": {
            "text": "<p>If you like the quick results of a ketogenic diet but find it hard to believe that a steady diet of bacon, cheese, and pork rinds is truly good for your health, I’ve got something to tell you. You’re right. Unless you have a specific medical need for it, a traditional keto diet can have devastating health consequences—especially for women over 40.<\/p>",
            "text_style": "body",
            "css_class": ""
          }
        },
        "3cded061-36dc-41b7-a893-a75f2584144f": {
          "type": "caption",
          "settings": {
            "caption": "Not what you were after, right?",
            "text_style": "subtitle",
            "text_size": "large",
            "css_class": ""
          }
        }
      },
      "block_order": [
        "1646166223b6760f4c-0",
        "97f6b31a-4982-49d2-b3aa-7c19ca98829b",
        "3cded061-36dc-41b7-a893-a75f2584144f"
      ],
      "settings": {
        "image": "shopify:\/\/shop_images\/MenuPause_LP_Recipe-book-opt-in-page-desktop.jpg",
        "height": "adapt",
        "desktop_image_width": "medium",
        "layout": "text_first",
        "desktop_content_position": "top",
        "desktop_content_alignment": "left",
        "content_layout": "no-overlap",
        "color_scheme": "background-2",
        "mobile_content_alignment": "left",
        "padding_top": 0,
        "padding_bottom": 36,
        "css_class": "dac-full-width dac-padding-side-none",
        "custom_css": "h2 {\nfont-size: 43px;\n}\np {\nfont-size: 25px;\n}\n.subtitle {\nfont-size: 33px;\ncolor: #63316e;\n}",
        "custom_css_mobile": "h2 {\nfont-size: 30px;\n}\np {\nfont-size: 18px;\n}\n.subtitle {\nfont-size: 18px;\ncolor: #63316e;\n}"
      }
    },
    "16461663454a306e26": {
      "type": "rich-text",
      "blocks": {
        "1646166345821458f3-0": {
          "type": "heading",
          "settings": {
            "heading": "And let's be honest, keto is difficult to sustain. You can only eat so many heavy, fatty foods before your stomach stages a revolt.",
            "heading_size": "h2",
            "heading_alignment": "center",
            "heading_color": "foreground",
            "css_class": "",
            "heading_divider": false
          }
        },
        "b340dacc-d70e-4608-9ded-fa3aa2e72828": {
          "type": "text",
          "settings": {
            "text": "<p>That’s where a <span style=\"text-decoration:underline\">clean keto diet comes in<\/span>, like my Keto-Green® plan.<\/p>",
            "text_alignment": "center",
            "text_size": "h4",
            "css_class": ""
          }
        },
        "4bf3ceed-e2ba-4a67-b1dd-e7681f821921": {
          "type": "button",
          "settings": {
            "button_label": "YES, I WANT THESE RECIPES!",
            "button_link": "#optin",
            "button_style_secondary": false,
            "button_alignment": "center",
            "button_color": "accent-2",
            "css_class": ""
          }
        }
      },
      "block_order": [
        "1646166345821458f3-0",
        "b340dacc-d70e-4608-9ded-fa3aa2e72828",
        "4bf3ceed-e2ba-4a67-b1dd-e7681f821921"
      ],
      "settings": {
        "anchor_id": "",
        "color_scheme": "background-1",
        "full_width": true,
        "padding_top": 24,
        "padding_bottom": 24,
        "css_class": "",
        "custom_css": "h2 {\nfont-size: 33px;\n}\np {\nfont-size: 33px;\ncolor: #63316e;\n}\n.button {\nfont-size: 20px;\npadding: 10px 25px;\n}",
        "custom_css_mobile": "h2 {\nfont-size: 25px;\n}\np {\nfont-size: 25px;\ncolor: #63316e;\n}\n.button {\nfont-size: 14px;\npadding: 10px 25px;\n}"
      }
    },
    "1654429156cf23b65b": {
      "type": "image-with-text",
      "blocks": {
        "1654429156c9b37b07-0": {
          "type": "heading",
          "settings": {
            "heading": "By strategically combining...",
            "heading_size": "h1",
            "heading_color": "accent-1",
            "css_class": ""
          }
        },
        "1654429156c9b37b07-1": {
          "type": "text",
          "settings": {
            "text": "<p>a keto diet with plant-based alkaline eating, Keto-Green boosts energy and promotes long-term health.<\/p><p>And, it’s an effective way to manage menopause & perimenopause symptoms.<\/p><p>All while eating delicious foods like garlic ginger spare ribs, spicy gazpacho, roasted veggies, and even chocolate mousse!<\/p>",
            "text_style": "body",
            "css_class": ""
          }
        },
        "fb89c9a0-b3ef-4807-a6ca-95ea9095d7b9": {
          "type": "button",
          "settings": {
            "button_label": "YES, I WANT THESE RECIPES!",
            "button_link": "#optin",
            "button_color": "accent-2",
            "css_class": ""
          }
        }
      },
      "block_order": [
        "1654429156c9b37b07-0",
        "1654429156c9b37b07-1",
        "fb89c9a0-b3ef-4807-a6ca-95ea9095d7b9"
      ],
      "settings": {
        "image": "shopify:\/\/shop_images\/MenuPause_LP_Recipe-book-opt-in-page-03_ae69d3f1-6a84-4498-8254-58e6f75e69fd.jpg",
        "height": "adapt",
        "desktop_image_width": "medium",
        "layout": "image_first",
        "desktop_content_position": "middle",
        "desktop_content_alignment": "left",
        "content_layout": "no-overlap",
        "color_scheme": "background-1",
        "mobile_content_alignment": "left",
        "padding_top": 36,
        "padding_bottom": 36,
        "css_class": "dac-full-width dac-padding-side-none",
        "custom_css": "h2 {\nfont-size: 43px;\n}\np {\nfont-size: 25px;\n}\n.button {\nfont-size: 20px;\npadding: 10px 25px;\n}",
        "custom_css_mobile": "h2 {\nfont-size: 30px;\n}\np {\nfont-size: 25px;\n}\n.button {\nfont-size: 14px;\npadding: 10px 25px;\n}"
      }
    },
    "16543413375e4fa8d4": {
      "type": "rich-text",
      "blocks": {
        "16543413373de05a04-0": {
          "type": "heading",
          "settings": {
            "heading": "Give it a try with Clean Keto-Green for Menopause, a free downloadable ebook with 11 of my tastiest Keto-Green recipes.",
            "heading_size": "h2",
            "heading_alignment": "center",
            "heading_color": "accent-1",
            "css_class": "",
            "heading_divider": false
          }
        }
      },
      "block_order": [
        "16543413373de05a04-0"
      ],
      "settings": {
        "anchor_id": "",
        "color_scheme": "background-1",
        "full_width": true,
        "padding_top": 40,
        "padding_bottom": 24,
        "css_class": "",
        "custom_css": "h2 {\nfont-size: 45px;\n}",
        "custom_css_mobile": "h2 {\nfont-size: 30px;\n}"
      }
    },
    "1659370207f2f209b7": {
      "type": "image",
      "settings": {
        "image": "shopify:\/\/shop_images\/MenuPause_LP_Recipe-book-opt-in-page-02.png",
        "mobile_image": "shopify:\/\/shop_images\/MenuPause_LP_Recipe-book-opt-in-page-02_9b98a274-5e62-4a29-bac7-56a4f9513fdb.png",
        "max_width": 0,
        "color_scheme": "background-1",
        "link": "",
        "padding_top": 0,
        "padding_bottom": 0,
        "css_class": "",
        "custom_css": "",
        "custom_css_mobile": ""
      }
    },
    "165434335589c58515": {
      "type": "rich-text",
      "blocks": {
        "9538b0d6-186a-442b-a6d7-d757cf8361dc": {
          "type": "text",
          "settings": {
            "text": "<p>Nutty Keto-Green Energizing Smoothie • Keto-Coconut Yogurt Berry Bowl • Spicy Gazpacho • Lettuce Tacos • Miso-Ginger Zoodle Ramen • Chicken Wings with Buffalo Sauce • Garlic Ginger Crockpot Spare Ribs • Salmon Cakes • Te-Keto Cocktail • Chocolate Avocado Mousse • Salted Banana Coconut Cream Pie<\/p>",
            "text_alignment": "center",
            "text_size": "h5",
            "css_class": ""
          }
        },
        "18d1ad04-d1aa-4398-acd9-3924c44853b3": {
          "type": "button",
          "settings": {
            "button_label": "YES, I WANT THESE RECIPES!",
            "button_link": "#optin",
            "button_style_secondary": false,
            "button_alignment": "center",
            "button_color": "accent-2",
            "css_class": ""
          }
        }
      },
      "block_order": [
        "9538b0d6-186a-442b-a6d7-d757cf8361dc",
        "18d1ad04-d1aa-4398-acd9-3924c44853b3"
      ],
      "settings": {
        "anchor_id": "",
        "color_scheme": "background-1",
        "full_width": true,
        "padding_top": 0,
        "padding_bottom": 52,
        "css_class": "",
        "custom_css": "p {\nfont-size: 25px;\n}\n\n.button {\nfont-size: 20px;\npadding: 10px 25px;\n}",
        "custom_css_mobile": ".button {\nfont-size: 14px;\npadding: 10px 25px;\n}"
      }
    },
    "16582571767cd40403": {
      "type": "image-with-text",
      "blocks": {
        "16582571765aa1deec-0": {
          "type": "heading",
          "settings": {
            "heading": "Hi, I’m Dr. Anna Cabeca.",
            "heading_size": "h1",
            "heading_color": "accent-1",
            "css_class": ""
          }
        },
        "16582571765aa1deec-1": {
          "type": "text",
          "settings": {
            "text": "<p>Over the past 20 years, I’ve served <strong>10,000+ women<\/strong>in my private practice as an OBGYN — and<strong>millions more <\/strong>through my books, online videos and articles.<\/p><p>One of the greatest lessons I’ve learned as a clinician is that food is the foundation of true health. I know, because I too reached a point where menopause was making me miserable, and I had to get my hormones— and life—in order.<\/p><p>I reclaimed my health and my life using delicious, healing foods, and I want to help you do the same.<\/p><p>Through the power of the Keto-Green lifestyle, <strong>thousands of women have opted out of menopause misery <\/strong>and experienced a joyful transition to the next stage of their lives.<\/p><p>In this ebook, you’ll discover 11 delicious recipes that will help you begin feeling energetic and rejuvenated. Are you ready to kiss hot flashes, night sweats, brain fog, fatigue, and unexpected weight gain goodbye?<\/p>",
            "text_style": "body",
            "css_class": ""
          }
        },
        "16582571765aa1deec-2": {
          "type": "button",
          "settings": {
            "button_label": "YES, I WANT THESE RECIPES!",
            "button_link": "#optin",
            "button_color": "accent-2",
            "css_class": ""
          }
        }
      },
      "block_order": [
        "16582571765aa1deec-0",
        "16582571765aa1deec-1",
        "16582571765aa1deec-2"
      ],
      "settings": {
        "image": "shopify:\/\/shop_images\/MenuPause_LP_Quiz-Opt-In-Page-Dr.Anna.jpg",
        "height": "adapt",
        "desktop_image_width": "medium",
        "layout": "text_first",
        "desktop_content_position": "top",
        "desktop_content_alignment": "left",
        "content_layout": "no-overlap",
        "color_scheme": "background-1",
        "mobile_content_alignment": "left",
        "padding_top": 36,
        "padding_bottom": 36,
        "css_class": "dac-full-width  dac-padding-side-none",
        "custom_css": "h2 {\nfont-size: 43px;\n}\n\np {\nfont-size: 21px;\n}\n\n.button {\nfont-size: 20px;\npadding: 10px 25px; \n}",
        "custom_css_mobile": ""
      }
    },
    "1658262889339758a0": {
      "type": "rich-text",
      "settings": {
        "anchor_id": "optin",
        "color_scheme": "background-1",
        "full_width": true,
        "padding_top": 0,
        "padding_bottom": 0,
        "css_class": "",
        "custom_css": "",
        "custom_css_mobile": ""
      }
    },
    "c8f94f6a-78c8-4c3c-8bf6-daff6e8a276f": {
      "type": "custom-liquid",
      "settings": {
        "anchor_id": "",
        "custom_liquid": "<h2 class=\"h1 center heading--accent-1\">Where should I send your Recipe E-Book?<\/h2>\n<div class=\"klaviyo-form-VAuu2P\" data-name=\"MenuPause Recipe to Book Offer\"><\/div>",
        "color_scheme": "background-2",
        "padding_top": 32,
        "padding_bottom": 52,
        "css_class": "custombox",
        "custom_css": ".custombox {margin-top:0px; padding-top:0px;}",
        "custom_css_mobile": ".h2 {\nfont-size:30;\n}\n\n#_form_82_ button[type=\"submit\"] { padding:20px; font-size:14px; }"
      }
    },
    "main": {
      "type": "main-page",
      "disabled": true,
      "settings": {
        "display_title": true,
        "color_scheme": "background-1",
        "padding_top": 28,
        "padding_bottom": 28,
        "css_class": "",
        "custom_css": "",
        "custom_css_mobile": ""
      }
    }
  },
  "order": [
    "16462238058b508f23",
    "165902107041c4632f",
    "1658250672dac6639f",
    "164616622356f72eeb",
    "16461663454a306e26",
    "1654429156cf23b65b",
    "16543413375e4fa8d4",
    "1659370207f2f209b7",
    "165434335589c58515",
    "16582571767cd40403",
    "1658262889339758a0",
    "c8f94f6a-78c8-4c3c-8bf6-daff6e8a276f",
    "main"
  ]
}
