{
  "layout": "theme-offer-page",
  "sections": {
    "main": {
      "type": "main-page",
      "disabled": true,
      "settings": {
        "display_title": false,
        "color_scheme": "background-1",
        "padding_top": 28,
        "padding_bottom": 28,
        "css_class": "center",
        "custom_css": "",
        "custom_css_mobile": ""
      }
    },
    "06f4d6c5-8955-4e99-8936-dc96296ef92d": {
      "type": "header-offer-page",
      "blocks": {
        "e14f5aa4-afa0-46b3-a2ed-b404c002ac28": {
          "type": "custom_colors",
          "settings": {
            "colors_solid_button_labels": "",
            "colors_accent_1": "",
            "gradient_accent_1": "",
            "colors_accent_2": "#321748",
            "gradient_accent_2": "",
            "colors_accent_3": "rgba(0,0,0,0)",
            "colors_accent_4": "",
            "colors_text": "",
            "colors_outline_button_labels": "",
            "colors_background_1": "rgba(0,0,0,0)",
            "gradient_background_1": "",
            "colors_background_2": "",
            "gradient_background_2": ""
          }
        }
      },
      "block_order": [
        "e14f5aa4-afa0-46b3-a2ed-b404c002ac28"
      ],
      "disabled": true,
      "settings": {
        "color_scheme": "accent-2",
        "display_logo": true,
        "enable_logo_link": false,
        "logo_color": "white",
        "show_line_separator": true,
        "enable_sticky_header": true,
        "margin_bottom": 0,
        "css_class": "",
        "custom_css": "",
        "custom_css_mobile": ""
      }
    },
    "16458011004aaa609d": {
      "type": "rich-text",
      "blocks": {
        "16458011000d532d59-1": {
          "type": "text",
          "settings": {
            "text": "<p>For women suffering from the negative side-effects of hormone imbalance & menopause:<\/p>",
            "text_alignment": "center",
            "text_size": "h4",
            "css_class": ""
          }
        }
      },
      "block_order": [
        "16458011000d532d59-1"
      ],
      "settings": {
        "anchor_id": "",
        "color_scheme": "accent-3",
        "full_width": true,
        "padding_top": 8,
        "padding_bottom": 8,
        "css_class": "",
        "custom_css": "p {\nfont-size: 25px;\n}",
        "custom_css_mobile": "p {\nfont-size: 18px;\n}"
      }
    },
    "54241dca-a171-48f7-8ac1-b2f3365f4f73": {
      "type": "rich-text",
      "blocks": {
        "template--14487746248759__54241dca-a171-48f7-8ac1-b2f3365f4f73-1679075648b5677df1-0": {
          "type": "heading",
          "settings": {
            "heading": "Discover the Hidden Reasons Why You Feel So Bad",
            "heading_size": "h1",
            "heading_alignment": "center",
            "heading_color": "foreground",
            "css_class": "",
            "heading_divider": false
          }
        },
        "38025f23-010c-4fd3-b097-13da7421fe7b": {
          "type": "heading",
          "settings": {
            "heading": "...and What You Can Do to Feel Better Fast!",
            "heading_size": "h0",
            "heading_alignment": "center",
            "heading_color": "foreground",
            "css_class": "",
            "heading_divider": false
          }
        }
      },
      "block_order": [
        "template--14487746248759__54241dca-a171-48f7-8ac1-b2f3365f4f73-1679075648b5677df1-0",
        "38025f23-010c-4fd3-b097-13da7421fe7b"
      ],
      "settings": {
        "anchor_id": "",
        "color_scheme": "background-1",
        "full_width": true,
        "padding_top": 40,
        "padding_bottom": 12,
        "css_class": "",
        "custom_css": "h2 {\nfont-size: 42px;\n}",
        "custom_css_mobile": "h2 {\nfont-size: 35px;\n}"
      }
    },
    "1663082416842d7182": {
      "type": "multicolumn",
      "blocks": {
        "16630824169ca180ab-0": {
          "type": "column",
          "settings": {
            "image": "shopify:\/\/shop_images\/3-menopause-mistakes.jpg",
            "title": "",
            "heading_color": "color-scheme",
            "text": "<p>This free eBook is written by Dr. Anna Cabeca, a triple-board-certified OB-GYN and female hormone expert.<\/p>",
            "link_label": "",
            "link": "",
            "button_color": "color-scheme",
            "css_class": ""
          }
        },
        "73862291-4e82-4f40-a020-09e813e988b4": {
          "type": "custom_liquid",
          "settings": {
            "custom_liquid": "<CENTER><h3 style=\"color:#000000;\">3 MENOPAUSE MISTAKES<\/h3><\/CENTER>\n\n<p>In this special report you'll learn about...<\/p><ul><li>The daily drink that is wreaking havoc on your hormones<\/li><li>The fat-burning food group you’ve been brainwashed to avoid<\/li><li>The popular habit that is draining your productivity all day long<\/li><\/ul>\n<p style=\"padding-top:15px;\">Where should I send the report?<\/p>\n\n<div class=\"klaviyo-form-RT8nEu\" data-name=\"Magic - Send Free Report\"><\/div>",
            "css_class": "optin"
          }
        }
      },
      "block_order": [
        "16630824169ca180ab-0",
        "73862291-4e82-4f40-a020-09e813e988b4"
      ],
      "settings": {
        "anchor_id": "",
        "title": "",
        "text": "",
        "heading_size": "h1",
        "heading_color": "color-scheme",
        "text_size": "p",
        "column_heading_size": "h3",
        "column_text_size": "p",
        "image_width": "full",
        "image_ratio": "adapt",
        "columns_desktop": 2,
        "column_alignment": "left",
        "column_link_type": "button",
        "background_style": "none",
        "button_label": "",
        "button_link": "",
        "button_color": "color-scheme",
        "color_scheme": "background-1",
        "columns_mobile": "1",
        "swipe_on_mobile": false,
        "padding_top": 36,
        "padding_bottom": 56,
        "css_class": "",
        "custom_css": ".optin h3 {\ncolor:#000000;\npadding-bottom: 5px;\n}\n\n.optin p {\nfont-size: 24px;\n}\n\n.optin ul li {\npadding-top: 10px;\n}",
        "custom_css_mobile": ""
      }
    }
  },
  "order": [
    "main",
    "06f4d6c5-8955-4e99-8936-dc96296ef92d",
    "16458011004aaa609d",
    "54241dca-a171-48f7-8ac1-b2f3365f4f73",
    "1663082416842d7182"
  ]
}
