{
  "layout": "theme-offer-page",
  "sections": {
    "main": {
      "type": "main-page",
      "disabled": true,
      "settings": {
        "display_title": false,
        "color_scheme": "background-1",
        "padding_top": 28,
        "padding_bottom": 28,
        "css_class": "center",
        "custom_css": "",
        "custom_css_mobile": ""
      }
    },
    "94e0253a-fe67-4582-bfab-305812c29c11": {
      "type": "header-offer-page",
      "settings": {
        "color_scheme": "accent-3",
        "display_logo": true,
        "enable_logo_link": false,
        "logo_color": "white",
        "show_line_separator": true,
        "enable_sticky_header": true,
        "margin_bottom": 0,
        "css_class": "",
        "custom_css": "",
        "custom_css_mobile": ""
      }
    },
    "9acd48ad-8858-4298-970d-f56c66a36cab": {
      "type": "multicolumn",
      "blocks": {
        "b6839ddf-feb0-4d4a-b4f4-a0fd9df1997f": {
          "type": "custom_liquid",
          "settings": {
            "custom_liquid": "<script>\n    document.addEventListener(\"DOMContentLoaded\", (event) => {\n      let q = new URLSearchParams(window.location.search);\n      let t = document.querySelector('.' + q.get('bonus'));\n      if (t) {\n        t.style.display = 'block';\n      }\n    });\n  <\/script>\n\n<script>\n    document.addEventListener(\"DOMContentLoaded\", (event) => {\n      let q = new URLSearchParams(window.location.search);\n      let t = document.querySelector('.' + q.get('result'));\n      if (t) {\n        t.style.display = 'block';\n      }\n    });\n  <\/script>",
            "css_class": ""
          }
        },
        "template--14457364774967__9acd48ad-8858-4298-970d-f56c66a36cab-1673373665ce0d22af-0": {
          "type": "column",
          "settings": {
            "title": "",
            "heading_color": "color-scheme",
            "text": "<p><strong>&lt;h4&gt;Thank you for taking the Welcome Quiz!&lt;\/h4&gt;<\/strong><\/p><p>&lt;p&gt;You said you’re struggling with <strong>vaginal dryness<\/strong>, so let’s address that first. <strong>Julva&lt;sup&gt;®&lt;\/sup&gt; <\/strong>contains evidence-based ingredients to help you turn this around—I know because I formulated it personally. You’ve got this. &lt;\/p&gt;<\/p>",
            "link_label": "",
            "link": "",
            "button_color": "color-scheme",
            "css_class": "vaginaldryness"
          }
        },
        "template--14457364774967__9acd48ad-8858-4298-970d-f56c66a36cab-1673373665ce0d22af-1": {
          "type": "column",
          "settings": {
            "title": "",
            "heading_color": "color-scheme",
            "text": "<p><strong>&lt;h4&gt;Thank you for taking the Welcome Quiz!&lt;\/h4&gt;<\/strong><\/p><p>&lt;p&gt;You said you’re struggling with <strong>painful intercourse<\/strong>, so let’s address that first. <strong>Julva&lt;sup&gt;®&lt;\/sup&gt; <\/strong> contains evidence-based ingredients to help you turn this around—I know because I formulated it personally. You’ve got this. &lt;\/p&gt;<\/p>",
            "link_label": "",
            "link": "",
            "button_color": "color-scheme",
            "css_class": "painful"
          }
        },
        "template--14457364774967__9acd48ad-8858-4298-970d-f56c66a36cab-1673373665ce0d22af-2": {
          "type": "column",
          "settings": {
            "title": "",
            "heading_color": "color-scheme",
            "text": "<p><strong>&lt;h4&gt;Thank you for taking the Welcome Quiz!&lt;\/h4&gt;<\/strong><\/p><p>&lt;p&gt;You said you’re struggling with <strong>leaky bladder<\/strong>, so let’s address that first. <strong>Julva&lt;sup&gt;®&lt;\/sup&gt; <\/strong> contains evidence-based ingredients to help you turn this around—I know because I formulated it personally. You’ve got this. &lt;\/p&gt;<\/p>",
            "link_label": "",
            "link": "",
            "button_color": "color-scheme",
            "css_class": "leakybladder"
          }
        },
        "f25ca5a8-1c2e-4f91-a063-1a8ba1b921c1": {
          "type": "column",
          "settings": {
            "title": "",
            "heading_color": "color-scheme",
            "text": "<p><strong>&lt;h4&gt;Thank you for taking the Welcome Quiz!&lt;\/h4&gt;<\/strong><\/p><p>&lt;p&gt;You said you’re struggling with <strong>low libido<\/strong>, so let’s address that first. <strong>Julva&lt;sup&gt;®&lt;\/sup&gt; <\/strong> contains evidence-based ingredients to help you turn this around—I know because I formulated it personally. You’ve got this. &lt;\/p&gt;<\/p>",
            "link_label": "",
            "link": "",
            "button_color": "color-scheme",
            "css_class": "lowlibido"
          }
        }
      },
      "block_order": [
        "b6839ddf-feb0-4d4a-b4f4-a0fd9df1997f",
        "template--14457364774967__9acd48ad-8858-4298-970d-f56c66a36cab-1673373665ce0d22af-0",
        "template--14457364774967__9acd48ad-8858-4298-970d-f56c66a36cab-1673373665ce0d22af-1",
        "template--14457364774967__9acd48ad-8858-4298-970d-f56c66a36cab-1673373665ce0d22af-2",
        "f25ca5a8-1c2e-4f91-a063-1a8ba1b921c1"
      ],
      "settings": {
        "anchor_id": "",
        "title": "",
        "text": "",
        "heading_size": "h1",
        "heading_color": "color-scheme",
        "text_size": "p",
        "column_heading_size": "h3",
        "column_text_size": "p",
        "image_width": "full",
        "image_ratio": "adapt",
        "columns_desktop": 1,
        "column_alignment": "center",
        "column_link_type": "button",
        "background_style": "none",
        "button_label": "",
        "button_link": "",
        "button_color": "color-scheme",
        "color_scheme": "background-2",
        "columns_mobile": "1",
        "swipe_on_mobile": false,
        "padding_top": 36,
        "padding_bottom": 0,
        "css_class": "",
        "custom_css": ".vaginaldryness, .painful, .leakybladder, .lowlibido {\ndisplay: none;\n  }\n\nh4 {\nfont-size: 72px;\ncolor: rgb(var(--color-base-accent-1));\nline-height:1.2em;\npadding:0px;\nmargin-top:0px;\nmargin-bottom:20px;\n}\n\nstrong, b {\ncolor: rgb(var(--color-base-accent-1));\nfont-weight: var(--font-body-weight-bold);\n}\n\np {\nfont-size: 24px;\npadding-top:0px;\nmargin-top:0px;\nmargin-bottom:0px;\n}\n\n.multicolumn-card__image-wrapper { width:200px; margin: auto; background-position:bottom;}\n\n.multicolumn-card { padding: 0px 200px; }",
        "custom_css_mobile": ".hotflashes, .mood, .energy {\ndisplay: none;\n  }\n\nh4 {\nfont-size: 40px;\ncolor: rgb(var(--color-base-accent-1));\nline-height:1em;\n}\n\nstrong, b {\ncolor: rgb(var(--color-base-accent-1));\nfont-weight: var(--font-body-weight-bold);\n}\n\np {\nfont-size: 18px;\npadding:0;\n\n}\n\n.multicolumn-card { padding:0;\nmargin:0; }"
      }
    },
    "c395fe90-6948-4728-9108-d2323061dda1": {
      "type": "image",
      "settings": {
        "image": "shopify:\/\/shop_images\/Book_ProgramPromo_Email_Image2.png",
        "max_width": 225,
        "color_scheme": "background-2",
        "link": "",
        "padding_top": 0,
        "padding_bottom": 12,
        "css_class": "",
        "custom_css": "",
        "custom_css_mobile": ""
      }
    },
    "fd607684-9fc2-486e-921e-4140117e1864": {
      "type": "featured-product-card",
      "settings": {
        "product": "julva",
        "title": "",
        "heading_size": "h1",
        "color_scheme": "background-2",
        "image_ratio": "adapt",
        "show_secondary_image": false,
        "show_vendor": false,
        "show_rating": true,
        "enable_quick_add": true,
        "sales_page_url": "https:\/\/drannacabeca.com\/pages\/offers-julva-full-tube-sales",
        "sales_page_button_label": "Learn More",
        "padding_top": 12,
        "padding_bottom": 52
      }
    },
    "42b25e9d-f911-4670-bc91-e510eb443382": {
      "type": "multicolumn",
      "blocks": {
        "a5d77b7e-646e-473a-bc48-94aa498b2ed7": {
          "type": "custom_liquid",
          "settings": {
            "custom_liquid": "<script>\n    document.addEventListener(\"DOMContentLoaded\", (event) => {\n      let q = new URLSearchParams(window.location.search);\n      let t = document.querySelector('.' + q.get('result'));\n      if (t) {\n        t.style.display = 'block';\n      }\n    });\n  <\/script>",
            "css_class": ""
          }
        },
        "template--14457364774967__42b25e9d-f911-4670-bc91-e510eb443382-1672947837b037ad4c-0": {
          "type": "column",
          "settings": {
            "title": "Find more solutions for your symptoms",
            "heading_color": "foreground",
            "text": "",
            "link_label": "SHOP NOW",
            "link": "https:\/\/drannacabeca.com\/pages\/girl-talk-my-vagina-is-so-dry-that-sex-is-painful",
            "button_color": "color-scheme",
            "css_class": "a"
          }
        },
        "3dc33b83-2d1e-42e7-afd8-db1768045d3c": {
          "type": "column",
          "settings": {
            "title": "Find more solutions for your symptoms",
            "heading_color": "foreground",
            "text": "",
            "link_label": "SHOP NOW",
            "link": "https:\/\/drannacabeca.com\/pages\/girl-talk-my-vagina-is-so-dry-that-sex-is-painful",
            "button_color": "color-scheme",
            "css_class": "b"
          }
        },
        "a317de10-0dba-4857-b548-747c34cf8035": {
          "type": "column",
          "settings": {
            "title": "Find more solutions for your symptoms",
            "heading_color": "foreground",
            "text": "",
            "link_label": "SHOP NOW",
            "link": "https:\/\/drannacabeca.com\/pages\/girl-talk-what-can-i-do-about-a-leaky-bladder",
            "button_color": "color-scheme",
            "css_class": "c"
          }
        },
        "e4b150f1-2c7c-4047-aa0e-24b42a6952c1": {
          "type": "column",
          "settings": {
            "title": "Find more solutions for your symptoms",
            "heading_color": "foreground",
            "text": "",
            "link_label": "SHOP NOW",
            "link": "https:\/\/drannacabeca.com\/pages\/girl-talk-i-just-don-t-want-to-have-sex-anymore",
            "button_color": "color-scheme",
            "css_class": "d"
          }
        }
      },
      "block_order": [
        "a5d77b7e-646e-473a-bc48-94aa498b2ed7",
        "template--14457364774967__42b25e9d-f911-4670-bc91-e510eb443382-1672947837b037ad4c-0",
        "3dc33b83-2d1e-42e7-afd8-db1768045d3c",
        "a317de10-0dba-4857-b548-747c34cf8035",
        "e4b150f1-2c7c-4047-aa0e-24b42a6952c1"
      ],
      "disabled": true,
      "settings": {
        "anchor_id": "",
        "title": "",
        "text": "",
        "heading_size": "h0",
        "heading_color": "color-scheme",
        "text_size": "p",
        "column_heading_size": "h2",
        "column_text_size": "p",
        "image_width": "full",
        "image_ratio": "adapt",
        "columns_desktop": 1,
        "column_alignment": "center",
        "column_link_type": "button",
        "background_style": "none",
        "button_label": "",
        "button_link": "",
        "button_color": "color-scheme",
        "color_scheme": "background-1",
        "columns_mobile": "1",
        "swipe_on_mobile": false,
        "padding_top": 36,
        "padding_bottom": 36,
        "css_class": "",
        "custom_css": ".button {\ncolor:#ffffff;\nfont-size:30px;\npadding:10px 25px;\nbackground-color: #9f2b68;\n}\n.a, .b, .c, .d {\ndisplay: none;\n  }",
        "custom_css_mobile": ".button {\ncolor:#ffffff;\nfont-size:16px;\npadding:10px 25px;\nbackground-color: #9f2b68;\n}"
      }
    }
  },
  "order": [
    "main",
    "94e0253a-fe67-4582-bfab-305812c29c11",
    "9acd48ad-8858-4298-970d-f56c66a36cab",
    "c395fe90-6948-4728-9108-d2323061dda1",
    "fd607684-9fc2-486e-921e-4140117e1864",
    "42b25e9d-f911-4670-bc91-e510eb443382"
  ]
}
