{
  "layout": "theme-offer-page",
  "sections": {
    "main": {
      "type": "main-page",
      "disabled": true,
      "settings": {
        "display_title": true,
        "color_scheme": "background-1",
        "padding_top": 28,
        "padding_bottom": 28,
        "css_class": "",
        "custom_css": "",
        "custom_css_mobile": ""
      }
    },
    "16462238058b508f23": {
      "type": "header-offer-page",
      "blocks": {
        "2d234c6a-ad15-4b01-b895-79b7c0f04cdf": {
          "type": "custom_colors",
          "settings": {
            "colors_solid_button_labels": "",
            "colors_accent_1": "#63316e",
            "gradient_accent_1": "",
            "colors_accent_2": "#ff8f19",
            "gradient_accent_2": "",
            "colors_accent_3": "rgba(0,0,0,0)",
            "colors_accent_4": "",
            "colors_text": "",
            "colors_outline_button_labels": "",
            "colors_background_1": "",
            "gradient_background_1": "",
            "colors_background_2": "rgba(0,0,0,0)",
            "gradient_background_2": ""
          }
        }
      },
      "block_order": [
        "2d234c6a-ad15-4b01-b895-79b7c0f04cdf"
      ],
      "settings": {
        "color_scheme": "background-1",
        "display_logo": true,
        "enable_logo_link": false,
        "logo_color": "gold",
        "show_line_separator": false,
        "enable_sticky_header": true,
        "margin_bottom": 0,
        "css_class": "",
        "custom_css": "@font-face {\n  font-family: 'Larsseit';\n  src: url(https:\/\/d2saw6je89goi1.cloudfront.net\/uploads\/digital_asset\/file\/962385\/Type_Dynamic_-_Larsseit_Regular.otf);\n  font-weight: normal;\n  font-style: normal;\n}\n@font-face {\n  font-family: 'Larsseit-Bold';\n  src: url(https:\/\/d2saw6je89goi1.cloudfront.net\/uploads\/digital_asset\/file\/962384\/Type_Dynamic_-_Larsseit_Bold.otf) format('truetype');\n  font-weight: var(--font-body-weight-bold);\n  font-style: normal;\n}\n@font-face {\n  font-family: 'Larsseit-Thin';\n  src: url(https:\/\/d2saw6je89goi1.cloudfront.net\/uploads\/digital_asset\/file\/962386\/Type_Dynamic_-_Larsseit_Thin.otf) format('truetype');\n  font-weight: lighter;\n  font-style: normal;\n}\n\n@font-face {\n  font-family: 'Larsseit-Light';\n  src: url(https:\/\/d2saw6je89goi1.cloudfront.net\/uploads\/digital_asset\/file\/965155\/Larsseit-Light.ttf) format('truetype');\n  font-weight: lighter;\n  font-style: normal;\n}\n\nbody {\n  font-family: 'Larsseit-Light', serif !important;\n}",
        "custom_css_mobile": ""
      }
    },
    "1661450495f0dc6c7b": {
      "type": "multicolumn",
      "blocks": {
        "1661450495b789ea23-0": {
          "type": "column",
          "settings": {
            "image": "shopify:\/\/shop_images\/Bonuspage-01.jpg",
            "title": "",
            "heading_color": "color-scheme",
            "text": "",
            "link_label": "DOWNLOAD",
            "link": "https:\/\/cdn.shopify.com\/s\/files\/1\/0524\/5661\/files\/MenuPause_The_6-Day_Plans_at_a_Glance.pdf",
            "button_color": "accent-2",
            "css_class": ""
          }
        },
        "1661450495b789ea23-1": {
          "type": "column",
          "settings": {
            "image": "shopify:\/\/shop_images\/Bonuspage-02.jpg",
            "title": "",
            "heading_color": "color-scheme",
            "text": "",
            "link_label": "DOWNLOAD",
            "link": "https:\/\/cdn.shopify.com\/s\/files\/1\/0524\/5661\/files\/Keto_Green_Extreme_Meal_Plan_Servings_AH.pdf",
            "button_color": "accent-2",
            "css_class": ""
          }
        },
        "1661450495b789ea23-2": {
          "type": "column",
          "settings": {
            "image": "shopify:\/\/shop_images\/Bonuspage-04.jpg",
            "title": "",
            "heading_color": "color-scheme",
            "text": "",
            "link_label": "DOWNLOAD",
            "link": "https:\/\/cdn.shopify.com\/s\/files\/1\/0524\/5661\/files\/MenuPause_Batch_Cooking_Plan.pdf",
            "button_color": "accent-2",
            "css_class": ""
          }
        },
        "4a025274-c8c5-45b2-927b-8894411cca9f": {
          "type": "column",
          "settings": {
            "image": "shopify:\/\/shop_images\/Bonuspage-07.jpg",
            "title": "",
            "heading_color": "color-scheme",
            "text": "",
            "link_label": "TAKE THE QUIZ",
            "link": "shopify:\/\/pages\/f-menupause-quiz",
            "button_color": "accent-2",
            "css_class": ""
          }
        },
        "aabc25ea-9600-4f3f-98f0-c9cdecbca353": {
          "type": "column",
          "settings": {
            "image": "shopify:\/\/shop_images\/Bonuspage-05.jpg",
            "title": "",
            "heading_color": "color-scheme",
            "text": "",
            "link_label": "DOWNLOAD",
            "link": "https:\/\/cdn.shopify.com\/s\/files\/1\/0524\/5661\/files\/Menupause_RecipeList_at_a_Glance.pdf",
            "button_color": "accent-2",
            "css_class": ""
          }
        },
        "a3158207-f9f4-48d9-a392-ec8694deab6b": {
          "type": "column",
          "settings": {
            "image": "shopify:\/\/shop_images\/Bonuspage-06.jpg",
            "title": "",
            "heading_color": "color-scheme",
            "text": "",
            "link_label": "DOWNLOAD",
            "link": "https:\/\/cdn.shopify.com\/s\/files\/1\/0524\/5661\/files\/Menupause_6-Day_Daily_Journal.pdf",
            "button_color": "accent-2",
            "css_class": ""
          }
        },
        "488acb2f-6c2f-4da4-ab8f-4aa58a8d583e": {
          "type": "column",
          "settings": {
            "image": "shopify:\/\/shop_images\/Bonuspage-08.jpg",
            "title": "",
            "heading_color": "color-scheme",
            "text": "",
            "link_label": "Join the group",
            "link": "https:\/\/www.facebook.com\/groups\/ketogreen",
            "button_color": "accent-2",
            "css_class": ""
          }
        },
        "1b26dfa0-8968-4b7c-bed2-d83a57ef41fd": {
          "type": "column",
          "settings": {
            "image": "shopify:\/\/shop_images\/Bonuspage-DiabMC.jpg",
            "title": "",
            "heading_color": "color-scheme",
            "text": "",
            "link_label": "watch now",
            "link": "shopify:\/\/pages\/f-masterclass-diabetes-prediabetes",
            "button_color": "accent-2",
            "css_class": ""
          }
        },
        "f80e9d41-702b-4462-9513-56839f9a8561": {
          "type": "column",
          "settings": {
            "image": "shopify:\/\/shop_images\/Bonuspage-9ways.jpg",
            "title": "",
            "heading_color": "color-scheme",
            "text": "",
            "link_label": "DOWNLOAD",
            "link": "https:\/\/cdn.shopify.com\/s\/files\/1\/0524\/5661\/files\/MenuPause_9WayBreakPlateau.pdf",
            "button_color": "accent-2",
            "css_class": ""
          }
        },
        "abf4f6e5-4671-40ce-86af-4741bc45aac4": {
          "type": "column",
          "settings": {
            "image": "shopify:\/\/shop_images\/Bonuspage-recipebook.jpg",
            "title": "",
            "heading_color": "color-scheme",
            "text": "",
            "link_label": "DOWNLOAD",
            "link": "https:\/\/cdn.shopify.com\/s\/files\/1\/0524\/5661\/files\/MenuPause_RecipeBook_070c3390-bdf0-41f0-a5d2-fb1f6f56a406.pdf",
            "button_color": "accent-2",
            "css_class": ""
          }
        }
      },
      "block_order": [
        "1661450495b789ea23-0",
        "1661450495b789ea23-1",
        "1661450495b789ea23-2",
        "4a025274-c8c5-45b2-927b-8894411cca9f",
        "aabc25ea-9600-4f3f-98f0-c9cdecbca353",
        "a3158207-f9f4-48d9-a392-ec8694deab6b",
        "488acb2f-6c2f-4da4-ab8f-4aa58a8d583e",
        "1b26dfa0-8968-4b7c-bed2-d83a57ef41fd",
        "f80e9d41-702b-4462-9513-56839f9a8561",
        "abf4f6e5-4671-40ce-86af-4741bc45aac4"
      ],
      "settings": {
        "anchor_id": "",
        "title": "Thank You!",
        "text": "<p>Now claim your bonuses...<\/p>",
        "heading_size": "h1",
        "heading_color": "accent-1",
        "text_size": "p",
        "column_heading_size": "h3",
        "column_text_size": "p",
        "image_width": "full",
        "image_ratio": "adapt",
        "columns_desktop": 3,
        "column_alignment": "center",
        "column_link_type": "button",
        "background_style": "none",
        "button_label": "",
        "button_link": "",
        "button_color": "color-scheme",
        "color_scheme": "background-1",
        "columns_mobile": "1",
        "swipe_on_mobile": false,
        "padding_top": 36,
        "padding_bottom": 36,
        "css_class": "",
        "custom_css": "",
        "custom_css_mobile": ""
      }
    },
    "1661451533aefb46af": {
      "type": "multicolumn",
      "blocks": {
        "6628e946-9c71-40a0-8b6f-d957b5a0249e": {
          "type": "column_with_video",
          "settings": {
            "cover_image": "shopify:\/\/shop_images\/NotYourMamasCabbageSoup.png",
            "video_url_metafield": "",
            "video_url": "https:\/\/vimeo.com\/412893443",
            "description": "",
            "title": "Not Your Mama's Cabbage Soup",
            "heading_color": "color-scheme",
            "text": "",
            "link_label": "",
            "link": "",
            "button_color": "color-scheme",
            "css_class": ""
          }
        },
        "6e4bf56e-1e63-4972-8f80-10194831df37": {
          "type": "column_with_video",
          "settings": {
            "cover_image": "shopify:\/\/shop_images\/CurrySkillet.png",
            "video_url_metafield": "",
            "video_url": "https:\/\/vimeo.com\/653746954",
            "description": "",
            "title": "Curry Skillet Chicken",
            "heading_color": "color-scheme",
            "text": "",
            "link_label": "",
            "link": "",
            "button_color": "color-scheme",
            "css_class": ""
          }
        },
        "498d60eb-301b-4d62-835a-b985afd1c4a0": {
          "type": "column_with_video",
          "settings": {
            "cover_image": "shopify:\/\/shop_images\/MangoCoconutSorbert.png",
            "video_url_metafield": "",
            "video_url": "https:\/\/vimeo.com\/653747901",
            "description": "",
            "title": "Mango Coconut Sorbet",
            "heading_color": "color-scheme",
            "text": "",
            "link_label": "",
            "link": "",
            "button_color": "color-scheme",
            "css_class": ""
          }
        }
      },
      "block_order": [
        "6628e946-9c71-40a0-8b6f-d957b5a0249e",
        "6e4bf56e-1e63-4972-8f80-10194831df37",
        "498d60eb-301b-4d62-835a-b985afd1c4a0"
      ],
      "settings": {
        "anchor_id": "",
        "title": "Cooking Series",
        "text": "",
        "heading_size": "h1",
        "heading_color": "accent-1",
        "text_size": "p",
        "column_heading_size": "h3",
        "column_text_size": "p",
        "image_width": "full",
        "image_ratio": "adapt",
        "columns_desktop": 3,
        "column_alignment": "center",
        "column_link_type": "button",
        "background_style": "none",
        "button_label": "",
        "button_link": "",
        "button_color": "color-scheme",
        "color_scheme": "background-1",
        "columns_mobile": "1",
        "swipe_on_mobile": false,
        "padding_top": 36,
        "padding_bottom": 36,
        "css_class": "",
        "custom_css": "",
        "custom_css_mobile": ""
      }
    },
    "166152761259750285": {
      "type": "rich-text",
      "blocks": {
        "16615276122ec36ee8-0": {
          "type": "heading",
          "settings": {
            "heading": "Accelerate Your Progress with the MenuPause Reset Kit",
            "heading_size": "h1",
            "heading_alignment": "center",
            "heading_color": "color-scheme",
            "css_class": "",
            "heading_divider": false
          }
        }
      },
      "block_order": [
        "16615276122ec36ee8-0"
      ],
      "settings": {
        "anchor_id": "",
        "color_scheme": "accent-1",
        "full_width": true,
        "padding_top": 40,
        "padding_bottom": 52,
        "css_class": "",
        "custom_css": "h2 {\nfont-size:53px;\n}",
        "custom_css_mobile": "h2 {\nfont-size:28px;\n}"
      }
    },
    "16615276817d1395a7": {
      "type": "image-with-text",
      "blocks": {
        "1661527681b41109b5-0": {
          "type": "heading",
          "settings": {
            "heading": "The MenuPause Reset Kit includes:",
            "heading_size": "h1",
            "heading_color": "foreground",
            "css_class": ""
          }
        },
        "460f7a1c-96df-46b4-b6ad-7f0bedb68af1": {
          "type": "list",
          "settings": {
            "list_items": "<p>A 16 day supply of Mighty Maca Plus​<\/p><p>A 16 day supply of Keto-Green Shake Mix​<\/p><p>2-Months Free Access to The Girlfriend Doctor Club​<\/p><p>FREE SHIPPING IN THE USA!<\/p>",
            "list_style_type": "bullets",
            "text_alignment": "left",
            "css_class": ""
          }
        },
        "1661527681b41109b5-2": {
          "type": "button",
          "settings": {
            "button_label": "MENUPAUSE READERS SAVE 75%",
            "button_link": "shopify:\/\/pages\/offers-menupause-reset-kit",
            "button_color": "accent-2",
            "css_class": ""
          }
        }
      },
      "block_order": [
        "1661527681b41109b5-0",
        "460f7a1c-96df-46b4-b6ad-7f0bedb68af1",
        "1661527681b41109b5-2"
      ],
      "settings": {
        "image": "shopify:\/\/shop_images\/Menupause_Kit.png",
        "height": "adapt",
        "desktop_image_width": "medium",
        "layout": "image_first",
        "desktop_content_position": "top",
        "desktop_content_alignment": "left",
        "content_layout": "no-overlap",
        "color_scheme": "background-1",
        "mobile_content_alignment": "left",
        "padding_top": 36,
        "padding_bottom": 36,
        "css_class": "dac-full-width dac-padding-side-none dac-allow-media-resize",
        "custom_css": "",
        "custom_css_mobile": ""
      }
    }
  },
  "order": [
    "main",
    "16462238058b508f23",
    "1661450495f0dc6c7b",
    "1661451533aefb46af",
    "166152761259750285",
    "16615276817d1395a7"
  ]
}
