{
  "layout": "theme-offer-page",
  "sections": {
    "main": {
      "type": "main-page",
      "settings": {
        "display_title": true,
        "color_scheme": "background-1",
        "padding_top": 40,
        "padding_bottom": 40,
        "css_class": "visually-hidden",
        "custom_css": "",
        "custom_css_mobile": ""
      }
    },
    "1640097424c2f7eec2": {
      "type": "header-offer-page",
      "blocks": {
        "64d5290e-0111-45f8-add9-b15e6899534a": {
          "type": "countdown_timer",
          "disabled": true,
          "settings": {
            "title": "Masterclass Begins In:",
            "end_date_time": "August 31, 2022 19:00:00 GMT-0400",
            "first_countdown": true,
            "color_scheme": "background-1",
            "padding_top": 20,
            "padding_bottom": 20,
            "css_class": ""
          }
        },
        "bd5c02bc-ed1a-47fb-93b9-a67e14efaa95": {
          "type": "custom_colors",
          "settings": {
            "colors_solid_button_labels": "",
            "colors_accent_1": "",
            "gradient_accent_1": "",
            "colors_accent_2": "#0b1532",
            "gradient_accent_2": "",
            "colors_accent_3": "",
            "colors_accent_4": "",
            "colors_text": "",
            "colors_outline_button_labels": "",
            "colors_background_1": "",
            "gradient_background_1": "",
            "colors_background_2": "#fcfaf7",
            "gradient_background_2": ""
          }
        }
      },
      "block_order": [
        "64d5290e-0111-45f8-add9-b15e6899534a",
        "bd5c02bc-ed1a-47fb-93b9-a67e14efaa95"
      ],
      "settings": {
        "color_scheme": "accent-1",
        "display_logo": true,
        "enable_logo_link": false,
        "logo_color": "gold",
        "show_line_separator": false,
        "enable_sticky_header": true,
        "margin_bottom": 0,
        "css_class": "",
        "custom_css": "",
        "custom_css_mobile": ""
      }
    },
    "1651243183dc8c517f": {
      "type": "rich-text",
      "blocks": {
        "1651243182c24ad981-0": {
          "type": "heading",
          "settings": {
            "heading": "You're all set!",
            "heading_size": "h1",
            "heading_alignment": "center",
            "heading_color": "color-scheme",
            "css_class": "dac-alt-font-span",
            "heading_divider": false
          }
        },
        "ef474a12-986a-402b-b80a-6da62ae4c626": {
          "type": "custom_liquid",
          "settings": {
            "custom_liquid": "<div style=\"padding:56.25% 0 0 0;position:relative;\"><iframe src=\"https:\/\/player.vimeo.com\/video\/873029904?h=b595b2b5e7&amp;badge=0&amp;autopause=0&amp;quality_selector=1&amp;progress_bar=1&amp;player_id=0&amp;app_id=58479\" frameborder=\"0\" allow=\"autoplay; fullscreen; picture-in-picture\" style=\"position:absolute;top:0;left:0;width:100%;height:100%;\" title=\"Menopause and Perimenopause\"><\/iframe><\/div><script src=\"https:\/\/player.vimeo.com\/api\/player.js\"><\/script>",
            "css_class": ""
          }
        }
      },
      "block_order": [
        "1651243182c24ad981-0",
        "ef474a12-986a-402b-b80a-6da62ae4c626"
      ],
      "settings": {
        "anchor_id": "reserve",
        "color_scheme": "background-2",
        "full_width": true,
        "padding_top": 40,
        "padding_bottom": 60,
        "css_class": "",
        "custom_css": ".dac-alt-font-span {\nfont-size: 5em;\n}\n\nh2 {\nmargin-bottom:0px;\n}\n\n.mstr{\nPadding-top:40px;\nFont-size: 1.1em;\nfont-weight: var(--font-body-weight-bold);\n}\n\n.Date h2 {\nfont-size: 1.5em; margin-top: -15px; \nmargin-bottom: 30px;  text-align:center; \n}",
        "custom_css_mobile": ""
      }
    }
  },
  "order": [
    "main",
    "1640097424c2f7eec2",
    "1651243183dc8c517f"
  ]
}
