{
  "sections": {
    "main": {
      "type": "main-page",
      "disabled": true,
      "settings": {
        "display_title": false,
        "color_scheme": "background-1",
        "padding_top": 28,
        "padding_bottom": 28,
        "css_class": "center",
        "custom_css": "",
        "custom_css_mobile": ""
      }
    },
    "16458011004aaa609d": {
      "type": "rich-text",
      "blocks": {
        "16458011000d532d59-0": {
          "type": "heading",
          "settings": {
            "heading": "Success! Here's What To Do Next...",
            "heading_size": "h1",
            "heading_alignment": "center",
            "heading_color": "accent-1",
            "css_class": ""
          }
        },
        "16458011000d532d59-1": {
          "type": "text",
          "settings": {
            "text": "<p><strong>Check Your InBox<\/strong><\/p>",
            "text_alignment": "center",
            "text_size": "h4",
            "css_class": ""
          }
        }
      },
      "block_order": [
        "16458011000d532d59-0",
        "16458011000d532d59-1"
      ],
      "settings": {
        "anchor_id": "",
        "color_scheme": "background-1",
        "full_width": true,
        "padding_top": 40,
        "padding_bottom": 20,
        "css_class": "",
        "custom_css": "",
        "custom_css_mobile": ""
      }
    },
    "1663082416842d7182": {
      "type": "multicolumn",
      "blocks": {
        "16630824169ca180ab-0": {
          "type": "column",
          "settings": {
            "image": "shopify:\/\/shop_images\/tablet2.jpg",
            "title": "",
            "heading_color": "color-scheme",
            "text": "",
            "link_label": "",
            "link": "",
            "button_color": "color-scheme",
            "css_class": ""
          }
        },
        "48bf156f-bfad-4a65-ac9b-1a036b135528": {
          "type": "column",
          "settings": {
            "title": "",
            "heading_color": "color-scheme",
            "text": "<p>Look for a message from \"Dr. Anna Cabeca\" in your inbox containing a link to download The Secret Science of Staying Slim, Sane and Sexy After 40.<\/p><p>If you don't see it within the next 15 minutes be sure to check your SPAM or Promotions folder.<\/p><p>If you want to make sure you receive more great messages about staying slim, sane and sexy after 40 be sure to add me to your email address book.<\/p>",
            "link_label": "DOWNLOAD YOUR EBOOK",
            "link": "https:\/\/cdn.shopify.com\/s\/files\/1\/0524\/5661\/files\/Slim_Sane_Sexy_After_40.pdf",
            "button_color": "color-scheme",
            "css_class": "message"
          }
        }
      },
      "block_order": [
        "16630824169ca180ab-0",
        "48bf156f-bfad-4a65-ac9b-1a036b135528"
      ],
      "settings": {
        "anchor_id": "",
        "title": "",
        "text": "",
        "heading_size": "h1",
        "heading_color": "color-scheme",
        "text_size": "p",
        "column_heading_size": "h3",
        "column_text_size": "p",
        "image_width": "full",
        "image_ratio": "adapt",
        "columns_desktop": 2,
        "column_alignment": "left",
        "column_link_type": "button",
        "background_style": "none",
        "button_label": "",
        "button_link": "",
        "button_color": "color-scheme",
        "color_scheme": "background-1",
        "columns_mobile": "1",
        "swipe_on_mobile": false,
        "padding_top": 36,
        "padding_bottom": 24,
        "css_class": "",
        "custom_css": ".message p {padding-bottom:20px; font-size: 22px;}",
        "custom_css_mobile": ""
      }
    }
  },
  "order": [
    "main",
    "16458011004aaa609d",
    "1663082416842d7182"
  ]
}