{"layout":"theme-offer-page","sections":{"16462238058b508f23":{"type":"header-offer-page","settings":{"color_scheme":"accent-2","display_logo":true,"logo_color":"gold","show_line_separator":false,"enable_sticky_header":true,"margin_bottom":0,"css_class":"","custom_css":"","custom_css_mobile":""}},"main":{"type":"main-page","disabled":true,"settings":{"display_title":true,"color_scheme":"background-1","padding_top":28,"padding_bottom":28,"css_class":"","custom_css":"","custom_css_mobile":""}},"16461663454a306e26":{"type":"rich-text","blocks":{"1646166345821458f3-0":{"type":"heading","settings":{"heading":"Exclusive offer for the Natural Living Family","heading_size":"h2","heading_alignment":"center","heading_color":"color-scheme","css_class":"","heading_divider":false}}},"block_order":["1646166345821458f3-0"],"settings":{"anchor_id":"","color_scheme":"accent-1","full_width":true,"padding_top":40,"padding_bottom":52,"css_class":"","custom_css":"","custom_css_mobile":""}},"164616622356f72eeb":{"type":"image-with-text","blocks":{"1646166223b6760f4c-0":{"type":"heading","settings":{"heading":"Women keep falling in love with Julva®","heading_size":"h2","heading_color":"color-scheme"}},"1646166223b6760f4c-1":{"type":"text","settings":{"text":"<p>One of my favorite Bible verses about sex is “<em>And the man and his wife were both naked and were not ashamed.\"<\/em> (Genesis 2:25) Being with your spouse and not ashamed is God’s design. God created sex to be a holy union, a coming together between a husband and wife, to enjoy the pleasure that two bodies were created to experience.<\/p><p>Many of us in the Natural Living Family understand how uncomfortable and disheartening it can be to experience troublesome bodily changes, especially when they interfere with our intimate moments! Thankfully, our friend Dr. Anna Cabeca has an answer - through her expertise in vaginal health, she created Julva a solution for women who are struggling with:<\/p><ul><li>embarrassing urine leaks<\/li><li>difficulties with arousal<\/li><li>experiencing discomfort with intercourse due to dryness and natural changes as we age<\/li><\/ul><p>You don’t have to suffer from symptoms any longer nor do you have to resort to unsafe treatments to find relief.<\/p><p>Please try my friend Dr. Anna’s safe and effective cream and see how it can help.<\/p><p>— Dr. Eric Zielinski (“Dr. Z”)<\/p>","text_style":"body"}},"1646166223b6760f4c-2":{"type":"button","settings":{"button_label":"SEE THE SPECIAL OFFER","button_link":"#buy","button_color":"accent-1"}}},"block_order":["1646166223b6760f4c-0","1646166223b6760f4c-1","1646166223b6760f4c-2"],"settings":{"image":"shopify:\/\/shop_images\/headshot-dr-z.png","height":"adapt","desktop_image_width":"medium","layout":"image_first","desktop_content_position":"top","desktop_content_alignment":"left","content_layout":"no-overlap","color_scheme":"background-1","mobile_content_alignment":"left","padding_top":52,"padding_bottom":0,"css_class":"dac-allow-media-resize","custom_css":"","custom_css_mobile":""}},"164616713105e6cd4f":{"type":"product-badges","disabled":true,"settings":{"product":"julva","padding_top":36,"padding_bottom":36,"css_class":"","custom_css":"","custom_css_mobile":""}},"1646167175750852c1":{"type":"rich-text","blocks":{"1646167175716c37ef-0":{"type":"heading","settings":{"heading":"Women keep falling in love with Julva®","heading_size":"h2","heading_alignment":"left","heading_color":"color-scheme","css_class":"","heading_divider":false}},"1646167175716c37ef-1":{"type":"text","settings":{"text":"<p>because they’re getting results like this…<\/p><p><em>“I don’t worry about accidental leaks.”<\/em><\/p><p><em>“This cream has been a godsend for my bladder.”<\/em><\/p><p><em>“It is so hydrating and adds a definite pow to my libido.” <\/em><\/p><p><em>“Even my GYN commented on how healthy everything looks!”<\/em><\/p><p><em>“In three months’ time I have regained better bladder function and less leaks while running.”<\/em><\/p><p><em>“I feel so good I’m about to cry.”<\/em><\/p>","text_alignment":"left","text_size":"p","css_class":""}}},"block_order":["1646167175716c37ef-0","1646167175716c37ef-1"],"settings":{"anchor_id":"","color_scheme":"background-1","full_width":true,"padding_top":40,"padding_bottom":52,"css_class":"","custom_css":"","custom_css_mobile":""}},"1649020738f886f071":{"type":"offer-boxes-product-variants","blocks":{"fe85aa6a-f153-45e6-924b-0c9cd194ae95":{"type":"header","settings":{"header_color_scheme":"accent-1","heading":"Show Your V Some Love","heading_size":"h1","heading_divider":false,"text":""}},"9eb22b07-4f60-4b31-8672-01c16cd5a2e9":{"type":"product_badges","settings":{"css_class":"color-accent-1"}},"86337307-bc1f-4ae5-b393-5f6cb12da826":{"type":"text","settings":{"text":"<p>Natural Living Family save up to 20% on Julva® today!<\/p>","css_class":"color-accent-1 dac-full-width dac-padding-side-none header-3"}},"16490207387e02260a-0":{"type":"offer_boxes","settings":{}}},"block_order":["fe85aa6a-f153-45e6-924b-0c9cd194ae95","9eb22b07-4f60-4b31-8672-01c16cd5a2e9","86337307-bc1f-4ae5-b393-5f6cb12da826","16490207387e02260a-0"],"custom_css":["header {margin-bottom: 0; padding-bottom: 1.5em;}",".no-phth-st3 {fill: rgb(var(--color-base-accent-1));}",".dac-product-badges,.header-3 {padding-bottom: 2em;}",".header-3 {margin-bottom: 4em;}",".svg-i {stroke: white;}",".svg-t {fill: white;}"],"settings":{"product":"julva","anchor_id":"buy","variants_compare_skus":"JULVA-TUBE, 5596\nJULVA-TUBE-02, 10494\nJULVA-TUBE-03, 14690","third_column_in_middle":true,"price_features":"per-each","guarantee_length":"60","button_label":"TRY IT RISK-FREE","show_inventory":false,"inventory_label":"","hide_if_single_variant":true,"offer_name":"Dr. Z Natural Living","color_scheme":"background-1","banner_column_1":"","banner_column_2":"Most Popular","banner_column_3":"Best Value","padding_top":36,"padding_bottom":36,"css_class":"","custom_css":"","custom_css_mobile":""}},"beecd697-9076-4c6b-8957-5614682dfd6b":{"type":"multicolumn","blocks":{"986a4061-7fac-42e3-9c0f-7c30f179c125":{"type":"product_bundle","settings":{"title":"Julva Trial Pack","variants":"julva-trial-pack, JULVA-TRIAL","offer_name":"","price_features":"total","banner":"","text":"<p>Plus $4.95 Shipping & Handling<\/p><p>One-time offer only<\/p>","guarantee_length":"none","offer_inventory_policy":"deny","show_inventory":false,"inventory_label":"","coupon_discounts":""}}},"block_order":["986a4061-7fac-42e3-9c0f-7c30f179c125"],"settings":{"anchor_id":"","title":"Not ready to get the full tube? Start with the Trial","text":"","heading_size":"h1","heading_color":"color-scheme","text_size":"p","column_heading_size":"h3","column_text_size":"p","image_width":"full","image_ratio":"adapt","columns_desktop":3,"column_alignment":"center","column_link_type":"button","background_style":"none","button_label":"","button_link":"","button_color":"color-scheme","color_scheme":"background-1","columns_mobile":"1","swipe_on_mobile":false,"padding_top":36,"padding_bottom":36,"css_class":"","custom_css":"","custom_css_mobile":""}},"f508bf38-b72f-41c6-9d63-68f6a8497412":{"type":"video","settings":{"heading":"","heading_size":"h1","heading_color":"color-scheme","cover_image":"shopify:\/\/shop_images\/whyjulva-01.jpg","mobile_cover_image":"shopify:\/\/shop_images\/whyjulva-02.jpg","video_url_metafield":"","video_url":"https:\/\/www.youtube.com\/watch?v=X3DoT_b3JY8","description":"Why Julva?","transcript":"","full_width":false,"color_scheme":"background-2","padding_top":36,"padding_bottom":36,"css_class":"","custom_css":"","custom_css_mobile":""}},"16461665370b674e8b":{"type":"rich-text","blocks":{"1646166537089aa810-0":{"type":"heading","settings":{"heading":"Say goodbye to vaginal atrophy & hello to confidence and comfort","heading_size":"h3","heading_alignment":"left","heading_color":"color-scheme","css_class":"","heading_divider":false}},"1646166537089aa810-1":{"type":"text","settings":{"text":"<p>All-natural, Julva® feminine cream was developed by Dr. Anna Cabeca, a triple-board certified OB-GYN, to give women an over-the-counter alternative to the custom preparations she prescribed for decades in her private practice. Made with reparative plant stem cells, rich moisturizers, and essential DHEA to help women of all ages…<\/p>","text_alignment":"left","text_size":"p","css_class":""}},"fae74505-de30-4a05-b933-5b0011877e78":{"type":"list","settings":{"list_items":"<p>stop worrying about bladder leaks<\/p><p>increase vaginal moisture & comfort<\/p><p>soothe irritation<\/p><p>feel confident in & out of the bedroom<\/p>","text_alignment":"left","text_size":"p","css_class":""}},"5ddef2f2-2856-4703-a038-b3240dd67641":{"type":"button","settings":{"button_label":"Buy Now","button_link":"#buy","button_style_secondary":false,"button_alignment":"center","button_color":"color-scheme","css_class":""}}},"block_order":["1646166537089aa810-0","1646166537089aa810-1","fae74505-de30-4a05-b933-5b0011877e78","5ddef2f2-2856-4703-a038-b3240dd67641"],"settings":{"anchor_id":"","color_scheme":"background-2","full_width":true,"padding_top":44,"padding_bottom":40,"css_class":"","custom_css":"","custom_css_mobile":""}},"1646167433f8b3fade":{"type":"rich-text","blocks":{"16461674338c001960-1":{"type":"text","settings":{"text":"<p>“Julva is nothing short of a miracle. I’ve used it now for several months and I will never stop.”<\/p><p><em>-Valerie D.<\/em><\/p>","text_alignment":"center","text_size":"p","css_class":""}}},"block_order":["16461674338c001960-1"],"custom_css":[".rich-text__text {border-radius: 35px; width: 88%; max-width: 65rem; background-color: rgb(var(--color-base-accent-3)); color: white; padding: 2em 1em; font-size: 1.2em; margin: 2em auto;}"],"settings":{"anchor_id":"","color_scheme":"background-1","full_width":true,"padding_top":0,"padding_bottom":0,"css_class":"","custom_css":"","custom_css_mobile":""}},"164616746227f2eb6d":{"type":"rich-text","blocks":{"1646167462d6e66405-1":{"type":"text","settings":{"text":"<p><em><strong>Julva is incredible, but it’s not appropriate for everyone. <\/strong><\/em><em>If you have had or are currently being treated for breast cancer, are pregnant or breast-feeding, or have an active vaginal infection, consult with your doctor before using.<\/em><\/p>","text_alignment":"center","text_size":"p","css_class":""}}},"block_order":["1646167462d6e66405-1"],"settings":{"anchor_id":"","color_scheme":"background-1","full_width":true,"padding_top":40,"padding_bottom":40,"css_class":"dac-border-top dac-border-bottom","custom_css":"","custom_css_mobile":""}}},"order":["16462238058b508f23","main","16461663454a306e26","164616622356f72eeb","164616713105e6cd4f","1646167175750852c1","1649020738f886f071","beecd697-9076-4c6b-8957-5614682dfd6b","f508bf38-b72f-41c6-9d63-68f6a8497412","16461665370b674e8b","1646167433f8b3fade","164616746227f2eb6d"]}