{
  "sections": {
    "main": {
      "type": "main-page",
      "disabled": true,
      "settings": {
        "display_title": false,
        "color_scheme": "background-1",
        "padding_top": 0,
        "padding_bottom": 0,
        "css_class": "center",
        "custom_css": "",
        "custom_css_mobile": ""
      }
    },
    "16575706148d03bf3a": {
      "type": "custom-liquid",
      "settings": {
        "anchor_id": "",
        "custom_liquid": "<div data-tf-widget=\"qyYPHuYu\" data-tf-iframe-props=\"title=MenuPause Quiz\" data-tf-medium=\"snippet\" data-tf-share-ga-instance style=\"width:100%;height:600px;\"><\/div><script src=\"\/\/embed.typeform.com\/next\/embed.js\"><\/script>",
        "color_scheme": "background-1",
        "padding_top": 0,
        "padding_bottom": 0,
        "css_class": "",
        "custom_css": "",
        "custom_css_mobile": ""
      }
    },
    "df1a5534-5198-4197-9249-04c9eeaa87e3": {
      "type": "custom-liquid",
      "settings": {
        "anchor_id": "",
        "custom_liquid": "",
        "color_scheme": "background-1",
        "padding_top": 0,
        "padding_bottom": 52,
        "css_class": "",
        "custom_css": "",
        "custom_css_mobile": ""
      }
    }
  },
  "order": [
    "main",
    "16575706148d03bf3a",
    "df1a5534-5198-4197-9249-04c9eeaa87e3"
  ]
}
