{
  "layout": "theme-offer-page",
  "sections": {
    "main": {
      "type": "main-page",
      "settings": {
        "display_title": true,
        "color_scheme": "background-1",
        "padding_top": 40,
        "padding_bottom": 40,
        "css_class": "visually-hidden",
        "custom_css": "",
        "custom_css_mobile": ""
      }
    },
    "1640097424c2f7eec2": {
      "type": "header-offer-page",
      "blocks": {
        "64d5290e-0111-45f8-add9-b15e6899534a": {
          "type": "countdown_timer",
          "disabled": true,
          "settings": {
            "title": "",
            "end_date_time": "August 19, 2022 23:59:59 GMT-0500",
            "first_countdown": true,
            "color_scheme": "background-1",
            "padding_top": 20,
            "padding_bottom": 20,
            "css_class": ""
          }
        },
        "bd5c02bc-ed1a-47fb-93b9-a67e14efaa95": {
          "type": "custom_colors",
          "settings": {
            "colors_solid_button_labels": "",
            "colors_accent_1": "",
            "gradient_accent_1": "",
            "colors_accent_2": "#9f2b68",
            "gradient_accent_2": "",
            "colors_accent_3": "#be9452",
            "colors_accent_4": "",
            "colors_text": "",
            "colors_outline_button_labels": "",
            "colors_background_1": "",
            "gradient_background_1": "",
            "colors_background_2": "",
            "gradient_background_2": ""
          }
        }
      },
      "block_order": [
        "64d5290e-0111-45f8-add9-b15e6899534a",
        "bd5c02bc-ed1a-47fb-93b9-a67e14efaa95"
      ],
      "settings": {
        "color_scheme": "accent-3",
        "display_logo": true,
        "enable_logo_link": true,
        "logo_color": "white",
        "show_line_separator": false,
        "enable_sticky_header": true,
        "margin_bottom": 0,
        "css_class": "",
        "custom_css": "",
        "custom_css_mobile": ""
      }
    },
    "1664465501170b35c3": {
      "type": "rich-text",
      "blocks": {
        "9d335d43-3e9a-4038-8699-daf4b042d9e4": {
          "type": "heading",
          "settings": {
            "heading": "Wholesaler Application Form",
            "heading_size": "h1",
            "heading_alignment": "center",
            "heading_color": "color-scheme",
            "css_class": "",
            "heading_divider": false
          }
        },
        "166446550152dd3619-1": {
          "type": "text",
          "settings": {
            "text": "<p><a href=\"https:\/\/vidapura.wholesale.shopifyapps.com\/accounts\/sign_in\" title=\"https:\/\/vidapura.wholesale.shopifyapps.com\/accounts\/sign_in\">&lt;&lt; Current Wholesaler Login &gt;&gt;<\/a><\/p>",
            "text_alignment": "left",
            "text_size": "p",
            "css_class": "login"
          }
        },
        "4bc3fd0e-b59e-4ccd-ad44-2fc4f5dedbdc": {
          "type": "text",
          "settings": {
            "text": "<h3>Become a Wholesaler<\/h3><p>Hi. I am Dr. Anna Cabeca and have taken great care in the development of my products and programs. I invite only the highest and most ethical health care providers, practitioners and centers to participate in our wholesale program.<\/p><p>This includes receiving wholesale pricing up to 50% off our retail prices as well as free brochures which can be printed with your affiliate link. Please take a moment to fill out the below Wholesaler Application Form. I look forward to successfully supporting you, your clients and your mission!<\/p><p><strong>By submitting the Wholesaler Application Form you acknowledge and agree to the \"Authorized Distribution Agreement\" on this page<\/strong>. <\/p>",
            "text_alignment": "left",
            "text_size": "p",
            "css_class": ""
          }
        },
        "button_qpJ7z6": {
          "type": "button",
          "settings": {
            "button_label": "Become a Wholesaler",
            "button_link": "https:\/\/wholesale.drannacabeca.com\/pages\/wholesaler-application",
            "button_style_secondary": false,
            "button_alignment": "center",
            "button_color": "color-scheme",
            "css_class": ""
          }
        }
      },
      "block_order": [
        "9d335d43-3e9a-4038-8699-daf4b042d9e4",
        "166446550152dd3619-1",
        "4bc3fd0e-b59e-4ccd-ad44-2fc4f5dedbdc",
        "button_qpJ7z6"
      ],
      "settings": {
        "anchor_id": "",
        "color_scheme": "background-1",
        "full_width": true,
        "padding_top": 40,
        "padding_bottom": 40,
        "css_class": "",
        "custom_css": ".login {\ntext-align: right;\n}",
        "custom_css_mobile": ""
      }
    },
    "6aaa4d11-aad0-4af3-92b6-f8359cfb2e23": {
      "type": "custom-liquid",
      "disabled": true,
      "settings": {
        "anchor_id": "",
        "custom_liquid": "<div class=\"klaviyo-form-Xa2bnU\" data-name=\"Wholesaler Application\"><\/div>",
        "color_scheme": "background-1",
        "padding_top": 40,
        "padding_bottom": 52,
        "css_class": "",
        "custom_css": "{padding: 0px 40px;}",
        "custom_css_mobile": ""
      }
    },
    "88bcf064-5c31-499b-97a2-814243f40e92": {
      "type": "rich-text",
      "blocks": {
        "28d230fc-5f75-46ed-8731-55193c6c5735": {
          "type": "text",
          "settings": {
            "text": "<h3>Authorized Distribution Agreement<\/h3><p>This Authorized Distribution Agreement (the “Agreement”) is made effective as of the date of signing, between Golden Isles Medical, Inc., a Georgia corporation of  P.O. Box 30062, Sea Island, GA 31561 (“SUPPLIER”), and you (“RESELLER”). SUPPLIER and RESELLER are each individually referred to herein as “Party” and collectively as “Parties.”<\/p><p>As SUPPLIER and RESELLER would like to enter into an agreement regarding the sale and distribution of certain products as identified on Exhibit A which may be updated from time to time by mutual agreement of the Parties (the “Products”). The Parties agree as follows:<\/p><ol><li><strong>Purchase.<\/strong>  RESELLER agrees to purchase the Products exclusively from SUPPLIER at the prices set forth on Exhibit A. RESELLER must submit written or digital purchase orders for the Products no later than five (5) business days prior to the requested delivery date, setting forth quantity, type, and requested delivery date of the Products. Purchase orders received fewer than five (5) business days prior to the requested delivery date shall be filled at SUPPLIER’S discretion and subject to express shipping charges (to be paid by RESELLER). All orders are processed subject to availability. Payment must be received by SUPPLIER at the time of the order.<\/li><li><strong>Remedy for Damaged\/Incorrect Shipments.<\/strong> RESELLER must notify SUPPLIER of any claimed shipping error or damage within five (5) days of receipt of Products. RESELLER’s failure to give such notice within that five-day period shall be deemed a waiver of RESELLER's claim for incorrect or damaged shipments. Within 10 days of RESELLER’s receipt of Products, RESELLER may return (i) Products that do not conform to SUPPLIER’s product specifications or (ii), Products damaged or shipped incorrectly if notice of condition is given within five (5) days of receiving the Products. Returns will be credited to RESELLER’s account or replaced.<\/li><li><strong>Authorized Channel.<\/strong>  SUPPLIER authorizes RESELLER to sell the Products in your medical practice office (the “Authorized Channel”).  RESELLER is not authorized to sell the Products through other channels, including its website, without the express permission of SUPPLIER. If the event, SUPPLIER agrees to allow you to sell Products online the term “Authorized Channel” shall include that permitted channel, and, under no circumstances is RESELLER allowed to sell Products on Amazon’s website or Walmart’s website.<\/li><li><strong>MAP Policy.<\/strong>  RESELLER agrees to follow the MAP pricing provided by the SUPPLIER to RESELLER which may be updated by SUPPLIER from time to time. Current MAP pricing is shown on Exhibit A.  <\/li><li><strong>Use of Intellectual Property.<\/strong>  SUPPLIER hereby grants RESELLER a limited, revocable license to use SUPPLIER’S copyrights and trademarks associated with the Products (“SUPPLIER IP”) solely in connection with promoting and selling the Products through the Authorized Channel.  RESELLER acknowledges that SUPPLIER shall retain sole and exclusive ownership of the SUPPLIER IP and all goodwill and rights related thereto, and that all use of any SUPPLIER trademarks by RESELLER shall inure to the benefit of and be on behalf of SUPPLIER.  RESELLER agrees that nothing in this Agreement shall give RESELLER any right, title, or interest in the SUPPLIER IP other than the right to use the SUPPLIER IP in accordance with this Agreement. Notwithstanding the foregoing, nothing herein allows RESELLER to purchase keywords that include the SUPPLIER IP or any other terms associated or affiliated with the Products on any search engine or other advertising space.<\/li><li><strong>Quality Control<\/strong>.  RESELLER will use its best efforts to ensure that all Literature and Other Media (as such term is defined below) are of the highest quality and reflect favorably upon the Products.  For the purposes of this Agreement, “Literature and Other Media” shall include all art work, packaging, point of sale, advertising, promotional and other literature and printed and electronic media, signs, and any other materials which are published, used, displayed, broadcast, telecast, mailed, electronically mailed, conveyed via the Internet, or sent which relate to the use of or include any of the SUPPLIER IP.<\/li><li><strong>Disclaimer.<\/strong> EXCEPT AS EXPRESSLY SET FORTH IN THIS AGREEMENT, SUPPLIER MAKES NO WARRANTIES, EXPRESS OR IMPLIED, WITH RESPECT TO THE PRODUCTS. ALL OTHER WARRANTIES, EXPRESS OR IMPLIED, INCLUDING WITHOUT LIMITATION, THE IMPLIED WARRANTIES OF MERCHANTABILITY AND FITNESS FOR A PARTICULAR PURPOSE, ARE HEREBY DISCLAIMED BY SUPPLIER. IN NO EVENT SHALL SUPPLIER BE LIABLE FOR INDIRECT, INCIDENTAL OR CONSEQUENTIAL DAMAGES, INCLUDING, WITHOUT LIMITATION, LOST REVENUES OR PROFITS OF RESELLER.<\/li><li><strong>Termination.<\/strong>  SUPPLIER may terminate this Agreement immediately if in its discretion RESELLER is violating SUPPLIER’S rights to the SUPPLIER IP. Either Party may terminate this Agreement, with or without cause, effective thirty (30) days after receipt of notice.  Upon termination, RESELLER shall cease use of all SUPPLIER IP, except as necessary to sell RESELLER’s then-current inventory of the Products if SUPPLIER grants RESLLER the right to sell through remaining inventory in accordance with the following sentence.  At termination, SUPPLIER will either purchase back remaining inventory at purchased value, plus shipping costs, or will grant RESELLER the right to sell through the remaining inventory. <\/li><li><strong>Indemnification.<\/strong> RESELLER agrees to indemnify, defend, protect, save and hold harmless SUPPLIER and SUPPLIER’s subsidiaries or affiliates, and their directors, officers, employees and agents, against any and all losses, liabilities, judgments, awards and costs (including legal fees and expenses) resulting from RESELLER’s acts, omissions or misrepresentations under this agreement.<\/li><li><strong>Confidentiality.<\/strong> RESELLER acknowledges that during the term of this agreement, SUPPLIER may disclose to RESELLER from time to time certain business and other proprietary and sensitive information of SUPPLIER such as its pricing.  RESELLER shall use commercially reasonable efforts to keep confidential any and all information concerning customers, trade secrets, methods, pricing, processes or procedures or any other confidential, financial and business information (“Confidential Information”).  RESELLER shall not disclose Confidential Information to any third party without the prior written consent of SUPPLIER. Confidential Information shall not include information which (i) is in the public domain, (ii) is previously known or independently developed by the RESELLER, or (iii) is acquired by RESELLER from any third party having a right to disclose such information.  RESELLER acknowledges that a breach by it of this section will give rise to irreparable injury to SUPPLIER, inadequately compensable in damages. Accordingly, RESELLER hereby consents to the obtaining by SUPPLIER of injunctive relief against the breach or threatened breach of the undertakings of RESELLER contained in this section. The parties further agree that such an order so enjoining RESELLER may be issued pending final determination thereof, without the requirement to post bond.  <\/li><li><strong>Representation of Authority<\/strong>.  Each person signing this Agreement represents and warrants that he or she is duly authorized and has legal capacity to execute and deliver this Agreement. Each Party represents and warrants to the other that the execution and delivery of the Agreement and the performance of such Party’s obligations hereunder have been duly authorized and that the Agreement is a valid and legal agreement binding on such party and enforceable in accordance with its terms.<\/li><li><strong>No Relationship<\/strong>. The parties to this Agreement are independent contractors, and no agency, partnership, joint venture or employee-employer relationship is intended or created by this Agreement. Neither party shall have nor hold itself out as having any right, power or authority to assume, create, or incur any expenses, liability, or obligation on behalf of the other party, except as expressly provided herein.  <\/li><li><strong>Severability.<\/strong> If any provision of this Agreement is held unenforceable by a court of competent jurisdiction, that provision shall be severed and shall not affect the validity or enforceability of the remaining provisions.<\/li><li><strong>Governing Law.<\/strong> This Agreement shall be governed by and construed in accordance with the law of the State of Georgia. Any dispute arising from this Agreement shall first be addressed by the parties through informal dispute resolution procedures conducted in good faith. If the parties do not resolve the dispute within thirty (30) days of the date of the first dispute resolution meeting, the parties agree to mediate the dispute in a mutually agreed-upon place with a mutually agreed-upon mediator, the costs of which shall be borne equally by the parties. In the event the dispute is not resolved through mediation, the dispute shall be settled by binding arbitration before a single arbitrator in Brunswick, Georgia in accordance of the rules of the American Arbitration Association, and the parties agree that judgment upon the award rendered by the arbitrator shall be entered in a court of competent jurisdiction sitting in Brunswick, Georgia.<\/li><li><strong>Entire Agreement; Modification; Waiver; Successors and Assigns.<\/strong> This Agreement constitutes the complete agreement and sets forth the entire understanding and agreement of the Parties as to the subject matter of this Agreement and supersedes all prior discussions and understandings in respect to the subject of this Agreement, whether written or oral.  No modification, termination, or attempted waiver of this Agreement, or any provision thereof, shall be valid unless in writing signed by the Party against whom the same is sought to be enforced. The waiver by a Party of a breach of any provision of this Agreement by the other Party shall not operate or be construed as a waiver of any other or subsequent breach by the Party in breach.  This Agreement may not be assigned by RESELLER without the prior written consent of SUPPLIER.<\/li><li><strong>No Conflict.<\/strong> The Parties warrant that they have not previously assumed any obligations inconsistent with those undertaken under this Agreement.<\/li><\/ol>",
            "text_alignment": "left",
            "text_size": "p",
            "css_class": ""
          }
        },
        "e2dba504-29ac-40c5-baf3-19a6729c0d0f": {
          "type": "custom_liquid",
          "settings": {
            "custom_liquid": "<p><b>Exhibit A<\/b><\/p>\n<table>\n<tbody>\n<tr>\n<td>\n<p><b>Product Name<\/b><\/p>\n<\/td>\n<td>\n<p><b>MAP Pricing<\/b><\/p>\n<\/td>\n<td>\n<p><b>Purchase price from SUPPLIER<\/b><\/p>\n<\/td>\n<td>\n<p><b>Minimum order amount<\/b><\/p>\n<\/td>\n<\/tr>\n<tr>\n<td>\n<p><span style=\"font-weight: 400;\">Julva® Trial Pack<\/span><\/p>\n<\/td>\n<td>\n<p><span style=\"font-weight: 400;\">$4.95<\/span><\/p>\n<\/td>\n<td>\n<p><span style=\"font-weight: 400;\">$4.95<\/span><\/p>\n<\/td>\n<td>\n<p><span style=\"font-weight: 400;\">12 Trial Packs<\/span><\/p>\n<\/td>\n<\/tr>\n<tr>\n<td>\n<p><span style=\"font-weight: 400;\">Julva® Lip Duo<\/span><\/p>\n<\/td>\n<td>\n<p><span style=\"font-weight: 400;\">$69.00<\/span><\/p>\n<\/td>\n<td>\n<p><span style=\"font-weight: 400;\">$35.00<\/span><\/p>\n<\/td>\n<td>\n<p><span style=\"font-weight: 400;\">12&nbsp;Units<\/span><\/p>\n<\/td>\n<\/tr>\n<tr>\n<td>\n<p><span style=\"font-weight: 400;\">Julva® Tube<\/span><\/p>\n<\/td>\n<td>\n<p><span style=\"font-weight: 400;\">$69.95<\/span><\/p>\n<\/td>\n<td>\n<p><span style=\"font-weight: 400;\">$40.00<\/span><\/p>\n<\/td>\n<td>\n<p><span style=\"font-weight: 400;\">12 Tubes<\/span><\/p>\n<\/td>\n<\/tr>\n<tr>\n<td>\n<p><span style=\"font-weight: 400;\">Julva® PRO Tube<br><\/span><\/p>\n<\/td>\n<td>\n<p><span style=\"font-weight: 400;\">$79.95<\/span><\/p>\n<\/td>\n<td>\n<p><span style=\"font-weight: 400;\">$40.00<\/span><\/p>\n<\/td>\n<td>\n<p><span style=\"font-weight: 400;\">12 Tubes<\/span><\/p>\n<\/td>\n<\/tr>\n<tr>\n<td>\n<p><span style=\"font-weight: 400;\">Mighty Maca® Plus Single Canister<\/span><\/p>\n<\/td>\n<td>\n<p><span style=\"font-weight: 400;\">$69.95<\/span><\/p>\n<\/td>\n<td>\n<p><span style=\"font-weight: 400;\">$34.95<\/span><\/p>\n<\/td>\n<td>\n<p><span style=\"font-weight: 400;\">12 Canisters<\/span><\/p>\n<\/td>\n<\/tr>\n<tr>\n<td>\n<p><span style=\"font-weight: 400;\">Mighty Maca® Plus Trial Pack (16-Pack)<\/span><\/p>\n<\/td>\n<td>\n<p><span style=\"font-weight: 400;\">$37.95<\/span><\/p>\n<\/td>\n<td>\n<p><span style=\"font-weight: 400;\">$19.00<\/span><\/p>\n<\/td>\n<td>\n<p><span style=\"font-weight: 400;\">12 Units<\/span><\/p>\n<\/td>\n<\/tr>\n<tr>\n<td>Menopause Capsules (Mighty Maca Plus product)<\/td>\n<td>$59.95<\/td>\n<td>$33.00<\/td>\n<td>12 Units<\/td>\n<\/tr>\n<tr>\n<td>Mighty Maca Plus Travel\/Trial<\/td>\n<td>$4.95<\/td>\n<td>$4.95<\/td>\n<td>12 Units<\/td>\n<\/tr>\n<tr>\n<td>\n<p><span style=\"font-weight: 400;\">Keto-pH® Uric Acid Test Strips<\/span><\/p>\n<\/td>\n<td>\n<p><span style=\"font-weight: 400;\">$15.95<\/span><\/p>\n<\/td>\n<td>\n<p><span style=\"font-weight: 400;\">$8.00<\/span><\/p>\n<\/td>\n<td>\n<p><span style=\"font-weight: 400;\">24 Units<\/span><\/p>\n<\/td>\n<\/tr>\n<tr>\n<td>\n<p><span style=\"font-weight: 400;\">Balance Progesterone Cream Bottle<\/span><\/p>\n<\/td>\n<td>\n<p><span style=\"font-weight: 400;\">$54.95<\/span><\/p>\n<\/td>\n<td>\n<p><span style=\"font-weight: 400;\">$29.00<\/span><\/p>\n<\/td>\n<td>\n<p><span style=\"font-weight: 400;\">12 Bottles<\/span><\/p>\n<\/td>\n<\/tr>\n<tr>\n<td>\n<p><span style=\"font-weight: 400;\">Keto-Green® Shake (16 Servings)<\/span><\/p>\n<\/td>\n<td>\n<p><span style=\"font-weight: 400;\">$53.95<\/span><\/p>\n<\/td>\n<td>\n<p><span style=\"font-weight: 400;\">$32.97<\/span><\/p>\n<\/td>\n<td>\n<p><span style=\"font-weight: 400;\">12&nbsp;Units<\/span><\/p>\n<\/td>\n<\/tr>\n<tr>\n<td>\n<p><span style=\"font-weight: 400;\">Keto-Green® Shake (40 Servings)<\/span><\/p>\n<\/td>\n<td>\n<p><span style=\"font-weight: 400;\">$99.95<\/span><\/p>\n<\/td>\n<td>\n<p><span style=\"font-weight: 400;\">$59.00<\/span><\/p>\n<\/td>\n<td>\n<p><span style=\"font-weight: 400;\">12&nbsp;Units<\/span><\/p>\n<\/td>\n<\/tr>\n<tr>\n<td>Keto-Alkaline Protein Shake<\/td>\n<td>$86.95<\/td>\n<td>$74.95<\/td>\n<td>12 Units<\/td>\n<\/tr>\n<tr>\n<td>\n<p><span style=\"font-weight: 400;\">Beauty Locks<\/span><\/p>\n<\/td>\n<td>\n<p><span style=\"font-weight: 400;\">$49.00<\/span><\/p>\n<\/td>\n<td>\n<p><span style=\"font-weight: 400;\">$25.00<\/span><\/p>\n<\/td>\n<td>\n<p><span style=\"font-weight: 400;\">12&nbsp;Units<\/span><\/p>\n<\/td>\n<\/tr>\n<tr>\n<td>Nite-Zzz<\/td>\n<td>$49.95<\/td>\n<td>$29.97<\/td>\n<td>12&nbsp;Units<\/td>\n<\/tr>\n<tr>\n<td>Better Brain and Sleep<\/td>\n<td>$59.95<\/td>\n<td>$49.95<\/td>\n<td>12 Units<\/td>\n<\/tr>\n<tr><\/tr>\n<\/tbody>\n<\/table>",
            "css_class": ""
          }
        }
      },
      "block_order": [
        "28d230fc-5f75-46ed-8731-55193c6c5735",
        "e2dba504-29ac-40c5-baf3-19a6729c0d0f"
      ],
      "settings": {
        "anchor_id": "",
        "color_scheme": "background-1",
        "full_width": true,
        "padding_top": 40,
        "padding_bottom": 52,
        "css_class": "",
        "custom_css": "",
        "custom_css_mobile": ""
      }
    }
  },
  "order": [
    "main",
    "1640097424c2f7eec2",
    "1664465501170b35c3",
    "6aaa4d11-aad0-4af3-92b6-f8359cfb2e23",
    "88bcf064-5c31-499b-97a2-814243f40e92"
  ]
}
