{
  "sections": {
    "main": {
      "type": "main-page",
      "disabled": true,
      "settings": {
        "display_title": true,
        "color_scheme": "background-1",
        "padding_top": 36,
        "padding_bottom": 0,
        "css_class": "",
        "custom_css": "",
        "custom_css_mobile": ""
      }
    },
    "2a780b47-c5e3-4336-bb63-24997d3f9c8d": {
      "type": "multicolumn",
      "blocks": {
        "0ea7ea4a-e2ce-4b71-aae5-baf1ff929cd2": {
          "type": "column_with_bkgd_img",
          "disabled": true,
          "settings": {
            "background_image": "shopify:\/\/shop_images\/GirlTalk_Questions-04.jpg",
            "title": "Q: What is happening with my hormones?",
            "heading_color": "color-scheme",
            "text": "",
            "link_label": "Answer",
            "link": "",
            "css_class": ""
          }
        },
        "ded00593-364b-4b6f-b978-0a79632baeb6": {
          "type": "column_with_bkgd_img",
          "disabled": true,
          "settings": {
            "background_image": "shopify:\/\/shop_images\/GirlTalk_Questions-05.jpg",
            "title": "Q: Why am I gaining weight?",
            "heading_color": "color-scheme",
            "text": "",
            "link_label": "Answer",
            "link": "",
            "css_class": ""
          }
        },
        "82186d67-fe80-4e65-9bf6-628859d97470": {
          "type": "column_with_bkgd_img",
          "settings": {
            "background_image": "shopify:\/\/shop_images\/GirlTalk_Questions-09.jpg",
            "title": "Q: My nights are nothing but hot flashes and sleeplessness. What can I do?",
            "heading_color": "color-scheme",
            "text": "<p><\/p>",
            "link_label": "Answer",
            "link": "shopify:\/\/pages\/girl-talk-my-nights-are-nothing-but-hot-flashes-and-sleeplessness",
            "css_class": ""
          }
        },
        "70d49a43-e5d2-48a7-8670-776a28f9d101": {
          "type": "column_with_bkgd_img",
          "settings": {
            "background_image": "shopify:\/\/shop_images\/GirlTalk_Questions-12.jpg",
            "title": "Q: What can I do about a leaky bladder?",
            "heading_color": "color-scheme",
            "text": "<p><\/p>",
            "link_label": "Answer",
            "link": "shopify:\/\/pages\/girl-talk-what-can-i-do-about-a-leaky-bladder",
            "css_class": ""
          }
        },
        "6ae46ff9-4564-477c-8ca2-64b5e1018124": {
          "type": "column_with_bkgd_img",
          "settings": {
            "background_image": "shopify:\/\/shop_images\/GirlTalk_Questions-02.jpg",
            "title": "Q: OMG, I’m losing my hair. What is going on?",
            "heading_color": "color-scheme",
            "text": "<p><\/p>",
            "link_label": "Answer",
            "link": "shopify:\/\/pages\/girl-talk-omg-i-m-losing-my-hair-help",
            "css_class": ""
          }
        },
        "9220088a-d7c9-4a9f-b98f-5cd6e9fdea73": {
          "type": "column_with_bkgd_img",
          "settings": {
            "background_image": "shopify:\/\/shop_images\/GirlTalk_Questions-10.jpg",
            "title": "Q: I don't want to have sex anymore - why?",
            "heading_color": "color-scheme",
            "text": "<p><\/p>",
            "link_label": "Answer",
            "link": "shopify:\/\/pages\/girl-talk-i-just-don-t-want-to-have-sex-anymore",
            "css_class": ""
          }
        },
        "c00d0088-0afb-44f2-8843-a23ec985371c": {
          "type": "column_with_bkgd_img",
          "settings": {
            "background_image": "shopify:\/\/shop_images\/GirlTalk_Questions-07.jpg",
            "title": "Q: My vagina is so dry that sex is painful. How can I fix this?",
            "heading_color": "color-scheme",
            "text": "<p><\/p>",
            "link_label": "Answer",
            "link": "shopify:\/\/pages\/girl-talk-my-vagina-is-so-dry-that-sex-is-painful",
            "css_class": ""
          }
        },
        "428bbdf0-53f5-4513-b151-e19453d9e052": {
          "type": "column_with_bkgd_img",
          "settings": {
            "background_image": "shopify:\/\/shop_images\/GirlTalk_Questions-11.jpg",
            "title": "Q: Is Keto good for women over 40?",
            "heading_color": "color-scheme",
            "text": "<p><\/p>",
            "link_label": "Answer",
            "link": "shopify:\/\/pages\/girl-talk-is-keto-good-for-women-over-40",
            "css_class": ""
          }
        },
        "129e7044-a08d-44ae-a900-17580940f11b": {
          "type": "column_with_bkgd_img",
          "settings": {
            "background_image": "shopify:\/\/shop_images\/GirlTalk_Questions-03.jpg",
            "title": "Q: How is stress affecting my relationships?",
            "heading_color": "color-scheme",
            "text": "<p><\/p>",
            "link_label": "Answer",
            "link": "shopify:\/\/pages\/girl-talk-how-is-stress-affecting-my-relationships",
            "css_class": ""
          }
        },
        "34487656-5b8e-4770-82eb-a23454053c6b": {
          "type": "column_with_bkgd_img",
          "settings": {
            "background_image": "shopify:\/\/shop_images\/GirlTalk_Questions-06.jpg",
            "title": "Q: I’ve had a hysterectomy – what now?",
            "heading_color": "color-scheme",
            "text": "<p><\/p>",
            "link_label": "Answer",
            "link": "shopify:\/\/pages\/girl-talk-i-ve-had-a-hysterectomy-what-now",
            "css_class": ""
          }
        }
      },
      "block_order": [
        "0ea7ea4a-e2ce-4b71-aae5-baf1ff929cd2",
        "ded00593-364b-4b6f-b978-0a79632baeb6",
        "82186d67-fe80-4e65-9bf6-628859d97470",
        "70d49a43-e5d2-48a7-8670-776a28f9d101",
        "6ae46ff9-4564-477c-8ca2-64b5e1018124",
        "9220088a-d7c9-4a9f-b98f-5cd6e9fdea73",
        "c00d0088-0afb-44f2-8843-a23ec985371c",
        "428bbdf0-53f5-4513-b151-e19453d9e052",
        "129e7044-a08d-44ae-a900-17580940f11b",
        "34487656-5b8e-4770-82eb-a23454053c6b"
      ],
      "settings": {
        "anchor_id": "",
        "title": "",
        "text": "",
        "heading_size": "h1",
        "heading_color": "color-scheme",
        "text_size": "p",
        "column_heading_size": "h3",
        "column_text_size": "p",
        "image_width": "full",
        "image_ratio": "adapt",
        "columns_desktop": 2,
        "column_alignment": "left",
        "column_link_type": "button",
        "background_style": "none",
        "button_label": "",
        "button_link": "",
        "button_color": "color-scheme",
        "color_scheme": "background-1",
        "columns_mobile": "1",
        "swipe_on_mobile": false,
        "padding_top": 36,
        "padding_bottom": 36,
        "css_class": "",
        "custom_css": ".grid { max-width: 1145px; margin: 0 auto;} li { background-color: rgb(var(--color-base-accent-1)); }\n.multicolumn-card__info {  position: relative; min-height: 540px; display: flex; align-items: center; justify-content: center; padding: 10% 15% 4.5em;  }\nh3 { color: white; font-size: 2.1em; line-height: 1.2; }\n.button { position: absolute; bottom: 2.5em; }",
        "custom_css_mobile": ".grid { max-width: 90%; row-gap: 2em; }\n.multicolumn-card__info { min-height: 330px; padding: 10% 5% 3.5em; }\nh3 { font-size: 1.5em; text-align: center; }\n.button { bottom: 1.5em; }"
      }
    }
  },
  "order": [
    "main",
    "2a780b47-c5e3-4336-bb63-24997d3f9c8d"
  ]
}
