{
  "layout": "theme-offer-page",
  "sections": {
    "16462238058b508f23": {
      "type": "header-offer-page",
      "disabled": true,
      "blocks": {
        "2d234c6a-ad15-4b01-b895-79b7c0f04cdf": {
          "type": "custom_colors",
          "settings": {
            "colors_solid_button_labels": "",
            "colors_accent_1": "#63316e",
            "gradient_accent_1": "",
            "colors_accent_2": "#ff8f19",
            "gradient_accent_2": "",
            "colors_accent_3": "rgba(0,0,0,0)",
            "colors_accent_4": "",
            "colors_text": "",
            "colors_outline_button_labels": "",
            "colors_background_1": "",
            "gradient_background_1": "",
            "colors_background_2": "rgba(0,0,0,0)",
            "gradient_background_2": ""
          }
        }
      },
      "block_order": [
        "2d234c6a-ad15-4b01-b895-79b7c0f04cdf"
      ],
      "settings": {
        "color_scheme": "background-1",
        "display_logo": false,
        "show_line_separator": false,
        "enable_sticky_header": false,
        "margin_bottom": 0,
        "css_class": "",
        "custom_css": ".header__icons {\ndisplay: none !important;\n}",
        "custom_css_mobile": ""
      }
    },
    "1658945396e9e23b45": {
      "type": "video",
      "settings": {
        "heading": "",
        "heading_size": "h1",
        "heading_color": "accent-1",
        "cover_image": "shopify:\/\/shop_images\/Diabetes_Masterclass_with_Dr._Anna_Cabeca_2022_Final.jpg",
        "video_url_metafield": "",
        "video_url": "https:\/\/vimeo.com\/677412536",
        "description": "",
        "full_width": false,
        "color_scheme": "background-1",
        "padding_top": 36,
        "padding_bottom": 36,
        "css_class": "",
        "custom_css": "",
        "custom_css_mobile": ""
      }
    },
    "main": {
      "type": "main-page",
      "disabled": true,
      "settings": {
        "display_title": true,
        "color_scheme": "background-1",
        "padding_top": 28,
        "padding_bottom": 28,
        "css_class": "",
        "custom_css": "",
        "custom_css_mobile": ""
      }
    }
  },
  "order": [
    "16462238058b508f23",
    "1658945396e9e23b45",
    "main"
  ]
}