{
  "sections": {
    "647a17fb-be9d-4a35-b53d-7a9ae989ac2b": {
      "type": "image",
      "settings": {
        "image": "shopify:\/\/shop_images\/TGFD_WebsiteDesign_MenopausePage-32.png",
        "mobile_image": "shopify:\/\/shop_images\/TGFD_WebsiteDesign_MenopausePage-33.png",
        "max_width": 1600,
        "color_scheme": "accent-2",
        "link": "",
        "padding_top": 0,
        "padding_bottom": 0,
        "css_class": "",
        "custom_css": "",
        "custom_css_mobile": ""
      }
    },
    "326781ba-bd99-44ab-b9fd-556730480bcd": {
      "type": "rich-text",
      "blocks": {
        "template--14579283853367__326781ba-bd99-44ab-b9fd-556730480bcd-heading-1": {
          "type": "heading",
          "settings": {
            "heading": "Vaginal Dryness",
            "heading_size": "h1",
            "heading_alignment": "center",
            "heading_color": "color-scheme",
            "css_class": "",
            "heading_divider": false
          }
        }
      },
      "block_order": [
        "template--14579283853367__326781ba-bd99-44ab-b9fd-556730480bcd-heading-1"
      ],
      "disabled": true,
      "settings": {
        "anchor_id": "",
        "color_scheme": "accent-1",
        "full_width": true,
        "padding_top": 60,
        "padding_bottom": 60,
        "css_class": "",
        "custom_css": "h2{color:#F498C8;}",
        "custom_css_mobile": ""
      }
    },
    "833b4aa7-30e5-4291-bd1e-1d1533c2bebc": {
      "type": "image-with-text",
      "blocks": {
        "template--14579283853367__833b4aa7-30e5-4291-bd1e-1d1533c2bebc-text-1": {
          "type": "text",
          "settings": {
            "text": "<h1>I just woke up hot &  sweaty. What’s going on?<\/h1><p>They hit at the most inconvenient times: during business meetings, out with friends, in bed with your partner. Your face flushes. Your heart rate accelerates. Your body feels like a steam vent, and perspiration washes all over you.<\/p><p>You’re having hot flashes, and for more than 70 percent of women, they’re an ill-timed, uncomfortable, and often embarrassing reality of menopause.<\/p><p><\/p><p>Medically speaking, blood vessels near the surface of a woman’s skin dilate, this is the body’s attempt to cool off. The heart races to pump more blood to reach the surface of the skin where it is cooler, and that causes the red blush to the face and neck. A woman may sweat as that is another way the body tries to cool itself. Some women can experience a rapid heart rate, lightheadedness, or even feel nauseated. Some experience chills. At night the same experience can occur and these are called night sweats. A woman can be cold one minute, and the next minute need all the bed covers off and feel quite miserable.<\/p>",
            "text_style": "body",
            "css_class": ""
          }
        },
        "a2ac8305-bb72-401b-a0fa-9a8e8d617024": {
          "type": "text",
          "disabled": true,
          "settings": {
            "text": "<p>THIS CAN LOOK LIKE:<\/p>",
            "text_style": "body",
            "css_class": "gold"
          }
        },
        "525a86f0-f13f-475a-beee-e134531f7294": {
          "type": "list",
          "disabled": true,
          "settings": {
            "list_items": "<p>Vulvar-vaginal thinning and irritation<\/p><p>Painful sex due to excessive vaginal dryness<\/p><p>Increased vaginal and bladder infections, odors, itching and irritations<\/p><p>Leaking urine, pressure and\/or trouble peeing<\/p><p>Increased skin disorders affecting the urogenital tract<\/p><p>Decreased desire, arousal, and\/or difficulty in having an orgasm<\/p><p>Pelvic prolapse symptoms such as pressure and trouble eliminating<\/p><p>General pain and discomfort from various activities<\/p>",
            "list_style_type": "bullets",
            "text_alignment": "left",
            "css_class": ""
          }
        }
      },
      "block_order": [
        "template--14579283853367__833b4aa7-30e5-4291-bd1e-1d1533c2bebc-text-1",
        "a2ac8305-bb72-401b-a0fa-9a8e8d617024",
        "525a86f0-f13f-475a-beee-e134531f7294"
      ],
      "settings": {
        "image": "shopify:\/\/shop_images\/TGFD_WebsiteDesign_MenopausePage-hotflashes.jpg",
        "height": "adapt",
        "desktop_image_width": "medium",
        "layout": "text_first",
        "desktop_content_position": "top",
        "desktop_content_alignment": "left",
        "content_layout": "no-overlap",
        "color_scheme": "background-2",
        "mobile_content_alignment": "left",
        "padding_top": 0,
        "padding_bottom": 0,
        "css_class": "dac-allow-media-resize",
        "custom_css": "strong {\ncolor: #9F2B68;\n}\n\nh1 {\ncolor: #321748;\nfont-size: 64px;\n}\n\n.gold {\ncolor: #BE9452;\n}\n\n.page-width { max-width: 1800px;}\n{ background-color: rgb(var(--color-base-background-2));",
        "custom_css_mobile": ".image-with-text__grid {\n  padding: 10px;\n}\n\nh1 {\nfont-size: 32px;\n}"
      }
    },
    "c5929b1b-a3b0-4536-81da-ac49e6b40dac": {
      "type": "rich-text",
      "blocks": {
        "template--14579283853367__c5929b1b-a3b0-4536-81da-ac49e6b40dac-text-1": {
          "type": "text",
          "settings": {
            "text": "<p>So, what causes hot flashes?<br\/><\/p><p>Ask that question, even to doctors, and you won’t get a straight answer. They’ll say “we don’t know,” or “it’s not clear what triggers hot flashes,” or the common answer: “declining estrogen.”<\/p><p>Well, this is true as there appears to be many reasons and factors as to why some women have more hot flashes and some less. Certainly bioidentical estrogen and progesterone help, but hormone changes alone don’t fully explain the variations in women’s hot flashes.<\/p><p>Hot flashes are a natural part of menopause, but they can seriously impact the quality of your life. In fact, hot flashes are the most frequently reported negative symptom women experience during this time. <\/p><p>Question is: do they need to be?<\/p>",
            "text_alignment": "center",
            "text_size": "p",
            "css_class": ""
          }
        },
        "template--14579283853367__c5929b1b-a3b0-4536-81da-ac49e6b40dac-button-1": {
          "type": "button",
          "settings": {
            "button_label": "LEARN MORE ABOUT MENOPAUSE",
            "button_link": "shopify:\/\/pages\/menopause",
            "button_style_secondary": false,
            "button_alignment": "center",
            "button_color": "accent-1",
            "css_class": ""
          }
        }
      },
      "block_order": [
        "template--14579283853367__c5929b1b-a3b0-4536-81da-ac49e6b40dac-text-1",
        "template--14579283853367__c5929b1b-a3b0-4536-81da-ac49e6b40dac-button-1"
      ],
      "settings": {
        "anchor_id": "",
        "color_scheme": "background-2",
        "full_width": true,
        "padding_top": 0,
        "padding_bottom": 72,
        "css_class": "",
        "custom_css": "a {\ncolor:#000000;\ntext-decoration: underline;\n}\n\n.button {\ncolor:#ffffff;\ntext-decoration: none;\n}",
        "custom_css_mobile": ""
      }
    },
    "626918f2-19cb-4bdb-a42c-7ddbea0a7523": {
      "type": "rich-text",
      "blocks": {
        "31408c9c-6838-4a56-ae1e-43a4cb54349f": {
          "type": "heading",
          "settings": {
            "heading": "What can I do about it?",
            "heading_size": "h0",
            "heading_alignment": "center",
            "heading_color": "accent-1",
            "css_class": "",
            "heading_divider": false
          }
        },
        "template--14572363284535__626918f2-19cb-4bdb-a42c-7ddbea0a7523-text-1": {
          "type": "text",
          "settings": {
            "text": "<p>First, avoid hot flash triggers:<\/p><p>Every woman is different, but typical triggers include caffeine and alcohol, food sensitivities (such as dairy), refined sugars and simple carbs (the white processed stuff, very acidic to your  body!), smoking, hot foods (temperature or spiciness), warm temperatures in your environment (especially in the bedroom at night), and stress. Stress in particular is a big trigger.<\/p><p>Our stress hormone, cortisol, is key to how we will experience menopause as it affects overall inflammation, hormone balance and our body's ability to remain insulin sensitive.<\/p><p>I have effectively worked with women to stop hot flashes - and do it without drugs like anti-depressants, high blood pressure meds, or anti-seizure drugs – the typical medicines prescribed to help. But they don’t correct the core reason, which is something no one has ever pointed out to you…<\/p><p>In two words: “insulin resistance.”<\/p><p>Insulin is a hormone that delivers glucose, or blood sugar, from the bloodstream into cells, where it’s burned for energy. Insulin resistance means that the insulin is less efficient at “making the delivery,” like the mail person who can’t make it to your house to give you your letters … so sugar levels rise in the blood. Insulin resistance lurks beneath many of the most common symptoms one experiences during menopause – not only hot flashes, but also fatigue, difficulty concentrating, and weight gain.<\/p><p>Once you know the real cause of something – in this case, insulin resistance – then you can stop the problem in its tracks, and not mask it with drugs.<\/p>",
            "text_alignment": "center",
            "text_size": "p",
            "css_class": ""
          }
        }
      },
      "block_order": [
        "31408c9c-6838-4a56-ae1e-43a4cb54349f",
        "template--14572363284535__626918f2-19cb-4bdb-a42c-7ddbea0a7523-text-1"
      ],
      "settings": {
        "anchor_id": "",
        "color_scheme": "accent-2",
        "full_width": true,
        "padding_top": 72,
        "padding_bottom": 72,
        "css_class": "",
        "custom_css": "h2{color: #F498C8;\nfont-size:64px;\ntext-transform: capitalize;\n}",
        "custom_css_mobile": "h2 {\nfont-size: 32px;\n}"
      }
    },
    "7c5fdcdc-2543-4f18-8b91-c8d30b33ab3c": {
      "type": "rich-text",
      "blocks": {
        "template--14579283853367__7c5fdcdc-2543-4f18-8b91-c8d30b33ab3c-heading-1": {
          "type": "heading",
          "settings": {
            "heading": " Which is why I created:",
            "heading_size": "h0",
            "heading_alignment": "center",
            "heading_color": "color-scheme",
            "css_class": "",
            "heading_divider": false
          }
        }
      },
      "block_order": [
        "template--14579283853367__7c5fdcdc-2543-4f18-8b91-c8d30b33ab3c-heading-1"
      ],
      "settings": {
        "anchor_id": "",
        "color_scheme": "background-1",
        "full_width": true,
        "padding_top": 72,
        "padding_bottom": 28,
        "css_class": "",
        "custom_css": "h2{color: #BE9452;\ntext-transform: uppercase;\nfont-size:64px;\n}",
        "custom_css_mobile": "h2 {\nfont-size: 32px;\n}"
      }
    },
    "226b22f5-bb5f-440a-830f-180e99fa2df0": {
      "type": "image-with-text",
      "blocks": {
        "4cdbfef5-c9fd-4485-b49f-e41f656ef878": {
          "type": "heading",
          "settings": {
            "heading": "Keto-Green Diet",
            "heading_size": "h1",
            "heading_color": "accent-1",
            "css_class": ""
          }
        },
        "b7652cb5-4d7c-46ab-9d04-128052636264": {
          "type": "text",
          "settings": {
            "text": "<p>My <a href=\"https:\/\/drannacabeca.com\/blogs\/keto-alkaline-diet\/kick-start-a-new-keto-alkaline-you\"><span style=\"text-decoration:underline\">Keto-Green® diet<\/span><\/a> helps regulate insulin and reverse insulin resistance in one important way: it shifts you into ketosis, which restores your body to an insulin-sensitive state.<\/p><p>The ketogenic component of my diet works by keeping your carbohydrate stores almost empty. Your body starts burning its own body fat for energy, helping you lose weight quickly. It will also burn fat that you’re consuming through your diet, assuming you are eating healthy fats (not trans fats, for example). The details, including food lists, daily menu plans, and recipes are all in <a href=\"https:\/\/book.thehormonefix.com\/get-the-book\"><span style=\"text-decoration:underline\">The Hormone Fix<\/span><\/a>.<\/p><p>Unless we’re supporting our body’s ability to have insulin sensitivity and counter the spiking cortisol, we're not going to get hormonal balance and we'll likely struggle with inflammatory symptoms such as hot flashes and night sweats, along with the weight gain, the mood swings, the anxiety and insomnia, etc….  <\/p><p>A <a href=\"https:\/\/order.mightymaca.com\/after-40-ebook-opt-in\"><span style=\"text-decoration:underline\">Keto-Green® diet and lifestyle<\/span><\/a> will help with this by optimizing blood sugar and insulin levels.<\/p>",
            "text_style": "body",
            "css_class": ""
          }
        },
        "9da69cf8-1bba-4848-835c-3e6780bf2c70": {
          "type": "text",
          "disabled": true,
          "settings": {
            "text": "<p>Apart from DHEA, it includes:<\/p>",
            "text_style": "body",
            "css_class": "goldagain"
          }
        },
        "211d91a8-8fc3-452e-af94-52deb468440f": {
          "type": "custom_liquid",
          "disabled": true,
          "settings": {
            "custom_liquid": "<img src=\"https:\/\/cdn.shopify.com\/s\/files\/1\/0524\/5661\/files\/Vector_a9c4bfbc-ebbc-4bc6-aa62-089e75ac0040.svg\" width=\"100%;\">",
            "css_class": ""
          }
        },
        "6bd2519e-c3bf-4e5f-bcea-bcc09b1868c0": {
          "type": "button",
          "settings": {
            "button_label": "START KETO-GREEN DIET NOW",
            "button_link": "https:\/\/drannacabeca.com\/blogs\/keto-alkaline-diet\/kick-start-a-new-keto-alkaline-you",
            "button_color": "color-scheme",
            "css_class": ""
          }
        }
      },
      "block_order": [
        "4cdbfef5-c9fd-4485-b49f-e41f656ef878",
        "b7652cb5-4d7c-46ab-9d04-128052636264",
        "9da69cf8-1bba-4848-835c-3e6780bf2c70",
        "211d91a8-8fc3-452e-af94-52deb468440f",
        "6bd2519e-c3bf-4e5f-bcea-bcc09b1868c0"
      ],
      "custom_css": [

      ],
      "settings": {
        "image": "shopify:\/\/shop_images\/TGFD_BreezeThroughMenopause_Image2.png",
        "height": "adapt",
        "desktop_image_width": "small",
        "layout": "image_first",
        "desktop_content_position": "middle",
        "desktop_content_alignment": "left",
        "content_layout": "no-overlap",
        "color_scheme": "background-1",
        "mobile_content_alignment": "left",
        "padding_top": 0,
        "padding_bottom": 0,
        "css_class": "dac-allow-media-resize",
        "custom_css": ".goldagain{color: #BE9452;\ntext-transform: uppercase;\n}\n.page-width { max-width: 1800px;}",
        "custom_css_mobile": ".image-with-text__grid {\n  padding: 20px;\n}"
      }
    },
    "79d35df0-4e31-482a-a78f-eb54cb3cc9fa": {
      "type": "multicolumn",
      "blocks": {
        "template--14579283853367__79d35df0-4e31-482a-a78f-eb54cb3cc9fa-column-1": {
          "type": "column",
          "settings": {
            "title": "Do Keto-Green® fasting.",
            "heading_color": "color-scheme",
            "text": "<p>This is a form of intermittent fasting, in which you go 13 to 15 hours without food overnight and in the morning. Let’s say you finish dinner at 7 pm. Don’t eat anything other than some coffee in the morning. Make an early lunch or late breakfast (say 9am) your first meal of the day. That’s all there is to Keto-Green Fasting.<\/p><p>Studies have found this form of intermittent fasting helps prevent hot-flash-triggering insulin resistance, plus enhances hormone function that helps with weight loss, including the loss of belly fat. I outline how to do Keto-Green Fasting in <a href=\"https:\/\/book.thehormonefix.com\/get-the-book\"><span style=\"text-decoration:underline\">The Hormone Fix<\/span><\/a> in detail.<\/p>",
            "link_label": "",
            "link": "",
            "button_color": "color-scheme",
            "css_class": ""
          }
        },
        "template--14579283853367__79d35df0-4e31-482a-a78f-eb54cb3cc9fa-column-2": {
          "type": "column",
          "settings": {
            "title": "Stop snacking.",
            "heading_color": "color-scheme",
            "text": "<p>Do not eat between meals and do not snack. That advice might seem to fly in the face of conventional wisdom, but here’s the truth: if you’re over forty, snacking can be destructive to your goals. It can cause insulin resistance, weight gain, hot flashes, and inflammation. If you feel hunger pangs during the day, add more healthy fats, oils, and nuts to your meals. The hunger pangs will soon disappear. Eventually you’ll retrain your body to not desire snacks.<\/p>",
            "link_label": "",
            "link": "",
            "button_color": "color-scheme",
            "css_class": ""
          }
        },
        "f0e8d8eb-648d-4c56-bf92-8f8dd9dd12a7": {
          "type": "column",
          "settings": {
            "title": "Better stress management practices.",
            "heading_color": "color-scheme",
            "text": "<p>Incorporating some good breathing exercises and meditation time into your daily schedule is important.<\/p><p>Deep belly breathing (deep inside the abdomen, with slow breaths at about 5-6 breaths per minute) is best. Practice some deep belly breathing for 15 minutes every morning and evening, and also at the onset of hot flashes.<\/p><p>Meditation practices can also help. I am a proponent of daily gratitude journaling as it helps me live a life of positivity, and greatly reduces the stress that I allow to intrude upon my life.<\/p><p>Things like connecting with nature each day will also help with stress. One of my favorite hormones, Oxytocin, is a beautiful counter to stress. Oxytocin is the hormone of love and bonding. are you deficient in this wonderful hormone?<\/p>",
            "link_label": "",
            "link": "",
            "button_color": "color-scheme",
            "css_class": ""
          }
        },
        "769eb6c9-a129-44df-8530-dbe1054171e6": {
          "type": "column",
          "settings": {
            "title": "Supplement with Omega-3 fish oil.",
            "heading_color": "color-scheme",
            "text": "<p>I’m a big believer in the power of this supplement, made up of two components of fish oil, EPA and DHA. In a 2009 study conducted in Canada, 120 women going through menopause were given either a fish oil supplement providing 1,200 milligrams of EPA and DHA or a placebo for two months. Prior to the study, these women averaged about 2.8 hot flashes daily. But after eight weeks, their hot flashes decreased by 55 percent in the EPA and DHA group, but by only 25 percent in the placebo group. You can’t go wrong by including this supplement in your daily regimen. A good omega-3 will have 360 milligrams EPA and 240 milligrams DHA per 1,000-milligram capsule. Besides <a href=\"https:\/\/drannacabeca.com\/products\/pura-omega-extreme\" title=\"https:\/\/drannacabeca.com\/products\/pura-omega-extreme\">omega-3 fish oil<\/a> and Mighty Maca Plus, The Hormone Fix covers other supplement solutions to stopping hot flashes.<\/p>",
            "link_label": "",
            "link": "",
            "button_color": "color-scheme",
            "css_class": ""
          }
        }
      },
      "block_order": [
        "template--14579283853367__79d35df0-4e31-482a-a78f-eb54cb3cc9fa-column-1",
        "template--14579283853367__79d35df0-4e31-482a-a78f-eb54cb3cc9fa-column-2",
        "f0e8d8eb-648d-4c56-bf92-8f8dd9dd12a7",
        "769eb6c9-a129-44df-8530-dbe1054171e6"
      ],
      "settings": {
        "anchor_id": "",
        "title": "Other things to pay attention to",
        "text": "",
        "heading_size": "h0",
        "heading_color": "color-scheme",
        "text_size": "p",
        "column_heading_size": "h3",
        "column_text_size": "p",
        "image_width": "full",
        "image_ratio": "adapt",
        "columns_desktop": 2,
        "column_alignment": "center",
        "column_link_type": "button",
        "background_style": "none",
        "button_label": "START KETO-GREEN DIET NOW",
        "button_link": "https:\/\/drannacabeca.com\/blogs\/keto-alkaline-diet\/kick-start-a-new-keto-alkaline-you",
        "button_color": "color-scheme",
        "color_scheme": "background-2",
        "columns_mobile": "1",
        "swipe_on_mobile": false,
        "padding_top": 72,
        "padding_bottom": 72,
        "css_class": "",
        "custom_css": "h2{color: #321748;\nfont-size: 64px;\ntext-transform: capitalize; padding:0px 100px;}\n\n\n\na {\ncolor:#000000;\ntext-decoration: underline;\n}\n\n.button {\ncolor:#ffffff;\ntext-decoration: none;\n}\n.multicolumn-list {\npadding: 0px 5%;\nmax-width: 1800px;\nmargin-left: auto;\nmargin-right: auto;\n}",
        "custom_css_mobile": "h2 {padding:0px;\nfont-size: 32px;\n}\n\n.multicolumn-list {padding: 0px;}"
      }
    },
    "main": {
      "type": "main-page",
      "disabled": true,
      "custom_css": [
        "h1 {text-transform: uppercase; font-size: 1.5em; text-align: center;}",
        ".rte > p:first-of-type {font-size: 2em; line-height: 1.1; text-align: center;}",
        ".rte > p:first-of-type,strong {color: var(--dac-color-awaken);}",
        "@media screen and (min-width: 750px) {.rte > div {columns: 2; column-gap: 3em; text-align: justify; }}",
        "p {break-inside: avoid;}",
        "div p:first-child {margin-top: 0;}"
      ],
      "settings": {
        "display_title": true,
        "color_scheme": "background-1",
        "padding_top": 56,
        "padding_bottom": 72,
        "css_class": "",
        "custom_css": "",
        "custom_css_mobile": ""
      }
    }
  },
  "order": [
    "647a17fb-be9d-4a35-b53d-7a9ae989ac2b",
    "326781ba-bd99-44ab-b9fd-556730480bcd",
    "833b4aa7-30e5-4291-bd1e-1d1533c2bebc",
    "c5929b1b-a3b0-4536-81da-ac49e6b40dac",
    "626918f2-19cb-4bdb-a42c-7ddbea0a7523",
    "7c5fdcdc-2543-4f18-8b91-c8d30b33ab3c",
    "226b22f5-bb5f-440a-830f-180e99fa2df0",
    "79d35df0-4e31-482a-a78f-eb54cb3cc9fa",
    "main"
  ]
}
