{
  "sections": {
    "main": {
      "type": "main-page",
      "disabled": true,
      "settings": {
        "display_title": false,
        "color_scheme": "background-1",
        "padding_top": 28,
        "padding_bottom": 28,
        "css_class": "center",
        "custom_css": "",
        "custom_css_mobile": ""
      }
    },
    "16458011004aaa609d": {
      "type": "rich-text",
      "blocks": {
        "16458011000d532d59-0": {
          "type": "heading",
          "settings": {
            "heading": "\"Help Doctor, My Sex Drive Has No Pulse!\"",
            "heading_size": "h1",
            "heading_alignment": "center",
            "heading_color": "accent-1",
            "css_class": "",
            "heading_divider": false
          }
        },
        "16458011000d532d59-1": {
          "type": "text",
          "settings": {
            "text": "<p>Sexual CPR Secrets for Women Who Want to Revive Their Intimate Sexual Relationships and Feel Alive and Sensual Again<\/p>",
            "text_alignment": "center",
            "text_size": "h4",
            "css_class": ""
          }
        }
      },
      "block_order": [
        "16458011000d532d59-0",
        "16458011000d532d59-1"
      ],
      "settings": {
        "anchor_id": "",
        "color_scheme": "background-1",
        "full_width": true,
        "padding_top": 40,
        "padding_bottom": 20,
        "css_class": "",
        "custom_css": "",
        "custom_css_mobile": ""
      }
    },
    "40e45ce9-4048-4e7f-b239-1b6541a38fcd": {
      "type": "video",
      "settings": {
        "heading": "",
        "heading_size": "h1",
        "heading_color": "color-scheme",
        "cover_image": "shopify:\/\/shop_images\/Screen_Shot_2023-10-10_at_4.57.15_PM.png",
        "video_url_metafield": "",
        "video_url": "https:\/\/vimeo.com\/873091449?share=copy",
        "description": "Help Doctor, My Sex Drive Has No Pulse!",
        "transcript": "",
        "full_width": false,
        "color_scheme": "background-1",
        "padding_top": 36,
        "padding_bottom": 36,
        "css_class": "",
        "custom_css": "",
        "custom_css_mobile": ""
      }
    },
    "1c1e38b0-0f59-40a1-b37a-a1f842208e79": {
      "type": "rich-text",
      "blocks": {
        "template--14598429605943__1c1e38b0-0f59-40a1-b37a-a1f842208e79-button-1": {
          "type": "button",
          "settings": {
            "button_label": "JOIN SEXUAL CPR NOW",
            "button_link": "https:\/\/www.sexualcpr.com\/",
            "button_style_secondary": false,
            "button_alignment": "center",
            "button_color": "color-scheme",
            "css_class": ""
          }
        }
      },
      "block_order": [
        "template--14598429605943__1c1e38b0-0f59-40a1-b37a-a1f842208e79-button-1"
      ],
      "settings": {
        "anchor_id": "",
        "color_scheme": "background-1",
        "full_width": true,
        "padding_top": 40,
        "padding_bottom": 52,
        "css_class": "",
        "custom_css": "",
        "custom_css_mobile": ""
      }
    }
  },
  "order": [
    "main",
    "16458011004aaa609d",
    "40e45ce9-4048-4e7f-b239-1b6541a38fcd",
    "1c1e38b0-0f59-40a1-b37a-a1f842208e79"
  ]
}
