{
  "sections": {
    "main": {
      "type": "main-page",
      "disabled": true,
      "settings": {
        "display_title": false,
        "color_scheme": "background-1",
        "padding_top": 28,
        "padding_bottom": 28,
        "css_class": "center",
        "custom_css": "",
        "custom_css_mobile": ""
      }
    },
    "16458011004aaa609d": {
      "type": "rich-text",
      "blocks": {
        "16458011000d532d59-0": {
          "type": "heading",
          "settings": {
            "heading": "15 Super Tasty \"Keto-Green\" Recipes",
            "heading_size": "h1",
            "heading_alignment": "center",
            "heading_color": "accent-4",
            "css_class": "",
            "heading_divider": false
          }
        },
        "16458011000d532d59-1": {
          "type": "text",
          "settings": {
            "text": "<p>(So yummy your family will want to join you!!)<\/p>",
            "text_alignment": "center",
            "text_size": "h4",
            "css_class": ""
          }
        }
      },
      "block_order": [
        "16458011000d532d59-0",
        "16458011000d532d59-1"
      ],
      "settings": {
        "anchor_id": "",
        "color_scheme": "background-1",
        "full_width": true,
        "padding_top": 40,
        "padding_bottom": 20,
        "css_class": "",
        "custom_css": "",
        "custom_css_mobile": ""
      }
    },
    "1663082416842d7182": {
      "type": "multicolumn",
      "blocks": {
        "16630824169ca180ab-0": {
          "type": "column",
          "settings": {
            "image": "shopify:\/\/shop_images\/recipe-ebook.jpg",
            "title": "",
            "heading_color": "color-scheme",
            "text": "",
            "link_label": "",
            "link": "",
            "button_color": "color-scheme",
            "css_class": ""
          }
        },
        "4c73b80a-2baa-4aa2-9d98-52e219653e09": {
          "type": "custom_liquid",
          "settings": {
            "custom_liquid": "<h3>Keto-Green Recipe E-Book<\/h3>\n\n<p>What's Keto-Green™, you ask?<\/p><ul><li>Like the \"regular\" keto diet... but better for women over 40<\/li><li>​​The \"green\" upgrade adds foods that support female hormone balance<\/li><li>It's more delicious than \"regular\" keto, too! <\/li><\/ul>\n<p style=\"padding-top:15px;\">Where should I send your Recipe E-Book?<\/p>\n\n<div class=\"klaviyo-form-TsdKEv\" data-name=\"KetoGreen16 Recipe Optin\"><\/div>",
            "css_class": "optin"
          }
        }
      },
      "block_order": [
        "16630824169ca180ab-0",
        "4c73b80a-2baa-4aa2-9d98-52e219653e09"
      ],
      "settings": {
        "anchor_id": "optin",
        "title": "",
        "text": "",
        "heading_size": "h1",
        "heading_color": "color-scheme",
        "text_size": "p",
        "column_heading_size": "h3",
        "column_text_size": "p",
        "image_width": "full",
        "image_ratio": "adapt",
        "columns_desktop": 2,
        "column_alignment": "left",
        "column_link_type": "button",
        "background_style": "none",
        "button_label": "",
        "button_link": "",
        "button_color": "color-scheme",
        "color_scheme": "background-1",
        "columns_mobile": "1",
        "swipe_on_mobile": false,
        "padding_top": 36,
        "padding_bottom": 24,
        "css_class": "",
        "custom_css": ".optin h3 {\ncolor:#00989b;\npadding-bottom: 5px;\n}\n\n.optin p {\nfont-size: 24px;\n}\n\n.optin ul li {\npadding-top: 10px;\n}",
        "custom_css_mobile": ""
      }
    },
    "1664287003109f4b4b": {
      "type": "media-logos",
      "settings": {
        "color_scheme": "background-1",
        "display_borders": false,
        "display_text": true,
        "svg_color": "foreground",
        "padding_top": 36,
        "padding_bottom": 36,
        "css_class": "",
        "custom_css": "",
        "custom_css_mobile": ""
      }
    },
    "1664287051fcbf624d": {
      "type": "multicolumn",
      "blocks": {
        "166428705103bf721b-0": {
          "type": "column",
          "settings": {
            "image": "shopify:\/\/shop_images\/ovenbraisedspareribs_df213ba8-4a46-40c2-b253-8642ef242b70.jpg",
            "title": "Garlic Ginger Spare Ribs",
            "heading_color": "color-scheme",
            "text": "",
            "link_label": "",
            "link": "",
            "button_color": "color-scheme",
            "css_class": ""
          }
        },
        "166428705103bf721b-1": {
          "type": "column",
          "settings": {
            "image": "shopify:\/\/shop_images\/cilantrolimesalmonstuffedavocados-10day.jpg",
            "title": "Cilantro Lime Salmon Stuffed Avocados",
            "heading_color": "color-scheme",
            "text": "",
            "link_label": "",
            "link": "",
            "button_color": "color-scheme",
            "css_class": ""
          }
        },
        "166428705103bf721b-2": {
          "type": "column",
          "settings": {
            "image": "shopify:\/\/shop_images\/chickenwingswithbuffalosauce_8402d26f-6332-4070-8ee9-1bf61776a23e.jpg",
            "title": "Chicken Wings with Buffalo Sauce",
            "heading_color": "color-scheme",
            "text": "",
            "link_label": "",
            "link": "",
            "button_color": "color-scheme",
            "css_class": ""
          }
        },
        "7de93ff4-3afb-41c7-9d68-936743b740e0": {
          "type": "column",
          "settings": {
            "image": "shopify:\/\/shop_images\/lettucetacos_cacb164e-14d4-4287-81a8-4967a5123fff.jpg",
            "title": "Lettuce Tacos",
            "heading_color": "color-scheme",
            "text": "",
            "link_label": "",
            "link": "",
            "button_color": "color-scheme",
            "css_class": ""
          }
        },
        "8c1eefdc-c64f-452f-ac31-86d3fb7079ed": {
          "type": "column",
          "settings": {
            "image": "shopify:\/\/shop_images\/spinachandonionfrittata-10day_9c98ee00-b3f4-40b8-a3e7-42fe6c08a89e.jpg",
            "title": "Spinach and Onion Frittata",
            "heading_color": "color-scheme",
            "text": "",
            "link_label": "",
            "link": "",
            "button_color": "color-scheme",
            "css_class": ""
          }
        },
        "b0ea0f37-af3c-4478-8dea-b17088e998f2": {
          "type": "column",
          "settings": {
            "image": "shopify:\/\/shop_images\/ketococonutyogurtbreakfastbowls2.jpg",
            "title": "Keto-coconut Yogurt Berry Bowl",
            "heading_color": "color-scheme",
            "text": "",
            "link_label": "",
            "link": "",
            "button_color": "color-scheme",
            "css_class": ""
          }
        }
      },
      "block_order": [
        "166428705103bf721b-0",
        "166428705103bf721b-1",
        "166428705103bf721b-2",
        "7de93ff4-3afb-41c7-9d68-936743b740e0",
        "8c1eefdc-c64f-452f-ac31-86d3fb7079ed",
        "b0ea0f37-af3c-4478-8dea-b17088e998f2"
      ],
      "settings": {
        "anchor_id": "",
        "title": "Here are just a few of the hearty, filling meals I'm going to send you the recipes for...",
        "text": "",
        "heading_size": "h2",
        "heading_color": "accent-4",
        "text_size": "p",
        "column_heading_size": "h4",
        "column_text_size": "p",
        "image_width": "full",
        "image_ratio": "circle",
        "columns_desktop": 3,
        "column_alignment": "center",
        "column_link_type": "button",
        "background_style": "none",
        "button_label": "",
        "button_link": "",
        "button_color": "color-scheme",
        "color_scheme": "background-1",
        "columns_mobile": "1",
        "swipe_on_mobile": false,
        "padding_top": 36,
        "padding_bottom": 36,
        "css_class": "",
        "custom_css": "",
        "custom_css_mobile": ""
      }
    },
    "1664287378decec1ee": {
      "type": "multicolumn",
      "blocks": {
        "1664287378e304856f-0": {
          "type": "column",
          "settings": {
            "image": "shopify:\/\/shop_images\/dr-anna-cabeca_dd97eb47-09be-4b30-9d71-d5718287a4f8.jpg",
            "title": "",
            "heading_color": "color-scheme",
            "text": "",
            "link_label": "",
            "link": "",
            "button_color": "color-scheme",
            "css_class": ""
          }
        },
        "1664287378e304856f-1": {
          "type": "column",
          "settings": {
            "title": "",
            "heading_color": "color-scheme",
            "text": "<p>Hello my name is <strong>Dr. Anna Cabeca<\/strong>. <\/p><p>Over the past <strong>20 years <\/strong>I've served <strong>10,000+ women <\/strong>in my private practice as an OBGYN — and <strong>millions more <\/strong>through my books, online videos and articles. <\/p><p>When menopause caused me to gain 20 pounds (almost overnight!) I turned to the keto diet for help. It was great at first... but I couldn't stand all <strong>the awful side effects <\/strong>that came with staying in ketosis long-term. <\/p>",
            "link_label": "",
            "link": "",
            "button_color": "color-scheme",
            "css_class": ""
          }
        },
        "7030c1b3-cfd0-4525-adcc-f2ef41f670fa": {
          "type": "column",
          "settings": {
            "title": "",
            "heading_color": "color-scheme",
            "text": "<p>After several years of research, I've figured out the \"green\" tweak that makes the keto diet <strong>safer, easier and more effective <\/strong>for women over 40.<\/p><p>Now I've compiled 15 super tasty recipes so you can give my Keto-Green diet a try for a few days. <\/p><p>I just know you're going to love these meals and how they make you feel when you eat them!<\/p>",
            "link_label": "Get the Recipes!",
            "link": "#optin",
            "button_color": "accent-4",
            "css_class": ""
          }
        },
        "fce9c734-5a2b-41f8-a898-c91ada035f10": {
          "type": "column",
          "settings": {
            "image": "shopify:\/\/shop_images\/recipe-ebook.jpg",
            "title": "",
            "heading_color": "color-scheme",
            "text": "",
            "link_label": "",
            "link": "",
            "button_color": "color-scheme",
            "css_class": ""
          }
        }
      },
      "block_order": [
        "1664287378e304856f-0",
        "1664287378e304856f-1",
        "7030c1b3-cfd0-4525-adcc-f2ef41f670fa",
        "fce9c734-5a2b-41f8-a898-c91ada035f10"
      ],
      "settings": {
        "anchor_id": "",
        "title": "I've modified the traditional keto diet to make it safer, easier, and more effective for women over 40!",
        "text": "",
        "heading_size": "h1",
        "heading_color": "foreground",
        "text_size": "p",
        "column_heading_size": "h3",
        "column_text_size": "p",
        "image_width": "full",
        "image_ratio": "adapt",
        "columns_desktop": 2,
        "column_alignment": "left",
        "column_link_type": "button",
        "background_style": "none",
        "button_label": "",
        "button_link": "",
        "button_color": "color-scheme",
        "color_scheme": "background-1",
        "columns_mobile": "1",
        "swipe_on_mobile": false,
        "padding_top": 36,
        "padding_bottom": 36,
        "css_class": "",
        "custom_css": "p{line-height:2em; padding-bottom:25px; font-size:22px;}",
        "custom_css_mobile": ""
      }
    }
  },
  "order": [
    "main",
    "16458011004aaa609d",
    "1663082416842d7182",
    "1664287003109f4b4b",
    "1664287051fcbf624d",
    "1664287378decec1ee"
  ]
}
