{
  "layout": "theme-offer-page",
  "sections": {
    "main": {
      "type": "main-page",
      "disabled": true,
      "settings": {
        "display_title": true,
        "color_scheme": "background-1",
        "padding_top": 28,
        "padding_bottom": 28,
        "css_class": "",
        "custom_css": "",
        "custom_css_mobile": ""
      }
    },
    "16462238058b508f23": {
      "type": "header-offer-page",
      "blocks": {
        "2d234c6a-ad15-4b01-b895-79b7c0f04cdf": {
          "type": "custom_colors",
          "settings": {
            "colors_solid_button_labels": "",
            "colors_accent_1": "rgba(0,0,0,0)",
            "gradient_accent_1": "",
            "colors_accent_2": "rgba(0,0,0,0)",
            "gradient_accent_2": "",
            "colors_accent_3": "rgba(0,0,0,0)",
            "colors_accent_4": "#ff8f19",
            "colors_text": "",
            "colors_outline_button_labels": "",
            "colors_background_1": "",
            "gradient_background_1": "",
            "colors_background_2": "rgba(0,0,0,0)",
            "gradient_background_2": ""
          }
        }
      },
      "block_order": [
        "2d234c6a-ad15-4b01-b895-79b7c0f04cdf"
      ],
      "settings": {
        "color_scheme": "background-1",
        "display_logo": true,
        "enable_logo_link": false,
        "logo_color": "gold",
        "show_line_separator": false,
        "enable_sticky_header": true,
        "margin_bottom": 0,
        "css_class": "",
        "custom_css": "@font-face {\n  font-family: 'Larsseit';\n  src: url(https:\/\/d2saw6je89goi1.cloudfront.net\/uploads\/digital_asset\/file\/962385\/Type_Dynamic_-_Larsseit_Regular.otf);\n  font-weight: normal;\n  font-style: normal;\n}\n@font-face {\n  font-family: 'Larsseit-Bold';\n  src: url(https:\/\/d2saw6je89goi1.cloudfront.net\/uploads\/digital_asset\/file\/962384\/Type_Dynamic_-_Larsseit_Bold.otf) format('truetype');\n  font-weight: var(--font-body-weight-bold);\n  font-style: normal;\n}\n@font-face {\n  font-family: 'Larsseit-Thin';\n  src: url(https:\/\/d2saw6je89goi1.cloudfront.net\/uploads\/digital_asset\/file\/962386\/Type_Dynamic_-_Larsseit_Thin.otf) format('truetype');\n  font-weight: lighter;\n  font-style: normal;\n}\n\n@font-face {\n  font-family: 'Larsseit-Light';\n  src: url(https:\/\/d2saw6je89goi1.cloudfront.net\/uploads\/digital_asset\/file\/965155\/Larsseit-Light.ttf) format('truetype');\n  font-weight: lighter;\n  font-style: normal;\n}\n\nbody {\n  font-family: 'Larsseit-Light', serif !important;\n}",
        "custom_css_mobile": ""
      }
    },
    "ead0128c-9a3b-494e-a9bc-6e0a8509418a": {
      "type": "rich-text",
      "blocks": {
        "template--14588118433847__ead0128c-9a3b-494e-a9bc-6e0a8509418a-heading-1": {
          "type": "heading",
          "settings": {
            "heading": "Congratulations!!",
            "heading_size": "h1",
            "heading_alignment": "left",
            "heading_color": "accent-1",
            "css_class": "",
            "heading_divider": false
          }
        },
        "template--14588118433847__ead0128c-9a3b-494e-a9bc-6e0a8509418a-text-1": {
          "type": "text",
          "settings": {
            "text": "<p>Congrats on taking action and investing in yourself! <\/p><p>You're on the road to discovery that is going to improve the rest of your life - and not just your body - but your <strong>mind and your relationships<\/strong>. <\/p><p>Over the years I've had the privilege of seeing thousands of women dramatically change their lives with the information found in <em>The Hormone Fix<\/em>. <\/p><p>I can confidently promise you that by following my instructions you will <strong>look, feel, and think <\/strong>better than you have in years.  <\/p><p>I am thrilled to be part of your journey and your success. I encourage you to read the book (over and over again) and share it with your doctors as well. <\/p><p>Wishing You a Vida Pura,<\/p><p>&lt;img src=\"https:\/\/cdn.shopify.com\/s\/files\/1\/0524\/5661\/files\/TGFD_Hearts_Hormones_dr.anna_signature.png?v=1643908894\" width=\"25%\"&gt;<br\/>Anna Cabeca, DO, FACOG, ABOIM<\/p><p><strong>PS Don't forget to access your instant bonuses below...<\/strong><\/p>",
            "text_alignment": "left",
            "text_size": "p",
            "css_class": ""
          }
        }
      },
      "block_order": [
        "template--14588118433847__ead0128c-9a3b-494e-a9bc-6e0a8509418a-heading-1",
        "template--14588118433847__ead0128c-9a3b-494e-a9bc-6e0a8509418a-text-1"
      ],
      "settings": {
        "anchor_id": "",
        "color_scheme": "background-1",
        "full_width": true,
        "padding_top": 40,
        "padding_bottom": 52,
        "css_class": "",
        "custom_css": "",
        "custom_css_mobile": ""
      }
    },
    "3141d265-f550-42db-ac42-b492d3c876f0": {
      "type": "video",
      "settings": {
        "heading": "It's Not Your Husband... It's Your Hormones!",
        "heading_size": "h2",
        "heading_color": "foreground",
        "cover_image": "shopify:\/\/shop_images\/Screen_Shot_2023-10-06_at_9.57.10_AM.png",
        "video_url_metafield": "",
        "video_url": "https:\/\/player.vimeo.com\/video\/307739565",
        "description": "",
        "transcript": "",
        "full_width": false,
        "color_scheme": "background-1",
        "padding_top": 36,
        "padding_bottom": 36,
        "css_class": "",
        "custom_css": "",
        "custom_css_mobile": ""
      }
    },
    "69e28cb1-65f5-4159-8ed8-d2745508a1e8": {
      "type": "video",
      "settings": {
        "heading": "Mighty Maca Morning Elixir!",
        "heading_size": "h2",
        "heading_color": "foreground",
        "cover_image": "shopify:\/\/shop_images\/Screen_Shot_2023-10-06_at_10.00.54_AM.png",
        "video_url_metafield": "",
        "video_url": "https:\/\/player.vimeo.com\/video\/307536133",
        "description": "",
        "transcript": "",
        "full_width": false,
        "color_scheme": "background-1",
        "padding_top": 36,
        "padding_bottom": 36,
        "css_class": "",
        "custom_css": "",
        "custom_css_mobile": ""
      }
    },
    "ee81ea0e-f3a9-4e68-bc1e-95f90fe34a6d": {
      "type": "video",
      "settings": {
        "heading": "How to Make a Keto-Green Plate",
        "heading_size": "h2",
        "heading_color": "foreground",
        "cover_image": "shopify:\/\/shop_images\/Screen_Shot_2023-10-06_at_10.04.21_AM.png",
        "video_url_metafield": "",
        "video_url": "https:\/\/player.vimeo.com\/video\/307534524",
        "description": "",
        "transcript": "",
        "full_width": false,
        "color_scheme": "background-1",
        "padding_top": 36,
        "padding_bottom": 36,
        "css_class": "",
        "custom_css": "",
        "custom_css_mobile": ""
      }
    },
    "1661450495f0dc6c7b": {
      "type": "multicolumn",
      "blocks": {
        "1661450495b789ea23-0": {
          "type": "column",
          "settings": {
            "image": "shopify:\/\/shop_images\/onthego_4c24b5e8-4d43-466e-b1ca-c8134d57c6ea.png",
            "title": "Staying Keto-Green on the Go",
            "heading_color": "foreground",
            "text": "",
            "link_label": "DOWNLOAD",
            "link": "https:\/\/cdn.shopify.com\/s\/files\/1\/0524\/5661\/files\/Staying-Keto-Green-On-the-Go.pdf",
            "button_color": "accent-4",
            "css_class": ""
          }
        },
        "1661450495b789ea23-1": {
          "type": "column",
          "settings": {
            "image": "shopify:\/\/shop_images\/recipe-cards_226fec42-a01f-41f9-97d0-6616fb0efecf.png",
            "title": "Keto-Green Recipe Cards",
            "heading_color": "foreground",
            "text": "",
            "link_label": "DOWNLOAD",
            "link": "https:\/\/drive.google.com\/file\/d\/1UGWUfzotx0TBInFX56-ExRXAIczCAZJX\/view?usp=sharing",
            "button_color": "accent-4",
            "css_class": ""
          }
        },
        "4a025274-c8c5-45b2-927b-8894411cca9f": {
          "type": "column",
          "settings": {
            "image": "shopify:\/\/shop_images\/thrivee_4748f0e3-67eb-4fc0-b013-5426b1553826.png",
            "title": "Thrive Market 25% Off Coupon",
            "heading_color": "foreground",
            "text": "",
            "link_label": "USE COUPON",
            "link": "https:\/\/ThriveMarket.com\/TheHormoneFix",
            "button_color": "accent-4",
            "css_class": ""
          }
        },
        "aabc25ea-9600-4f3f-98f0-c9cdecbca353": {
          "type": "column",
          "settings": {
            "image": "shopify:\/\/shop_images\/seed_rotation.png",
            "title": "SEED ROTATION STARTER KIT for Hormone Balance",
            "heading_color": "foreground",
            "text": "",
            "link_label": "DOWNLOAD",
            "link": "https:\/\/hormonesbalance.com\/wp-content\/uploads\/2020\/10\/Seed-Rotation-eBook-StarterKit-1.pdf?utm_campaign=SK1%20%28SZg3dG%29&utm_medium=email&utm_source=AW-Seed%20Rotation%20Starter%20Kit&_ke=eyJrbF9jb21wYW55X2lkIjogIll2UFpHNCIsICJrbF9lbWFpbCI6ICJjb3VydG5leSsyQGhvcm1vbmVzYmFsYW5jZS5jb20ifQ%3D%3D",
            "button_color": "accent-4",
            "css_class": ""
          }
        },
        "abf4f6e5-4671-40ce-86af-4741bc45aac4": {
          "type": "column",
          "settings": {
            "image": "shopify:\/\/shop_images\/keto-greenn.png",
            "title": "",
            "heading_color": "color-scheme",
            "text": "",
            "link_label": "JOIN GROUP",
            "link": "https:\/\/www.facebook.com\/groups\/ketogreen\/",
            "button_color": "accent-4",
            "css_class": ""
          }
        },
        "a3158207-f9f4-48d9-a392-ec8694deab6b": {
          "type": "column",
          "settings": {
            "image": "shopify:\/\/shop_images\/olive-oil_622a1c58-2e6c-44f3-bd5a-406c80465992.png",
            "title": "$39 Artisanal Olive Oil for Just $1",
            "heading_color": "foreground",
            "text": "",
            "link_label": "LEARN MORE",
            "link": "https:\/\/www.freshpressedoliveoil.com\/c\/APDAC001_O_REF_MW_Q418\/tj",
            "button_color": "accent-4",
            "css_class": ""
          }
        },
        "1661450495b789ea23-2": {
          "type": "column",
          "settings": {
            "image": "shopify:\/\/shop_images\/notebook_5f780c46-1008-4f12-a830-e060e4881a4b.png",
            "title": "Chemistry Lab Panel by Ulta Labs",
            "heading_color": "foreground",
            "text": "<p>Use coupon code: <strong>ULTA46DD to save $20<\/strong><\/p>",
            "link_label": "LEARN MORE",
            "link": "https:\/\/bit.ly\/DrAnnaLP",
            "button_color": "accent-4",
            "css_class": ""
          }
        }
      },
      "block_order": [
        "1661450495b789ea23-0",
        "1661450495b789ea23-1",
        "4a025274-c8c5-45b2-927b-8894411cca9f",
        "aabc25ea-9600-4f3f-98f0-c9cdecbca353",
        "abf4f6e5-4671-40ce-86af-4741bc45aac4",
        "a3158207-f9f4-48d9-a392-ec8694deab6b",
        "1661450495b789ea23-2"
      ],
      "settings": {
        "anchor_id": "",
        "title": "",
        "text": "<p>Congrats on taking action and investing in yourself! <\/p><p>You're on the road to discovery that is going to improve the rest of your life - and not just your body - but your <strong>mind and your relationships<\/strong>. <\/p><p>Over the years I've had the privilege of seeing thousands of women dramatically change their lives with the information found in <em>The Hormone Fix<\/em>. <\/p><p>I can confidently promise you that by following my instructions you will <strong>look, feel, and think <\/strong>better than you have in years.  <\/p><p>I am thrilled to be part of your journey and your success. I encourage you to read the book (over and over again) and share it with your doctors as well. <\/p><p>Wishing You a Vida Pura,<\/p><p>&lt;img src=\"https:\/\/cdn.shopify.com\/s\/files\/1\/0524\/5661\/files\/TGFD_Hearts_Hormones_dr.anna_signature.png?v=1643908894\"&gt;<\/p><p>Anna Cabeca, DO, FACOG, ABOIM<\/p><p><strong>PS Don't forget to access your instant bonuses below...<\/strong><\/p>",
        "heading_size": "h1",
        "heading_color": "foreground",
        "text_size": "p",
        "column_heading_size": "h3",
        "column_text_size": "p",
        "image_width": "full",
        "image_ratio": "adapt",
        "columns_desktop": 3,
        "column_alignment": "left",
        "column_link_type": "button",
        "background_style": "none",
        "button_label": "",
        "button_link": "",
        "button_color": "color-scheme",
        "color_scheme": "background-1",
        "columns_mobile": "1",
        "swipe_on_mobile": false,
        "padding_top": 20,
        "padding_bottom": 36,
        "css_class": "",
        "custom_css": "strong{\ncolor:#9f2b68;\n}\nh2{\ncolor:#9f2b68;\npadding-bottom:20px;\n}\np{\nmargin-top:10px\n}\n.button{\nborder-radius:0px;\nwidth:100%;\npadding:0px 10px;\n}\nh3{\nfont-size:22px;\n}\nimg{\npadding-bottom:0px",
        "custom_css_mobile": ""
      }
    }
  },
  "order": [
    "main",
    "16462238058b508f23",
    "ead0128c-9a3b-494e-a9bc-6e0a8509418a",
    "3141d265-f550-42db-ac42-b492d3c876f0",
    "69e28cb1-65f5-4159-8ed8-d2745508a1e8",
    "ee81ea0e-f3a9-4e68-bc1e-95f90fe34a6d",
    "1661450495f0dc6c7b"
  ]
}
