{
  "sections": {
    "main": {
      "type": "main-page",
      "disabled": true,
      "settings": {
        "display_title": false,
        "color_scheme": "background-1",
        "padding_top": 0,
        "padding_bottom": 0,
        "css_class": "",
        "custom_css": "",
        "custom_css_mobile": ""
      }
    },
    "ae84152a-27d5-4374-becd-8f6d8a53c687": {
      "type": "rich-text",
      "blocks": {
        "template--14419538378807__ae84152a-27d5-4374-becd-8f6d8a53c687-1666031192d53697ae-0": {
          "type": "heading",
          "settings": {
            "heading": "The Daily Tracker Explained",
            "heading_size": "h1",
            "heading_alignment": "center",
            "heading_color": "color-scheme",
            "css_class": ""
          }
        },
        "template--14419538378807__ae84152a-27d5-4374-becd-8f6d8a53c687-1666031192d53697ae-1": {
          "type": "text",
          "settings": {
            "text": "<p><strong>Dr Anna Explains How To Fill Out The Daily Tracker ...<\/strong><\/p>",
            "text_alignment": "center",
            "text_size": "p",
            "css_class": ""
          }
        }
      },
      "block_order": [
        "template--14419538378807__ae84152a-27d5-4374-becd-8f6d8a53c687-1666031192d53697ae-0",
        "template--14419538378807__ae84152a-27d5-4374-becd-8f6d8a53c687-1666031192d53697ae-1"
      ],
      "settings": {
        "anchor_id": "",
        "color_scheme": "background-1",
        "full_width": true,
        "padding_top": 40,
        "padding_bottom": 52,
        "css_class": "",
        "custom_css": "",
        "custom_css_mobile": ""
      }
    },
    "7280db97-c5a0-4050-8d39-21e2c7bb67a1": {
      "type": "video",
      "settings": {
        "heading": "",
        "heading_size": "h1",
        "heading_color": "color-scheme",
        "cover_image": "shopify:\/\/shop_images\/Screen_Shot_2022-10-17_at_2.23.19_PM.png",
        "video_url_metafield": "",
        "video_url": "https:\/\/vimeo.com\/317121159",
        "description": "",
        "full_width": false,
        "color_scheme": "background-1",
        "padding_top": 36,
        "padding_bottom": 36,
        "css_class": "",
        "custom_css": "",
        "custom_css_mobile": ""
      }
    }
  },
  "order": [
    "main",
    "ae84152a-27d5-4374-becd-8f6d8a53c687",
    "7280db97-c5a0-4050-8d39-21e2c7bb67a1"
  ]
}