{"layout":"theme-offer-page","sections":{"1640097424c2f7eec2":{"type":"header-offer-page","blocks":{"64d5290e-0111-45f8-add9-b15e6899534a":{"type":"countdown_timer","settings":{"title":"Ends In:","end_date_time":"Dec 3, 2023 03:00:00 GMT-0500","first_countdown":true,"color_scheme":"background-1","padding_top":20,"padding_bottom":20,"css_class":""}}},"block_order":["64d5290e-0111-45f8-add9-b15e6899534a"],"settings":{"color_scheme":"accent-2","display_logo":true,"enable_logo_link":false,"logo_color":"gold","show_line_separator":false,"enable_sticky_header":true,"margin_bottom":0,"css_class":"","custom_css":"","custom_css_mobile":".header--offer-page {\n    grid-template-columns: 1fr auto .25fr;\n    column-gap: 1rem;\n}"}},"main":{"type":"main-page","disabled":true,"settings":{"display_title":true,"color_scheme":"background-1","padding_top":40,"padding_bottom":40,"css_class":"","custom_css":"","custom_css_mobile":""}},"16475248305a1a0206":{"type":"image-banner","settings":{"image":"shopify:\/\/shop_images\/CM-desk.png","mobile_image":"shopify:\/\/shop_images\/TGFD_CyberMonday_2023_LandingBannerSALE-01.jpg","link":"","image_overlay_opacity":0,"image_height":"medium","adapt_height_first_image":true,"desktop_content_position":"middle-center","show_text_box":true,"desktop_content_alignment":"center","color_scheme":"background-1","mobile_content_alignment":"center","stack_images_on_mobile":true,"show_text_below":true,"css_class":"","custom_css":"{ background: linear-gradient(90deg, var(--dac-color-awaken) 50%, var(--dac-color-embrace) 50%); }\n.banner { margin: 0 auto; max-width: 1600px; }","custom_css_mobile":""}},"aeb015ed-b8d2-4bcd-bfa2-37a938e4c56c":{"type":"multicolumn","blocks":{"5973fc0c-b193-4410-a59f-4521d5b5cf5b":{"type":"product_bundle","settings":{"image":"shopify:\/\/shop_images\/MagicMenopauseBundle_V1.png","title":"Magic Menopause","variants":"magic-menopause-course, MAGIC-COURSE\npura-d-cleanse-gi-sugar-and-stevia-free, KA-PROTEIN\nmighty-maca, MACA-CAN\ndr-anna-cabeca-keto-alkaline-weight-loss-solution-urinalysis-test-strips, KPH-URINE\njulva-lip-duo,JULVA-LIPDUO\ndr-anna-bag, DRANNA-BAG\nketo-green-shake-3-servings, KG-SHAKE-03\njulva-7-night-travel-pack, JULVA-TRAVEL\nmighty-maca-plus-trial-pack, MACA-TRIAL\ndr-anna-cabeca-16-oz-corkcircle-tumbler, CUP-TUMBLER","offer_name":"Magic Menopause Cyber Monday","price_features":"total","banner":"","text":"<p>Master Your Menopause Journey<\/p><p>&lt;a href=\"\/pages\/offers-magic-menopause\" class=\"button button--secondary\"&gt;Learn More&lt;\/a&gt;<\/p>","guarantee_length":"none","offer_inventory_policy":"deny","show_inventory":false,"inventory_label":"","coupon_discounts":"","layout":"recommended\ntitle\nimage\nprice\nsnippets\ninventory\nbuy_buttons\npayment_types","css_class":""}},"c29e1a92-6edd-44c2-bc2e-1e497a494036":{"type":"product_bundle","settings":{"title":"Sexual CPR","variants":"sexual-cpr, SEXUAL-CPR","offer_name":"Cyber Monday","price_features":"total","banner":"","text":"<p>Enhance Intimacy and Ignite Passion. Original live event was $497<\/p><p>&lt;a href=\"\/pages\/offers-sexualcpr\" class=\"button button--secondary\"&gt;Learn More&lt;\/a&gt;<\/p>","guarantee_length":"none","offer_inventory_policy":"deny","show_inventory":false,"inventory_label":"","coupon_discounts":"","layout":"recommended\ntitle\nimage\nprice\nsnippets\ninventory\nbuy_buttons\npayment_types","css_class":""}},"fe17fb6e-f1a8-439a-b9ae-9c701bc4cb97":{"type":"product_bundle","settings":{"title":"The Girlfriend Doctor Club","variants":"the-girlfriend-doctor-club-membership-monthly, CLUB-MONTHLY","offer_name":"Cyber Monday","price_features":"total","banner":"","text":"<p>Empowering Women to Thrive in Health and Happiness<\/p><p>&lt;a href=\"\/pages\/f-tgfd-club\" class=\"button button--secondary\"&gt;Learn More&lt;\/a&gt;<\/p>","guarantee_length":"none","offer_inventory_policy":"deny","show_inventory":false,"inventory_label":"","coupon_discounts":"","layout":"recommended\ntitle\nimage\nprice\nsnippets\ninventory\nbuy_buttons\npayment_types","css_class":"hidden"}},"9b4aee22-9267-4056-969a-ef4c44c231b2":{"type":"product_bundle","settings":{"image":"shopify:\/\/shop_images\/BreezeThruMenopause.png","title":"Breeze Through Menopause Gold","variants":"breeze-through-menopause-lifetime-access, BREEZE\nthe-hormone-fix, BOOK-FIX-PB\nketo-green-shake-16-servings, KG-SHAKE-16\nmighty-maca-plus-16-servings, MACA-16\ndr-anna-cabeca-keto-alkaline-weight-loss-solution-urinalysis-test-strips, KPH-URINE\njulva-7-night-travel-pack, JULVA-TRAVEL","offer_name":"Breeze through Menopause Cyber Monday","price_features":"total","banner":"","text":"<p>Empowering Women Through Menopause<\/p><p>&lt;a href=\"\/pages\/breeze-lta\" class=\"button button--secondary\"&gt;Learn More&lt;\/a&gt;<\/p>","guarantee_length":"none","offer_inventory_policy":"deny","show_inventory":false,"inventory_label":"","coupon_discounts":"","layout":"recommended\ntitle\nimage\nprice\nsnippets\ninventory\nbuy_buttons\npayment_types","css_class":""}},"89747e69-d765-40c4-bb71-cd8a7fe4e970":{"type":"product_bundle","settings":{"title":"Oxyplay","variants":"oxyplay-masterclass, OXYPLAY-COURSE","offer_name":"Cyber Monday","price_features":"total","banner":"","text":"<p>Revitalize Your Intimacy, Strengthen Your Connections<\/p><p>&lt;a href=\"\/pages\/oxyplay-masterclass\" class=\"button button--secondary\"&gt;Learn More&lt;\/a&gt;<\/p>","guarantee_length":"none","offer_inventory_policy":"deny","show_inventory":false,"inventory_label":"","coupon_discounts":"","layout":"recommended\ntitle\nimage\nprice\nsnippets\ninventory\nbuy_buttons\npayment_types","css_class":""}},"6c805bf4-352a-4a44-a948-ac7250037da2":{"type":"custom_liquid","settings":{"custom_liquid":"<script>\n  \/\/ Add a selling plan\n  var dacSellingPlan = document.createElement('input');\n  dacSellingPlan.type = 'hidden';\n  dacSellingPlan.name = 'selling_plan';\n  dacSellingPlan.value = '470679607';\n  document.getElementById('product-form-fe17fb6e-f1a8-439a-b9ae-9c701bc4cb97').appendChild(dacSellingPlan);\n  document.getElementById('Slide-template--14554233995319__aeb015ed-b8d2-4bcd-bfa2-37a938e4c56c-3').classList.remove('hidden');\n<\/script>","css_class":"hidden"}}},"block_order":["5973fc0c-b193-4410-a59f-4521d5b5cf5b","c29e1a92-6edd-44c2-bc2e-1e497a494036","fe17fb6e-f1a8-439a-b9ae-9c701bc4cb97","9b4aee22-9267-4056-969a-ef4c44c231b2","89747e69-d765-40c4-bb71-cd8a7fe4e970","6c805bf4-352a-4a44-a948-ac7250037da2"],"custom_css":[".offer-snippet:has(.button) {padding: 0;}",".offer-snippet .button {position: relative; width: calc(100% + 20px); left: -10px; margin-bottom: 0;}"],"settings":{"anchor_id":"","title":"Save 50% on Courses","text":"","heading_size":"h1","heading_color":"color-scheme","text_size":"p","column_heading_size":"h3","column_text_size":"p","image_width":"full","image_ratio":"adapt","columns_desktop":3,"column_alignment":"center","column_link_type":"button","background_style":"none","button_label":"","button_link":"","button_color":"color-scheme","color_scheme":"background-1","columns_mobile":"1","swipe_on_mobile":false,"padding_top":36,"padding_bottom":36,"css_class":"","custom_css":".pricing .standout { display: none; }\n.product__title {\n    min-height: 60px;}\n.payment-types { display: none; }","custom_css_mobile":""}},"8c919c49-ce80-4819-9252-82b776e21adb":{"type":"multicolumn","blocks":{"template--14554234388535__8c919c49-ce80-4819-9252-82b776e21adb-column-1":{"type":"column","settings":{"image":"shopify:\/\/shop_images\/TGFD_BlackFriday_LandingPage_2023-16.jpg","title":"","heading_color":"color-scheme","text":"","link_label":"","link":"","button_color":"color-scheme","css_class":""}},"9c563138-496d-4378-bfa0-d88e82d9b8e3":{"type":"column","settings":{"image":"shopify:\/\/shop_images\/TGFD_BlackFriday_LandingPage_2023-14.jpg","title":"","heading_color":"color-scheme","text":"","link_label":"","link":"","button_color":"color-scheme","css_class":""}}},"block_order":["template--14554234388535__8c919c49-ce80-4819-9252-82b776e21adb-column-1","9c563138-496d-4378-bfa0-d88e82d9b8e3"],"custom_css":[".grid {column-gap: 0;}"],"settings":{"anchor_id":"","title":"","text":"","heading_size":"h1","heading_color":"color-scheme","text_size":"p","column_heading_size":"h3","column_text_size":"p","image_width":"full","image_ratio":"adapt","columns_desktop":5,"column_alignment":"center","column_link_type":"button","background_style":"none","button_label":"","button_link":"","button_color":"color-scheme","color_scheme":"background-1","columns_mobile":"2","swipe_on_mobile":false,"padding_top":0,"padding_bottom":0,"css_class":"","custom_css":"","custom_css_mobile":""}},"780642fb-5c81-49a4-b3f0-db92af7c7453":{"type":"rich-text","blocks":{"template--14554233995319__780642fb-5c81-49a4-b3f0-db92af7c7453-heading-1":{"type":"heading","settings":{"heading":"Save 20% on Products","heading_size":"h1","heading_alignment":"center","heading_color":"color-scheme","css_class":"","heading_divider":false}}},"block_order":["template--14554233995319__780642fb-5c81-49a4-b3f0-db92af7c7453-heading-1"],"settings":{"anchor_id":"","color_scheme":"background-1","full_width":true,"padding_top":56,"padding_bottom":28,"css_class":"","custom_css":"","custom_css_mobile":""}},"4c343672-3501-43b1-bd8c-c1f2da2477b2":{"type":"offer-boxes-collection","settings":{"collection":"black-friday","anchor_id":"buy","exclude_variant_titles":"2-Pack, 3-Pack, 4-Pack, 6-Pack","price_features":"total","guarantee_length":"none","layout":"title\nimage\nsave_sticker\nprice\nsnippets\ninventory\nbuy_buttons\npayment_types","button_label":"Add to Cart","show_inventory":false,"inventory_label":"","offer_name":"Cyber Monday","color_scheme":"background-1","start_at_product":1,"end_at_product":17,"padding_top":36,"padding_bottom":36,"css_class":"","custom_css":".pricing .standout { display: none; }\n.product__title {\n    min-height: 60px;}\n.payment-types { display: none; }","custom_css_mobile":""}},"66644cec-6ec4-4886-bb7f-4c459d5e3a18":{"type":"multicolumn","blocks":{"bc6c5244-e5a8-40b9-8863-bfeda06bca33":{"type":"column","settings":{"image":"shopify:\/\/shop_images\/TGFD_BlackFriday_LandingPage_2023-16.jpg","title":"","heading_color":"color-scheme","text":"","link_label":"","link":"","button_color":"color-scheme","css_class":""}},"0e512421-de8e-4866-a137-84d76f54292f":{"type":"column","settings":{"image":"shopify:\/\/shop_images\/TGFD_BlackFriday_LandingPage_2023-14.jpg","title":"","heading_color":"color-scheme","text":"","link_label":"","link":"","button_color":"color-scheme","css_class":""}}},"block_order":["bc6c5244-e5a8-40b9-8863-bfeda06bca33","0e512421-de8e-4866-a137-84d76f54292f"],"settings":{"anchor_id":"","title":"","text":"","heading_size":"h1","heading_color":"color-scheme","text_size":"p","column_heading_size":"h3","column_text_size":"p","image_width":"full","image_ratio":"adapt","columns_desktop":5,"column_alignment":"center","column_link_type":"button","background_style":"none","button_label":"","button_link":"","button_color":"color-scheme","color_scheme":"background-1","columns_mobile":"2","swipe_on_mobile":false,"padding_top":0,"padding_bottom":0,"css_class":"","custom_css":"","custom_css_mobile":""}},"b749a68b-7f6e-4117-8b0f-983e3ce45bf0":{"type":"offer-boxes-collection","settings":{"collection":"black-friday","anchor_id":"buy","exclude_variant_titles":"2-Pack, 3-Pack, 4-Pack, 6-Pack","price_features":"total","guarantee_length":"none","layout":"title\nimage\nsave_sticker\nprice\nsnippets\ninventory\nbuy_buttons\npayment_types","button_label":"Add to Cart","show_inventory":false,"inventory_label":"","offer_name":"Cyber Monday","color_scheme":"background-1","start_at_product":18,"end_at_product":100,"padding_top":36,"padding_bottom":36,"css_class":"","custom_css":".pricing .standout { display: none; }\n.product__title {\n    min-height: 60px;}\n.payment-types { display: none; }","custom_css_mobile":""}},"0a12cedb-4e14-445d-bbe4-d63e26b407ea":{"type":"multicolumn","blocks":{"b7ec1dfc-cc1a-4eb2-91d9-5bcc4e08fc10":{"type":"column","settings":{"image":"shopify:\/\/shop_images\/TGFD_BlackFriday_LandingPage_2023-16.jpg","title":"","heading_color":"color-scheme","text":"","link_label":"","link":"","button_color":"color-scheme","css_class":""}},"fd36e220-b1e3-4ae9-acf7-6678986cdb33":{"type":"column","settings":{"image":"shopify:\/\/shop_images\/TGFD_BlackFriday_LandingPage_2023-14.jpg","title":"","heading_color":"color-scheme","text":"","link_label":"","link":"","button_color":"color-scheme","css_class":""}}},"block_order":["b7ec1dfc-cc1a-4eb2-91d9-5bcc4e08fc10","fd36e220-b1e3-4ae9-acf7-6678986cdb33"],"settings":{"anchor_id":"","title":"","text":"","heading_size":"h1","heading_color":"color-scheme","text_size":"p","column_heading_size":"h3","column_text_size":"p","image_width":"full","image_ratio":"adapt","columns_desktop":5,"column_alignment":"center","column_link_type":"button","background_style":"none","button_label":"","button_link":"","button_color":"color-scheme","color_scheme":"background-1","columns_mobile":"2","swipe_on_mobile":false,"padding_top":0,"padding_bottom":0,"css_class":"","custom_css":"","custom_css_mobile":""}},"e64bd810-709f-4f2b-bc8d-b58eea5586a5":{"type":"custom-liquid","settings":{"anchor_id":"","custom_liquid":"<script>var shortentitle = document.getElementById(\"Slide-template--14554233995319__4c343672-3501-43b1-bd8c-c1f2da2477b2-39992105074743\").querySelector(\"h3\");\n\n  shortentitle.textContent = shortentitle.textContent.replace(\"Keto Urine\", \"Urine\").replace(\"Urine Test Strips\", \"Urine Strips\");\n\n\n<\/script>","color_scheme":"background-1","padding_top":40,"padding_bottom":52,"css_class":"hidden","custom_css":"","custom_css_mobile":""}}},"order":["1640097424c2f7eec2","main","16475248305a1a0206","aeb015ed-b8d2-4bcd-bfa2-37a938e4c56c","8c919c49-ce80-4819-9252-82b776e21adb","780642fb-5c81-49a4-b3f0-db92af7c7453","4c343672-3501-43b1-bd8c-c1f2da2477b2","66644cec-6ec4-4886-bb7f-4c459d5e3a18","b749a68b-7f6e-4117-8b0f-983e3ce45bf0","0a12cedb-4e14-445d-bbe4-d63e26b407ea","e64bd810-709f-4f2b-bc8d-b58eea5586a5"]}