{
  "layout": "theme-offer-page",
  "sections": {
    "main": {
      "type": "main-page",
      "disabled": true,
      "settings": {
        "display_title": false,
        "color_scheme": "background-1",
        "padding_top": 28,
        "padding_bottom": 28,
        "css_class": "center",
        "custom_css": "",
        "custom_css_mobile": ""
      }
    },
    "06f4d6c5-8955-4e99-8936-dc96296ef92d": {
      "type": "header-offer-page",
      "blocks": {
        "e14f5aa4-afa0-46b3-a2ed-b404c002ac28": {
          "type": "custom_colors",
          "settings": {
            "colors_solid_button_labels": "",
            "colors_accent_1": "",
            "gradient_accent_1": "",
            "colors_accent_2": "#321748",
            "gradient_accent_2": "",
            "colors_accent_3": "rgba(0,0,0,0)",
            "colors_accent_4": "",
            "colors_text": "",
            "colors_outline_button_labels": "",
            "colors_background_1": "rgba(0,0,0,0)",
            "gradient_background_1": "",
            "colors_background_2": "",
            "gradient_background_2": ""
          }
        }
      },
      "block_order": [
        "e14f5aa4-afa0-46b3-a2ed-b404c002ac28"
      ],
      "disabled": true,
      "settings": {
        "color_scheme": "accent-2",
        "display_logo": true,
        "enable_logo_link": false,
        "logo_color": "white",
        "show_line_separator": true,
        "enable_sticky_header": true,
        "margin_bottom": 0,
        "css_class": "",
        "custom_css": "",
        "custom_css_mobile": ""
      }
    },
    "54241dca-a171-48f7-8ac1-b2f3365f4f73": {
      "type": "rich-text",
      "blocks": {
        "template--14487746248759__54241dca-a171-48f7-8ac1-b2f3365f4f73-1679075648b5677df1-0": {
          "type": "heading",
          "disabled": true,
          "settings": {
            "heading": "Thank You!",
            "heading_size": "h0",
            "heading_alignment": "center",
            "heading_color": "foreground",
            "css_class": "dac-alt-font-span mid",
            "heading_divider": false
          }
        },
        "38025f23-010c-4fd3-b097-13da7421fe7b": {
          "type": "heading",
          "disabled": true,
          "settings": {
            "heading": "for Registering for the Masterclass",
            "heading_size": "h2",
            "heading_alignment": "center",
            "heading_color": "accent-3",
            "css_class": "bottom",
            "heading_divider": false
          }
        },
        "bd8f6947-f8a2-47fa-999b-7e3bac6afbc6": {
          "type": "image",
          "settings": {
            "image": "shopify:\/\/shop_images\/TGFD_Masterclass_Landingpage_Template-02_15cc0460-9e6b-4b44-b8cb-16ee446fddb9.png",
            "max_width": 0,
            "css_class": "magic"
          }
        },
        "text_gWAxTA": {
          "type": "text",
          "settings": {
            "text": "<p><\/p><p>In preparation for the event, we encourage you to complete the Menopause Report Card Quiz below to assess your symptoms and better understand your individual journey. Additionally, make sure to download the '3 Menopause Mistakes' eBook for valuable insights and tips.<\/p><p><\/p>",
            "text_alignment": "center",
            "text_size": "p",
            "css_class": "sub"
          }
        }
      },
      "block_order": [
        "template--14487746248759__54241dca-a171-48f7-8ac1-b2f3365f4f73-1679075648b5677df1-0",
        "38025f23-010c-4fd3-b097-13da7421fe7b",
        "bd8f6947-f8a2-47fa-999b-7e3bac6afbc6",
        "text_gWAxTA"
      ],
      "settings": {
        "anchor_id": "",
        "color_scheme": "accent-2",
        "full_width": true,
        "padding_top": 16,
        "padding_bottom": 8,
        "css_class": "",
        "custom_css": ".magic{\nwidth:35%;\nmargin:0 auto;\n}\n\nh2 {\nfont-size: 110px;\npadding-top:30px;\nmargin:0px;\n}\n\n.mid {\npadding-top:10px;\npadding-bottom:10px;\n}\n\n.sub {\npadding-top:0px;\npadding-bottom:60px;\n}\n\n.bottom {\nfont-size: 28px;\npadding-top:10px;\npadding-bottom:10px;\n}\n\np {\npadding:0px;\nmargin:0px;\n}",
        "custom_css_mobile": "h2 {\nfont-size: 30px;\n}"
      }
    },
    "rich_text_YJwFt3": {
      "type": "rich-text",
      "blocks": {
        "heading_wNwfwN": {
          "type": "heading",
          "settings": {
            "heading": "Take the Quiz",
            "heading_size": "h2",
            "heading_alignment": "center",
            "heading_color": "color-scheme",
            "css_class": "",
            "heading_divider": false
          }
        }
      },
      "block_order": [
        "heading_wNwfwN"
      ],
      "settings": {
        "anchor_id": "",
        "color_scheme": "background-2",
        "full_width": true,
        "padding_top": 40,
        "padding_bottom": 0,
        "css_class": "",
        "custom_css": "",
        "custom_css_mobile": ""
      }
    },
    "custom_liquid_zdmMrw": {
      "type": "custom-liquid",
      "settings": {
        "anchor_id": "",
        "custom_liquid": "<div data-tf-live=\"01HQV9TAB2AR36NJRF0Y9KFYZW\"><\/div><script src=\"\/\/embed.typeform.com\/next\/embed.js\"><\/script>",
        "color_scheme": "background-2",
        "padding_top": 40,
        "padding_bottom": 52,
        "css_class": "",
        "custom_css": "",
        "custom_css_mobile": ""
      }
    },
    "rich_text_LmQGyb": {
      "type": "rich-text",
      "blocks": {
        "heading_PHrMRG": {
          "type": "heading",
          "settings": {
            "heading": "3 Easy Changes to Help Support Hormone Health",
            "heading_size": "h2",
            "heading_alignment": "center",
            "heading_color": "color-scheme",
            "css_class": "free",
            "heading_divider": false
          }
        },
        "text_DjwXFd": {
          "type": "text",
          "settings": {
            "text": "<p>Download the free guide on the three most common menopause mistakes and discover how to overcome them for a smoother transition.<\/p>",
            "text_alignment": "center",
            "text_size": "p",
            "css_class": ""
          }
        },
        "image_p7hjKt": {
          "type": "image",
          "settings": {
            "image": "shopify:\/\/shop_images\/TGFD_MagicMenopause_Course_Landingpage_rd1-34_bdae2e4c-35a1-4524-b5fe-eb53762b8377.png",
            "max_width": 625,
            "css_class": "imgs"
          }
        },
        "button_mze37X": {
          "type": "button",
          "settings": {
            "button_label": "DOWNLOAD NOW",
            "button_link": "https:\/\/cdn.shopify.com\/s\/files\/1\/0524\/5661\/files\/3_Menopause_Mistakes-Ebook_8.19.20.pdf",
            "button_style_secondary": false,
            "button_alignment": "center",
            "button_color": "color-scheme",
            "css_class": ""
          }
        }
      },
      "block_order": [
        "heading_PHrMRG",
        "text_DjwXFd",
        "image_p7hjKt",
        "button_mze37X"
      ],
      "settings": {
        "anchor_id": "",
        "color_scheme": "background-1",
        "full_width": true,
        "padding_top": 56,
        "padding_bottom": 80,
        "css_class": "",
        "custom_css": ".imgs{\nmargin:0px;\npadding:0px;}\n\nbutton{margin:auto;\npadding-top:0px;}\n\n.free {\npadding-bottom: 20px;\nmargin: 0px;}\n\n.p {\npadding: 0px 100px 20px 100px;\nmargin: 0px;}",
        "custom_css_mobile": ".p {\npadding: 0px;}"
      }
    }
  },
  "order": [
    "main",
    "06f4d6c5-8955-4e99-8936-dc96296ef92d",
    "54241dca-a171-48f7-8ac1-b2f3365f4f73",
    "rich_text_YJwFt3",
    "custom_liquid_zdmMrw",
    "rich_text_LmQGyb"
  ]
}
