{
  "layout": "theme-offer-page",
  "sections": {
    "main": {
      "type": "main-page",
      "settings": {
        "display_title": true,
        "color_scheme": "background-1",
        "padding_top": 40,
        "padding_bottom": 40,
        "css_class": "visually-hidden",
        "custom_css": "",
        "custom_css_mobile": ""
      }
    },
    "1640097424c2f7eec2": {
      "type": "header-offer-page",
      "blocks": {
        "64d5290e-0111-45f8-add9-b15e6899534a": {
          "type": "countdown_timer",
          "disabled": true,
          "settings": {
            "title": "Masterclass Begins In:",
            "end_date_time": "August 31, 2022 19:00:00 GMT-0400",
            "first_countdown": true,
            "color_scheme": "background-1",
            "padding_top": 20,
            "padding_bottom": 20,
            "css_class": ""
          }
        },
        "bd5c02bc-ed1a-47fb-93b9-a67e14efaa95": {
          "type": "custom_colors",
          "settings": {
            "colors_solid_button_labels": "",
            "colors_accent_1": "",
            "gradient_accent_1": "",
            "colors_accent_2": "rgba(0,0,0,0)",
            "gradient_accent_2": "",
            "colors_accent_3": "",
            "colors_accent_4": "",
            "colors_text": "",
            "colors_outline_button_labels": "",
            "colors_background_1": "",
            "gradient_background_1": "",
            "colors_background_2": "#fcfaf7",
            "gradient_background_2": ""
          }
        }
      },
      "block_order": [
        "64d5290e-0111-45f8-add9-b15e6899534a",
        "bd5c02bc-ed1a-47fb-93b9-a67e14efaa95"
      ],
      "disabled": true,
      "settings": {
        "color_scheme": "accent-2",
        "display_logo": true,
        "enable_logo_link": false,
        "logo_color": "gold",
        "show_line_separator": false,
        "enable_sticky_header": true,
        "margin_bottom": 0,
        "css_class": "",
        "custom_css": "",
        "custom_css_mobile": ""
      }
    },
    "c74c33b5-c12f-4ae1-b870-bbca2d1ed679": {
      "type": "image",
      "disabled": true,
      "settings": {
        "image": "shopify:\/\/shop_images\/mastering.png",
        "mobile_image": "shopify:\/\/shop_images\/TGFD_Masterclass_Landingpage_Moblie.jpg",
        "max_width": 1600,
        "color_scheme": "background-1",
        "link": "#optin",
        "padding_top": 0,
        "padding_bottom": 0,
        "css_class": "klaviyo_form_trigger gradient-background",
        "custom_css": ".img {margin:0px; padding:0px;}\n\n.gradient-background {\n    background: linear-gradient(to right, #ffffff, #321748);\n}\n.global-media-settings {background-color: transparent;}",
        "custom_css_mobile": ""
      }
    },
    "image_banner_rba4XM": {
      "type": "image-banner",
      "settings": {
        "image": "shopify:\/\/shop_images\/TGFD_MasteringYourHormonesMasterclass_Landingpage_DrAnna_-09_1.png",
        "mobile_image": "shopify:\/\/shop_images\/TGFD_MasteringYourHormonesMasterclass_Landingpage_DrAnna_-05_1.jpg",
        "link": "#optin",
        "image_overlay_opacity": 0,
        "image_height": "medium",
        "adapt_height_first_image": true,
        "desktop_content_position": "middle-center",
        "show_text_box": true,
        "desktop_content_alignment": "center",
        "color_scheme": "background-1",
        "mobile_content_alignment": "center",
        "stack_images_on_mobile": true,
        "show_text_below": true,
        "css_class": "",
        "custom_css": "{ background: linear-gradient(90deg, rgba(255,255,255,1) 0%, rgba(255,255,255,1) 40%, rgba(50,23,72,1) 100%); }\n.banner { margin: 0 auto; max-width: 1600px; }",
        "custom_css_mobile": ""
      }
    },
    "4560f1a8-8b9f-4d84-9544-d7ed53177104": {
      "type": "rich-text",
      "blocks": {
        "template--14572953763895__4560f1a8-8b9f-4d84-9544-d7ed53177104-heading-1": {
          "type": "heading",
          "disabled": true,
          "settings": {
            "heading": "Take Control of Your Hormones!",
            "heading_size": "h1",
            "heading_alignment": "center",
            "heading_color": "foreground",
            "css_class": "sub",
            "heading_divider": false
          }
        },
        "heading_t6LWBt": {
          "type": "heading",
          "settings": {
            "heading": "Tired of having your symptoms dismissed by your doctor?",
            "heading_size": "h1",
            "heading_alignment": "center",
            "heading_color": "accent-1",
            "css_class": "",
            "heading_divider": false
          }
        },
        "text_naq7Ez": {
          "type": "text",
          "disabled": true,
          "settings": {
            "text": "<p>In this masterclass, Dr. Anna Cabeca, a triple board-certified OBGYN, will guide you through understanding the hormonal hierarchy and changes during perimenopause, menopause, and postmenopause. You'll learn simple changes to help you feel confident, energized, and in control no matter your age or hormonal stage, including menopause, PMS, PCOS, perimenopause, Second Spring or beyond. The goal is to help you be your healthiest self, with a health span that matches your lifespan. Let Dr. Anna Cabeca show you the ways to empower yourself on your health journey.<\/p>",
            "text_alignment": "left",
            "text_size": "p",
            "css_class": ""
          }
        },
        "button_k8PhXm": {
          "type": "button",
          "disabled": true,
          "settings": {
            "button_label": "REGISTER NOW",
            "button_link": "#optin",
            "button_style_secondary": false,
            "button_alignment": "center",
            "button_color": "color-scheme",
            "css_class": ""
          }
        }
      },
      "block_order": [
        "template--14572953763895__4560f1a8-8b9f-4d84-9544-d7ed53177104-heading-1",
        "heading_t6LWBt",
        "text_naq7Ez",
        "button_k8PhXm"
      ],
      "settings": {
        "anchor_id": "",
        "color_scheme": "background-1",
        "full_width": true,
        "padding_top": 60,
        "padding_bottom": 52,
        "css_class": "dac-full-width dac-padding-side-none",
        "custom_css": "h2{\nfont-weight:bold;\nfont-size:40px;\npadding-top:20px;\n}\n.sub{\nfont-size: 28px;\ncolor: #321748;\n}\n\n.join{\npadding-top:15px;\ncolor: #321748;\n}\np {\nline-height: 1.4em;\n}\n\nbutton {\ntext-transform: uppercase;\nmin-height: calc(3.25rem + var(--buttons-border-width) * 2);\nletter-spacing: .1rem;\n    line-height: calc(1 + .2 \/ var(--font-body-scale));\ndisplay: inline-flex;\n    justify-content: center;\n    align-items: center;\n    border: 0;\n    padding: 0 3rem;\n    cursor: pointer;\n    font: inherit;\n    font-size: 1.5rem;\n    text-decoration: none;\n    color: rgb(var(--color-button-text));\n    transition: box-shadow var(--duration-short) ease;\n    -webkit-appearance: none;\n    appearance: none;\n    background-color: rgba(var(--color-button),var(--alpha-button-background));\n--shadow-horizontal-offset: var(--buttons-shadow-horizontal-offset);\n    --shadow-vertical-offset: var(--buttons-shadow-vertical-offset);\n    --shadow-blur-radius: var(--buttons-shadow-blur-radius);\n    --shadow-opacity: var(--buttons-shadow-opacity);\n    --border-offset: var(--buttons-border-offset);\n    --border-opacity: calc(1 - var(--buttons-border-opacity));\n    border-radius: var(--buttons-radius-outset);\n    position: relative;\n    text-align: center;\n}",
        "custom_css_mobile": ""
      }
    },
    "image_with_text_dRYfhy": {
      "type": "image-with-text",
      "blocks": {
        "text_cBmeD7": {
          "type": "text",
          "settings": {
            "text": "<p>You’ve been feeling exhausted, you’re gaining weight, and your emotions are all over the place.<\/p>",
            "text_style": "body",
            "css_class": "pink"
          }
        },
        "text_QCHpWj": {
          "type": "text",
          "settings": {
            "text": "<p>Your period’s been a bit unpredictable.<br\/><br\/>And you just don’t feel like yourself. <br\/><br\/>But when you bring all this up with your doctor, they shrug and say, “welp, that’s just a part of aging, sorry!”<br\/><br\/>Or they test your hormones and tell you that everything’s “normal.”<br\/><br\/>Even though you definitely feel anything but normal. <\/p>",
            "text_style": "body",
            "css_class": ""
          }
        }
      },
      "block_order": [
        "text_cBmeD7",
        "text_QCHpWj"
      ],
      "settings": {
        "anchor_id": "",
        "image": "shopify:\/\/shop_images\/TGFD_Masterclass_Landingpage_Template.jpg",
        "height": "adapt",
        "desktop_image_width": "small-plus",
        "layout": "text_first",
        "desktop_content_position": "top",
        "desktop_content_alignment": "left",
        "content_layout": "no-overlap",
        "color_scheme": "background-1",
        "mobile_content_alignment": "left",
        "padding_top": 0,
        "padding_bottom": 0,
        "css_class": "dac-full-width  dac-allow-media-resize",
        "custom_css": ".pink{color:#9F2B68;}\np{font-size:20px;}",
        "custom_css_mobile": ""
      }
    },
    "rich_text_AcJAzb": {
      "type": "rich-text",
      "blocks": {
        "heading_QceP7b": {
          "type": "heading",
          "settings": {
            "heading": "I’m going to let you in on a secret: It doesn’t have to be this way!",
            "heading_size": "h1",
            "heading_alignment": "center",
            "heading_color": "accent-1",
            "css_class": "",
            "heading_divider": false
          }
        },
        "text_yztigi": {
          "type": "text",
          "settings": {
            "text": "<p>For too long, we’ve been told that women just need to “power through.”<br\/><br\/>That we need to be stronger and just keep going.<br\/><br\/>We’ve had birth control thrown at us, masking every single symptom we’ve got - but healing absolutely nothing.<br\/><br\/>We’ve been shamed and blamed for our own medical conditions. <br\/><br\/>We’ve been dismissed and told “just have a glass of wine and relax.” <br\/><br\/>And we’ve been lied to about HRT, the risks, and what “optimal” hormone balance looks like.<br\/><br\/><strong>Real talk: You deserve to understand what’s going on with your body and how to fix it, once and for all. <\/strong><br\/><br\/>And that’s why, in this totally free workshop, I’m going to teach you how to take control of your life, your hormones, and become the CEO of your body and your health.<br\/><\/p>",
            "text_alignment": "left",
            "text_size": "p",
            "css_class": ""
          }
        },
        "button_rhjkX9": {
          "type": "button",
          "settings": {
            "button_label": "I’M READY TO TAKE CONTROL!",
            "button_link": "#optin",
            "button_style_secondary": false,
            "button_alignment": "center",
            "button_color": "color-scheme",
            "css_class": ""
          }
        }
      },
      "block_order": [
        "heading_QceP7b",
        "text_yztigi",
        "button_rhjkX9"
      ],
      "settings": {
        "anchor_id": "",
        "color_scheme": "background-1",
        "full_width": true,
        "padding_top": 28,
        "padding_bottom": 52,
        "css_class": "dac-full-width dac-padding-side-none",
        "custom_css": "h2{\nfont-weight:bold;\nfont-size:40px;\npadding-top:20px;\npadding-bottom:15px;\n}\n\nstrong{color:#9F2B68;}\n\n.button{border-radius:11px;\nmargin-top:25px;}",
        "custom_css_mobile": ""
      }
    },
    "c7c9e59b-0dcc-4586-8e47-94bed7a4256c": {
      "type": "multicolumn",
      "blocks": {
        "template--14572953763895__c7c9e59b-0dcc-4586-8e47-94bed7a4256c-column-2": {
          "type": "column",
          "settings": {
            "image": "shopify:\/\/shop_images\/revitalize_core.png",
            "title": "",
            "heading_color": "color-scheme",
            "text": "",
            "link_label": "",
            "link": "",
            "button_color": "color-scheme",
            "css_class": "leftimg"
          }
        },
        "template--14572953763895__c7c9e59b-0dcc-4586-8e47-94bed7a4256c-column-3": {
          "type": "column",
          "settings": {
            "title": "",
            "heading_color": "color-scheme",
            "text": "<p>Don’t miss this <strong>FREE<\/strong> masterclass featuring expert in Pelvic Floor Health and Bladder Vitality, Jana Danielson hosted by Dr. Anna Cabeca.<\/p>",
            "link_label": ">> Register Now!",
            "link": "#optin",
            "button_color": "accent-1",
            "css_class": "rightimg"
          }
        }
      },
      "block_order": [
        "template--14572953763895__c7c9e59b-0dcc-4586-8e47-94bed7a4256c-column-2",
        "template--14572953763895__c7c9e59b-0dcc-4586-8e47-94bed7a4256c-column-3"
      ],
      "disabled": true,
      "settings": {
        "anchor_id": "",
        "title": "",
        "text": "",
        "heading_size": "h1",
        "heading_color": "color-scheme",
        "text_size": "p",
        "column_heading_size": "h3",
        "column_text_size": "p",
        "image_width": "full",
        "image_ratio": "adapt",
        "columns_desktop": 2,
        "column_alignment": "center",
        "column_link_type": "button",
        "background_style": "none",
        "button_label": "",
        "button_link": "",
        "button_color": "color-scheme",
        "color_scheme": "accent-2",
        "columns_mobile": "1",
        "swipe_on_mobile": false,
        "padding_top": 36,
        "padding_bottom": 36,
        "css_class": "",
        "custom_css": ".rightimg {\n  margin: auto 0;\n}\n\np { font-size: 1.3em;\ncolor:#be9452;\n}\n\nstrong, b {\ncolor:#ffffff;\n}",
        "custom_css_mobile": ""
      }
    },
    "multicolumn_kg93jc": {
      "type": "multicolumn",
      "blocks": {
        "column_Y6KbcN": {
          "type": "column",
          "settings": {
            "image": "shopify:\/\/shop_images\/TGFD_MasteringYourHormonesMasterclass_Landingpage_DrAnna_revised-12.jpg",
            "title": "",
            "heading_color": "accent-1",
            "text": "",
            "link_label": "",
            "link": "",
            "button_color": "color-scheme",
            "css_class": "leftcolumn"
          }
        },
        "column_kXyAFn": {
          "type": "column",
          "settings": {
            "title": "Hi, I'm Dr. Anna Cabeca",
            "heading_color": "accent-1",
            "text": "<h4>DO, FACOG, ABAARM, ABOIM<\/h4><p>I’m a triple board-certified Emory-trained OBGYN with over 30+ years of experience working with women in perimenopause, menopause, and postmenopause. <\/p><p>I’ve written three best-selling books on menopause and hormones. I’ve won awards and lectured on international stages. My clinical experience includes treating over 10,000+ women. But even more relevant: I’ve personally been through menopause — twice! So I know exactly how it feels to have your hormones hijack your life, and what it’s like when menopause steals your fire and dims your light. <\/p><p>I’ve helped thousands of women all over the world take their lives back from their hormones. I can’t wait to teach you how to do the same!<\/p>",
            "link_label": "",
            "link": "",
            "button_color": "color-scheme",
            "css_class": "rightcolumn"
          }
        }
      },
      "block_order": [
        "column_Y6KbcN",
        "column_kXyAFn"
      ],
      "settings": {
        "anchor_id": "",
        "title": "Masterclass Expert Panelist",
        "text": "",
        "heading_size": "h1",
        "heading_color": "accent-1",
        "text_size": "p",
        "column_heading_size": "h3",
        "column_text_size": "p",
        "image_width": "full",
        "image_ratio": "adapt",
        "columns_desktop": 2,
        "column_alignment": "left",
        "column_link_type": "button",
        "background_style": "none",
        "button_label": "WATCH THE REPLAY",
        "button_link": "#optin",
        "button_color": "color-scheme",
        "color_scheme": "background-2",
        "columns_mobile": "1",
        "swipe_on_mobile": false,
        "padding_top": 72,
        "padding_bottom": 84,
        "css_class": "",
        "custom_css": "h2{\nfont-weight:bold;\n}\n\n.h1 {padding-bottom: 20px;}\n\nh3{\nfont-size: 35px;\nfont-weight:bold;\ntext-align: left;\n}\n\nh4{padding:0px; margin:0px; font-size: 23px; text-align: left;}\n\np{text-align: left;}\n\n\n.leftcolumn { max-width: 300px; margin: 10 auto; }\n.rightcolumn { max-width: 400px; margin:10 auto;}\n\n.grid--2-col-desktop .grid__item:nth-child(odd) { max-width: calc(45% - var(--grid-desktop-horizontal-spacing) \/ 2); }\n\n.grid--2-col-desktop .grid__item:nth-child(even) { min-width: calc(55% - var(--grid-desktop-horizontal-spacing) \/ 2); }",
        "custom_css_mobile": "{ padding: 0 0rem; }\nh3{\nfont-size: 35px;\nfont-weight:bold;\ntext-align: center;\n}\n\nh4{padding:0px; margin:0px; font-size: 23px; text-align: center;}\n\np{text-align: center;}\n\n.grid--2-col-desktop .grid__item:nth-child(odd) { max-width: calc(100% - var(--grid-desktop-horizontal-spacing) \/ 2); }"
      }
    },
    "rich_text_VxcDhe": {
      "type": "rich-text",
      "blocks": {
        "heading_ddwQRL": {
          "type": "heading",
          "settings": {
            "heading": "In the Mastering your Hormone health and symptoms Before, During and After Menopause class, you’ll learn:",
            "heading_size": "h1",
            "heading_alignment": "center",
            "heading_color": "accent-1",
            "css_class": "",
            "heading_divider": false
          }
        }
      },
      "block_order": [
        "heading_ddwQRL"
      ],
      "settings": {
        "anchor_id": "",
        "color_scheme": "background-1",
        "full_width": true,
        "padding_top": 44,
        "padding_bottom": 36,
        "css_class": "dac-full-width dac-padding-side-none",
        "custom_css": "h2{\nfont-weight:bold;\nfont-size:40px;\npadding-top:20px;\npadding-bottom:15px;\n}\n\nstrong{color:#9F2B68;}\n\n.button{border-radius:11px;\nmargin-top:25px;}",
        "custom_css_mobile": ""
      }
    },
    "image_with_text_zcT79h": {
      "type": "image-with-text",
      "blocks": {
        "list_VaA8eR": {
          "type": "list",
          "settings": {
            "list_items": "<p>The <strong>truth about HRT<\/strong> - and whether it’s a viable option for you or not. If you’ve had a hysterectomy and you’ve been told you’re not a candidate you don’t want to miss this! <\/p><p>How <strong>hormone tests are often read and interpreted incorrectly<\/strong>. This explains why your doctor keeps telling you “all’s well” when it certainly isn’t.<\/p><p>The difference between <strong>optimal and normal<\/strong> hormone levels<\/p><p>Why <strong>misdiagnoses in menopause<\/strong> are so common - and how to advocate yourself <\/p><p>Why it makes sense you’re <strong>self-medicating<\/strong> with wine - and what to do instead<\/p><p>How to <em><strong>thrive<\/strong><\/em> through the menopause transition, not just <em><strong>survive<\/strong><\/em><\/p>",
            "list_style_type": "bullets",
            "text_alignment": "left",
            "css_class": ""
          }
        }
      },
      "block_order": [
        "list_VaA8eR"
      ],
      "settings": {
        "anchor_id": "",
        "image": "shopify:\/\/shop_images\/TGFD_MasteringYourHormonesMasterclass_Landingpage_DrAnna_revised-11.jpg",
        "height": "adapt",
        "desktop_image_width": "small-plus",
        "layout": "text_first",
        "desktop_content_position": "top",
        "desktop_content_alignment": "left",
        "content_layout": "no-overlap",
        "color_scheme": "background-1",
        "mobile_content_alignment": "left",
        "padding_top": 20,
        "padding_bottom": 20,
        "css_class": "dac-full-width  dac-allow-media-resize",
        "custom_css": "ul {\n  list-style-type: none; padding-inline-start: 25px;\nposition: relative;\n}\n\nul li:before {\n  content: '';\n  display: inline-block;\n  height: 20px;\n  width: 20px;\n   background-size: 20px;\ntransform: translateY(20%);\n  background-image: url(\"https:\/\/cdn.shopify.com\/s\/files\/1\/0524\/5661\/files\/TGFD_WebsiteDesign_AffiliatePage-check_copy.png\");\n  background-repeat: no-repeat;\nposition: absolute;\nleft: -10px;\nvertical-align: middle;\n}",
        "custom_css_mobile": ""
      }
    },
    "rich_text_iT7xDN": {
      "type": "rich-text",
      "blocks": {
        "heading_3eXFLn": {
          "type": "heading",
          "settings": {
            "heading": "Plus, you’ll have a chance to ask me anything you’d like about YOUR personal symptoms during the Q+A at the end of the class.",
            "heading_size": "h1",
            "heading_alignment": "center",
            "heading_color": "accent-1",
            "css_class": "",
            "heading_divider": false
          }
        },
        "button_9pLKtk": {
          "type": "button",
          "settings": {
            "button_label": "I’M READY TO TAKE MY LIFE BACK FROM PERI + MENOPAUSE!",
            "button_link": "#optin",
            "button_style_secondary": false,
            "button_alignment": "center",
            "button_color": "color-scheme",
            "css_class": ""
          }
        }
      },
      "block_order": [
        "heading_3eXFLn",
        "button_9pLKtk"
      ],
      "settings": {
        "anchor_id": "",
        "color_scheme": "background-1",
        "full_width": true,
        "padding_top": 40,
        "padding_bottom": 80,
        "css_class": "dac-full-width dac-padding-side-none",
        "custom_css": "h2{\nfont-weight:bold;\nfont-size:40px;\npadding-top:20px;\npadding-bottom:15px;\n}\n\nstrong{color:#9F2B68;}\n\n.button{border-radius:11px;\nmargin-top:15px;}",
        "custom_css_mobile": ""
      }
    },
    "510b3147-7bcc-494e-a40d-72cb9bdd5cf2": {
      "type": "rich-text",
      "blocks": {
        "template--14572953763895__510b3147-7bcc-494e-a40d-72cb9bdd5cf2-heading-1": {
          "type": "heading",
          "settings": {
            "heading": "Join Me and Take your Life Back from Perimenopause & Menopause",
            "heading_size": "h2",
            "heading_alignment": "center",
            "heading_color": "foreground",
            "css_class": "",
            "heading_divider": false
          }
        },
        "text_cGjqyb": {
          "type": "text",
          "disabled": true,
          "settings": {
            "text": "<p>Spots for this class are extremely limited and I only open registration for this special free opportunity once a year. <\/p><p>So if you’re ready to take control of your health, your hormones, and your menopause experience…this is your chance to learn exactly how to do that from a triple board-certified OBGYN for FREE. <\/p><p>Just fill in the details below and I’ll see you on April 1st at 7:00 PM EST \/ 6:00 PM CST \/ 4:00 PM PST!<\/p>",
            "text_alignment": "center",
            "text_size": "p",
            "css_class": ""
          }
        },
        "template--14572953763895__510b3147-7bcc-494e-a40d-72cb9bdd5cf2-button-1": {
          "type": "button",
          "disabled": true,
          "settings": {
            "button_label": ">> JOIN THE MASTERCLASS!",
            "button_link": "https:\/\/us02web.zoom.us\/webinar\/register\/WN_4D23879uSd2M12TMlvewUg",
            "button_style_secondary": false,
            "button_alignment": "center",
            "button_color": "color-scheme",
            "css_class": ""
          }
        },
        "2b3d3d69-e91e-48ef-b157-9b3613ccc764": {
          "type": "custom_liquid",
          "settings": {
            "custom_liquid": "<div class=\"klaviyo-form-X76mfN\"><\/div>",
            "css_class": ""
          }
        }
      },
      "block_order": [
        "template--14572953763895__510b3147-7bcc-494e-a40d-72cb9bdd5cf2-heading-1",
        "text_cGjqyb",
        "template--14572953763895__510b3147-7bcc-494e-a40d-72cb9bdd5cf2-button-1",
        "2b3d3d69-e91e-48ef-b157-9b3613ccc764"
      ],
      "settings": {
        "anchor_id": "optin",
        "color_scheme": "accent-2",
        "full_width": true,
        "padding_top": 52,
        "padding_bottom": 52,
        "css_class": "",
        "custom_css": ".up{\nfont-weight:bold;\n}\nh2{\nfont-weight:bold;\n}",
        "custom_css_mobile": ""
      }
    },
    "multicolumn_bxWgQf": {
      "type": "multicolumn",
      "blocks": {
        "column_pRpjk4": {
          "type": "column",
          "settings": {
            "title": "Monday — April 1st",
            "heading_color": "color-scheme",
            "text": "<p>REGISTRATION CLOSED<\/p>",
            "link_label": "",
            "link": "",
            "button_color": "color-scheme",
            "css_class": ""
          }
        },
        "column_d4aJd8": {
          "type": "column",
          "settings": {
            "title": "Tuesday — April 2nd",
            "heading_color": "color-scheme",
            "text": "<p>9:00 PM EST \/ 8:00 PM CST \/ 6:00 PM PST!<\/p>",
            "link_label": ">> JOIN TUESDAY 4\/2",
            "link": "https:\/\/us02web.zoom.us\/webinar\/register\/WN_oV33Yrt1SJCL1uHjmR1OJQ",
            "button_color": "color-scheme",
            "css_class": ""
          }
        }
      },
      "block_order": [
        "column_pRpjk4",
        "column_d4aJd8"
      ],
      "disabled": true,
      "settings": {
        "anchor_id": "optin",
        "title": "Join Me and Take your Life Back from Perimenopause & Menopause",
        "text": "<p>Spots for this class are extremely limited and I only open registration for this special free opportunity once a year. <\/p><p>So if you’re ready to take control of your health, your hormones, and your menopause experience…this is your chance to learn exactly how to do that from a triple board-certified OB\/GYN for FREE. <\/p><p>*** UPDATE: Our seats for Monday night are filling up fast so we have opened a second ***<\/p>",
        "heading_size": "h1",
        "heading_color": "color-scheme",
        "text_size": "p",
        "column_heading_size": "h3",
        "column_text_size": "p",
        "image_width": "full",
        "image_ratio": "adapt",
        "columns_desktop": 3,
        "column_alignment": "center",
        "column_link_type": "button",
        "background_style": "none",
        "button_label": "",
        "button_link": "",
        "button_color": "color-scheme",
        "color_scheme": "accent-2",
        "columns_mobile": "1",
        "swipe_on_mobile": false,
        "padding_top": 36,
        "padding_bottom": 36,
        "css_class": "",
        "custom_css": "",
        "custom_css_mobile": ""
      }
    }
  },
  "order": [
    "main",
    "1640097424c2f7eec2",
    "c74c33b5-c12f-4ae1-b870-bbca2d1ed679",
    "image_banner_rba4XM",
    "4560f1a8-8b9f-4d84-9544-d7ed53177104",
    "image_with_text_dRYfhy",
    "rich_text_AcJAzb",
    "c7c9e59b-0dcc-4586-8e47-94bed7a4256c",
    "multicolumn_kg93jc",
    "rich_text_VxcDhe",
    "image_with_text_zcT79h",
    "rich_text_iT7xDN",
    "510b3147-7bcc-494e-a40d-72cb9bdd5cf2",
    "multicolumn_bxWgQf"
  ]
}
