{
  "layout": "theme-offer-page",
  "sections": {
    "16462238058b508f23": {
      "type": "header-offer-page",
      "blocks": {
        "2d234c6a-ad15-4b01-b895-79b7c0f04cdf": {
          "type": "custom_colors",
          "settings": {
            "colors_solid_button_labels": "",
            "colors_accent_1": "#63316e",
            "gradient_accent_1": "",
            "colors_accent_2": "#ff8f19",
            "gradient_accent_2": "",
            "colors_accent_3": "rgba(0,0,0,0)",
            "colors_accent_4": "",
            "colors_text": "",
            "colors_outline_button_labels": "",
            "colors_background_1": "",
            "gradient_background_1": "",
            "colors_background_2": "rgba(0,0,0,0)",
            "gradient_background_2": ""
          }
        }
      },
      "block_order": [
        "2d234c6a-ad15-4b01-b895-79b7c0f04cdf"
      ],
      "settings": {
        "color_scheme": "background-1",
        "display_logo": true,
        "enable_logo_link": false,
        "logo_color": "gold",
        "show_line_separator": false,
        "enable_sticky_header": true,
        "margin_bottom": 0,
        "css_class": "",
        "custom_css": "@font-face {\n  font-family: 'Larsseit';\n  src: url(https:\/\/d2saw6je89goi1.cloudfront.net\/uploads\/digital_asset\/file\/962385\/Type_Dynamic_-_Larsseit_Regular.otf);\n  font-weight: normal;\n  font-style: normal;\n}\n@font-face {\n  font-family: 'Larsseit-Bold';\n  src: url(https:\/\/d2saw6je89goi1.cloudfront.net\/uploads\/digital_asset\/file\/962384\/Type_Dynamic_-_Larsseit_Bold.otf) format('truetype');\n  font-weight: var(--font-body-weight-bold);\n  font-style: normal;\n}\n@font-face {\n  font-family: 'Larsseit-Thin';\n  src: url(https:\/\/d2saw6je89goi1.cloudfront.net\/uploads\/digital_asset\/file\/962386\/Type_Dynamic_-_Larsseit_Thin.otf) format('truetype');\n  font-weight: lighter;\n  font-style: normal;\n}\n\n@font-face {\n  font-family: 'Larsseit-Light';\n  src: url(https:\/\/d2saw6je89goi1.cloudfront.net\/uploads\/digital_asset\/file\/965155\/Larsseit-Light.ttf) format('truetype');\n  font-weight: lighter;\n  font-style: normal;\n}\n\nbody {\n  font-family: 'Larsseit-Light', serif !important;\n}",
        "custom_css_mobile": ""
      }
    },
    "16461663454a306e26": {
      "type": "rich-text",
      "blocks": {
        "1646166345821458f3-0": {
          "type": "heading",
          "settings": {
            "heading": "\"The Hormone Fix\" is Almost Here!",
            "heading_size": "h1",
            "heading_alignment": "center",
            "heading_color": "foreground",
            "css_class": "topheading",
            "heading_divider": false
          }
        }
      },
      "block_order": [
        "1646166345821458f3-0"
      ],
      "settings": {
        "anchor_id": "",
        "color_scheme": "accent-4",
        "full_width": true,
        "padding_top": 24,
        "padding_bottom": 24,
        "css_class": "",
        "custom_css": "h2 {\nfont-size: 63px;\n}",
        "custom_css_mobile": ".topheading {\nfont-size:35px;\n}"
      }
    },
    "164616622356f72eeb": {
      "type": "image-with-text",
      "blocks": {
        "38cae931-1261-498f-8515-829e058f8d23": {
          "type": "custom_liquid",
          "settings": {
            "custom_liquid": "<h3>Be one of the first to get an exclusive<\/h3><h2>Sneak Peek At My New Book<\/h2><h3>before it's officially released...<\/h3>",
            "css_class": ""
          }
        },
        "5cc900b8-f1f5-466a-abf2-ebfa1bc57071": {
          "type": "list",
          "settings": {
            "list_items": "<p><strong>Introduction: <\/strong>My Hormone Horror Story<\/p><p><strong>Chapter 2: <\/strong>Test Your Hormones to Know for Sure<\/p><p><strong>Hormone Toxicity Quiz <\/strong>reveals your hormone score <\/p><p><strong>​5 Delicious Hormone-Balancing Recipes<\/strong><\/p>",
            "list_style_type": "bullets",
            "text_alignment": "left",
            "css_class": ""
          }
        },
        "f698dec3-aba3-4c19-8be2-ba298d3628ba": {
          "type": "button",
          "settings": {
            "button_label": "GET YOUR SNEAK PEEK",
            "button_link": "#optin",
            "button_color": "accent-4",
            "css_class": ""
          }
        }
      },
      "block_order": [
        "38cae931-1261-498f-8515-829e058f8d23",
        "5cc900b8-f1f5-466a-abf2-ebfa1bc57071",
        "f698dec3-aba3-4c19-8be2-ba298d3628ba"
      ],
      "settings": {
        "image": "shopify:\/\/shop_images\/hormone-fix-3d-smaller_e42e8863-bf39-4e30-9eb3-9be7d3c2fff4.jpg",
        "height": "adapt",
        "desktop_image_width": "small-plus",
        "layout": "image_first",
        "desktop_content_position": "middle",
        "desktop_content_alignment": "center",
        "content_layout": "no-overlap",
        "color_scheme": "background-1",
        "mobile_content_alignment": "center",
        "padding_top": 0,
        "padding_bottom": 36,
        "css_class": "dac-full-width dac-padding-side-none dac-allow-media-resize",
        "custom_css": "h2 {\ncolor:red;\npadding:0px;\nmargin:auto;\ntext-align:center;\n}\nh3{\ncolor:black;\ntext-align:center;\npadding:20px 0px;\nmargin:auto;\nfont-size:30px;}\n\n\n.rte ul li {padding: 5px 0px;\ntext-align:left;}\n.rte ul {\n  list-style-type: none; padding-inline-start: 6px;\n}\n\n.rte ul li:before {\n  content: '';\n  display: inline-block;\n  height: 20px;\n  width: 20px;\n   background-size: 20px;\n  background-image: url(\"https:\/\/cdn.shopify.com\/s\/files\/1\/0524\/5661\/files\/TGFD_Checkmark.png\");\n  background-repeat: no-repeat;\n  margin-right: 8px;\n}\n\n.button {\nfont-size: 23px;\nmargin:30px auto;\n}\n.page-width { max-width: 1800px;}\n\nimg{width:80%;\nmargin:auto;\npadding-top:40px;}",
        "custom_css_mobile": "h2 {\nfont-size: 35px;\n}\n\n.button {\nfont-size: 14px;\npadding: 10px 25px;\n}"
      }
    },
    "1654342987b12a4c39": {
      "type": "multicolumn",
      "blocks": {
        "1654342987af5fde1e-0": {
          "type": "column",
          "settings": {
            "image": "shopify:\/\/shop_images\/JJ.jpg",
            "title": "",
            "heading_color": "color-scheme",
            "text": "",
            "link_label": "",
            "link": "",
            "button_color": "color-scheme",
            "css_class": "leftcolumn"
          }
        },
        "1654342987af5fde1e-1": {
          "type": "column",
          "settings": {
            "title": "",
            "heading_color": "color-scheme",
            "text": "<p>“Dr. Anna Cabeca is a true innovator. She’s also a powerful crusader for women’s health. Her experiences help her tell it like it is, but also approach even the most delicate topics with warmth and compassion.The Hormone Fix really is a perfect example of what happens when brains, heart, and fearless innovation come together. I highly recommend this book.”<\/p><p>— <strong>JJ Virgin<\/strong><\/p><p><em>4-Time New York Times bestselling author, and Fitness Hall of Famer <\/em><\/p>",
            "link_label": "",
            "link": "",
            "button_color": "color-scheme",
            "css_class": "rightcolumn"
          }
        },
        "1654342987af5fde1e-2": {
          "type": "column",
          "settings": {
            "image": "shopify:\/\/shop_images\/christiane-northrup.jpg",
            "title": "",
            "heading_color": "color-scheme",
            "text": "",
            "link_label": "",
            "link": "",
            "button_color": "color-scheme",
            "css_class": "leftcolumn"
          }
        },
        "9bd8e5cc-0917-4465-b6da-4701f26610ec": {
          "type": "column",
          "settings": {
            "title": "",
            "heading_color": "color-scheme",
            "text": "<p>“The Hormone Fix is a treasure trove of accurate and user-friendly information that all women who are suffering during menopause need to know and apply. It is written by an OBGYN who knows the territory both personally and professionally. I highly recommend this book.”<\/p><p>— <strong>Christiane Northrup<\/strong><\/p><p><em>MD, New York Times bestselling author of The Wisdom of Menopause<\/em><\/p>",
            "link_label": "",
            "link": "",
            "button_color": "color-scheme",
            "css_class": "rightcolumn"
          }
        },
        "180871fa-2274-4181-b9f9-96670eaff194": {
          "type": "column",
          "settings": {
            "image": "shopify:\/\/shop_images\/david-perlmutter.jpg",
            "title": "",
            "heading_color": "color-scheme",
            "text": "",
            "link_label": "",
            "link": "",
            "button_color": "color-scheme",
            "css_class": "leftcolumn"
          }
        },
        "09e8ed85-c670-445c-8062-118cbd2a8b05": {
          "type": "column",
          "settings": {
            "title": "",
            "heading_color": "color-scheme",
            "text": "<p>“Dr. Cabeca brings an incredible level of clarity to the task of optimizing hormone function - a task that has long proven a challenge for patients and clinicians alike. There is so much a woman can do to regain health through hormone balance, and Dr. Cabeca provides the roadmap.”<\/p><p>— <strong>David Perlmutter<\/strong><\/p><p><em>MD, Author, #1 New York Times bestseller, Grain Brain, and Brain Maker<\/em><\/p>",
            "link_label": "",
            "link": "",
            "button_color": "color-scheme",
            "css_class": "rightcolumn"
          }
        }
      },
      "block_order": [
        "1654342987af5fde1e-0",
        "1654342987af5fde1e-1",
        "1654342987af5fde1e-2",
        "9bd8e5cc-0917-4465-b6da-4701f26610ec",
        "180871fa-2274-4181-b9f9-96670eaff194",
        "09e8ed85-c670-445c-8062-118cbd2a8b05"
      ],
      "settings": {
        "anchor_id": "",
        "title": "Rave Reviews for The Hormone Fix",
        "text": "",
        "heading_size": "h1",
        "heading_color": "foreground",
        "text_size": "h4",
        "column_heading_size": "h3",
        "column_text_size": "p",
        "image_width": "full",
        "image_ratio": "circle",
        "columns_desktop": 2,
        "column_alignment": "left",
        "column_link_type": "button",
        "background_style": "none",
        "button_label": "",
        "button_link": "",
        "button_color": "color-scheme",
        "color_scheme": "background-1",
        "columns_mobile": "1",
        "swipe_on_mobile": false,
        "padding_top": 36,
        "padding_bottom": 36,
        "css_class": "",
        "custom_css": ".multicolumn-card__image-wrapper { max-width: 200px; margin: 0 auto; }\n.leftcolumn { max-width: 300px; margin: 10 auto; }\n.rightcolumn { max-width: 1000px; margin: 10 auto; }\n\n.grid--2-col-desktop .grid__item:nth-child(odd) { max-width: calc(30% - var(--grid-desktop-horizontal-spacing) \/ 2); }\n\n.grid--2-col-desktop .grid__item:nth-child(even) { min-width: calc(70% - var(--grid-desktop-horizontal-spacing) \/ 2); }\n\nh2 {\nfont-size: 53px;\npadding-bottom:15px;\n}\np {\nfont-size: 21px;\n}",
        "custom_css_mobile": "h2 {\nfont-size: 35px;\n}\n\n.grid--2-col-desktop .grid__item:nth-child(odd) { max-width: 100%; }"
      }
    },
    "16582571767cd40403": {
      "type": "image-with-text",
      "blocks": {
        "16582571765aa1deec-0": {
          "type": "heading",
          "settings": {
            "heading": "Hi, I’m Dr. Anna Cabeca.",
            "heading_size": "h1",
            "heading_color": "accent-1",
            "css_class": ""
          }
        },
        "16582571765aa1deec-1": {
          "type": "text",
          "settings": {
            "text": "<p>And over the past 20 years I've served <strong>over 10,000 women <\/strong>in my private practice and millions more online through my videos, podcasts, and articles. <\/p><p>Although I currently enjoy great health and energy, it wasn't always this way. There was a time when <strong>I weighed over 240 pounds<\/strong>! My hair was falling out in clumps, I was depressed, and I couldn't sleep... but I was always exhausted.<\/p><p>I was a board-certified physician and I was helpless to fix this mess with the tools that were available to me within the conventional medical system of the time. Antidepressants and sleeping pills were <strong>not an acceptable answer <\/strong>so I literally took a journey around the world that saved my life and improved the lives of tens of thousands of others. <\/p><p>Now <strong>I feel great and I have all the energy I need <\/strong>for my very fulfilling life with four daughters, running a busy business, operating a charitable foundation, and training other physicians about hormones. <\/p><p>I've got all this going on and yet I manage to stay healthy, happy, and fit. <\/p><p>How do you want to live out the rest of your life? <\/p><p>What kind of example do you want to leave for your children and grandchildren?<\/p><p>I want you to live the best quality of life and <strong>my plan to help you do that is inside The Hormone Fix! <\/strong><\/p><p>So check out this sneak peek and you'll find out you can get your hands on the entire book when it's ready.<\/p>",
            "text_style": "body",
            "css_class": ""
          }
        },
        "16582571765aa1deec-2": {
          "type": "button",
          "settings": {
            "button_label": "GET YOUR SNEAK PEEK",
            "button_link": "#optin",
            "button_color": "accent-4",
            "css_class": ""
          }
        }
      },
      "block_order": [
        "16582571765aa1deec-0",
        "16582571765aa1deec-1",
        "16582571765aa1deec-2"
      ],
      "settings": {
        "image": "shopify:\/\/shop_images\/MenuPause_LP_Quiz-Opt-In-Page-Dr.Anna.jpg",
        "height": "adapt",
        "desktop_image_width": "medium",
        "layout": "text_first",
        "desktop_content_position": "top",
        "desktop_content_alignment": "left",
        "content_layout": "no-overlap",
        "color_scheme": "background-1",
        "mobile_content_alignment": "left",
        "padding_top": 36,
        "padding_bottom": 0,
        "css_class": "dac-full-width  dac-padding-side-none dac-allow-media-resize",
        "custom_css": "h2 {\nfont-size: 33px;\ncolor:black;\n}\np {\nfont-size: 21px;\n}\n.button {\nfont-size: 24;\nmargin:40px auto;\n\n}\n\nStrong{color:red;}\n\n.page-width { max-width: 1800px;}",
        "custom_css_mobile": ""
      }
    },
    "1658250672dac6639f": {
      "type": "image",
      "settings": {
        "image": "shopify:\/\/shop_images\/TGFD_Logolist-desktop.png",
        "mobile_image": "shopify:\/\/shop_images\/TGFD_Logolist-02-1.png",
        "max_width": 0,
        "color_scheme": "background-1",
        "link": "",
        "padding_top": 36,
        "padding_bottom": 36,
        "css_class": "",
        "custom_css": "",
        "custom_css_mobile": ""
      }
    },
    "16543413375e4fa8d4": {
      "type": "rich-text",
      "blocks": {
        "16543413373de05a04-0": {
          "type": "heading",
          "settings": {
            "heading": "Get Your Sneak Peek at This Life-Changing Book Today!",
            "heading_size": "h1",
            "heading_alignment": "center",
            "heading_color": "foreground",
            "css_class": "",
            "heading_divider": false
          }
        },
        "bbba1775-a3c5-4503-b0de-002c76282c3a": {
          "type": "custom_liquid",
          "settings": {
            "custom_liquid": "<div class=\"klaviyo-form-W4WUia\" data-name=\"Hormone Fix Sneak Peek opt-in\"><\/div>",
            "css_class": ""
          }
        }
      },
      "block_order": [
        "16543413373de05a04-0",
        "bbba1775-a3c5-4503-b0de-002c76282c3a"
      ],
      "settings": {
        "anchor_id": "optin",
        "color_scheme": "background-2",
        "full_width": true,
        "padding_top": 40,
        "padding_bottom": 52,
        "css_class": "",
        "custom_css": "h2 {\nfont-size: 46px;\n}",
        "custom_css_mobile": "h2 {\nfont-size: 30px;\n}"
      }
    },
    "main": {
      "type": "main-page",
      "disabled": true,
      "settings": {
        "display_title": true,
        "color_scheme": "background-1",
        "padding_top": 28,
        "padding_bottom": 28,
        "css_class": "",
        "custom_css": "",
        "custom_css_mobile": ""
      }
    }
  },
  "order": [
    "16462238058b508f23",
    "16461663454a306e26",
    "164616622356f72eeb",
    "1654342987b12a4c39",
    "16582571767cd40403",
    "1658250672dac6639f",
    "16543413375e4fa8d4",
    "main"
  ]
}
