{
  "layout": "theme-offer-page",
  "sections": {
    "main": {
      "type": "main-page",
      "settings": {
        "display_title": true,
        "color_scheme": "background-1",
        "padding_top": 40,
        "padding_bottom": 40,
        "css_class": "visually-hidden",
        "custom_css": "",
        "custom_css_mobile": ""
      }
    },
    "1640097424c2f7eec2": {
      "type": "header-offer-page",
      "blocks": {
        "64d5290e-0111-45f8-add9-b15e6899534a": {
          "type": "countdown_timer",
          "disabled": true,
          "settings": {
            "title": "Masterclass Begins In:",
            "end_date_time": "August 31, 2022 19:00:00 GMT-0400",
            "first_countdown": true,
            "color_scheme": "background-1",
            "padding_top": 20,
            "padding_bottom": 20,
            "css_class": ""
          }
        },
        "bd5c02bc-ed1a-47fb-93b9-a67e14efaa95": {
          "type": "custom_colors",
          "settings": {
            "colors_solid_button_labels": "",
            "colors_accent_1": "",
            "gradient_accent_1": "",
            "colors_accent_2": "rgba(0,0,0,0)",
            "gradient_accent_2": "",
            "colors_accent_3": "",
            "colors_accent_4": "",
            "colors_text": "",
            "colors_outline_button_labels": "",
            "colors_background_1": "",
            "gradient_background_1": "",
            "colors_background_2": "#fcfaf7",
            "gradient_background_2": ""
          }
        }
      },
      "block_order": [
        "64d5290e-0111-45f8-add9-b15e6899534a",
        "bd5c02bc-ed1a-47fb-93b9-a67e14efaa95"
      ],
      "settings": {
        "color_scheme": "accent-2",
        "display_logo": true,
        "enable_logo_link": false,
        "logo_color": "gold",
        "show_line_separator": false,
        "enable_sticky_header": true,
        "margin_bottom": 0,
        "css_class": "",
        "custom_css": "",
        "custom_css_mobile": ""
      }
    },
    "84341ec2-3cc6-4546-b0dc-1f94a9f6de08": {
      "type": "rich-text",
      "blocks": {
        "4de1a7fc-dad0-4910-a1a2-319888bb255c": {
          "type": "heading",
          "settings": {
            "heading": "You're all set!",
            "heading_size": "h0",
            "heading_alignment": "center",
            "heading_color": "color-scheme",
            "css_class": "dac-alt-font-span",
            "heading_divider": false
          }
        }
      },
      "block_order": [
        "4de1a7fc-dad0-4910-a1a2-319888bb255c"
      ],
      "settings": {
        "anchor_id": "",
        "color_scheme": "background-1",
        "full_width": true,
        "padding_top": 52,
        "padding_bottom": 20,
        "css_class": "",
        "custom_css": ".dac-alt-font-span {\nfont-size: 5em;\n}",
        "custom_css_mobile": ""
      }
    },
    "58c46530-1753-4848-939f-4f6768aa5a23": {
      "type": "video",
      "settings": {
        "heading": "",
        "heading_size": "h1",
        "heading_color": "color-scheme",
        "cover_image": "shopify:\/\/shop_images\/sexualhealthmasterclass_720.png",
        "video_url_metafield": "",
        "video_url": "https:\/\/player.vimeo.com\/video\/583973834",
        "description": "",
        "transcript": "",
        "full_width": false,
        "color_scheme": "background-1",
        "padding_top": 36,
        "padding_bottom": 36,
        "css_class": "",
        "custom_css": "{width:75%; margin: auto;}",
        "custom_css_mobile": ""
      }
    }
  },
  "order": [
    "main",
    "1640097424c2f7eec2",
    "84341ec2-3cc6-4546-b0dc-1f94a9f6de08",
    "58c46530-1753-4848-939f-4f6768aa5a23"
  ]
}
