{
  "layout": "theme-offer-page",
  "sections": {
    "16462238058b508f23": {
      "type": "header-offer-page",
      "blocks": {
        "2d234c6a-ad15-4b01-b895-79b7c0f04cdf": {
          "type": "custom_colors",
          "settings": {
            "colors_solid_button_labels": "",
            "colors_accent_1": "#63316e",
            "gradient_accent_1": "",
            "colors_accent_2": "#ff8f19",
            "gradient_accent_2": "",
            "colors_accent_3": "rgba(0,0,0,0)",
            "colors_accent_4": "",
            "colors_text": "",
            "colors_outline_button_labels": "",
            "colors_background_1": "",
            "gradient_background_1": "",
            "colors_background_2": "rgba(0,0,0,0)",
            "gradient_background_2": ""
          }
        }
      },
      "block_order": [
        "2d234c6a-ad15-4b01-b895-79b7c0f04cdf"
      ],
      "settings": {
        "color_scheme": "background-1",
        "display_logo": true,
        "enable_logo_link": false,
        "logo_color": "gold",
        "show_line_separator": false,
        "enable_sticky_header": true,
        "margin_bottom": 0,
        "css_class": "",
        "custom_css": "@font-face {\n  font-family: 'Larsseit';\n  src: url(https:\/\/d2saw6je89goi1.cloudfront.net\/uploads\/digital_asset\/file\/962385\/Type_Dynamic_-_Larsseit_Regular.otf);\n  font-weight: normal;\n  font-style: normal;\n}\n@font-face {\n  font-family: 'Larsseit-Bold';\n  src: url(https:\/\/d2saw6je89goi1.cloudfront.net\/uploads\/digital_asset\/file\/962384\/Type_Dynamic_-_Larsseit_Bold.otf) format('truetype');\n  font-weight: var(--font-body-weight-bold);\n  font-style: normal;\n}\n@font-face {\n  font-family: 'Larsseit-Thin';\n  src: url(https:\/\/d2saw6je89goi1.cloudfront.net\/uploads\/digital_asset\/file\/962386\/Type_Dynamic_-_Larsseit_Thin.otf) format('truetype');\n  font-weight: lighter;\n  font-style: normal;\n}\n\n@font-face {\n  font-family: 'Larsseit-Light';\n  src: url(https:\/\/d2saw6je89goi1.cloudfront.net\/uploads\/digital_asset\/file\/965155\/Larsseit-Light.ttf) format('truetype');\n  font-weight: lighter;\n  font-style: normal;\n}\n\nbody {\n  font-family: 'Larsseit-Light', serif !important;\n}",
        "custom_css_mobile": ""
      }
    },
    "16461663454a306e26": {
      "type": "rich-text",
      "blocks": {
        "1646166345821458f3-0": {
          "type": "heading",
          "settings": {
            "heading": "NO MORE Weight Loss Plateaus",
            "heading_size": "h1",
            "heading_alignment": "center",
            "heading_color": "color-scheme",
            "css_class": "",
            "heading_divider": false
          }
        }
      },
      "block_order": [
        "1646166345821458f3-0"
      ],
      "settings": {
        "anchor_id": "",
        "color_scheme": "accent-1",
        "full_width": true,
        "padding_top": 24,
        "padding_bottom": 24,
        "css_class": "",
        "custom_css": "h2 {\nfont-size: 63px;\n}",
        "custom_css_mobile": "h2 {\nfont-size: 35px;\n}"
      }
    },
    "164616622356f72eeb": {
      "type": "image-with-text",
      "blocks": {
        "1646166223b6760f4c-0": {
          "type": "heading",
          "settings": {
            "heading": "9 Things You Can Do Now to Break a Weight Loss Plateau",
            "heading_size": "h2",
            "heading_color": "accent-1",
            "css_class": ""
          }
        },
        "5cc900b8-f1f5-466a-abf2-ebfa1bc57071": {
          "type": "list",
          "settings": {
            "list_items": "<p>Get 9 tried & true ways to break your fat burn plateau in as little as 1 day​<\/p><p>Discover which foods to eat more of… and which to set aside<\/p><p>​Identify the hormone that could be silently sabotaging your efforts<strong>​<\/strong><\/p><p>Learn the most effective trick for propelling yourself—and your results—forward<\/p>",
            "list_style_type": "bullets",
            "text_alignment": "left",
            "css_class": ""
          }
        },
        "f698dec3-aba3-4c19-8be2-ba298d3628ba": {
          "type": "button",
          "settings": {
            "button_label": "YES! GIVE ME MY LIST",
            "button_link": "#optin",
            "button_color": "accent-2",
            "css_class": ""
          }
        }
      },
      "block_order": [
        "1646166223b6760f4c-0",
        "5cc900b8-f1f5-466a-abf2-ebfa1bc57071",
        "f698dec3-aba3-4c19-8be2-ba298d3628ba"
      ],
      "settings": {
        "image": "shopify:\/\/shop_images\/MenuPause_LP_9Ways_Checklist-_opt-in-page-02.webp",
        "height": "adapt",
        "desktop_image_width": "medium",
        "layout": "image_first",
        "desktop_content_position": "top",
        "desktop_content_alignment": "left",
        "content_layout": "no-overlap",
        "color_scheme": "background-2",
        "mobile_content_alignment": "left",
        "padding_top": 0,
        "padding_bottom": 36,
        "css_class": "dac-full-width dac-padding-side-none",
        "custom_css": "h2 {\nfont-size: 44px;\n}\n\nul li {\nfont-size: 23px;\n}\n\n.button {\nfont-size: 23px;\npadding: 10px 25px;\n}",
        "custom_css_mobile": "h2 {\nfont-size: 35px;\n}\n\nul li {\nfont-size: 21px;\n}\n\n.button {\nfont-size: 14px;\npadding: 10px 25px;\n}"
      }
    },
    "1658250672dac6639f": {
      "type": "image",
      "settings": {
        "image": "shopify:\/\/shop_images\/TGFD_Logolist-desktop.png",
        "mobile_image": "shopify:\/\/shop_images\/TGFD_Logolist-02-1.png",
        "max_width": 0,
        "color_scheme": "background-1",
        "link": "",
        "padding_top": 36,
        "padding_bottom": 36,
        "css_class": "",
        "custom_css": "",
        "custom_css_mobile": ""
      }
    },
    "1654429156cf23b65b": {
      "type": "image-with-text",
      "blocks": {
        "1654429156c9b37b07-0": {
          "type": "heading",
          "settings": {
            "heading": "Want fast solutions to revive your progress?",
            "heading_size": "h1",
            "heading_color": "accent-1",
            "css_class": ""
          }
        },
        "1654429156c9b37b07-1": {
          "type": "text",
          "settings": {
            "text": "<p>When you’re putting in the effort, there’s nothing more frustrating than hitting a wall. <\/p><p>But the truth is, a plateau can be a good thing. It means your body’s adapted to your new habits and is working more efficiently. <\/p><p>So, let’s shake things up and kick-start your next phase of progress.<\/p>",
            "text_style": "body",
            "css_class": ""
          }
        },
        "ecaaa7d6-5e8a-4d5c-a806-687fd8692699": {
          "type": "caption",
          "settings": {
            "caption": "9 Keto-Green Ways to Break a Plateau gives you a variety of options for overcoming  this obstacle… in as little as 1 day.",
            "text_style": "subtitle",
            "text_size": "large",
            "css_class": ""
          }
        },
        "3c43fea9-3506-4d28-87e6-4fbb9f9d74e4": {
          "type": "text",
          "settings": {
            "text": "<p>Whether you prefer to change your meals, your macros, or your movement, there’s a way forward.<\/p>",
            "text_style": "body",
            "css_class": ""
          }
        },
        "afdc0387-caec-4dc4-8a43-9f220fbfec0b": {
          "type": "button",
          "settings": {
            "button_label": "YES! GIVE ME MY LIST",
            "button_link": "#optin",
            "button_color": "color-scheme",
            "css_class": ""
          }
        }
      },
      "block_order": [
        "1654429156c9b37b07-0",
        "1654429156c9b37b07-1",
        "ecaaa7d6-5e8a-4d5c-a806-687fd8692699",
        "3c43fea9-3506-4d28-87e6-4fbb9f9d74e4",
        "afdc0387-caec-4dc4-8a43-9f220fbfec0b"
      ],
      "settings": {
        "image": "shopify:\/\/shop_images\/MenuPause_LP_9Ways_Checklist-_opt-in-page-food_move.jpg",
        "height": "adapt",
        "desktop_image_width": "medium",
        "layout": "text_first",
        "desktop_content_position": "middle",
        "desktop_content_alignment": "left",
        "content_layout": "no-overlap",
        "color_scheme": "background-1",
        "mobile_content_alignment": "left",
        "padding_top": 36,
        "padding_bottom": 36,
        "css_class": "",
        "custom_css": "h2 {\nfont-size: 53px;\ncolor: #63316e;\n}\n\np {\nfont-size: 21px;\n}\n\n.subtitle {\nfont-size: 33px;\nline-height: 1em;\ncolor: #63316e;\n}\n\nol li {\nlist-style-type: none;\nfont-size: 21px;\n}\n\n\n.button {\nfont-size: 24px;\npadding: 10px 25px;\nbackground-color: #ff8f19;\nborder: 0px;\n}",
        "custom_css_mobile": "h2 {\nfont-size: 35px;\ncolor: #63316e;\n}\n\np {\nfont-size: 21px;\n}\n\n.subtitle {\nfont-size: 28px;\nline-height: 1em;\ncolor: #63316e;\n}\n\nol li {\nlist-style-type: none;\nfont-size: 21px;\n}\n\n\n.button {\nfont-size: 14px;\npadding: 10px 25px;\nbackground-color: #ff8f19;\nborder: 0px;\n}"
      }
    },
    "16582571767cd40403": {
      "type": "image-with-text",
      "blocks": {
        "16582571765aa1deec-0": {
          "type": "heading",
          "settings": {
            "heading": "Hi, I’m Dr. Anna Cabeca.",
            "heading_size": "h1",
            "heading_color": "accent-1",
            "css_class": ""
          }
        },
        "16582571765aa1deec-1": {
          "type": "text",
          "settings": {
            "text": "<p>Over the past 20 years, I’ve served <strong>10,000+ women <\/strong>in my private practice as an OBGYN — and <strong>millions more <\/strong>through my books, online videos and articles.<\/p><p>Through the power of the Keto-Green lifestyle, <strong>thousands of women have opted out of menopause misery <\/strong>and experienced a joyful transition to the next stage of their lives. But too often, women get discouraged when they hit the inevitable plateau and end up quitting before they get to experience the best benefits.<\/p><p><strong>You deserve to feel energetic, vibrant, and strong.<\/strong>That’s why I’m sharing this list of strategies for getting out of a metabolic rut and making progress. It’s yours free. Just click below to get started.<\/p>",
            "text_style": "body",
            "css_class": ""
          }
        },
        "16582571765aa1deec-2": {
          "type": "button",
          "settings": {
            "button_label": "YES! GIVE ME MY LIST",
            "button_link": "#optin",
            "button_color": "accent-2",
            "css_class": ""
          }
        }
      },
      "block_order": [
        "16582571765aa1deec-0",
        "16582571765aa1deec-1",
        "16582571765aa1deec-2"
      ],
      "settings": {
        "image": "shopify:\/\/shop_images\/MenuPause_LP_Quiz-Opt-In-Page-Dr.Anna.jpg",
        "height": "adapt",
        "desktop_image_width": "medium",
        "layout": "image_first",
        "desktop_content_position": "top",
        "desktop_content_alignment": "left",
        "content_layout": "no-overlap",
        "color_scheme": "background-1",
        "mobile_content_alignment": "left",
        "padding_top": 36,
        "padding_bottom": 36,
        "css_class": "dac-full-width  dac-padding-side-none",
        "custom_css": "h2 {\nfont-size: 53px;\n}\np {\nfont-size: 21px;\n}\nbutton {\nfont-size: 24;\npadding: 10px 25px;\n}",
        "custom_css_mobile": ""
      }
    },
    "1658262889339758a0": {
      "type": "rich-text",
      "settings": {
        "anchor_id": "optin",
        "color_scheme": "background-1",
        "full_width": true,
        "padding_top": 0,
        "padding_bottom": 0,
        "css_class": "",
        "custom_css": "",
        "custom_css_mobile": ""
      }
    },
    "c8fd68e6-fc0f-45cb-a1bc-2e49079defc3": {
      "type": "custom-liquid",
      "settings": {
        "anchor_id": "",
        "custom_liquid": "<h2 class=\"h1 center heading--accent-1\">Where should I send your Checklist?<\/h2>\n<div class=\"klaviyo-form-WN9P48\" data-name=\"MenuPause Plateau to Book Offer\"><\/div>",
        "color_scheme": "background-2",
        "padding_top": 32,
        "padding_bottom": 52,
        "css_class": "custombox",
        "custom_css": ".custombox {margin-top:0px; padding-top:0px;}",
        "custom_css_mobile": ""
      }
    },
    "main": {
      "type": "main-page",
      "disabled": true,
      "settings": {
        "display_title": true,
        "color_scheme": "background-1",
        "padding_top": 28,
        "padding_bottom": 28,
        "css_class": "",
        "custom_css": "",
        "custom_css_mobile": ""
      }
    }
  },
  "order": [
    "16462238058b508f23",
    "16461663454a306e26",
    "164616622356f72eeb",
    "1658250672dac6639f",
    "1654429156cf23b65b",
    "16582571767cd40403",
    "1658262889339758a0",
    "c8fd68e6-fc0f-45cb-a1bc-2e49079defc3",
    "main"
  ]
}
