{"layout":"theme-offer-page","sections":{"main":{"type":"main-page","disabled":true,"settings":{"display_title":true,"color_scheme":"background-1","padding_top":28,"padding_bottom":28,"css_class":"","custom_css":"","custom_css_mobile":""}},"16462238058b508f23":{"type":"header-offer-page","blocks":{"2d234c6a-ad15-4b01-b895-79b7c0f04cdf":{"type":"custom_colors","settings":{"colors_solid_button_labels":"","colors_accent_1":"#63316e","gradient_accent_1":"","colors_accent_2":"#ff8f19","gradient_accent_2":"","colors_accent_3":"rgba(0,0,0,0)","colors_accent_4":"","colors_text":"","colors_outline_button_labels":"","colors_background_1":"","gradient_background_1":"","colors_background_2":"rgba(0,0,0,0)","gradient_background_2":""}}},"block_order":["2d234c6a-ad15-4b01-b895-79b7c0f04cdf"],"settings":{"color_scheme":"background-1","display_logo":true,"enable_logo_link":false,"logo_color":"gold","show_line_separator":false,"enable_sticky_header":true,"margin_bottom":0,"css_class":"","custom_css":"","custom_css_mobile":""}},"16461663454a306e26":{"type":"rich-text","blocks":{"1646166345821458f3-0":{"type":"heading","settings":{"heading":"Exclusively for MenuPause Readers","heading_size":"h2","heading_alignment":"center","heading_color":"color-scheme","css_class":"","heading_divider":false}}},"block_order":["1646166345821458f3-0"],"settings":{"anchor_id":"","color_scheme":"accent-1","full_width":true,"padding_top":24,"padding_bottom":24,"css_class":"","custom_css":"","custom_css_mobile":""}},"1661446406454231cb":{"type":"multicolumn","blocks":{"098ecc2f-5e0c-4e72-8dbe-5a69ccbe0e7d":{"type":"custom_liquid","settings":{"custom_liquid":"<script>\n    document.addEventListener(\"DOMContentLoaded\", (event) => {\n      let q = new URLSearchParams(window.location.search);\n      let t = document.querySelector('.' + q.get('bonus'));\n      if (t) {\n        t.style.display = 'block';\n      }\n    });\n  <\/script>","css_class":""}},"16614464064c5c4cf3-0":{"type":"column","settings":{"title":"","heading_color":"color-scheme","text":"","link_label":"Access Your Book Bonuses!","link":"https:\/\/drannacabeca.com\/pages\/f-menupause-bonuses","button_color":"foreground","css_class":"bonuses"}}},"block_order":["098ecc2f-5e0c-4e72-8dbe-5a69ccbe0e7d","16614464064c5c4cf3-0"],"settings":{"anchor_id":"","title":"","text":"","heading_size":"h1","heading_color":"color-scheme","text_size":"p","column_heading_size":"h3","column_text_size":"p","image_width":"full","image_ratio":"adapt","columns_desktop":1,"column_alignment":"center","column_link_type":"button","background_style":"none","button_label":"","button_link":"","button_color":"color-scheme","color_scheme":"accent-2","columns_mobile":"1","swipe_on_mobile":false,"padding_top":0,"padding_bottom":0,"css_class":"","custom_css":".button {\ncolor:#63316e;\nfont-size:30px;\npadding:10px 25px;\n}\n.bonuses {\ndisplay: none;\n  }","custom_css_mobile":".button {\ncolor:#63316e;\nfont-size:16px;\npadding:10px 25px;\n}"}},"165434153043dfad40":{"type":"video","settings":{"heading":"Accelerate Your Results With\\nThe MenuPause Reset Kit","heading_size":"h1","heading_color":"foreground","cover_image":"shopify:\/\/shop_images\/menupause-reset-kit-vid-cover.jpg","video_url_metafield":"","video_url":"https:\/\/player.vimeo.com\/video\/657914164?h=7128308965","description":"","transcript":"","full_width":false,"color_scheme":"background-1","padding_top":36,"padding_bottom":36,"css_class":"","custom_css":"h2::first-line { color: #63316e; }","custom_css_mobile":""}},"16543413375e4fa8d4":{"type":"rich-text","blocks":{"16543413373de05a04-0":{"type":"heading","settings":{"heading":"Special Offer","heading_size":"h1","heading_alignment":"center","heading_color":"accent-1","css_class":"","heading_divider":false}},"6e2edc2e-0d69-4884-8505-14f773792ef1":{"type":"image","settings":{"image":"shopify:\/\/shop_images\/MenuPause_LP_BookUpsell1-06_e262723b-3ab4-42eb-bfa2-371f4a6b6379.png","max_width":0,"css_class":""}},"16543413373de05a04-2":{"type":"button","settings":{"button_label":"GET IT ALL FOR JUST $78.95!","button_link":"#buy","button_style_secondary":false,"button_alignment":"center","button_color":"accent-2","css_class":""}}},"block_order":["16543413373de05a04-0","6e2edc2e-0d69-4884-8505-14f773792ef1","16543413373de05a04-2"],"settings":{"anchor_id":"","color_scheme":"background-2","full_width":true,"padding_top":40,"padding_bottom":52,"css_class":"","custom_css":"","custom_css_mobile":""}},"1654342987b12a4c39":{"type":"multicolumn","blocks":{"1654342987af5fde1e-0":{"type":"column","settings":{"image":"shopify:\/\/shop_images\/MenuPause_LP_BookUpsell1-03.webp","title":"","heading_color":"color-scheme","text":"<p>Get alkalized & balanced with Mighty Maca Plus superfood drink mix<\/p>","link_label":"","link":"","button_color":"color-scheme","css_class":""}},"1654342987af5fde1e-1":{"type":"column","settings":{"image":"shopify:\/\/shop_images\/MenuPause_LP_BookUpsell1-04.webp","title":"","heading_color":"color-scheme","text":"<p>Stay satisfied and energized with a delicious Keto-Green shake<\/p>","link_label":"","link":"","button_color":"color-scheme","css_class":""}},"1654342987af5fde1e-2":{"type":"column","settings":{"image":"shopify:\/\/shop_images\/MenuPause_LP_BookUpsell1-05.webp","title":"","heading_color":"color-scheme","text":"<p>Find help, encouragement & friendship in The Girlfriend Doctor Club<\/p>","link_label":"","link":"","button_color":"color-scheme","css_class":""}}},"block_order":["1654342987af5fde1e-0","1654342987af5fde1e-1","1654342987af5fde1e-2"],"settings":{"anchor_id":"","title":"Reset your body and reignite your progress!\\nStart burning fat & balancing hormones.","text":"<p>All-day support for looking & feeling your best<\/p>","heading_size":"h1","heading_color":"accent-1","text_size":"h4","column_heading_size":"h3","column_text_size":"p","image_width":"full","image_ratio":"adapt","columns_desktop":3,"column_alignment":"center","column_link_type":"button","background_style":"none","button_label":"","button_link":"","button_color":"color-scheme","color_scheme":"background-1","columns_mobile":"1","swipe_on_mobile":false,"padding_top":36,"padding_bottom":36,"css_class":"","custom_css":".multicolumn-card__image-wrapper { max-width: 330px; margin: 0 auto; }","custom_css_mobile":""}},"165434335589c58515":{"type":"rich-text","blocks":{"165434335569444dc8-0":{"type":"heading","settings":{"heading":"Here’s everything you get in your Reset Kit","heading_size":"h1","heading_alignment":"center","heading_color":"color-scheme","css_class":"","heading_divider":false}}},"block_order":["165434335569444dc8-0"],"settings":{"anchor_id":"","color_scheme":"accent-1","full_width":true,"padding_top":40,"padding_bottom":52,"css_class":"","custom_css":"","custom_css_mobile":""}},"164616622356f72eeb":{"type":"image-with-text","blocks":{"1646166223b6760f4c-0":{"type":"heading","settings":{"heading":"Keto-Green Protein Shake","heading_size":"h2","heading_color":"accent-1","css_class":""}},"1646166223b6760f4c-1":{"type":"text","settings":{"text":"<p>Delicious and nourishing, this plant-based meal replacement contains the perfect blend of protein, clean fats, alkalizing greens, and antioxidant superfoods.<\/p>","text_style":"body","css_class":""}},"5cc900b8-f1f5-466a-abf2-ebfa1bc57071":{"type":"list","settings":{"list_items":"<p>Supports ketosis and alkalinity<\/p><p>​Curbs cravings and keeps you feeling satisfied​<\/p><p>Supports strength and feeds your body what it needs<\/p><p><strong>​<\/strong>Boosts energy with superfoods, not stimulants<\/p><p>​Fights inflammation and supports detoxification​<\/p><p>Made without sugar or artificial sweeteners<\/p>","list_style_type":"bullets","text_alignment":"left","css_class":""}}},"block_order":["1646166223b6760f4c-0","1646166223b6760f4c-1","5cc900b8-f1f5-466a-abf2-ebfa1bc57071"],"settings":{"anchor_id":"","image":"shopify:\/\/shop_images\/MenuPause_LP_BookUpsell1-07.png","height":"adapt","desktop_image_width":"medium","layout":"text_first","desktop_content_position":"top","desktop_content_alignment":"left","content_layout":"no-overlap","color_scheme":"background-1","mobile_content_alignment":"left","padding_top":52,"padding_bottom":36,"css_class":"dac-full-width dac-padding-side-none","custom_css":"","custom_css_mobile":""}},"1654429358ceee9c3b":{"type":"rich-text","blocks":{"89de5a20-2bc8-4e8c-aeb4-2d23f418bd2b":{"type":"heading","settings":{"heading":"“This meal replacement drinks sets me up for great choices the rest of the day. Flavor is good and easy to drink.”","heading_size":"h1","heading_alignment":"center","heading_color":"accent-1","css_class":"","heading_divider":false}},"b4ed52b2-f0d3-4c35-b1b0-30dc3fa5e13a":{"type":"text","settings":{"text":"<p>– SHELLY S.<\/p>","text_alignment":"center","text_size":"p","css_class":""}}},"block_order":["89de5a20-2bc8-4e8c-aeb4-2d23f418bd2b","b4ed52b2-f0d3-4c35-b1b0-30dc3fa5e13a"],"settings":{"anchor_id":"","color_scheme":"background-1","full_width":true,"padding_top":0,"padding_bottom":52,"css_class":"","custom_css":"h2 {\nfont-size:34px;\n}","custom_css_mobile":"h2 {\nfont-size:30px;\n}"}},"1654429156cf23b65b":{"type":"image-with-text","blocks":{"1654429156c9b37b07-0":{"type":"heading","settings":{"heading":"Mighty Maca Plus","heading_size":"h1","heading_color":"accent-1","css_class":""}},"1654429156c9b37b07-1":{"type":"text","settings":{"text":"<p>With over 30 amazing all-natural ingredients, each serving is packed with feel-good nutrients you can dish up in a glass.<\/p>","text_style":"body","css_class":""}},"4922f08e-b0b8-4e17-b872-c9d6dd46ea93":{"type":"list","settings":{"list_items":"<p>Increases stamina and boosts energy​<\/p><p>Aids metabolism and improves digestion​<\/p><p>Fights inflammation and decreases hot flashes<strong>​<\/strong><\/p><p>Helps naturally balance hormones​<\/p><p>Helps maintain stable blood sugar levels<\/p>","list_style_type":"bullets","text_alignment":"left","css_class":""}}},"block_order":["1654429156c9b37b07-0","1654429156c9b37b07-1","4922f08e-b0b8-4e17-b872-c9d6dd46ea93"],"settings":{"anchor_id":"","image":"shopify:\/\/shop_images\/MenuPause_LP_BookUpsell1-08_5d2fbf3c-1932-4f58-b39f-a4fb480709b1.png","height":"adapt","desktop_image_width":"medium","layout":"text_first","desktop_content_position":"middle","desktop_content_alignment":"left","content_layout":"no-overlap","color_scheme":"background-2","mobile_content_alignment":"left","padding_top":36,"padding_bottom":0,"css_class":"dac-full-width dac-padding-side-none","custom_css":"","custom_css_mobile":""}},"1654429364514212c6":{"type":"rich-text","blocks":{"a464d4ff-4547-4435-b930-33475281e33a":{"type":"heading","settings":{"heading":"“If I had to give up all supplements except for one, this would be the one.”","heading_size":"h1","heading_alignment":"center","heading_color":"accent-1","css_class":"","heading_divider":false}},"e07b3336-6c00-4df9-bfda-e165b77b7bd3":{"type":"text","settings":{"text":"<p>– JULIE T.<\/p>","text_alignment":"center","text_size":"p","css_class":""}}},"block_order":["a464d4ff-4547-4435-b930-33475281e33a","e07b3336-6c00-4df9-bfda-e165b77b7bd3"],"settings":{"anchor_id":"","color_scheme":"background-2","full_width":true,"padding_top":16,"padding_bottom":52,"css_class":"dac-narrow-h2","custom_css":"h2 {\nfont-size:34px;\n}","custom_css_mobile":"h2 {\nfont-size:30px;\n}"}},"1654429840c4fa9e89":{"type":"image-with-text","blocks":{"16544298403c3e5264-0":{"type":"heading","settings":{"heading":"And...Plus a FREE 2-month membership - The Girlfriend Doctor Club","heading_size":"h2","heading_color":"accent-1","css_class":""}},"16544298403c3e5264-1":{"type":"text","settings":{"text":"<p>A private membership that gives you direct access to me, my team, and all of the resources I’ve created to help you build a solid foundation for whole health.<\/p>","text_style":"body","css_class":""}},"c1411115-c266-4b87-93e7-a2a840cdd090":{"type":"list","settings":{"list_items":"<p>2 Live Zoom Q&As face to face with me!​<\/p><p>A member portal with quick access to a library of tools, quizzes, ebooks, and videos to equip you to manage your wellbeing​<\/p><p>Support and sisterhood in the Clubhouse, our private Facebook group with direct access to me and my team, plus secret challenges, giveaways, and more<\/p>","list_style_type":"bullets","text_alignment":"left","css_class":""}}},"block_order":["16544298403c3e5264-0","16544298403c3e5264-1","c1411115-c266-4b87-93e7-a2a840cdd090"],"settings":{"anchor_id":"","image":"shopify:\/\/shop_images\/MenuPause_LP_BookUpsell1-08.png","height":"adapt","desktop_image_width":"medium","layout":"text_first","desktop_content_position":"middle","desktop_content_alignment":"left","content_layout":"no-overlap","color_scheme":"background-1","mobile_content_alignment":"left","padding_top":36,"padding_bottom":36,"css_class":"dac-full-width dac-padding-side-none dac-allow-media-resize","custom_css":"","custom_css_mobile":""}},"1661448950ec7d0d0e":{"type":"rich-text","blocks":{"1661448950e1cf5683-0":{"type":"heading","settings":{"heading":"“I am thrilled to have found this community and be able to dial into these group calls twice a month. I’ve always wanted to have a call with Dr. Anna and now I get her advice and encouragement live. Love it.\"","heading_size":"h1","heading_alignment":"center","heading_color":"accent-1","css_class":"","heading_divider":false}},"1661448950e1cf5683-1":{"type":"text","settings":{"text":"<p>– JENNIFER<\/p>","text_alignment":"center","text_size":"p","css_class":""}}},"block_order":["1661448950e1cf5683-0","1661448950e1cf5683-1"],"settings":{"anchor_id":"","color_scheme":"background-1","full_width":true,"padding_top":40,"padding_bottom":52,"css_class":"","custom_css":"h2 {\nfont-size:34px;\n}","custom_css_mobile":"h2 {\nfont-size:30px;\n}"}},"1654430200390beef3":{"type":"rich-text","blocks":{"1654430200de00f62c-0":{"type":"heading","settings":{"heading":"Set yourself up for success","heading_size":"h1","heading_alignment":"center","heading_color":"color-scheme","css_class":"","heading_divider":false}},"1654430200de00f62c-2":{"type":"button","settings":{"button_label":"ORDER THE RESET KIT FOR JUST $78.95","button_link":"#buy","button_style_secondary":false,"button_alignment":"center","button_color":"accent-2","css_class":""}}},"block_order":["1654430200de00f62c-0","1654430200de00f62c-2"],"settings":{"anchor_id":"","color_scheme":"accent-1","full_width":true,"padding_top":40,"padding_bottom":52,"css_class":"","custom_css":"","custom_css_mobile":""}},"16544302961c3f3a0e":{"type":"rich-text","blocks":{"16544302964f3f73a7-0":{"type":"heading","settings":{"heading":"Are you ready to reset your body\\n& reignite your progress?","heading_size":"h1","heading_alignment":"center","heading_color":"accent-1","css_class":"","heading_divider":false}},"16544302964f3f73a7-1":{"type":"text","settings":{"text":"<p>THE MENUPAUSE RESET KIT<\/p>","text_alignment":"center","text_size":"h4","css_class":""}},"89e2ff21-ad70-470a-bda9-3e142ace8160":{"type":"image","settings":{"image":"shopify:\/\/shop_images\/MenuPause_LP_BookUpsell1-05.png","max_width":0,"css_class":""}},"8c92d573-de14-4b96-a776-e6622b6ed453":{"type":"text","settings":{"text":"<p>All-day support for looking & feeling your best<\/p>","text_alignment":"center","text_size":"h4","css_class":""}},"c740fa7a-6c0c-4386-94a3-e20c3abf993e":{"type":"heading","settings":{"heading":"You'll receive...","heading_size":"h2","heading_alignment":"center","heading_color":"accent-1","css_class":"","heading_divider":false}},"77b47a78-5d54-4e81-86b6-f819840412de":{"type":"list","settings":{"list_items":"<p>A 16-day supply of Keto-Green Shake​<\/p><p>A 16-day supply of Mighty Maca Plus​<\/p><p>2 FREE months in The Girlfriend Doctor Club<\/p>","text_alignment":"left","text_size":"p","css_class":""}},"0b11d94f-096e-4e38-87c1-72f2b3caafa0":{"type":"heading","settings":{"heading":"A $279 value… just $78.95!","heading_size":"h2","heading_alignment":"center","heading_color":"accent-1","css_class":"","heading_divider":false}}},"block_order":["16544302964f3f73a7-0","16544302964f3f73a7-1","89e2ff21-ad70-470a-bda9-3e142ace8160","8c92d573-de14-4b96-a776-e6622b6ed453","c740fa7a-6c0c-4386-94a3-e20c3abf993e","77b47a78-5d54-4e81-86b6-f819840412de","0b11d94f-096e-4e38-87c1-72f2b3caafa0"],"settings":{"anchor_id":"","color_scheme":"background-1","full_width":true,"padding_top":40,"padding_bottom":52,"css_class":"","custom_css":"","custom_css_mobile":""}},"1654430564059d893d":{"type":"rich-text","blocks":{"1654430564eb72e6f7-0":{"type":"heading","settings":{"heading":"Start burning fat & balancing hormones","heading_size":"h1","heading_alignment":"center","heading_color":"color-scheme","css_class":"","heading_divider":false}}},"block_order":["1654430564eb72e6f7-0"],"settings":{"anchor_id":"","color_scheme":"accent-1","full_width":true,"padding_top":40,"padding_bottom":52,"css_class":"","custom_css":"","custom_css_mobile":""}},"1d0ecd86-c259-4de8-bcfc-f7fa326c2ba6":{"type":"multicolumn","blocks":{"c0f0168c-4814-4774-acb8-3d401c06847c":{"type":"product_bundle","settings":{"image":"shopify:\/\/shop_images\/MenuPause_LP_BookUpsell1-05.png","title":"MenuPause Reset Kit","variants":"menupause-reset-kit,BUND-MENUPAUSE","offer_name":"","price_features":"total","banner":"","text":"<p>A 16-day supply of Keto-Green Shake<\/p><p>​A 16-day supply of Mighty Maca <\/p><p>Plus ​2 FREE months in The Girlfriend Doctor Club<\/p>","guarantee_length":"60","offer_inventory_policy":"deny","show_inventory":false,"inventory_label":"","coupon_discounts":"","layout":"recommended\ntitle\nimage\nprice\nsnippets\ninventory\nbuy_buttons\npayment_types","css_class":""}}},"block_order":["c0f0168c-4814-4774-acb8-3d401c06847c"],"custom_css":[".save-sticker {left: 83%; top: 2.3em;}",".offer-box__multicolumn .multicolumn-card__image-wrapper {max-width: 450px;}",".recommended {display: none !important;}",".offer-box {margin: 1em auto;}"],"settings":{"anchor_id":"buy","title":"Tell us where to send your MenuPause Reset Kit and we'll get it out the door ASAP!","text":"","heading_size":"h1","heading_color":"accent-1","text_size":"p","column_heading_size":"h3","column_text_size":"p","image_width":"full","image_ratio":"adapt","columns_desktop":1,"column_alignment":"center","column_link_type":"button","background_style":"none","button_label":"","button_link":"","button_color":"color-scheme","color_scheme":"background-1","columns_mobile":"1","swipe_on_mobile":false,"padding_top":36,"padding_bottom":36,"css_class":"","custom_css":"","custom_css_mobile":""}}},"order":["main","16462238058b508f23","16461663454a306e26","1661446406454231cb","165434153043dfad40","16543413375e4fa8d4","1654342987b12a4c39","165434335589c58515","164616622356f72eeb","1654429358ceee9c3b","1654429156cf23b65b","1654429364514212c6","1654429840c4fa9e89","1661448950ec7d0d0e","1654430200390beef3","16544302961c3f3a0e","1654430564059d893d","1d0ecd86-c259-4de8-bcfc-f7fa326c2ba6"]}