{
  "layout": "theme-offer-page",
  "sections": {
    "main": {
      "type": "main-page",
      "settings": {
        "display_title": true,
        "color_scheme": "background-1",
        "padding_top": 40,
        "padding_bottom": 40,
        "css_class": "visually-hidden",
        "custom_css": "",
        "custom_css_mobile": ""
      }
    },
    "1640097424c2f7eec2": {
      "type": "header-offer-page",
      "blocks": {
        "64d5290e-0111-45f8-add9-b15e6899534a": {
          "type": "countdown_timer",
          "disabled": true,
          "settings": {
            "title": "Masterclass Begins In:",
            "end_date_time": "August 31, 2022 19:00:00 GMT-0400",
            "first_countdown": true,
            "color_scheme": "background-1",
            "padding_top": 20,
            "padding_bottom": 20,
            "css_class": ""
          }
        },
        "bd5c02bc-ed1a-47fb-93b9-a67e14efaa95": {
          "type": "custom_colors",
          "settings": {
            "colors_solid_button_labels": "",
            "colors_accent_1": "",
            "gradient_accent_1": "",
            "colors_accent_2": "#0b1532",
            "gradient_accent_2": "",
            "colors_accent_3": "",
            "colors_accent_4": "",
            "colors_text": "",
            "colors_outline_button_labels": "",
            "colors_background_1": "",
            "gradient_background_1": "",
            "colors_background_2": "#fcfaf7",
            "gradient_background_2": ""
          }
        }
      },
      "block_order": [
        "64d5290e-0111-45f8-add9-b15e6899534a",
        "bd5c02bc-ed1a-47fb-93b9-a67e14efaa95"
      ],
      "settings": {
        "color_scheme": "accent-1",
        "display_logo": true,
        "enable_logo_link": false,
        "logo_color": "gold",
        "show_line_separator": false,
        "enable_sticky_header": true,
        "margin_bottom": 0,
        "css_class": "",
        "custom_css": "",
        "custom_css_mobile": ""
      }
    },
    "8de8bc15-1160-474a-8fd3-f8b7a751bb6c": {
      "type": "multicolumn",
      "blocks": {
        "template--14602850631735__8de8bc15-1160-474a-8fd3-f8b7a751bb6c-column-1": {
          "type": "column",
          "settings": {
            "image": "shopify:\/\/shop_images\/MenuPauseMasterclassLogo_5b7b49e8-ce8a-42fd-80e8-46da1b1a4ecc.png",
            "title": "",
            "heading_color": "color-scheme",
            "text": "",
            "link_label": "",
            "link": "",
            "button_color": "color-scheme",
            "css_class": "leftimg"
          }
        },
        "template--14602850631735__8de8bc15-1160-474a-8fd3-f8b7a751bb6c-column-2": {
          "type": "column",
          "settings": {
            "title": "",
            "heading_color": "color-scheme",
            "text": "<h3>Don’t miss this <strong>FREE<\/strong> <strong>LIVE<\/strong> masterclass featuring experts in women’s health. <strong>December 8 at 8:00 pm EST<\/strong><\/h3>",
            "link_label": "WATCH REPLAY",
            "link": "#optin",
            "button_color": "accent-3",
            "css_class": "rightimg"
          }
        }
      },
      "block_order": [
        "template--14602850631735__8de8bc15-1160-474a-8fd3-f8b7a751bb6c-column-1",
        "template--14602850631735__8de8bc15-1160-474a-8fd3-f8b7a751bb6c-column-2"
      ],
      "settings": {
        "anchor_id": "",
        "title": "",
        "text": "",
        "heading_size": "h1",
        "heading_color": "color-scheme",
        "text_size": "p",
        "column_heading_size": "h3",
        "column_text_size": "p",
        "image_width": "full",
        "image_ratio": "adapt",
        "columns_desktop": 2,
        "column_alignment": "center",
        "column_link_type": "button",
        "background_style": "none",
        "button_label": "",
        "button_link": "",
        "button_color": "color-scheme",
        "color_scheme": "accent-1",
        "columns_mobile": "1",
        "swipe_on_mobile": false,
        "padding_top": 36,
        "padding_bottom": 36,
        "css_class": "",
        "custom_css": ".rightimg {\n  margin: auto 0;\n font-size: 1.3em;\ncolor:#be9452;\n}\nstrong{\ncolor:#be9452;}",
        "custom_css_mobile": ""
      }
    },
    "b95dd30a-ea93-40fd-bd47-f287a649d52e": {
      "type": "multicolumn",
      "blocks": {
        "template--14602850631735__b95dd30a-ea93-40fd-bd47-f287a649d52e-column-1": {
          "type": "column",
          "settings": {
            "image": "shopify:\/\/shop_images\/Dr.Lara.png",
            "title": "Dr. Lara Briden",
            "heading_color": "accent-1",
            "text": "<p>Panelist<\/p>",
            "link_label": "",
            "link": "",
            "button_color": "color-scheme",
            "css_class": ""
          }
        },
        "template--14602850631735__b95dd30a-ea93-40fd-bd47-f287a649d52e-column-2": {
          "type": "column",
          "settings": {
            "image": "shopify:\/\/shop_images\/Dr.ShawnImage.png",
            "title": "Dr. Shawn Tassone",
            "heading_color": "accent-1",
            "text": "<p>Panelist<\/p>",
            "link_label": "",
            "link": "",
            "button_color": "color-scheme",
            "css_class": ""
          }
        },
        "template--14602850631735__b95dd30a-ea93-40fd-bd47-f287a649d52e-column-3": {
          "type": "column",
          "settings": {
            "image": "shopify:\/\/shop_images\/Dr.MarizaImage.png",
            "title": "Dr. Mariza Snyder",
            "heading_color": "accent-1",
            "text": "<p>Panelist<\/p>",
            "link_label": "",
            "link": "",
            "button_color": "color-scheme",
            "css_class": ""
          }
        },
        "64496a44-b218-4cfd-b7cb-126390f57a58": {
          "type": "column",
          "settings": {
            "image": "shopify:\/\/shop_images\/Dr.KyrinImage.png",
            "title": "Dr. Kyrin Dunston",
            "heading_color": "accent-1",
            "text": "<p>Panelist<\/p>",
            "link_label": "",
            "link": "",
            "button_color": "color-scheme",
            "css_class": ""
          }
        }
      },
      "block_order": [
        "template--14602850631735__b95dd30a-ea93-40fd-bd47-f287a649d52e-column-1",
        "template--14602850631735__b95dd30a-ea93-40fd-bd47-f287a649d52e-column-2",
        "template--14602850631735__b95dd30a-ea93-40fd-bd47-f287a649d52e-column-3",
        "64496a44-b218-4cfd-b7cb-126390f57a58"
      ],
      "settings": {
        "anchor_id": "",
        "title": "With Experts:",
        "text": "",
        "heading_size": "h2",
        "heading_color": "color-scheme",
        "text_size": "p",
        "column_heading_size": "h3",
        "column_text_size": "p",
        "image_width": "full",
        "image_ratio": "adapt",
        "columns_desktop": 4,
        "column_alignment": "center",
        "column_link_type": "button",
        "background_style": "none",
        "button_label": "",
        "button_link": "",
        "button_color": "color-scheme",
        "color_scheme": "background-1",
        "columns_mobile": "1",
        "swipe_on_mobile": false,
        "padding_top": 36,
        "padding_bottom": 36,
        "css_class": "",
        "custom_css": "p{color:#9f2b68;\nfont-size:22px;}\nimg{width:96%;\nobject-fit: scale-down;}\nh3{font-size:33px",
        "custom_css_mobile": ""
      }
    },
    "ae798d4b-5335-44f8-916e-e6da353f1c60": {
      "type": "image-with-text",
      "blocks": {
        "787519a6-573b-4573-8d13-42bdff3fa1c1": {
          "type": "custom_liquid",
          "settings": {
            "custom_liquid": "<img src=\"https:\/\/drannacabeca.com\/cdn\/shop\/files\/HostedBy_V3.png\" width=\"100%\" alt=\"Hosted by Triple Board Certified OB-GYN, Dr. Anna Cabeca\">",
            "css_class": "leftimg"
          }
        }
      },
      "block_order": [
        "787519a6-573b-4573-8d13-42bdff3fa1c1"
      ],
      "settings": {
        "image": "shopify:\/\/shop_images\/HostedBy_V6_fa785d97-4f93-43fc-9ccb-ef77c3cfb298.png",
        "height": "adapt",
        "desktop_image_width": "small",
        "layout": "text_first",
        "desktop_content_position": "top",
        "desktop_content_alignment": "left",
        "content_layout": "no-overlap",
        "color_scheme": "accent-1",
        "mobile_content_alignment": "left",
        "padding_top": 12,
        "padding_bottom": 36,
        "css_class": "dac-full-width dac-padding-side-none",
        "custom_css": ".leftimg{\nmargin: auto;}",
        "custom_css_mobile": ""
      }
    },
    "1651243183dc8c517f": {
      "type": "rich-text",
      "blocks": {
        "874fd46a-e6e1-4df1-aab5-9f3b58513352": {
          "type": "heading",
          "settings": {
            "heading": "Have you ever wondered…",
            "heading_size": "h2",
            "heading_alignment": "center",
            "heading_color": "color-scheme",
            "css_class": "",
            "heading_divider": false
          }
        },
        "6c579e0c-9773-411d-8fb3-8737e8f0146b": {
          "type": "text",
          "settings": {
            "text": "<p>If you’re already in—or approaching—menopause?<\/p><p>Is there such a thing as being too young for menopause?<\/p><p>Why early menopause is a health hazard? <\/p><p>If you can still get pregnant… and if you should be using birth control?<\/p><p>How to naturally support hormone balance?<\/p><p>If bioidentical hormones are safe?<\/p><p>What you can do to breeze through menopause and feel better than ever?<\/p>",
            "text_alignment": "center",
            "text_size": "p",
            "css_class": ""
          }
        },
        "fbaec3bc-324e-4347-9e44-7f3309ddcc8b": {
          "type": "text",
          "settings": {
            "text": "<p>If so, don’t miss this FREE masterclass featuring trusted experts in women’s health<\/p>",
            "text_alignment": "center",
            "text_size": "p",
            "css_class": "mstr"
          }
        },
        "1651243182c24ad981-0": {
          "type": "heading",
          "settings": {
            "heading": "Menopause & Perimenopause",
            "heading_size": "h1",
            "heading_alignment": "center",
            "heading_color": "color-scheme",
            "css_class": "",
            "heading_divider": false
          }
        },
        "c94cb3e8-d506-477f-a8c1-2687c6c0f461": {
          "type": "custom_liquid",
          "settings": {
            "custom_liquid": "<h3>Feel your sexy, sane, and balanced best<\/h3>\n<h2>Wednesday, December 8, 2021 at 8:00 pm EST<\/h2>",
            "css_class": "Date"
          }
        }
      },
      "block_order": [
        "874fd46a-e6e1-4df1-aab5-9f3b58513352",
        "6c579e0c-9773-411d-8fb3-8737e8f0146b",
        "fbaec3bc-324e-4347-9e44-7f3309ddcc8b",
        "1651243182c24ad981-0",
        "c94cb3e8-d506-477f-a8c1-2687c6c0f461"
      ],
      "settings": {
        "anchor_id": "",
        "color_scheme": "background-2",
        "full_width": true,
        "padding_top": 40,
        "padding_bottom": 20,
        "css_class": "",
        "custom_css": "p { font-size: 1.1em; }\n\nstrong { font-size: 1.25em; color: #be9452; !important; }\n\nh3 {font-size: 1.5em; margin-top: -15px; \nmargin-bottom: 30px; color:#000000; text-align:center; \n}\n\nh2 {\nmargin-bottom:0px;\n}\n\n.mstr{\nPadding-top:40px;\nFont-size: 1.1em;\nfont-weight: var(--font-body-weight-bold);\n}\n\n.Date h2 {\nfont-size: 1.5em; margin-top: -15px; \nmargin-bottom: 30px;  text-align:center; \n}",
        "custom_css_mobile": ""
      }
    },
    "c849a651-1b17-4534-bc65-63a558bf1517": {
      "type": "rich-text",
      "blocks": {
        "7015180a-a791-41e0-9fea-b2a551367d41": {
          "type": "custom_liquid",
          "settings": {
            "custom_liquid": "<div class=\"klaviyo-form-WjRrXN\" data-name=\"Menopause and Perimenopause Opt-in\"><\/div>",
            "css_class": ""
          }
        }
      },
      "block_order": [
        "7015180a-a791-41e0-9fea-b2a551367d41"
      ],
      "settings": {
        "anchor_id": "optin",
        "color_scheme": "background-2",
        "full_width": true,
        "padding_top": 0,
        "padding_bottom": 52,
        "css_class": "",
        "custom_css": "",
        "custom_css_mobile": ""
      }
    }
  },
  "order": [
    "main",
    "1640097424c2f7eec2",
    "8de8bc15-1160-474a-8fd3-f8b7a751bb6c",
    "b95dd30a-ea93-40fd-bd47-f287a649d52e",
    "ae798d4b-5335-44f8-916e-e6da353f1c60",
    "1651243183dc8c517f",
    "c849a651-1b17-4534-bc65-63a558bf1517"
  ]
}
