{
  "sections": {
    "main": {
      "type": "main-page",
      "disabled": true,
      "custom_css": [

      ],
      "settings": {
        "display_title": true,
        "color_scheme": "background-1",
        "padding_top": 28,
        "padding_bottom": 28,
        "css_class": "",
        "custom_css": "",
        "custom_css_mobile": ""
      }
    },
    "image_banner_4MRLBV": {
      "type": "image-banner",
      "blocks": {
        "heading_nRb7QK": {
          "type": "heading",
          "settings": {
            "heading": "Get HRT certified in 10 hours",
            "heading_size": "h1"
          }
        },
        "text_DAkpDP": {
          "type": "text",
          "settings": {
            "text": "Learn the skills and strategies you need to expertly prescribe bioidentical hormone therapy from a triple-board certified, Emory-trained, 30-year veteran OB\/GYN\t\tEnter your email and I’ll let you know as soon as enrollment is open",
            "text_style": "body"
          }
        },
        "custom_liquid_h8gUcc": {
          "type": "custom_liquid",
          "settings": {
            "custom_liquid": "<div class=\"klaviyo-form-YtGTJt\"><\/div>",
            "css_class": "box"
          }
        }
      },
      "block_order": [
        "heading_nRb7QK",
        "text_DAkpDP",
        "custom_liquid_h8gUcc"
      ],
      "settings": {
        "image": "shopify:\/\/shop_images\/TGFD_WebsiteDesign_HRT_10hrsCertification_Course_-03_5073bdb0-4fa9-47df-9b31-a338eac7317d.jpg",
        "mobile_image": "shopify:\/\/shop_images\/TGFD_WebsiteDesign_HRT_10hrsCertification-Course-_3.jpg",
        "link": "",
        "image_overlay_opacity": 0,
        "image_height": "medium",
        "adapt_height_first_image": true,
        "desktop_content_position": "middle-center",
        "show_text_box": false,
        "desktop_content_alignment": "center",
        "color_scheme": "background-1",
        "mobile_content_alignment": "center",
        "stack_images_on_mobile": true,
        "show_text_below": false,
        "css_class": "",
        "custom_css": "h2{\nfont-size:40px;\ncolor: white; \n  padding: 5px 20px;\nfont-weight:380;\ntext-align:left;}\n\n.banner__box .banner__heading+*{\ncolor: white; \npadding: 0px 20px; \nfont-weight:380;\ntext-align:left;\n}\n\n.banner--desktop-transparent .banner__box{\n  position: absolute;\n  bottom: auto; \n  left: 47%; \n  padding: 20px; \n  color: white; \nwidth:50%;\n}",
        "custom_css_mobile": ".banner--desktop-transparent .banner__box{\n  position: absolute;\n  bottom: 1%; \n  left: auto; \n  padding: 20px; \n  color: white; \nwidth:100%;\nheight:auto;\n}\nh2{\nfont-size:30px;\nfont-weight:570;\npadding-bottom:0px;}\n\n.banner__box .banner__heading+*{\nfont-size:17px;\nfont-weight:400;\nline-height:1.1;\npadding-top:0px;}\n\n.box{margin-bottom:5px;}"
      }
    },
    "custom_liquid_ekHzYC": {
      "type": "custom-liquid",
      "disabled": true,
      "settings": {
        "anchor_id": "",
        "custom_liquid": "<div class=\"custom-section\">\n  <h2>Get HRT certified in 10 hours<\/h2>\n  <p>Learn the skills and strategies you need to expertly prescribe bioidentical hormone therapy from a triple-board certified, Emory-trained, 30-year veteran OB\/GYN. Enter your email and I’ll let you know as soon as enrollment is open.<\/p>\n  <div class=\"klaviyo-form-YtGTJt\"><\/div>\n<\/div>",
        "color_scheme": "background-1",
        "padding_top": 40,
        "padding_bottom": 52,
        "css_class": "form",
        "custom_css": ".section-template--15166269685815__custom_liquid_ekHzYC-padding{\n    background-image: url('https:\/\/cdn.shopify.com\/s\/files\/1\/0524\/5661\/files\/TGFD_WebsiteDesign_HRT_10hrsCertification_Course_-03.jpg?v=1714506506');\n    background-size: cover;\n    background-position: center;\n    background-repeat: no-repeat;\n    height:550px; \n    position: relative;\n  }\n\nh2{position: absolute;\n  bottom: 53%; \n  right: 2%; \n  width: 50%; \n  box-sizing: border-box; \n  color: white; \n  padding: 20px;\nfont-weight:380;}\n\np {\n  position: absolute;\n  bottom: 30%; \n  right: 2%; \n  width: 50%; \n  box-sizing: border-box; \n  color: white; \n  padding: 20px; \nfont-weight:380;\n}\n\n.klaviyo-form-YtGTJt{\nposition: absolute;\n  bottom: 5%; \n  right: 10%; \n  width: 50%; \n  box-sizing: border-box; \n  color: white; \n  padding: 30px 10px; \nfont-weight:380;}\n\np{margin-left: 20px;}\nh2{margin-left: 20px;}",
        "custom_css_mobile": ".section-template--15166269685815__custom_liquid_ekHzYC-padding{\n    background-image: url('https:\/\/cdn.shopify.com\/s\/files\/1\/0524\/5661\/files\/TGFD_WebsiteDesign_HRT_10hrsCertification_Course_-04.jpg?v=1714506526');\n    background-size: cover;\n    background-position: center;\n    background-repeat: no-repeat;\n    height:500px; \n    position: relative;\n  }\n\nh2 {\n  position: static; \n  width: auto; \n  padding-top:20%;  \n  text-align: left; \n  color: white; \n}\n\np{position: static; \n  width: auto; \n  margin-bottom: -20px;\n  text-align: left; \n  color: white; }"
      }
    },
    "rich_text_nbyN4N": {
      "type": "rich-text",
      "blocks": {
        "heading_4QJbaL": {
          "type": "heading",
          "settings": {
            "heading": "Introducing the Hormone Replenishment Certification Course",
            "heading_size": "h2",
            "heading_alignment": "center",
            "heading_color": "color-scheme",
            "css_class": "",
            "heading_divider": false
          }
        },
        "text_M9mxqd": {
          "type": "text",
          "settings": {
            "text": "<p>A 10-hour, comprehensive training for practitioners to learn when & how to correctly and safely prescribe bioidentical hormones to their patients — <strong>complete with a certification<\/strong>.<\/p>",
            "text_alignment": "center",
            "text_size": "p",
            "css_class": ""
          }
        },
        "custom_liquid_my7Gmn": {
          "type": "custom_liquid",
          "settings": {
            "custom_liquid": "<div class=\"grid-container\">\n  <div class=\"grid-item\">It’s time to prepare for the wave of women approaching menopause and looking to you for hormone help.<br>\nWe’ve all seen the damage done by the misinterpretation of data in the Women’s Health Study and the devastating impact it’s had on women.<br>\nThey’re confused, they don’t know where to turn, and there’s a whole lot of misinformation filling in the gaps via social media.<br>\nLet’s fix this problem, together.\n<\/div>\n  <div class=\"grid-item\">In my Hormone Replenishment Certification Course, I’ll teach you how to prescribe bioidentical hormones to perimenopausal, menopausal, and post menopausal women so you can confidently treat your patients.<br>\nAnd become the go-to expert for women over 40 in your local area and beyond.<br>\nThis program is packed with everything you need and fits into your busy schedule. <\/div>\n<\/div>",
            "css_class": ""
          }
        }
      },
      "block_order": [
        "heading_4QJbaL",
        "text_M9mxqd",
        "custom_liquid_my7Gmn"
      ],
      "settings": {
        "anchor_id": "",
        "color_scheme": "background-1",
        "full_width": true,
        "padding_top": 60,
        "padding_bottom": 60,
        "css_class": "",
        "custom_css": "h2{font-size:36px;}\np{font-size:22px;}\n\n.grid-container {\n  display: grid;\n  grid-template-columns: 1fr 1fr; \n  grid-gap: 30px; \n  position: relative;\n}\n\n.grid-item {\n  background-color: none; \n  padding: 20px;\n  line-height: 1.4;\n  font-size: 19px;\n  position: relative; \n  width: calc(50% - 15px);\nmin-width: 550px; \n margin:auto;\nright: 10%;\n}",
        "custom_css_mobile": ".grid-container {\n  display: block; \n}\n\n.grid-item {\n  width: auto; \n  min-width: auto; \n  padding: 0; \n  line-height: inherit; \n  font-size: inherit; \n  position: static; \n  left: auto; \n  transform: none; \n  margin: 0; }"
      }
    },
    "multicolumn_TEeceK": {
      "type": "multicolumn",
      "blocks": {
        "column_BKkXEj": {
          "type": "column",
          "settings": {
            "image": "shopify:\/\/shop_images\/TGFD_WebsiteDesign_HRT_10hrsCertification_Course_-06.png",
            "title": "Directly from me:",
            "heading_color": "accent-1",
            "text": "<p>a triple-board certified, Emory-trained OB-GYN. I’ve been prescribing HRT for over 30 years. <\/p>",
            "link_label": "",
            "link": "",
            "button_color": "color-scheme",
            "css_class": ""
          }
        },
        "column_9GdgGm": {
          "type": "column",
          "settings": {
            "image": "shopify:\/\/shop_images\/TGFD_WebsiteDesign_HRT_10hrsCertification_Course_-07.png",
            "title": "Different dosing forms:",
            "heading_color": "accent-1",
            "text": "<p>including creams, troches, patches, suppositories, pellets,  pills, etc.<\/p>",
            "link_label": "",
            "link": "",
            "button_color": "color-scheme",
            "css_class": ""
          }
        },
        "column_FP8Tqq": {
          "type": "column",
          "settings": {
            "image": "shopify:\/\/shop_images\/TGFD_WebsiteDesign_HRT_10hrsCertification_Course_-08.png",
            "title": "Tips for your practice:",
            "heading_color": "accent-1",
            "text": "<p>resources for your patients, marketing, and templates you can use<\/p>",
            "link_label": "",
            "link": "",
            "button_color": "color-scheme",
            "css_class": ""
          }
        },
        "column_nQPEic": {
          "type": "column",
          "settings": {
            "image": "shopify:\/\/shop_images\/TGFD_WebsiteDesign_HRT_10hrsCertification_Course_-09.png",
            "title": "Supplement protocols:",
            "heading_color": "accent-1",
            "text": "<p>including detoxification, adrenal, thyroid, and insulin optimization <\/p>",
            "link_label": "",
            "link": "",
            "button_color": "color-scheme",
            "css_class": ""
          }
        },
        "column_NTDMxn": {
          "type": "column",
          "settings": {
            "image": "shopify:\/\/shop_images\/TGFD_WebsiteDesign_HRT_10hrsCertification_Course_-10.png",
            "title": "Keys to hormone replenishment,",
            "heading_color": "accent-1",
            "text": "<p>ovarian and HPA axis optimization<\/p>",
            "link_label": "",
            "link": "",
            "button_color": "color-scheme",
            "css_class": ""
          }
        },
        "column_XFgyaj": {
          "type": "column",
          "settings": {
            "image": "shopify:\/\/shop_images\/TGFD_WebsiteDesign_HRT_10hrsCertification_Course_-11_76957e58-a21c-408a-9fda-a27365a1991c.png",
            "title": "Longevity,",
            "heading_color": "accent-1",
            "text": "<p>biohacking, & testing pearls <\/p>",
            "link_label": "",
            "link": "",
            "button_color": "color-scheme",
            "css_class": ""
          }
        }
      },
      "block_order": [
        "column_BKkXEj",
        "column_9GdgGm",
        "column_FP8Tqq",
        "column_nQPEic",
        "column_NTDMxn",
        "column_XFgyaj"
      ],
      "settings": {
        "anchor_id": "",
        "title": "IN THIS CLASS, YOU'LL LEARN",
        "text": "",
        "heading_size": "h2",
        "heading_color": "color-scheme",
        "text_size": "p",
        "column_heading_size": "h3",
        "column_text_size": "p",
        "image_width": "third",
        "image_ratio": "adapt",
        "columns_desktop": 3,
        "column_alignment": "center",
        "column_link_type": "button",
        "background_style": "none",
        "button_label": "",
        "button_link": "",
        "button_color": "color-scheme",
        "color_scheme": "background-1",
        "columns_mobile": "1",
        "swipe_on_mobile": false,
        "padding_top": 36,
        "padding_bottom": 36,
        "css_class": "",
        "custom_css": "h2{font-size:35px:}\nh3{font-size:26px;\nfont-weight:500;}\n\nimg { \n  margin-top: 13%; \n}\n{ padding: 0 15rem; }",
        "custom_css_mobile": "{ padding: 0 0rem; }"
      }
    },
    "rich_text_jVXjFy": {
      "type": "rich-text",
      "blocks": {
        "heading_Ab8diz": {
          "type": "heading",
          "settings": {
            "heading": "Just think, in 10 hours, you could be completely prepared for the wave of women starving for hormone help.",
            "heading_size": "h2",
            "heading_alignment": "center",
            "heading_color": "color-scheme",
            "css_class": "",
            "heading_divider": false
          }
        },
        "text_8JkpHB": {
          "type": "text",
          "settings": {
            "text": "<p>Sign up here to get on the waitlist for the Hormone Replenishment Certification Course!&lt;br&gt;Enter your email address and you’ll be the first to know when enrollment opens. <\/p>",
            "text_alignment": "center",
            "text_size": "h5",
            "css_class": ""
          }
        },
        "custom_liquid_whYEJC": {
          "type": "custom_liquid",
          "settings": {
            "custom_liquid": "<div class=\"klaviyo-form-YtGTJt\"><\/div>",
            "css_class": "opt"
          }
        }
      },
      "block_order": [
        "heading_Ab8diz",
        "text_8JkpHB",
        "custom_liquid_whYEJC"
      ],
      "settings": {
        "anchor_id": "",
        "color_scheme": "accent-1",
        "full_width": true,
        "padding_top": 60,
        "padding_bottom": 52,
        "css_class": "",
        "custom_css": "h2{font-size:35px;\nfont-weight:380;\nline-height:1.4;}\np{font-weight:380;\nline-height:1.5;}\n.button{background:#BE9452;}\n.opt{padding:0% 15%;}",
        "custom_css_mobile": ".opt{padding:0;}"
      }
    },
    "image_with_text_QMqJwc": {
      "type": "image-with-text",
      "blocks": {
        "heading_x3gM88": {
          "type": "heading",
          "settings": {
            "heading": "Meet your mentor, Dr. Anna Cabeca",
            "heading_size": "h1",
            "heading_color": "color-scheme",
            "css_class": ""
          }
        },
        "text_i9N4aP": {
          "type": "text",
          "settings": {
            "text": "<p>Hello! I’m an Emory-trained, triple-board certified OB\/GYN.<\/p><p>And I’ve been prescribing HRT to my patients for over 30 years. So you can bet I’ve got plenty of clinical pearls to share with you in addition to the curriculum for this course.<\/p><p>I’ve prepared the materials in this class to be thorough, yet concise. You’ll get my extensive experience, distilled into a well-organized and comprehensive format. I’ll also share with you some of the marketing tips and tricks I’ve learned over the years as I’ve built an online business and following as The Girlfriend Doctor.<\/p><p>I can’t wait to teach you exactly how to confidently and safely prescribe HRT — and help so many more women in the process!<\/p><p>&lt;br&gt;<\/p><p>&lt;span style=\"color:#BE9452;\"&gt;- DR. ANNA CABECA, DO, FACOG&lt;\/span&gt;<\/p>",
            "text_style": "body",
            "css_class": ""
          }
        }
      },
      "block_order": [
        "heading_x3gM88",
        "text_i9N4aP"
      ],
      "settings": {
        "anchor_id": "",
        "image": "shopify:\/\/shop_images\/TGFD_WebsiteDesign_HRT_10hrsCertification_Course_-About.jpg",
        "height": "adapt",
        "desktop_image_width": "small-plus",
        "layout": "text_first",
        "desktop_content_position": "top",
        "desktop_content_alignment": "left",
        "content_layout": "no-overlap",
        "color_scheme": "background-1",
        "mobile_content_alignment": "left",
        "padding_top": 36,
        "padding_bottom": 36,
        "css_class": "",
        "custom_css": "h2{font-size:35px;}\np{font-size:19px;}",
        "custom_css_mobile": ""
      }
    },
    "rich_text_CLBM3N": {
      "type": "rich-text",
      "blocks": {
        "heading_LeLgYc": {
          "type": "heading",
          "settings": {
            "heading": "Don’t miss your chance to get this valuable information!",
            "heading_size": "h2",
            "heading_alignment": "center",
            "heading_color": "accent-1",
            "css_class": "",
            "heading_divider": false
          }
        },
        "text_iqqej4": {
          "type": "text",
          "settings": {
            "text": "<p>I expect seats for this class to sell out quickly, so it’s best to be on the waitlist if you don’t want to miss this opportunity. <\/p>",
            "text_alignment": "center",
            "text_size": "h5",
            "css_class": ""
          }
        },
        "custom_liquid_4eTdVW": {
          "type": "custom_liquid",
          "settings": {
            "custom_liquid": "<div class=\"klaviyo-form-YtGTJt\"><\/div>",
            "css_class": "opt"
          }
        }
      },
      "block_order": [
        "heading_LeLgYc",
        "text_iqqej4",
        "custom_liquid_4eTdVW"
      ],
      "settings": {
        "anchor_id": "",
        "color_scheme": "background-2",
        "full_width": true,
        "padding_top": 60,
        "padding_bottom": 52,
        "css_class": "",
        "custom_css": "h2{font-size:35px;}\nline-height:1.4;}\np{font-weight:380;\nline-height:1.5;}\n.opt{padding:0% 15%;}",
        "custom_css_mobile": ".opt{padding:0;}"
      }
    }
  },
  "order": [
    "main",
    "image_banner_4MRLBV",
    "custom_liquid_ekHzYC",
    "rich_text_nbyN4N",
    "multicolumn_TEeceK",
    "rich_text_jVXjFy",
    "image_with_text_QMqJwc",
    "rich_text_CLBM3N"
  ]
}
