{
  "layout": "theme-offer-page",
  "sections": {
    "main": {
      "type": "main-page",
      "disabled": true,
      "settings": {
        "display_title": false,
        "color_scheme": "background-1",
        "padding_top": 28,
        "padding_bottom": 28,
        "css_class": "center",
        "custom_css": "",
        "custom_css_mobile": ""
      }
    },
    "06f4d6c5-8955-4e99-8936-dc96296ef92d": {
      "type": "header-offer-page",
      "blocks": {
        "e14f5aa4-afa0-46b3-a2ed-b404c002ac28": {
          "type": "custom_colors",
          "settings": {
            "colors_solid_button_labels": "",
            "colors_accent_1": "",
            "gradient_accent_1": "",
            "colors_accent_2": "#321748",
            "gradient_accent_2": "",
            "colors_accent_3": "rgba(0,0,0,0)",
            "colors_accent_4": "",
            "colors_text": "",
            "colors_outline_button_labels": "",
            "colors_background_1": "rgba(0,0,0,0)",
            "gradient_background_1": "",
            "colors_background_2": "",
            "gradient_background_2": ""
          }
        }
      },
      "block_order": [
        "e14f5aa4-afa0-46b3-a2ed-b404c002ac28"
      ],
      "disabled": true,
      "settings": {
        "color_scheme": "accent-2",
        "display_logo": true,
        "enable_logo_link": false,
        "logo_color": "white",
        "show_line_separator": true,
        "enable_sticky_header": true,
        "margin_bottom": 0,
        "css_class": "",
        "custom_css": "",
        "custom_css_mobile": ""
      }
    },
    "16458011004aaa609d": {
      "type": "rich-text",
      "blocks": {
        "16458011000d532d59-1": {
          "type": "text",
          "settings": {
            "text": "<p>For Women Suffering From the Negative Side-Effects of Hormone Imbalance & Menopause:<\/p>",
            "text_alignment": "center",
            "text_size": "p",
            "css_class": ""
          }
        }
      },
      "block_order": [
        "16458011000d532d59-1"
      ],
      "settings": {
        "anchor_id": "",
        "color_scheme": "accent-3",
        "full_width": true,
        "padding_top": 8,
        "padding_bottom": 8,
        "css_class": "",
        "custom_css": "p {\nfont-size: 25px;\n}",
        "custom_css_mobile": "p {\nfont-size: 18px;\n}"
      }
    },
    "54241dca-a171-48f7-8ac1-b2f3365f4f73": {
      "type": "rich-text",
      "blocks": {
        "template--14487746248759__54241dca-a171-48f7-8ac1-b2f3365f4f73-1679075648b5677df1-0": {
          "type": "heading",
          "settings": {
            "heading": "Just Imagine... Taming Your Haywire Hormones",
            "heading_size": "h1",
            "heading_alignment": "center",
            "heading_color": "foreground",
            "css_class": "",
            "heading_divider": false
          }
        },
        "38025f23-010c-4fd3-b097-13da7421fe7b": {
          "type": "heading",
          "settings": {
            "heading": "and Loving Every Minute of Menopause!",
            "heading_size": "h0",
            "heading_alignment": "center",
            "heading_color": "foreground",
            "css_class": "",
            "heading_divider": false
          }
        }
      },
      "block_order": [
        "template--14487746248759__54241dca-a171-48f7-8ac1-b2f3365f4f73-1679075648b5677df1-0",
        "38025f23-010c-4fd3-b097-13da7421fe7b"
      ],
      "settings": {
        "anchor_id": "",
        "color_scheme": "background-1",
        "full_width": true,
        "padding_top": 40,
        "padding_bottom": 12,
        "css_class": "",
        "custom_css": "h2 {\nfont-size: 42px;\n}",
        "custom_css_mobile": "h2 {\nfont-size: 35px;\n}"
      }
    },
    "1663082416842d7182": {
      "type": "multicolumn",
      "blocks": {
        "06ee9869-4915-480e-8ca8-4077072b68b9": {
          "type": "column_with_video",
          "settings": {
            "cover_image": "shopify:\/\/shop_images\/Screen_Shot_2023-03-20_at_8.29.27_AM_2.png",
            "video_url_metafield": "",
            "video_url": "https:\/\/vimeo.com\/454133060\/a151f915b2",
            "description": "Webinar Invitation",
            "title": "",
            "heading_color": "color-scheme",
            "text": "",
            "link_label": "",
            "link": "",
            "button_color": "color-scheme",
            "css_class": ""
          }
        },
        "99c16c1f-72bd-40bc-bd39-4cc5220d0c6e": {
          "type": "custom_liquid",
          "settings": {
            "custom_liquid": "<center><h3 style=\"color:#000000;\">Save Your Seat for My Upcoming Webinar:<\/h3><\/center>\n\n<center><img src=\"https:\/\/cdn.shopify.com\/s\/files\/1\/0524\/5661\/files\/DrAnna_Menopause_3Secrets_logo.png\" width=\"60%\"><\/center>\n\n<div class=\"klaviyo-form-XteSuv\" data-name=\"3 Secrets for Hormone Harmony Webinar\"><\/div>",
            "css_class": ""
          }
        }
      },
      "block_order": [
        "06ee9869-4915-480e-8ca8-4077072b68b9",
        "99c16c1f-72bd-40bc-bd39-4cc5220d0c6e"
      ],
      "settings": {
        "anchor_id": "",
        "title": "",
        "text": "",
        "heading_size": "h1",
        "heading_color": "color-scheme",
        "text_size": "p",
        "column_heading_size": "h3",
        "column_text_size": "p",
        "image_width": "full",
        "image_ratio": "adapt",
        "columns_desktop": 2,
        "column_alignment": "left",
        "column_link_type": "button",
        "background_style": "none",
        "button_label": "",
        "button_link": "",
        "button_color": "color-scheme",
        "color_scheme": "background-1",
        "columns_mobile": "1",
        "swipe_on_mobile": false,
        "padding_top": 36,
        "padding_bottom": 24,
        "css_class": "",
        "custom_css": ".optin h3 {\ncolor:#000000;\npadding-bottom: 5px;\nfont-size: 24px;\n}\n\n.optin p {\nfont-size: 24px;\nmargin-top:0px;\npadding-top: 0px;\n}\n\n\n.optin img{\nwidth:80%;\ndisplay: block;\n    margin-left: auto;\n    margin-right: auto;\nmargin-bottom: 0px;\npadding-bottom: 0px; \n}",
        "custom_css_mobile": ""
      }
    },
    "0d2a5dec-1ffb-426d-836f-fa56b541bcc1": {
      "type": "rich-text",
      "blocks": {
        "template--14488442011703__0d2a5dec-1ffb-426d-836f-fa56b541bcc1-16793158417623e99a-0": {
          "type": "heading",
          "settings": {
            "heading": "The Girlfriend Doctor Has Been Featured On:",
            "heading_size": "h2",
            "heading_alignment": "center",
            "heading_color": "foreground",
            "css_class": "seen",
            "heading_divider": false
          }
        }
      },
      "block_order": [
        "template--14488442011703__0d2a5dec-1ffb-426d-836f-fa56b541bcc1-16793158417623e99a-0"
      ],
      "settings": {
        "anchor_id": "",
        "color_scheme": "background-1",
        "full_width": true,
        "padding_top": 40,
        "padding_bottom": 0,
        "css_class": "",
        "custom_css": ".seen {\nfont-size: 20px;\n}",
        "custom_css_mobile": ""
      }
    },
    "4864648c-1ed9-4d9b-b834-a8523acb4260": {
      "type": "media-logos",
      "settings": {
        "color_scheme": "background-1",
        "display_borders": false,
        "display_text": false,
        "svg_color": "foreground",
        "padding_top": 0,
        "padding_bottom": 36,
        "css_class": "",
        "custom_css": "",
        "custom_css_mobile": ""
      }
    },
    "cde44efa-56c9-4a47-b923-9568f8893477": {
      "type": "custom-liquid",
      "settings": {
        "anchor_id": "",
        "custom_liquid": "<script> var _learnq = window._learnq || []; window.addEventListener(\"klaviyoForms\", function(e) {  if (e.detail.type == 'open' || e.detail.type == 'embedOpen') { _learnq.push(['track', 'Viewed Form - 3 Secrets for Hormone Harmony Webinar', { 'formId' : e.detail.formId }]); } if (e.detail.type == 'submit' || e.detail.type == 'redirectedToUrl') { _learnq.push(['track', 'Filled Out Form - 3 Secrets for Hormone Harmony Webinar', { 'formId' : e.detail.formId }]); } }); <\/script>",
        "color_scheme": "background-1",
        "padding_top": 40,
        "padding_bottom": 52,
        "css_class": "",
        "custom_css": "",
        "custom_css_mobile": ""
      }
    }
  },
  "order": [
    "main",
    "06f4d6c5-8955-4e99-8936-dc96296ef92d",
    "16458011004aaa609d",
    "54241dca-a171-48f7-8ac1-b2f3365f4f73",
    "1663082416842d7182",
    "0d2a5dec-1ffb-426d-836f-fa56b541bcc1",
    "4864648c-1ed9-4d9b-b834-a8523acb4260",
    "cde44efa-56c9-4a47-b923-9568f8893477"
  ]
}
