{
  "sections": {
    "main": {
      "type": "main-page",
      "settings": {
        "display_title": true,
        "color_scheme": "background-2",
        "padding_top": 28,
        "padding_bottom": 28,
        "css_class": "center",
        "custom_css": "h1 { margin-bottom: 0; }",
        "custom_css_mobile": ""
      }
    },
    "16463123117feb3857": {
      "type": "multicolumn",
      "blocks": {
        "1646312311f4c3a528-0": {
          "type": "column",
          "settings": {
            "image": "shopify:\/\/shop_images\/TGFD_GirlfriendGiftsPage-TrialPacks_Julva.jpg",
            "title": "",
            "heading_color": "color-scheme",
            "text": "",
            "link_label": "",
            "link": "shopify:\/\/products\/julva-trial-pack",
            "button_color": "color-scheme",
            "css_class": ""
          }
        },
        "1646312311f4c3a528-1": {
          "type": "column",
          "settings": {
            "image": "shopify:\/\/shop_images\/TGFD_GirlfriendGiftsPage-TrialPacks-MightyMaca_1.jpeg",
            "title": "",
            "heading_color": "color-scheme",
            "text": "",
            "link_label": "",
            "link": "shopify:\/\/products\/mighty-maca-plus-trial-pack",
            "button_color": "color-scheme",
            "css_class": ""
          }
        }
      },
      "block_order": [
        "1646312311f4c3a528-0",
        "1646312311f4c3a528-1"
      ],
      "disabled": true,
      "settings": {
        "anchor_id": "",
        "title": "Free Trials",
        "text": "",
        "heading_size": "h2",
        "heading_color": "color-scheme",
        "text_size": "p",
        "column_heading_size": "h3",
        "column_text_size": "p",
        "image_width": "full",
        "image_ratio": "adapt",
        "columns_desktop": 2,
        "column_alignment": "center",
        "column_link_type": "column",
        "background_style": "none",
        "button_label": "",
        "button_link": "",
        "button_color": "color-scheme",
        "color_scheme": "background-1",
        "columns_mobile": "1",
        "swipe_on_mobile": false,
        "padding_top": 36,
        "padding_bottom": 36,
        "css_class": "",
        "custom_css": "h2.title { text-align: left; }",
        "custom_css_mobile": ""
      }
    },
    "1646312536397265c2": {
      "type": "multicolumn",
      "blocks": {
        "1646312536e7cfa80a-0": {
          "type": "column",
          "settings": {
            "image": "shopify:\/\/shop_images\/TGFD_GirlfriendGiftsPage-Quizzes-01.jpg",
            "title": "",
            "heading_color": "color-scheme",
            "text": "",
            "link_label": "",
            "link": "shopify:\/\/pages\/eve-quiz",
            "button_color": "color-scheme",
            "css_class": ""
          }
        },
        "1646312536e7cfa80a-1": {
          "type": "column",
          "settings": {
            "image": "shopify:\/\/shop_images\/TGFD_GirlfriendGiftsPage-Quizzes-02_8b94879d-05e7-4d9a-8ed4-2240176c284b.jpg",
            "title": "",
            "heading_color": "color-scheme",
            "text": "",
            "link_label": "",
            "link": "shopify:\/\/pages\/hormone-toxicity-questionnaire",
            "button_color": "color-scheme",
            "css_class": ""
          }
        },
        "1646312536e7cfa80a-2": {
          "type": "column",
          "settings": {
            "image": "shopify:\/\/shop_images\/TGFD_GirlfriendGiftsPage-Quizzes-Oxytocin_1.jpeg",
            "title": "",
            "heading_color": "color-scheme",
            "text": "",
            "link_label": "",
            "link": "shopify:\/\/pages\/oxytocin-quiz",
            "button_color": "color-scheme",
            "css_class": ""
          }
        },
        "565ff044-aceb-4aaf-928b-eeeeb4b7ccff": {
          "type": "column",
          "settings": {
            "image": "shopify:\/\/shop_images\/TGFD_GirlfriendGiftsPage-Quizzes-KetoMacro.jpeg",
            "title": "",
            "heading_color": "color-scheme",
            "text": "",
            "link_label": "",
            "link": "shopify:\/\/pages\/keto-macro-calculator",
            "button_color": "color-scheme",
            "css_class": ""
          }
        },
        "d6203cb7-d1f1-474c-af64-b6ff3009251b": {
          "type": "column",
          "settings": {
            "image": "shopify:\/\/shop_images\/TGFD_GirlfriendGiftsPage-Quizzes_V1.png",
            "title": "",
            "heading_color": "color-scheme",
            "text": "",
            "link_label": "",
            "link": "shopify:\/\/pages\/f-menupause-quiz",
            "button_color": "color-scheme",
            "css_class": ""
          }
        },
        "128fd8a1-1f9b-434e-a9b8-50b836ecfcb1": {
          "type": "column",
          "settings": {
            "image": "shopify:\/\/shop_images\/TGFD_GirlfriendGiftsPage-Quizzes_V3.png",
            "title": "",
            "heading_color": "color-scheme",
            "text": "",
            "link_label": "",
            "link": "shopify:\/\/pages\/f-menopause-report-card",
            "button_color": "color-scheme",
            "css_class": ""
          }
        }
      },
      "block_order": [
        "1646312536e7cfa80a-0",
        "1646312536e7cfa80a-1",
        "1646312536e7cfa80a-2",
        "565ff044-aceb-4aaf-928b-eeeeb4b7ccff",
        "d6203cb7-d1f1-474c-af64-b6ff3009251b",
        "128fd8a1-1f9b-434e-a9b8-50b836ecfcb1"
      ],
      "settings": {
        "anchor_id": "",
        "title": "Quizzes",
        "text": "",
        "heading_size": "h2",
        "heading_color": "color-scheme",
        "text_size": "p",
        "column_heading_size": "h3",
        "column_text_size": "p",
        "image_width": "full",
        "image_ratio": "adapt",
        "columns_desktop": 2,
        "column_alignment": "center",
        "column_link_type": "column",
        "background_style": "none",
        "button_label": "",
        "button_link": "",
        "button_color": "color-scheme",
        "color_scheme": "background-1",
        "columns_mobile": "1",
        "swipe_on_mobile": false,
        "padding_top": 36,
        "padding_bottom": 36,
        "css_class": "",
        "custom_css": "h2.title { text-align: left; }",
        "custom_css_mobile": ""
      }
    },
    "1646312544f7b2a76f": {
      "type": "multicolumn",
      "blocks": {
        "164631254405aeda3f-0": {
          "type": "column",
          "settings": {
            "image": "shopify:\/\/shop_images\/TGFD_GirlfriendGiftsPage-FreeDownloads-HormonesEbook.jpeg",
            "title": "",
            "heading_color": "color-scheme",
            "text": "",
            "link_label": "",
            "link": "shopify:\/\/pages\/f-whats-happening",
            "button_color": "color-scheme",
            "css_class": ""
          }
        },
        "164631254405aeda3f-1": {
          "type": "column",
          "settings": {
            "image": "shopify:\/\/shop_images\/TGFD_GirlfriendGiftsPage-FreeDownloads-StaySilmEbook.jpeg",
            "title": "",
            "heading_color": "color-scheme",
            "text": "",
            "link_label": "",
            "link": "shopify:\/\/pages\/f-after-40-ebook",
            "button_color": "color-scheme",
            "css_class": ""
          }
        },
        "4dc4c453-734f-41c1-90a1-890232857549": {
          "type": "column",
          "settings": {
            "image": "shopify:\/\/shop_images\/TGFD_GirlfriendGiftsPage-FreeDownloads-BreezeThuMenopause.jpeg",
            "title": "",
            "heading_color": "color-scheme",
            "text": "",
            "link_label": "",
            "link": "shopify:\/\/pages\/breeze-through-menopause",
            "button_color": "color-scheme",
            "css_class": ""
          }
        },
        "4d7700f1-da6b-4c73-8fef-c16499bb41ea": {
          "type": "column",
          "settings": {
            "image": "shopify:\/\/shop_images\/TGFD_GirlfriendGiftsPage-FreeDownloads-06.jpg",
            "title": "",
            "heading_color": "color-scheme",
            "text": "",
            "link_label": "",
            "link": "shopify:\/\/pages\/f-menupause-masterclass",
            "button_color": "color-scheme",
            "css_class": ""
          }
        },
        "146fe947-cfe0-44b9-927a-baf0000c702f": {
          "type": "column",
          "settings": {
            "image": "shopify:\/\/shop_images\/TGFD_GirlfriendGiftsPage-FreeDownloads_MenuPause_v3.png",
            "title": "",
            "heading_color": "color-scheme",
            "text": "",
            "link_label": "",
            "link": "shopify:\/\/pages\/f-menupause-recipe-opt-in",
            "button_color": "color-scheme",
            "css_class": ""
          }
        },
        "ccd5e2e0-b9ca-49fe-8834-c942d92b321b": {
          "type": "column",
          "settings": {
            "image": "shopify:\/\/shop_images\/TGFD_GirlfriendGiftsPage-FreeDownloadsKeto_V2.png",
            "title": "",
            "heading_color": "color-scheme",
            "text": "",
            "link_label": "",
            "link": "shopify:\/\/pages\/f-break-a-plateau-checklist",
            "button_color": "color-scheme",
            "css_class": ""
          }
        },
        "70e12115-336b-4708-b45c-2a1a7966f926": {
          "type": "column",
          "settings": {
            "image": "shopify:\/\/shop_images\/TGFD_GirlfriendGiftsPage-FreeDownloadsKeto_V1.png",
            "title": "",
            "heading_color": "color-scheme",
            "text": "",
            "link_label": "",
            "link": "shopify:\/\/pages\/f-women-over-40",
            "button_color": "color-scheme",
            "css_class": ""
          }
        },
        "55a65c52-9a13-42b6-8a06-12dd11a66bcf": {
          "type": "column",
          "settings": {
            "image": "shopify:\/\/shop_images\/TGFD_GirlfriendGiftsPage-FreeDownloads-03.jpg",
            "title": "",
            "heading_color": "color-scheme",
            "text": "",
            "link_label": "",
            "link": "shopify:\/\/pages\/f-menopause-mistakes",
            "button_color": "color-scheme",
            "css_class": ""
          }
        },
        "70903bf9-7a2d-4830-b708-dceb376c7510": {
          "type": "column",
          "settings": {
            "image": "shopify:\/\/shop_images\/TGFD_GirlfriendGiftsPage-FreeDownloads-01.jpg",
            "title": "",
            "heading_color": "color-scheme",
            "text": "",
            "link_label": "",
            "link": "shopify:\/\/pages\/f-3-secrets-webinar",
            "button_color": "color-scheme",
            "css_class": ""
          }
        },
        "164631254405aeda3f-2": {
          "type": "column",
          "settings": {
            "image": "shopify:\/\/shop_images\/TGFD_GirlfriendGiftsPage-FreeDownloads_Arousal.jpg",
            "title": "",
            "heading_color": "color-scheme",
            "text": "",
            "link_label": "",
            "link": "https:\/\/www.sexualcpr.com\/arousal-1",
            "button_color": "color-scheme",
            "css_class": ""
          }
        }
      },
      "block_order": [
        "164631254405aeda3f-0",
        "164631254405aeda3f-1",
        "4dc4c453-734f-41c1-90a1-890232857549",
        "4d7700f1-da6b-4c73-8fef-c16499bb41ea",
        "146fe947-cfe0-44b9-927a-baf0000c702f",
        "ccd5e2e0-b9ca-49fe-8834-c942d92b321b",
        "70e12115-336b-4708-b45c-2a1a7966f926",
        "55a65c52-9a13-42b6-8a06-12dd11a66bcf",
        "70903bf9-7a2d-4830-b708-dceb376c7510",
        "164631254405aeda3f-2"
      ],
      "settings": {
        "anchor_id": "",
        "title": "Free Downloads",
        "text": "",
        "heading_size": "h2",
        "heading_color": "color-scheme",
        "text_size": "p",
        "column_heading_size": "h3",
        "column_text_size": "p",
        "image_width": "full",
        "image_ratio": "adapt",
        "columns_desktop": 2,
        "column_alignment": "center",
        "column_link_type": "column",
        "background_style": "none",
        "button_label": "",
        "button_link": "",
        "button_color": "color-scheme",
        "color_scheme": "background-1",
        "columns_mobile": "1",
        "swipe_on_mobile": false,
        "padding_top": 36,
        "padding_bottom": 36,
        "css_class": "dac-border-bottom",
        "custom_css": "h2.title { text-align: left; }",
        "custom_css_mobile": ""
      }
    }
  },
  "order": [
    "main",
    "16463123117feb3857",
    "1646312536397265c2",
    "1646312544f7b2a76f"
  ]
}
