{
  "layout": "theme-offer-page",
  "sections": {
    "16462238058b508f23": {
      "type": "header-offer-page",
      "blocks": {
        "2d234c6a-ad15-4b01-b895-79b7c0f04cdf": {
          "type": "custom_colors",
          "settings": {
            "colors_solid_button_labels": "",
            "colors_accent_1": "#63316e",
            "gradient_accent_1": "",
            "colors_accent_2": "#ff8f19",
            "gradient_accent_2": "",
            "colors_accent_3": "rgba(0,0,0,0)",
            "colors_accent_4": "",
            "colors_text": "",
            "colors_outline_button_labels": "",
            "colors_background_1": "",
            "gradient_background_1": "",
            "colors_background_2": "rgba(0,0,0,0)",
            "gradient_background_2": ""
          }
        }
      },
      "block_order": [
        "2d234c6a-ad15-4b01-b895-79b7c0f04cdf"
      ],
      "settings": {
        "color_scheme": "background-1",
        "display_logo": true,
        "show_line_separator": false,
        "enable_sticky_header": true,
        "margin_bottom": 0,
        "css_class": "",
        "custom_css": "@font-face {\n  font-family: 'Larsseit';\n  src: url(https:\/\/d2saw6je89goi1.cloudfront.net\/uploads\/digital_asset\/file\/962385\/Type_Dynamic_-_Larsseit_Regular.otf);\n  font-weight: normal;\n  font-style: normal;\n}\n@font-face {\n  font-family: 'Larsseit-Bold';\n  src: url(https:\/\/d2saw6je89goi1.cloudfront.net\/uploads\/digital_asset\/file\/962384\/Type_Dynamic_-_Larsseit_Bold.otf) format('truetype');\n  font-weight: var(--font-body-weight-bold);\n  font-style: normal;\n}\n@font-face {\n  font-family: 'Larsseit-Thin';\n  src: url(https:\/\/d2saw6je89goi1.cloudfront.net\/uploads\/digital_asset\/file\/962386\/Type_Dynamic_-_Larsseit_Thin.otf) format('truetype');\n  font-weight: lighter;\n  font-style: normal;\n}\n\n@font-face {\n  font-family: 'Larsseit-Light';\n  src: url(https:\/\/d2saw6je89goi1.cloudfront.net\/uploads\/digital_asset\/file\/965155\/Larsseit-Light.ttf) format('truetype');\n  font-weight: lighter;\n  font-style: normal;\n}\n\nbody {\n  font-family: 'Larsseit-Light', serif !important;\n}",
        "custom_css_mobile": ""
      }
    },
    "165842806132eb12dc": {
      "type": "image-banner",
      "blocks": {
        "16584280613c50fe4e-0": {
          "type": "heading",
          "settings": {
            "heading": "What should you eat to break your  weight loss plateau?",
            "heading_size": "h1"
          }
        },
        "16584280613c50fe4e-1": {
          "type": "text",
          "settings": {
            "text": "Find your easy 6-day plan to balance your hormones, gain confidence, get in control and feel sexy!",
            "text_style": "subtitle"
          }
        },
        "16584280613c50fe4e-2": {
          "type": "buttons",
          "settings": {
            "button_label_1": "TAKE THE QUIZ",
            "button_link_1": "shopify:\/\/pages\/f-menupause-quiz",
            "button_style_secondary_1": false,
            "button_label_2": "",
            "button_link_2": "",
            "button_style_secondary_2": false
          }
        }
      },
      "block_order": [
        "16584280613c50fe4e-0",
        "16584280613c50fe4e-1",
        "16584280613c50fe4e-2"
      ],
      "settings": {
        "image": "shopify:\/\/shop_images\/MenuPause_LP_Quiz-Opt-In-Page-04.jpg",
        "mobile_image": "shopify:\/\/shop_images\/MenuPause_LP_Quiz-Opt-In-Page-05.jpg",
        "link": "",
        "image_overlay_opacity": 0,
        "image_height": "medium",
        "adapt_height_first_image": true,
        "desktop_content_position": "middle-center",
        "show_text_box": false,
        "desktop_content_alignment": "center",
        "color_scheme": "background-1",
        "mobile_content_alignment": "center",
        "stack_images_on_mobile": true,
        "show_text_below": false,
        "css_class": "bannerimage",
        "custom_css": ".bannerimage h2{\ncolor: #63316e;\nfont-size: 55px;\n}\n\n.subtitle{\ncolor: #000000;\nfont-size: 23px;\n}\n\n.button {\ncolor: #ffffff;\nbackground-color: #ff8f19;\nborder: 0px !important;\nfont-size: 24px; \npadding: 10px 25px;\n}",
        "custom_css_mobile": ".bannerimage h2{\ncolor: #63316e;\nfont-size: 35px;\n}\n\n.subtitle{\ncolor: #000000;\nfont-size: 18px;\n}\n\n.button {\ncolor: #ffffff;\nbackground-color: #ff8f19;\nborder: 0px !important;\nfont-size: 14px; \npadding: 10px 25px;\n}"
      }
    },
    "16461663454a306e26": {
      "type": "rich-text",
      "blocks": {
        "1646166345821458f3-0": {
          "type": "heading",
          "settings": {
            "heading": "In just 6 days, you could be on your way to freedom from...",
            "heading_size": "h2",
            "heading_alignment": "center",
            "heading_color": "accent-1",
            "css_class": ""
          }
        }
      },
      "block_order": [
        "1646166345821458f3-0"
      ],
      "settings": {
        "anchor_id": "",
        "color_scheme": "background-2",
        "full_width": true,
        "padding_top": 24,
        "padding_bottom": 24,
        "css_class": "",
        "custom_css": "h2 {\nfont-size: 33px;\n}",
        "custom_css_mobile": "h2 {\nfont-size: 30px;\n}"
      }
    },
    "1658250672dac6639f": {
      "type": "image",
      "settings": {
        "image": "shopify:\/\/shop_images\/MenuPause_LP_Quiz-Opt-In-Page-03.png",
        "mobile_image": "shopify:\/\/shop_images\/MenuPause_LP_Quiz-Opt-In-Page-02.png",
        "max_width": 0,
        "color_scheme": "background-2",
        "link": "",
        "padding_top": 0,
        "padding_bottom": 36,
        "css_class": "",
        "custom_css": "",
        "custom_css_mobile": ""
      }
    },
    "main": {
      "type": "main-page",
      "disabled": true,
      "settings": {
        "display_title": true,
        "color_scheme": "background-1",
        "padding_top": 28,
        "padding_bottom": 28,
        "css_class": "",
        "custom_css": "",
        "custom_css_mobile": ""
      }
    }
  },
  "order": [
    "16462238058b508f23",
    "165842806132eb12dc",
    "16461663454a306e26",
    "1658250672dac6639f",
    "main"
  ]
}