{"layout":"theme-offer-page","sections":{"16462238058b508f23":{"type":"header-offer-page","settings":{"color_scheme":"accent-2","display_logo":true,"enable_logo_link":false,"logo_color":"gold","show_line_separator":false,"enable_sticky_header":true,"margin_bottom":0,"css_class":"","custom_css":"","custom_css_mobile":""}},"main":{"type":"main-page","disabled":true,"settings":{"display_title":true,"color_scheme":"background-1","padding_top":28,"padding_bottom":28,"css_class":"","custom_css":"","custom_css_mobile":""}},"16461663454a306e26":{"type":"rich-text","blocks":{"1646166345821458f3-0":{"type":"heading","settings":{"heading":"Exclusive offer for the Hormones Balance community","heading_size":"h2","heading_alignment":"center","heading_color":"color-scheme","css_class":"","heading_divider":false}}},"block_order":["1646166345821458f3-0"],"settings":{"anchor_id":"","color_scheme":"accent-1","full_width":true,"padding_top":40,"padding_bottom":52,"css_class":"","custom_css":"","custom_css_mobile":""}},"164616622356f72eeb":{"type":"image-with-text","blocks":{"1646166223b6760f4c-0":{"type":"heading","settings":{"heading":"Women keep falling in love with Julva®","heading_size":"h2","heading_color":"color-scheme","css_class":""}},"1646166223b6760f4c-1":{"type":"text","settings":{"text":"<p>\"I didn’t realize how much incontinence was a problem in women 45 and beyond until we introduced Julva&reg; to the Hormones Balance community. <strong>We got a wave of emails thanking us and Dr. Anna for this product. <\/strong><\/p><p>\"So, whether you’re looking to spark up your bedroom fun or just “keep it together” when lifting weights or laughing too hard (wait, there is no such thing!), Julva might be your answer.\"<\/p><p>— Magdalena Wszelaki<\/p>","text_style":"body","css_class":""}},"1646166223b6760f4c-2":{"type":"button","settings":{"button_label":"Save Up to 20% Off Now","button_link":"#offer","button_color":"accent-1","css_class":""}}},"block_order":["1646166223b6760f4c-0","1646166223b6760f4c-1","1646166223b6760f4c-2"],"settings":{"anchor_id":"","image":"shopify:\/\/shop_images\/Magdalena_JulvaImage_V1.jpg","height":"adapt","desktop_image_width":"medium","layout":"image_first","desktop_content_position":"top","desktop_content_alignment":"left","content_layout":"no-overlap","color_scheme":"background-1","width":"page-width","mobile_layout":"image_top","mobile_content_alignment":"left","padding_top":52,"padding_bottom":36,"css_class":"dac-allow-media-resize","custom_css":"","custom_css_mobile":""}},"16461665370b674e8b":{"type":"rich-text","blocks":{"1646166537089aa810-0":{"type":"heading","settings":{"heading":"Say goodbye to crossing your legs and hoping for the best & hello to confidence and comfort","heading_size":"h3","heading_alignment":"left","heading_color":"color-scheme","css_class":"","heading_divider":false}},"1646166537089aa810-1":{"type":"text","settings":{"text":"<p>All-natural, Julva® feminine cream was developed by Dr. Anna Cabeca, a triple-board certified OB-GYN, to give women an over-the-counter alternative to the custom preparations she prescribed for decades in her private practice. Made with reparative plant stem cells, rich moisturizers, and essential DHEA to help women of all ages…<\/p>","text_alignment":"left","text_size":"p","css_class":""}},"fae74505-de30-4a05-b933-5b0011877e78":{"type":"list","settings":{"list_items":"<p>stop worrying about bladder leaks<\/p><p>increase vaginal moisture & comfort<\/p><p>soothe irritation<\/p><p>feel confident in & out of the bedroom<\/p>","text_alignment":"left","text_size":"p","css_class":""}}},"block_order":["1646166537089aa810-0","1646166537089aa810-1","fae74505-de30-4a05-b933-5b0011877e78"],"settings":{"anchor_id":"","color_scheme":"background-1","full_width":true,"padding_top":40,"padding_bottom":52,"css_class":"","custom_css":"","custom_css_mobile":""}},"164616713105e6cd4f":{"type":"product-badges","settings":{"product":"julva","padding_top":36,"padding_bottom":36,"css_class":"","custom_css":"","custom_css_mobile":""}},"1646167175750852c1":{"type":"rich-text","blocks":{"1646167175716c37ef-0":{"type":"heading","settings":{"heading":"Women keep falling in love with Julva®","heading_size":"h2","heading_alignment":"left","heading_color":"color-scheme","css_class":"","heading_divider":false}},"1646167175716c37ef-1":{"type":"text","settings":{"text":"<p>because they’re getting results like this…<\/p><p><em>“I don’t worry about accidental leaks.”<\/em><\/p><p><em>“This cream has been a godsend for my bladder.”<\/em><\/p><p><em>“It is so hydrating and adds a definite pow to my libido.” <\/em><\/p><p><em>“Even my GYN commented on how healthy everything looks!”<\/em><\/p><p><em>“In three months’ time I have regained better bladder function and less leaks while running.”<\/em><\/p><p><em>“I feel so good I’m about to cry.”<\/em><\/p>","text_alignment":"left","text_size":"p","css_class":""}}},"block_order":["1646167175716c37ef-0","1646167175716c37ef-1"],"settings":{"anchor_id":"","color_scheme":"background-1","full_width":true,"padding_top":40,"padding_bottom":52,"css_class":"","custom_css":"","custom_css_mobile":""}},"rich_text_JfxAy7":{"type":"rich-text","blocks":{"heading_z3Xn6G":{"type":"heading","settings":{"heading":"Show Your V Some Love","heading_size":"h1","heading_alignment":"center","heading_color":"color-scheme","css_class":"","heading_divider":true}},"text_UipReB":{"type":"text","settings":{"text":"<p>Hormone Balance Community save on Julva® today!<\/p>","text_alignment":"center","text_size":"p","css_class":""}}},"block_order":["heading_z3Xn6G","text_UipReB"],"settings":{"anchor_id":"","color_scheme":"accent-1","full_width":true,"padding_top":40,"padding_bottom":52,"css_class":"","custom_css":"","custom_css_mobile":""}},"multicolumn_XJt3eD":{"type":"multicolumn","blocks":{"product_bundle_gpPiwF":{"type":"product_bundle","settings":{"title":"Julva 60-Day","variants":"partner-offer-julva-magdalena,BUND-JULVA-MAGDALENA","offer_name":"","price_features":"total","banner":"","text":"","show_cost_per_day":true,"guarantee_length":"60","offer_inventory_policy":"deny","show_inventory":false,"inventory_label":"","coupon_discounts":"","layout":"recommended\ntitle\nimage\nprice\nsnippets\ninventory\nbuy_buttons\npayment_types","css_class":""}},"product_bundle_Q7FefV":{"type":"product_bundle","settings":{"title":"Julva 4-Pack","variants":"partner-offer-julva-magdalena,BUND-JULVA-MAGDALENA-04","offer_name":"","price_features":"total","banner":"Best Value","text":"","show_cost_per_day":true,"guarantee_length":"60","offer_inventory_policy":"deny","show_inventory":false,"inventory_label":"","coupon_discounts":"","layout":"recommended\ntitle\nimage\nprice\nsnippets\ninventory\nbuy_buttons\npayment_types","css_class":""}},"product_bundle_AA86bf":{"type":"product_bundle","settings":{"title":"Julva 2-Pack","variants":"partner-offer-julva-magdalena,BUND-JULVA-MAGDALENA-02","offer_name":"","price_features":"total","banner":"Most Popular","text":"","show_cost_per_day":true,"guarantee_length":"60","offer_inventory_policy":"deny","show_inventory":false,"inventory_label":"","coupon_discounts":"","layout":"recommended\ntitle\nimage\nprice\nsnippets\ninventory\nbuy_buttons\npayment_types","css_class":""}}},"block_order":["product_bundle_gpPiwF","product_bundle_Q7FefV","product_bundle_AA86bf"],"settings":{"anchor_id":"offer","title":"","text":"","heading_size":"h1","heading_color":"color-scheme","text_size":"p","column_heading_size":"h3","column_text_size":"p","image_width":"full","image_ratio":"adapt","columns_desktop":3,"column_alignment":"center","column_link_type":"button","background_style":"none","button_label":"","button_link":"","button_color":"color-scheme","color_scheme":"background-1","width":"page-width","columns_mobile":"1","swipe_on_mobile":false,"padding_top":36,"padding_bottom":36,"css_class":"","custom_css":"","custom_css_mobile":""}},"1646167433f8b3fade":{"type":"rich-text","blocks":{"16461674338c001960-1":{"type":"text","settings":{"text":"<p>“Julva is nothing short of a miracle. I’ve used it now for several months and I will never stop.”<\/p><p><em>-Valerie D.<\/em><\/p>","text_alignment":"center","text_size":"p","css_class":""}}},"block_order":["16461674338c001960-1"],"settings":{"anchor_id":"","color_scheme":"background-1","full_width":true,"padding_top":40,"padding_bottom":52,"css_class":"","custom_css":"","custom_css_mobile":""}},"164616746227f2eb6d":{"type":"rich-text","blocks":{"1646167462d6e66405-1":{"type":"text","settings":{"text":"<p><em><strong>Julva is incredible, but it’s not appropriate for everyone. <\/strong><\/em><em>If you have had or are currently being treated for breast cancer, are pregnant or breast-feeding, or have an active vaginal infection, consult with your doctor before using.<\/em><\/p>","text_alignment":"center","text_size":"p","css_class":""}}},"block_order":["1646167462d6e66405-1"],"settings":{"anchor_id":"","color_scheme":"background-1","full_width":true,"padding_top":40,"padding_bottom":40,"css_class":"dac-border-top dac-border-bottom","custom_css":"","custom_css_mobile":""}}},"order":["16462238058b508f23","main","16461663454a306e26","164616622356f72eeb","16461665370b674e8b","164616713105e6cd4f","1646167175750852c1","rich_text_JfxAy7","multicolumn_XJt3eD","1646167433f8b3fade","164616746227f2eb6d"]}