{
  "layout": "theme-offer-page",
  "sections": {
    "main": {
      "type": "main-page",
      "disabled": true,
      "settings": {
        "display_title": false,
        "color_scheme": "background-1",
        "padding_top": 28,
        "padding_bottom": 28,
        "css_class": "center",
        "custom_css": "",
        "custom_css_mobile": ""
      }
    },
    "06f4d6c5-8955-4e99-8936-dc96296ef92d": {
      "type": "header-offer-page",
      "blocks": {
        "e14f5aa4-afa0-46b3-a2ed-b404c002ac28": {
          "type": "custom_colors",
          "settings": {
            "colors_solid_button_labels": "",
            "colors_accent_1": "",
            "gradient_accent_1": "",
            "colors_accent_2": "#321748",
            "gradient_accent_2": "",
            "colors_accent_3": "rgba(0,0,0,0)",
            "colors_accent_4": "",
            "colors_text": "",
            "colors_outline_button_labels": "",
            "colors_background_1": "rgba(0,0,0,0)",
            "gradient_background_1": "",
            "colors_background_2": "",
            "gradient_background_2": ""
          }
        }
      },
      "block_order": [
        "e14f5aa4-afa0-46b3-a2ed-b404c002ac28"
      ],
      "settings": {
        "color_scheme": "accent-2",
        "display_logo": true,
        "logo_color": "white",
        "show_line_separator": true,
        "enable_sticky_header": true,
        "margin_bottom": 0,
        "css_class": "",
        "custom_css": "",
        "custom_css_mobile": ""
      }
    },
    "54241dca-a171-48f7-8ac1-b2f3365f4f73": {
      "type": "rich-text",
      "blocks": {
        "template--14487746248759__54241dca-a171-48f7-8ac1-b2f3365f4f73-1679075648b5677df1-0": {
          "type": "heading",
          "settings": {
            "heading": "Success! Here's What To Do Next...",
            "heading_size": "h1",
            "heading_alignment": "center",
            "heading_color": "foreground",
            "css_class": "",
            "heading_divider": false
          }
        },
        "a03dc4d3-6c99-4599-9923-af9aa1f24edb": {
          "type": "text",
          "settings": {
            "text": "<p>Check your email for a message from me titled:<\/p>",
            "text_alignment": "center",
            "text_size": "p",
            "css_class": ""
          }
        },
        "2510115f-870e-47fa-91d8-9c26560f8325": {
          "type": "text",
          "settings": {
            "text": "<p>✉ <em><strong>Here's Your \"Menopause Mistakes\" eBook!<\/strong><\/em><\/p>",
            "text_alignment": "center",
            "text_size": "h4",
            "css_class": "ebook"
          }
        }
      },
      "block_order": [
        "template--14487746248759__54241dca-a171-48f7-8ac1-b2f3365f4f73-1679075648b5677df1-0",
        "a03dc4d3-6c99-4599-9923-af9aa1f24edb",
        "2510115f-870e-47fa-91d8-9c26560f8325"
      ],
      "settings": {
        "anchor_id": "",
        "color_scheme": "background-1",
        "full_width": true,
        "padding_top": 40,
        "padding_bottom": 12,
        "css_class": "",
        "custom_css": "h2 {\nfont-size: 42px;\n}\n\n.ebook {\ncolor: #BE9452 !important;\nfont-size: 30px;\n}",
        "custom_css_mobile": "h2 {\nfont-size: 35px;\n}"
      }
    },
    "8967562f-626b-4216-bb27-f55cb3555050": {
      "type": "multicolumn",
      "blocks": {
        "template--14487819911223__8967562f-626b-4216-bb27-f55cb3555050-16790790845d91114e-0": {
          "type": "column",
          "settings": {
            "image": "shopify:\/\/shop_images\/check-your-email.jpg",
            "title": "",
            "heading_color": "color-scheme",
            "text": "",
            "link_label": "",
            "link": "",
            "button_color": "color-scheme",
            "css_class": "email"
          }
        }
      },
      "block_order": [
        "template--14487819911223__8967562f-626b-4216-bb27-f55cb3555050-16790790845d91114e-0"
      ],
      "settings": {
        "anchor_id": "",
        "title": "",
        "text": "",
        "heading_size": "h1",
        "heading_color": "color-scheme",
        "text_size": "p",
        "column_heading_size": "h3",
        "column_text_size": "p",
        "image_width": "full",
        "image_ratio": "adapt",
        "columns_desktop": 3,
        "column_alignment": "center",
        "column_link_type": "button",
        "background_style": "none",
        "button_label": "",
        "button_link": "",
        "button_color": "color-scheme",
        "color_scheme": "background-1",
        "columns_mobile": "1",
        "swipe_on_mobile": false,
        "padding_top": 36,
        "padding_bottom": 36,
        "css_class": "",
        "custom_css": ".email {\nmax-width: 50%;  \nheight: auto;  \n}",
        "custom_css_mobile": ""
      }
    }
  },
  "order": [
    "main",
    "06f4d6c5-8955-4e99-8936-dc96296ef92d",
    "54241dca-a171-48f7-8ac1-b2f3365f4f73",
    "8967562f-626b-4216-bb27-f55cb3555050"
  ]
}