{"layout":"theme-offer-page","sections":{"main":{"type":"main-page","settings":{"display_title":true,"color_scheme":"background-1","padding_top":40,"padding_bottom":40,"css_class":"visually-hidden","custom_css":"","custom_css_mobile":""}},"1640097424c2f7eec2":{"type":"header-offer-page","blocks":{"64d5290e-0111-45f8-add9-b15e6899534a":{"type":"countdown_timer","disabled":true,"settings":{"title":"","end_date_time":"August 19, 2022 23:59:59 GMT-0500","first_countdown":true,"color_scheme":"background-1","padding_top":20,"padding_bottom":20,"css_class":""}},"bd5c02bc-ed1a-47fb-93b9-a67e14efaa95":{"type":"custom_colors","settings":{"colors_solid_button_labels":"","colors_accent_1":"rgba(0,0,0,0)","gradient_accent_1":"","colors_accent_2":"#ffffff","gradient_accent_2":"","colors_accent_3":"#321748","colors_accent_4":"#e6e4ea","colors_text":"#000000","colors_outline_button_labels":"","colors_background_1":"#ffffff","gradient_background_1":"","colors_background_2":"#fcfaf7","gradient_background_2":""}},"3bc82201-33bf-4bac-8745-e9330ba18fb0":{"type":"image","settings":{"image":"shopify:\/\/shop_images\/TGFD_SexualCPR_Landingpage.png","max_width":0,"css_class":"breeze"}}},"block_order":["64d5290e-0111-45f8-add9-b15e6899534a","bd5c02bc-ed1a-47fb-93b9-a67e14efaa95","3bc82201-33bf-4bac-8745-e9330ba18fb0"],"custom_css":[],"settings":{"color_scheme":"accent-2","display_logo":false,"enable_logo_link":false,"logo_color":"gold","show_line_separator":false,"enable_sticky_header":false,"margin_bottom":0,"css_class":"","custom_css":".header--offer-page {\n    grid-template-columns: var(--cart-width) auto var(--cart-width);\ngrid-\n}\n\n.grid { margin-bottom: 0; }\n\n.breeze{ max-width:400px; margin: auto;}\n\n.header__icon, .header__icon--cart .icon {color: #9F2B68;}","custom_css_mobile":""}},"image_banner_Hpj8fz":{"type":"image-banner","settings":{"image":"shopify:\/\/shop_images\/TGFD_SexualCPR_Landingpage-02.jpg","mobile_image":"shopify:\/\/shop_images\/TGFD_SexualCPR_Landingpage-27_2.jpg","link":"#offerbox","image_overlay_opacity":0,"image_height":"medium","adapt_height_first_image":true,"desktop_content_position":"middle-center","show_text_box":true,"desktop_content_alignment":"center","color_scheme":"background-1","mobile_content_alignment":"center","stack_images_on_mobile":true,"show_text_below":true,"css_class":"","custom_css":"","custom_css_mobile":""}},"1651243183dc8c517f":{"type":"rich-text","blocks":{"1651243182c24ad981-0":{"type":"heading","settings":{"heading":"When you get older, your libido drops. That’s just a part of aging.","heading_size":"h2","heading_alignment":"center","heading_color":"accent-1","css_class":"bottom","heading_divider":false}},"e7caf1d6-3572-46b2-966c-41d2662321c1":{"type":"text","settings":{"text":"<p>&lt;h3&gt;<em>Tired of hearing this kind of advice?<\/em>&lt;\/h3&gt;<\/p><p>Then come on in, we need to chat, Girlfriend.<\/p>","text_alignment":"center","text_size":"p","css_class":"bottom"}}},"block_order":["1651243182c24ad981-0","e7caf1d6-3572-46b2-966c-41d2662321c1"],"custom_css":[],"settings":{"anchor_id":"","color_scheme":"background-1","full_width":true,"padding_top":24,"padding_bottom":0,"css_class":"","custom_css":"h2{font-size:35px;\npadding-top:25px;}\nh3{font-size:27px;}\np{font-size:27px;}\n\n.rich-text__blocks { width: 100%; max-width: 100%; }     \n.rich-text__blocks&gt;*:not(.image__grid) { margin-left: auto; margin-right: auto;   width: calc(100% - 15rem);}\n\n.banner { background-color: var(--color-embrace);}\n\n.rich-text__blocks&gt;*+*{    margin-top: 0;}","custom_css_mobile":"h2{font-size:30px;padding:0px;}\nh3{font-size:22px;}\np{font-size:22px;}\n\n.bottom{min-width:100%;\npadding: 0px 10px 0px 10px;"}},"video_zGjWwX":{"type":"video","settings":{"heading":"","heading_size":"h1","heading_color":"color-scheme","cover_image":"shopify:\/\/shop_images\/TGFD_SexualCPR_Landingpage-04.jpg","video_url_metafield":"","video_url":"https:\/\/vimeo.com\/950867617?share=copy","description":"","transcript":"","full_width":false,"color_scheme":"background-1","padding_top":36,"padding_bottom":8,"css_class":"","custom_css":".video-section.page-width{\n    max-width: 110vh;}","custom_css_mobile":""}},"d03892e0-5daa-4af8-b52e-86251f95196f":{"type":"image-with-text","blocks":{"template--14495786434615__d03892e0-5daa-4af8-b52e-86251f95196f-1680723310c72bb550-1":{"type":"text","settings":{"text":"<p>I’VE BEATEN MENOPAUSE NOT ONCE... BUT TWICE!<\/p>","text_style":"subtitle","css_class":""}},"5ffa2120-f34c-424f-aea5-45484c41e430":{"type":"list","settings":{"list_items":"<p>You love your partner, but you just don’t want to have sex with them<br\/><\/p><p>Sex is downright painful because things are ahem, a bit dry down there<br\/><\/p><p>Lack of sex is driving a giant wedge between you and your significant other<\/p><p>Your orgasms are nonexistent or lackluster at best<\/p><p>You’re dating after divorce or loss and it’s just…<em>challenging<\/em><\/p><p>After years of child-rearing and hectic schedules, you’ve looked around and thought, “<em>What now<\/em>?”<\/p><p>You finally brought things up to your doc and they said, “That’s just what happens when you age.”<\/p>","list_style_type":"bullets","text_alignment":"left","css_class":""}},"3573c8cb-da7f-4efd-978c-83a47c23848a":{"type":"text","settings":{"text":"<p>If so, then keep reading, because I’ve got a big secret for you. Huge.<\/p>","text_style":"body","css_class":""}},"template--14495786434615__d03892e0-5daa-4af8-b52e-86251f95196f-1680723310c72bb550-2":{"type":"button","settings":{"button_label":"i'm ready","button_link":"#offerbox","button_color":"accent-1","css_class":""}}},"block_order":["template--14495786434615__d03892e0-5daa-4af8-b52e-86251f95196f-1680723310c72bb550-1","5ffa2120-f34c-424f-aea5-45484c41e430","3573c8cb-da7f-4efd-978c-83a47c23848a","template--14495786434615__d03892e0-5daa-4af8-b52e-86251f95196f-1680723310c72bb550-2"],"settings":{"anchor_id":"","image":"shopify:\/\/shop_images\/TGFD_SexualCPR_Landingpage-05.jpg","height":"adapt","desktop_image_width":"medium","layout":"text_first","desktop_content_position":"top","desktop_content_alignment":"left","content_layout":"no-overlap","color_scheme":"background-1","width":"page-width","internal_padding":"true","mobile_layout":"image_top","mobile_content_alignment":"left","padding_top":40,"padding_bottom":40,"css_class":"dac-full-width dac-padding-side-none dac-allow-media-resize","custom_css":".subtitle { text-transform: uppercase;  color: #321748; line-height:1em;}\n\nh4 { color: rgb(var(--color-base-accent-4)); padding:0px; margin-top:-20px; margin-bottom:0px;}\n\nul {\n  list-style-type: none; padding-inline-start: 25px;\nposition: relative;\n}\n\nul li:before {\n  content: '';\n  display: inline-block;\n  height: 20px;\n  width: 20px;\n   background-size: 20px;\n  background-image: url(\"https:\/\/cdn.shopify.com\/s\/files\/1\/0524\/5661\/files\/TGFD_SexualCPR_Landingpage-11.png?v=1718041177\");\n  background-repeat: no-repeat;\nposition: absolute;\nleft: 0px;\nmargin-top:4px;\n}\n\n.image-with-text__media img {width:90%;}","custom_css_mobile":".image-with-text__media img {margin:auto;}"}},"3f4ee509-dc3e-4f95-9740-d3f98af3d412":{"type":"rich-text","blocks":{"template--14495786434615__3f4ee509-dc3e-4f95-9740-d3f98af3d412-16807230897c3968af-0":{"type":"heading","settings":{"heading":"Everything you’ve been told about a woman’s libido is wrong.","heading_size":"h2","heading_alignment":"center","heading_color":"foreground","css_class":"first","heading_divider":false}},"af03bd90-cf6c-4a1e-bd9b-a60d836ffa35":{"type":"text","settings":{"text":"<p>You don’t have to give up sex. You CAN revive your libido.  <\/p><p>AND you can save your relationship, restore your connection, and have mind-blowing orgasms again. <em>Without<\/em> having testosterone pellets implanted in your rear.<\/p>","text_alignment":"center","text_size":"p","css_class":""}}},"block_order":["template--14495786434615__3f4ee509-dc3e-4f95-9740-d3f98af3d412-16807230897c3968af-0","af03bd90-cf6c-4a1e-bd9b-a60d836ffa35"],"settings":{"anchor_id":"","color_scheme":"accent-3","full_width":true,"padding_top":56,"padding_bottom":44,"css_class":"","custom_css":"h4 {margin-top:-10px; color:000;}\n\n.first{color:#e28db4;}","custom_css_mobile":""}},"image_with_text_ARt6wH":{"type":"image-with-text","blocks":{"text_yQc7xf":{"type":"text","settings":{"text":"<p>THE PROBLEM IS:<\/p>","text_style":"subtitle","css_class":""}},"heading_Vc3BVp":{"type":"heading","settings":{"heading":"Reviving your libido isn’t just about S-E-X. ","heading_size":"h2","heading_color":"accent-1","css_class":""}},"text_36BBgd":{"type":"text","settings":{"text":"<p>A healthy sex drive is a vital sign, and one that you shouldn’t ignore.   <\/p><p>We’ve been taught for generations that sexual pleasure is something that belongs to men. And that ladies shouldn’t talk about such taboo topics. But as a gynecologist and sexual health advocate, I can assure you that your libido levels can be an important indicator of your overall health. <em>You were meant to enjoy a healthy libido well into your golden years.<\/em><\/p>","text_style":"body","css_class":""}},"text_88XraW":{"type":"text","settings":{"text":"<p>Bottom line… When you give up on your sex life, you give up on:<\/p>","text_style":"subtitle","css_class":""}},"list_pgQR88":{"type":"list","settings":{"list_items":"<p>Meaningful connection with the one you love<\/p><p>A wellspring of oxytocin, an important hormone that helps relieve stress and improves pretty much <em>everything <\/em>in life<\/p><p>Your inherent right to pleasure and joy <\/p>","list_style_type":"bullets","text_alignment":"left","css_class":"check"}}},"block_order":["text_yQc7xf","heading_Vc3BVp","text_36BBgd","text_88XraW","list_pgQR88"],"settings":{"anchor_id":"","image":"shopify:\/\/shop_images\/TGFD_SexualCPR_Landingpage-06.jpg","height":"adapt","desktop_image_width":"medium","layout":"image_first","desktop_content_position":"top","desktop_content_alignment":"left","content_layout":"no-overlap","color_scheme":"accent-4","width":"page-width","internal_padding":"true","mobile_layout":"image_top","mobile_content_alignment":"left","padding_top":32,"padding_bottom":4,"css_class":"dac-full-width dac-padding-side-none dac-allow-media-resize","custom_css":"{background-color:transparent;}\n\n.check{color:black;}\n\n.image-with-text .grid{background-color:#E6E4EA;}\n\n.dac-padding-side-none.page-width, .dac-padding-side-none .page-width{background-color:#E6E4EA;}\n\np{color:black;}\n\n.subtitle { text-transform: uppercase;  color: #321748; line-height:1em;}\n\nh4 { color: rgb(var(--color-base-accent-4)); padding:0px; margin-top:-20px; margin-bottom:0px;}\n\nul {\n  list-style-type: none; padding-inline-start: 25px;\nposition: relative;\n}\n\nul li:before {\n  content: '';\n  display: inline-block;\n  height: 20px;\n  width: 20px;\n   background-size: 20px;\n  background-image: url(\"https:\/\/cdn.shopify.com\/s\/files\/1\/0524\/5661\/files\/TGFD_SexualCPR_Landingpage-11.png?v=1718041177\");\n  background-repeat: no-repeat;\nposition: absolute;\nleft: 0px;\n}\n\n.image-with-text__media img {width:90%;}","custom_css_mobile":"h2{font-size:30px;}\n\n.image-with-text__media img {margin:auto;}"}},"rich_text_zbdaAd":{"type":"rich-text","blocks":{"heading_agyxLG":{"type":"heading","settings":{"heading":"But figuring out how to turn your libido around is difficult. After all, nobody talks about this stuff.","heading_size":"h2","heading_alignment":"center","heading_color":"accent-1","css_class":"","heading_divider":false}},"text_UtttRq":{"type":"text","settings":{"text":"<p>Here’s what you need:<\/p>","text_alignment":"center","text_size":"p","css_class":""}},"list_Ujf989":{"type":"list","settings":{"list_items":"<p>To address the <strong>barriers standing in the way of your pleasure<\/strong>: vaginal dryness, long-held negative beliefs about sex, lack of information and shame about your own anatomy, and hormone balance, to name a few.<\/p><p>Simplicity and ease. Because <strong>life’s already full and busy enough<\/strong>. Complicated routines and drawn-out programs are <em>not<\/em> on the dance card.<\/p><p>Guidance and a solid plan. Preferably, one <strong>that’s also full of support and understanding.<\/strong> <\/p>","text_alignment":"left","text_size":"p","css_class":"check"}},"button_AU7Bbz":{"type":"button","settings":{"button_label":"I'm ready","button_link":"#offerbox","button_style_secondary":false,"button_alignment":"center","button_color":"color-scheme","css_class":""}}},"block_order":["heading_agyxLG","text_UtttRq","list_Ujf989","button_AU7Bbz"],"settings":{"anchor_id":"","color_scheme":"accent-4","full_width":true,"padding_top":44,"padding_bottom":52,"css_class":"","custom_css":"p:first-of-type { text-transform: uppercase; font-size: 1.1em; color:black; line-height:1em;}\n\n.button{margin-top:10px;}\n\n.check{color:black;}\n\nul {\n  list-style-type: none; padding-inline-start: 25px;\nposition: relative;\n}\n\nul li:before {\n  content: '';\n  display: inline-block;\n  height: 20px;\n  width: 20px;\n   background-size: 20px;\n  background-image: url(\"https:\/\/cdn.shopify.com\/s\/files\/1\/0524\/5661\/files\/TGFD_SexualCPR_Landingpage-11.png?v=1718041177\");\n  background-repeat: no-repeat;\nposition: absolute;\nleft: 0px;\n}\n\nstrong{color:#9F2B68;}","custom_css_mobile":"ul li:before { margin-top:4px;}"}},"image_with_text_KYAnFb":{"type":"image-with-text","blocks":{"text_yfXFeQ":{"type":"text","settings":{"text":"<p>Which is exactly where I come in<\/p>","text_style":"subtitle","css_class":""}},"text_FQkWMe":{"type":"text","settings":{"text":"<p>If we haven’t met before, Hi!  <\/p>","text_style":"body","css_class":""}},"heading_HUJyNi":{"type":"heading","settings":{"heading":"I’m Dr. Anna Cabeca","heading_size":"h2","heading_color":"accent-1","css_class":""}},"text_jpaajn":{"type":"text","settings":{"text":"<p><em>Triple-board certified, Emory-trained OB\/GYN. Women’s health advocate, best-selling author, mother, and grandmother.<\/em><\/p><p>Over the past 30+ years, I’ve helped <strong>thousands of women<\/strong> to rebalance their hormones and take control of their sexual health, with practical, doable strategies and protocols I designed for the busy woman.<\/p><p>Because let’s face it.<\/p><p>Even if you have the most cutting-edge program or method — it won’t work unless you have the <strong>time to implement it<\/strong>. <\/p><p>A truth I’ve seen play out one too many times as a gynecologist and wear-all-the-hats business owner.<\/p><p>You see, it took the break up of my own marriage and my own struggles with libido to learn how critical a healthy sex life is to a woman’s well-being.<\/p>","text_style":"body","css_class":""}}},"block_order":["text_yfXFeQ","text_FQkWMe","heading_HUJyNi","text_jpaajn"],"settings":{"anchor_id":"","image":"shopify:\/\/shop_images\/Dallas_Photographer-_AJK_Images-_Dallas_Photography_Studio-_Andrew_Knowles-_Dr_Anna_Cabeca_The_Girlfriend_Doctor_Dallas_Texas_Portraits-_copy.jpg","height":"adapt","desktop_image_width":"medium","layout":"text_first","desktop_content_position":"top","desktop_content_alignment":"left","content_layout":"no-overlap","color_scheme":"background-1","width":"page-width","internal_padding":"true","mobile_layout":"image_top","mobile_content_alignment":"left","padding_top":4,"padding_bottom":0,"css_class":"dac-full-width dac-padding-side-none dac-allow-media-resize","custom_css":".subtitle { text-transform: uppercase;  color: #321748; line-height:1em;}\n\nh4 { color: rgb(var(--color-base-accent-4)); padding:0px; margin-top:-20px; margin-bottom:0px;}\n\nul {\n  list-style-type: none; padding-inline-start: 25px;\nposition: relative;\n}\n\nul li:before {\n  content: '';\n  display: inline-block;\n  height: 20px;\n  width: 20px;\n   background-size: 20px;\n  background-image: url(\"https:\/\/cdn.shopify.com\/s\/files\/1\/0524\/5661\/files\/TGFD_SexualCPR_Landingpage-11.png?v=1718041177\");\n  background-repeat: no-repeat;\nposition: absolute;\nleft: 0px;\n}\n\n.image-with-text__media img {width:90%;}","custom_css_mobile":".image-with-text__media img {margin:auto;}"}},"multicolumn_bWj4Qq":{"type":"multicolumn","blocks":{"column_LQYxRV":{"type":"column","settings":{"title":"","heading_color":"color-scheme","text":"<p>And even though I’m a triple-board-certified doctor, I still had to do my own research and develop my own protocols when it comes to sexual health and libido. Because frankly, the traditional medical system and our society just doesn’t prioritize it the way we need to. <\/p><p>I had to take matters into my own hands.<\/p><p>But once I’d settled on a method that worked to help me get my groove back in the bedroom…you can bet I started sharing these methods with my patients.<\/p>","link_label":"","link":"","button_color":"color-scheme","css_class":""}},"column_QTmepC":{"type":"column","settings":{"title":"I started hearing things like:","heading_color":"color-scheme","text":"<p><em>“I’m enjoying sex for the first time in my LIFE!”<\/em><\/p><p><em>“My husband and I have rediscovered a connection I thought was lost”<\/em><\/p><p><em>“I feel more energetic, feminine, and powerful”<\/em><\/p><p>And that’s when I knew I had to package up these libido-boosting secrets into one, ridiculously easy-to-follow, self-study program.<\/p>","link_label":"","link":"","button_color":"color-scheme","css_class":"con"}}},"block_order":["column_LQYxRV","column_QTmepC"],"settings":{"anchor_id":"","title":"","text":"","heading_size":"h2","heading_color":"color-scheme","text_size":"p","column_heading_size":"h3","column_text_size":"p","image_width":"full","image_ratio":"adapt","columns_desktop":1,"column_alignment":"left","column_link_type":"button","background_style":"none","button_label":"","button_link":"","button_color":"color-scheme","color_scheme":"background-1","width":"page-width","internal_padding":"true","columns_mobile":"1","swipe_on_mobile":false,"padding_top":20,"padding_bottom":36,"css_class":"","custom_css":"{\n    margin: 0;\n    padding: 0;\n    height: auto;\n    background: linear-gradient(to top, #FDF9F8 \n 35%, #FFFFFF 0%);\n  }\n\n  .multicolumn-list li:nth-child(2) {width: 90%;max-width: 900px;\n    Background-color: #321748;\n    border-radius: 15px;\n    column-gap: 9px;\n    width: 80%;\n    margin: auto;\n    color: white;\ntext-align: center;\n  }\n\n  .color-background-1 {\n    background: transparent;\n  }\n\n  h3 {\n    color: #e28db4;\n    padding: 20px 0px;\n    font-style: italic;\n  }\n\n  p {\n    padding: 0px 10px 10px 10px;\n  }","custom_css_mobile":"p {\n    padding: 0px 15px 0px 15px;\n  }\n\n.con{padding-left:20px;\npadding-right:20px;\npadding-top:15px;}"}},"multicolumn_hcaUJ9":{"type":"multicolumn","blocks":{"column_Etbray":{"type":"column","settings":{"image":"shopify:\/\/shop_images\/TGFD_SexualCPR_Landingpage-08.png","title":"","heading_color":"color-scheme","text":"<p>It’s all interrelated. Your libido and sexual health don’t exist separate from your overall health. <\/p>","link_label":"","link":"","button_color":"color-scheme","css_class":""}},"column_7mz7Mr":{"type":"column","settings":{"image":"shopify:\/\/shop_images\/TGFD_SexualCPR_Landingpage-08.png","title":"","heading_color":"color-scheme","text":"<p>Once you reclaim your love life, you reclaim a treasured piece of yourself that’s been missing, even if you don’t realize it now.<\/p>","link_label":"","link":"","button_color":"color-scheme","css_class":""}},"column_tEYQ4i":{"type":"column","settings":{"image":"shopify:\/\/shop_images\/TGFD_SexualCPR_Landingpage-08.png","title":"","heading_color":"color-scheme","text":"<p>Sex and connection are important drivers of oxytocin, a hormone that helps you deal with stress, balance hormones, and feel happy!<\/p>","link_label":"","link":"","button_color":"color-scheme","css_class":""}}},"block_order":["column_Etbray","column_7mz7Mr","column_tEYQ4i"],"settings":{"anchor_id":"","title":"I’ve used these EXACT methods to help thousands of women revive their libido and regain confidence in the bedroom and beyond!","text":"<h3>Because here’s the truth:<\/h3>","heading_size":"h2","heading_color":"color-scheme","text_size":"p","column_heading_size":"h3","column_text_size":"p","image_width":"full","image_ratio":"adapt","columns_desktop":3,"column_alignment":"center","column_link_type":"button","background_style":"none","button_label":"","button_link":"","button_color":"color-scheme","color_scheme":"background-2","width":"page-width","internal_padding":"true","columns_mobile":"1","swipe_on_mobile":false,"padding_top":36,"padding_bottom":0,"css_class":"","custom_css":"h2{color:#9F2B68;\nfont-size:37px;}\nh3{color:#9F2B68;\nfont-size:37px;\nmargin-top:10px;\nmargin-bottom:3px;}\n\n.background-none .multicolumn-card__image-wrapper{ \nwidth: 15%;\nmargin: auto;}","custom_css_mobile":""}},"rich_text_pThDXQ":{"type":"rich-text","blocks":{"heading_MBiJHg":{"type":"heading","settings":{"heading":"You need a foolproof way to get your groove back.","heading_size":"h1","heading_alignment":"center","heading_color":"color-scheme","css_class":"","heading_divider":false}},"text_XD3W3g":{"type":"text","settings":{"text":"<p>Let’s resuscitate your libido in 30 days or less, shall we?<\/p>","text_alignment":"center","text_size":"p","css_class":""}},"button_4QLbTY":{"type":"button","settings":{"button_label":"GET READY TO LOVE YOUR LOVE LIFE AGAIN","button_link":"#offerbox","button_style_secondary":false,"button_alignment":"center","button_color":"color-scheme","css_class":""}}},"block_order":["heading_MBiJHg","text_XD3W3g","button_4QLbTY"],"settings":{"anchor_id":"","color_scheme":"background-2","full_width":true,"padding_top":16,"padding_bottom":0,"css_class":"","custom_css":"h2{font-size:40px;\ncolor:#9F2B68;}","custom_css_mobile":".button{padding:10px;}"}},"166265011699cfe00e":{"type":"media-logos","settings":{"color_scheme":"background-2","display_borders":false,"display_text":true,"svg_color":"accent-3","padding_top":36,"padding_bottom":48,"css_class":"","custom_css":"","custom_css_mobile":""}},"image_with_text_9BNHmG":{"type":"image-with-text","blocks":{"text_XHJF8d":{"type":"text","settings":{"text":"<p>&lt;img src=\"https:\/\/cdn.shopify.com\/s\/files\/1\/0524\/5661\/files\/TGFD_SexualCPR_Landingpage-10_1.png?v=1718745922\"<\/p>","text_style":"body","css_class":"intro"}},"text_hHNB3f":{"type":"text","settings":{"text":"<p>A comprehensive course and easy-to-follow blueprint for reviving your libido &gt; for busy women who are ready to feel more vibrant, connected, and healthy.<\/p><p>Get <em>everything<\/em> you need to effortlessly boost your waning desire and save your relationship.<\/p>","text_style":"body","css_class":""}},"button_ygqhHa":{"type":"button","settings":{"button_label":"I’M IN! LET’S GO!","button_link":"#offerbox","button_color":"color-scheme","css_class":""}}},"block_order":["text_XHJF8d","text_hHNB3f","button_ygqhHa"],"settings":{"anchor_id":"","image":"shopify:\/\/shop_images\/TGFD_SexualCPR_Landingpage-09.jpg","height":"adapt","desktop_image_width":"medium","layout":"text_first","desktop_content_position":"top","desktop_content_alignment":"left","content_layout":"no-overlap","color_scheme":"accent-4","width":"page-width","internal_padding":"true","mobile_layout":"image_top","mobile_content_alignment":"left","padding_top":36,"padding_bottom":36,"css_class":"dac-full-width dac-padding-side-none","custom_css":"p{text-align:center;\ncolor:black;}\n\n.intro{width:85%;\nmargin:auto;}\n\n\n.button{margin:auto;\nmargin-top:30px;}\n\n.dac-padding-side-none.page-width, .dac-padding-side-none .page-width{background-color:#E6E4EA}","custom_css_mobile":""}},"slideshow_3fF4kp":{"type":"slideshow","blocks":{"slide_d4Pizh":{"type":"slide","settings":{"image":"shopify:\/\/shop_images\/TGFD_SexualCPR_Landingpage-28_1.jpg","mobile_image":"shopify:\/\/shop_images\/TGFD_SexualCPR_Landingpage-33.jpg","heading":"","heading_size":"h1","subheading":"","button_label":"","link":"","button_style_secondary":false,"box_align":"middle-center","show_text_box":false,"text_alignment":"center","image_overlay_opacity":0,"color_scheme":"background-1","text_alignment_mobile":"center"}},"slide_PrVGtB":{"type":"slide","settings":{"image":"shopify:\/\/shop_images\/TGFD_SexualCPR_Landingpage-31_1.jpg","mobile_image":"shopify:\/\/shop_images\/TGFD_SexualCPR_Landingpage-35.jpg","heading":"","heading_size":"h1","subheading":"","button_label":"","link":"","button_style_secondary":false,"box_align":"middle-center","show_text_box":false,"text_alignment":"center","image_overlay_opacity":0,"color_scheme":"background-1","text_alignment_mobile":"center"}},"slide_PkK6Kx":{"type":"slide","settings":{"image":"shopify:\/\/shop_images\/TGFD_SexualCPR_Landingpage-32_1.jpg","mobile_image":"shopify:\/\/shop_images\/TGFD_SexualCPR_Landingpage-36.jpg","heading":"","heading_size":"h1","subheading":"","button_label":"","link":"","button_style_secondary":false,"box_align":"middle-center","show_text_box":false,"text_alignment":"center","image_overlay_opacity":0,"color_scheme":"background-1","text_alignment_mobile":"center"}},"slide_pJm6rT":{"type":"slide","settings":{"image":"shopify:\/\/shop_images\/TGFD_SexualCPR_Landingpage-30_1.jpg","mobile_image":"shopify:\/\/shop_images\/TGFD_SexualCPR_Landingpage-34.jpg","heading":"","heading_size":"h1","subheading":"","button_label":"","link":"","button_style_secondary":false,"box_align":"middle-center","show_text_box":false,"text_alignment":"center","image_overlay_opacity":0,"color_scheme":"background-1","text_alignment_mobile":"center"}}},"block_order":["slide_d4Pizh","slide_PrVGtB","slide_PkK6Kx","slide_pJm6rT"],"settings":{"layout":"full_bleed","slide_height":"adapt_image","slider_visual":"dots","auto_rotate":false,"change_slides_speed":5,"show_text_below":true,"accessibility_info":"","css_class":"","custom_css":".slideshow__controls { position: static; margin: 0; }\n\n.slider-button {\nposition: absolute;\n    top: 50%;\n    transform: translate(0, -50%);}\n\n.slider-button--prev {\n    left: 4em;\n}\n.slider-button--next {\n    right: 4em;\n}\n\n.slider-counter { display: none; }","custom_css_mobile":".banner--mobile-bottom .slideshow__text.banner__box{display:none!important;}\n\n.slider-button--prev {\n    left: 1em;\n}\n.slider-button--next {\n    right: 1em;\n}"}},"multicolumn_EBJCtt":{"type":"multicolumn","blocks":{"column_qpxAbX":{"type":"column","settings":{"title":"","heading_color":"color-scheme","text":"<ul><li>Finally, learn more about the female anatomy and how it works than most general practitioners (<em>and yes, I’ll help you find the mysterious G-spot!<\/em>)<\/li><li>Confidently claim your pleasure without shame or fear<\/li><li>Communicate your needs in bed like a powerful, feminine goddess<\/li><\/ul>","link_label":"","link":"","button_color":"color-scheme","css_class":"first"}},"column_WDydin":{"type":"column","settings":{"title":"","heading_color":"color-scheme","text":"<ul><li>Experience the orgasms you deserve<\/li><li>Uncover hidden hormone imbalances so you can finally unleash your desire<\/li><li>Feel more energetic, happier, and more productive than you knew you could be<\/li><\/ul>","link_label":"","link":"","button_color":"color-scheme","css_class":"first"}}},"block_order":["column_qpxAbX","column_WDydin"],"settings":{"anchor_id":"","title":"It’s time to ditch the shame, release the blame, and take back your sex life on your OWN schedule.","text":"<p>Learn the course material on your own timeframe, and implement it as YOU see fit. I’m handing you the step-by-step instructions and protocols for making this the<strong> <\/strong>easiest transformation you’ve ever experienced. <\/p><p>You get done-for-you, science-backed protocols and my expert recommendations for creating a fulfilling love life — one that honors you, your body, your needs, and your past<\/p><p><strong>Sexual CPR gives you everything you need to know in order to:<\/strong><\/p>","heading_size":"h1","heading_color":"color-scheme","text_size":"p","column_heading_size":"h3","column_text_size":"p","image_width":"full","image_ratio":"adapt","columns_desktop":2,"column_alignment":"center","column_link_type":"button","background_style":"none","button_label":"Revive my libido!","button_link":"#offerbox","button_color":"color-scheme","color_scheme":"accent-3","width":"page-width","internal_padding":"true","columns_mobile":"1","swipe_on_mobile":false,"padding_top":40,"padding_bottom":40,"css_class":"","custom_css":"h2{font-size:38px;\ncolor:#e28db4;\npadding-bottom:20px;}\n\nstrong{text-transform: uppercase;  color: #e28db4; line-height:1em;}\n\n.button{margin-top:0px;}\n\n.first{text-align:left;}\n\nul {\n  list-style-type: none; padding-inline-start: 25px;\nposition: relative;\n}\n\n.multicolumn-card ul li:before {\n  content: '';\n  display: inline-block;\n  height: 20px;\n  width: 20px;\n   background-size: 20px;\n  background-image: url(\"https:\/\/cdn.shopify.com\/s\/files\/1\/0524\/5661\/files\/TGFD_SexualCPR_Landingpage-11.png?v=1718041177\");\n  background-repeat: no-repeat;\nposition: absolute;\nleft: 0px;\nmargin-top:2px;\n}","custom_css_mobile":"{padding-bottom:35px;\nbackground-color:#321748;}\nh2{padding-top:20px;}"}},"94478a64-ec38-461a-886a-f14ad6d76667":{"type":"rich-text","blocks":{"template--14495786434615__94478a64-ec38-461a-886a-f14ad6d76667-1680794590ef26f5ba-1":{"type":"text","settings":{"text":"<h2>Sexual CPR arms you with a no-fluff, straight-to-the-point roadmap that leads <em>directly<\/em> to sexual satisfaction.<\/h2>","text_alignment":"center","text_size":"h4","css_class":""}},"f87ee16a-5eec-43ad-b495-325b5da6e7ea":{"type":"text","settings":{"text":"<p>You’ll only have to spend a few hours, on your own schedule, learning the proprietary information I’m teaching in this class.<\/p><p>Then, you’ll be well on your way to loving your sex life and healing your intimate relationship. <\/p>","text_alignment":"center","text_size":"p","css_class":""}},"text_VBJABb":{"type":"text","settings":{"text":"<h3>The moment you join, you’ll get access to all the modules and the BONUSES<\/h3>","text_alignment":"center","text_size":"p","css_class":""}},"text_hChVDF":{"type":"text","settings":{"text":"<p><em>YOU WON’T FIND THIS INFORMATION ANYWHERE ELSE<\/em><\/p><p>Ready to feel like a confident, sexy new woman?<\/p>","text_alignment":"center","text_size":"p","css_class":""}},"text_TUgLH7":{"type":"text","settings":{"text":"<h3>You’ll walk away with the tools to take your sex life to the next level, revive your relationship, and reclaim a critical part of your health and life.<\/h3>","text_alignment":"center","text_size":"p","css_class":""}},"button_LMYRwX":{"type":"button","settings":{"button_label":"join for just $197","button_link":"#offerbox","button_style_secondary":false,"button_alignment":"center","button_color":"color-scheme","css_class":""}}},"block_order":["template--14495786434615__94478a64-ec38-461a-886a-f14ad6d76667-1680794590ef26f5ba-1","f87ee16a-5eec-43ad-b495-325b5da6e7ea","text_VBJABb","text_hChVDF","text_TUgLH7","button_LMYRwX"],"settings":{"anchor_id":"","color_scheme":"accent-1","full_width":true,"padding_top":12,"padding_bottom":52,"css_class":"dac-full-width dac-padding-side-none","custom_css":"p{padding:0px 90px 0px 90px;}\nh3{font-size:30px;}\nh2{font-size:38px;}","custom_css_mobile":"p{padding:10px;}"}},"3509cb98-22e2-4ac0-9036-519a9df44eff":{"type":"multicolumn","blocks":{"template--14495786434615__3509cb98-22e2-4ac0-9036-519a9df44eff-1681392802896589c9-0":{"type":"column","settings":{"image":"shopify:\/\/shop_images\/TGFD_SexualCPR_Landingpage-14.png","title":"Call 911! My Sex Drive Has No Pulse!!","heading_color":"accent-4","text":"<p>In this module, you’ll quickly learn the top tips and tricks for getting your love life back on track, including:<\/p><ul><li>The single most important thing you can do to improve intimacy<\/li><li>How to get your man to open up and communicate with you<\/li><li>​Learn how to love your body — no matter what it looks like! <\/li><li>​What you can eat to improve your libido (and what foods to avoid) <\/li><li>​How to set the stage for increased intimacy and sensuality <\/li><li>Common conditions that can decrease your libido — and how to fix them<\/li><\/ul>","link_label":"","link":"","button_color":"color-scheme","css_class":"icons"}},"template--14495786434615__3509cb98-22e2-4ac0-9036-519a9df44eff-1681392802896589c9-1":{"type":"column","settings":{"image":"shopify:\/\/shop_images\/TGFD_SexualCPR_Landingpage-13.png","title":"Sexual Resuscitation","heading_color":"color-scheme","text":"<p>This module helps you get to the root of your libido woes. It will help you understand why your body is shutting off the tap and how to turn it back on, full throttle.<\/p><ul><li>How your delicate dance of hormones affects your sexual health  <\/li><li>The types and causes of hormone imbalances that can leave you feeling tired, grumpy, and frumpy <\/li><li>How hysterectomy (with and without ovaries) affects your sexual response <\/li><li>7 ways to balance your hormones so you feel happier and more relaxed <\/li><li>3 ways to naturally turn up the volume on your \"sexy hormones\" <\/li><\/ul>","link_label":"","link":"","button_color":"color-scheme","css_class":"icons"}},"template--14495786434615__3509cb98-22e2-4ac0-9036-519a9df44eff-1681392802896589c9-2":{"type":"column","settings":{"image":"shopify:\/\/shop_images\/TGFD_SexualCPR_Landingpage-16_5fb10434-b284-491b-955a-f5228b80c218.png","title":"Anatomy of Sex","heading_color":"color-scheme","text":"<p>This is the module pretty much the whole world needs to study! Learn about your anatomy and how to leverage it for the most enjoyable sex you’ve ever had.<\/p><ul><li>How we were designed for intense, toe-curling pleasure <\/li><li>How to identify the pleasure zones hiding all over your body <\/li><li>Exercises to strengthen the pelvic floor so you only pee when you want to <\/li><li>The mythic \"G\" Spot - what it is, where it is, and how to find it <\/li><li>How to recharge your body for \"ooh la la\" sex!<\/li><\/ul>","link_label":"","link":"","button_color":"color-scheme","css_class":"icons"}},"ec208740-3d03-482c-81cb-9025942260cd":{"type":"column","settings":{"image":"shopify:\/\/shop_images\/TGFD_SexualCPR_Landingpage-15.png","title":"Orgasm, Oxytocin, and the Brain","heading_color":"color-scheme","text":"<p>Oxytocin is one of the most important, overlooked hormones in the body. It can help you feel happier and less stressed…who doesn’t need more of that in their lives? Let me teach you how to harness the power of sex, orgasms, and connection to pump out oxytocin and put a smile on your face at will.  <\/p><ul><li>Why an orgasm a day is more effective (than an apple) at keeping the doctor away! <\/li><li>How stress and PTSD affect your sexual interest, response, and desire, and your ability to connect <\/li><li>Top 5 ways to get your body to naturally release more of the stress-busting \"love hormone\" <\/li><li>How to achieve orgasm whenever you want! <\/li><li>How to optimize your brain for sexual response and desire<\/li><\/ul>","link_label":"","link":"","button_color":"color-scheme","css_class":"icons"}}},"block_order":["template--14495786434615__3509cb98-22e2-4ac0-9036-519a9df44eff-1681392802896589c9-0","template--14495786434615__3509cb98-22e2-4ac0-9036-519a9df44eff-1681392802896589c9-1","template--14495786434615__3509cb98-22e2-4ac0-9036-519a9df44eff-1681392802896589c9-2","ec208740-3d03-482c-81cb-9025942260cd"],"settings":{"anchor_id":"","title":"Here’s a complete breakdown of the material:","text":"","heading_size":"h2","heading_color":"accent-3","text_size":"p","column_heading_size":"h3","column_text_size":"p","image_width":"full","image_ratio":"adapt","columns_desktop":2,"column_alignment":"center","column_link_type":"button","background_style":"none","button_label":"","button_link":"#breezeoptin","button_color":"color-scheme","color_scheme":"background-1","width":"page-width","internal_padding":"true","columns_mobile":"1","swipe_on_mobile":false,"padding_top":72,"padding_bottom":28,"css_class":"","custom_css":"{padding-left:25px;}\n\n.button { \n    background-color: rgb(var(--color-base-accent-1)); \n}\n\n.icons p {\ncolor:#000;\ntext-align:left;\n}\n\n.icons h3 {\ncolor:#000;\ntext-transform: none;\ncolor: #321748; \ntext-align:left;\nfont-size:26px;}\n\n.background-none .multicolumn-card__image-wrapper{ width: 20%;}\n\n.multicolumn-list__item.center .media--adapt, .multicolumn-list__item .media--adapt .multicolumn-card__image{object-fit:scale-down;}\n\n.multicolumn-card ul {\n  list-style-type: none; padding-inline-start: 25px;\nposition: relative;\ntext-align:left;\n}\n\n.multicolumn-card ul li:before {\n  content: '';\n  display: inline-block;\n  height: 20px;\n  width: 20px;\n   background-size: 20px;\n  background-image: url(\"https:\/\/cdn.shopify.com\/s\/files\/1\/0524\/5661\/files\/TGFD_SexualCPR_Landingpage-11.png?v=1718041177\");\n  background-repeat: no-repeat;\nposition: absolute;\nleft: 0px;\n}","custom_css_mobile":".background-none .multicolumn-card__image-wrapper{ width: 35%;\nmargin:auto;}\n\n.multicolumn-card ul li:before {margin-top:4px;}"}},"rich_text_giVhCz":{"type":"rich-text","blocks":{"heading_7AMrwG":{"type":"heading","settings":{"heading":"And, let’s go ahead and multiply your results with an additional 9 (count ‘em!)","heading_size":"h2","heading_alignment":"center","heading_color":"color-scheme","css_class":"","heading_divider":false}},"text_AdmUFR":{"type":"text","settings":{"text":"<p>KILLER BONUSES<\/p>","text_alignment":"center","text_size":"p","css_class":""}}},"block_order":["heading_7AMrwG","text_AdmUFR"],"settings":{"anchor_id":"","color_scheme":"accent-3","full_width":true,"padding_top":40,"padding_bottom":52,"css_class":"","custom_css":"h2{color:#e28db4;\nfont-size:35px;\npadding:0px 50px 0px 50px;}\n\np{font-size:35px;}","custom_css_mobile":"h2{padding:0px;\nfont-size:28px;}\n\np{font-size:28px;}"}},"multicolumn_LArUym":{"type":"multicolumn","blocks":{"column_JkNdxG":{"type":"column","settings":{"image":"shopify:\/\/shop_images\/TGFD_SexualCPR_Landingpage-17.png","title":"","heading_color":"color-scheme","text":"","link_label":"","link":"","button_color":"color-scheme","css_class":"a1"}},"column_waHBQz":{"type":"column","settings":{"title":"The “Epic Q+A Call” recording","heading_color":"color-scheme","text":"<p>This Q+A session I held with several women on libido and sexual health was EPIC. I answered common questions (the ones I hear most often from women) and we talked about some really juicy things. This exclusive recording will help move you forward in your journey — and it’s <em>only<\/em> available as part of this course. <\/p>","link_label":"","link":"","button_color":"color-scheme","css_class":"rightcolumn a2"}},"column_hytNLp":{"type":"column","settings":{"image":"shopify:\/\/shop_images\/TGFD_SexualCPR_Landingpage-18.png","title":"","heading_color":"color-scheme","text":"","link_label":"","link":"","button_color":"color-scheme","css_class":"b1"}},"column_YrPKUN":{"type":"column","settings":{"title":"Better Orgasms Now!","heading_color":"color-scheme","text":"<p><em>with Michelle Alva<\/em><\/p><p>Michelle Alva is a pelvic floor physical therapist and an expert in the female body. She helps women learn to have multiple, whole-body orgasms — even women who’ve never orgasmed in their entire life!<\/p><p>In this very honest interview-style class you will learn…<\/p><ul><li>How false subconscious beliefs can sabotage your orgasms <\/li><li>Simple techniques that can elevate your climaxes to a higher level <\/li><li>The #1 mistake that men make in the bedroom (it’s easy to fix!) <\/li><li>The “sacred surrender” technique that will help your man become more emotionally open <\/li><\/ul>","link_label":"","link":"","button_color":"color-scheme","css_class":"rightcolumn b2"}},"column_CNxbzp":{"type":"column","settings":{"image":"shopify:\/\/shop_images\/TGFD_SexualCPR_Landingpage-19_62e8364e-5188-45bb-851b-b46a57a708bc.png","title":"","heading_color":"color-scheme","text":"","link_label":"","link":"","button_color":"color-scheme","css_class":"c1"}},"column_RwDPLb":{"type":"column","settings":{"title":"Dating After 40","heading_color":"color-scheme","text":"<p><em>with Lisa Daily<\/em><\/p><p>Lisa Daily is a dating coach and the author of six books, including \"How to Date Like a Grown-Up.\" She also appears as a real-life dating expert in the movie \"Hitch\" starring Will Smith. <\/p><p>I recently asked Lisa what women over 40 need to know about dating and she told me:<\/p><ul><li>​How to know when it's time to start dating again — and when it's the right time to introduce your new man to your kids<\/li><li>The #1 factor that decides if a relationship will work out <\/li><li>The red flag to watch out for that tells you he's controlling or manipulative <\/li><li>What types of dates you should go on (<em>and what types you should avoid<\/em>) <\/li><li>What women over 40 should know before they re-enter the dating scene<\/li><\/ul>","link_label":"","link":"","button_color":"color-scheme","css_class":"rightcolumn c2"}},"column_EDHWdK":{"type":"column","settings":{"image":"shopify:\/\/shop_images\/TGFD_SexualCPR_Landingpage-20.png","title":"","heading_color":"color-scheme","text":"","link_label":"","link":"","button_color":"color-scheme","css_class":"d1"}},"column_j4UENG":{"type":"column","settings":{"title":"Sexual CPR for Men","heading_color":"color-scheme","text":"<p><em>with Dr. Jeff Life<\/em><\/p><p>Dr Jeff Life started his health and fitness journey at age 57 - and now at age 80 this great -grandfather is in better health than most 30-year-olds! You’ve probably seen his incredible photos and wonder if they’re Photoshopped. Well, I’ve known Dr. Lyfe for 15 years now so I can tell you… his photos are 100% real!<\/p><p>Here’s what Dr. Life reveals during our time together…<\/p><ul><li>​How to help your man biohack the aging process and reverse the effects of Andropause (male menopause)<\/li><li>Why erectile dysfunction is an early warning sign of another deadly disease (the #1 cause of death and disability in men!) <\/li><li>7 tips for male sexual fitness that will help your man last longer in bed <\/li><li>Which supplements your man needs to achieve optimal health <\/li><li>The benefits (and dangers!) of testosterone replacement therapy<\/li><\/ul>","link_label":"","link":"","button_color":"color-scheme","css_class":"rightcolumn d2"}}},"block_order":["column_JkNdxG","column_waHBQz","column_hytNLp","column_YrPKUN","column_CNxbzp","column_RwDPLb","column_EDHWdK","column_j4UENG"],"settings":{"anchor_id":"","title":"","text":"","heading_size":"h1","heading_color":"color-scheme","text_size":"p","column_heading_size":"h3","column_text_size":"p","image_width":"full","image_ratio":"adapt","columns_desktop":2,"column_alignment":"center","column_link_type":"button","background_style":"none","button_label":"","button_link":"","button_color":"color-scheme","color_scheme":"background-1","width":"page-width","internal_padding":"true","columns_mobile":"1","swipe_on_mobile":false,"padding_top":64,"padding_bottom":12,"css_class":"","custom_css":"{ padding: 0 5rem; }\n\n.rightcolumn { text-align:left; }\n\n .multicolumn-card__image\n{width:60%;\nmargin: auto; }\n\n.multicolumn-list__item.center .media--adapt img{height: fit-content;\n}\n\n.multicolumn-card__image-wrapper { max-width: 400px; margin: auto; }\n.leftcolumn { max-width: 400px; margin: 10 auto; }\n.rightcolumn { max-width: 900px; margin: 10 auto; }\n\n.grid--2-col-desktop .grid__item:nth-child(odd) { max-width: calc(20% - var(--grid-desktop-horizontal-spacing) \/ 2); }\n\n.grid--2-col-desktop .grid__item:nth-child(even) { min-width: calc(80% - var(--grid-desktop-horizontal-spacing) \/ 2); }\n.rightcolumn h5 { color: rgb(var(--color-base-accent-4)); margin-top: -30px; }","custom_css_mobile":".grid--2-col-desktop .grid__item:nth-child(odd) { max-width: 100%; }\n\n.grid--2-col-desktop .grid__item:nth-child(even) { margin-top: -60px; }\n\n.background-none .multicolumn-list:not(.slider) .center .multicolumn-card__info{padding-left:0px;\npadding-right:0px;}\n\n .multicolumn-card__image\n{width:50%;\nmargin: auto; }\n\n.multicolumn-list:not(.slider){padding-left:0px;\npadding-right:0px;}"}},"multicolumn_iLG9U9":{"type":"multicolumn","blocks":{"column_xgHqH9":{"type":"column","settings":{"image":"shopify:\/\/shop_images\/TGFD_SexualCPR_Landingpage-21.png","title":"All Things V","heading_color":"color-scheme","text":"<p>My massive ebook guide to <em>everything<\/em> that can affect your vagina and your love life.<\/p>","link_label":"","link":"","button_color":"color-scheme","css_class":""}},"column_EMH8Be":{"type":"column","settings":{"image":"shopify:\/\/shop_images\/TGFD_SexualCPR_Landingpage-22.png","title":"Loving Your Lady Bits","heading_color":"color-scheme","text":"<p>A groundbreaking interview with women’s health expert Dr. Brianne Grogan, DPT, that outlines how to experience more pleasure, everything you need to know about your pelvic floor, AND 2 free chapters of her fantastic book.<\/p>","link_label":"","link":"","button_color":"color-scheme","css_class":""}},"column_pFiNJ9":{"type":"column","settings":{"image":"shopify:\/\/shop_images\/TGFD_SexualCPR_Landingpage-23.png","title":"Healing Your Libido","heading_color":"color-scheme","text":"<p>This material will help you uncover hidden, unresolved trauma from your past so you can begin to work through it and move into a place where you enjoy sex more.<\/p>","link_label":"","link":"","button_color":"color-scheme","css_class":""}},"column_W4CxkX":{"type":"column","settings":{"image":"shopify:\/\/shop_images\/TGFD_SexualCPR_Landingpage-24.png","title":"Finding Love in 90 Days","heading_color":"color-scheme","text":"<p>This collab with Dr. Diana Kirschner, <em>The PBS Love Expert<\/em>, will help you navigate healing your current relationship <em>and<\/em> the current dating scene. <\/p>","link_label":"","link":"","button_color":"color-scheme","css_class":""}},"column_fXUEHc":{"type":"column","settings":{"image":"shopify:\/\/shop_images\/TGFD_SexualCPR_Landingpage-25.png","title":"Keeping the Spark Alive","heading_color":"color-scheme","text":"<p>An interview with relationship expert and international best-selling author, Arielle Ford, that will empower you to fight for your marriage and date more powerfully.<\/p>","link_label":"","link":"","button_color":"color-scheme","css_class":""}}},"block_order":["column_xgHqH9","column_EMH8Be","column_pFiNJ9","column_W4CxkX","column_fXUEHc"],"settings":{"anchor_id":"","title":"","text":"","heading_size":"h1","heading_color":"color-scheme","text_size":"p","column_heading_size":"h3","column_text_size":"p","image_width":"full","image_ratio":"adapt","columns_desktop":3,"column_alignment":"center","column_link_type":"button","background_style":"none","button_label":"","button_link":"","button_color":"color-scheme","color_scheme":"background-1","width":"page-width","internal_padding":"true","columns_mobile":"1","swipe_on_mobile":false,"padding_top":8,"padding_bottom":36,"css_class":"","custom_css":".multicolumn-card__image-wrapper\n{max-width:32%;\nmargin: auto;}\n\nh3{font-size:29px;}","custom_css_mobile":""}},"multicolumn_UVYYEK":{"type":"multicolumn","blocks":{"product_bundle_awwTqJ":{"type":"product_bundle","settings":{"image":"shopify:\/\/shop_images\/TGFD_Courses-SexualCPR_copy.jpg","title":"","variants":"sexual-cpr,SEXUAL-CPR","offer_name":"","price_features":"total","banner":"","text":"<p><strong>4 Video Modules<\/strong><br\/><em>Valued at $497<\/em><\/p><p><strong>BONUS: Recorded EPIC Q+A Call<\/strong>\t\t\t\t<br\/><em>Valued at $160<\/em><\/p><p><strong>BONUS: Better Orgasms Now!<\/strong>\t\t\t\t<br\/><em>Valued at $150<\/em><\/p><p><strong>BONUS: Dating After 40<\/strong>\t\t\t\t\t<br\/><em>Valued at $110<\/em><\/p><p><strong>BONUS: Sexual CPR for Men<\/strong>\t\t\t\t<br\/><em>Valued at $100<\/em><\/p><p><strong>BONUS: All Things V ebook<\/strong>\t\t\t\t\t<br\/><em>Valued at $17<\/em><\/p><p><strong>BONUS: Loving Your Lady Bits <\/strong>\t\t\t\t<br\/><em>Valued at $90<\/em><\/p><p><strong>BONUS: Healing Your Libido<\/strong> \t\t\t\t\t<br\/><em>Valued at $70<\/em><\/p><p><strong>BONUS: Finding Love in 90 Days<\/strong>\t\t\t\t<br\/><em>Valued at $60<\/em><\/p><p><strong>BONUS: Keeping the Spark Alive<\/strong>\t\t\t\t<br\/><em>Valued at $43<\/em><\/p>","show_servings":true,"show_cost_per_day":true,"guarantee_length":"none","calculate_free_shipping":"show-if-free","offer_inventory_policy":"deny","show_inventory":false,"inventory_label":"","coupon_discounts":"","layout":"recommended\ntitle\nimage\nprice\nsnippets\ninventory\nbuy_buttons\npayment_types","css_class":"offerbox"}}},"block_order":["product_bundle_awwTqJ"],"settings":{"anchor_id":"offerbox","title":"That means you’ll get over $1297 in resources, a clear plan to follow, and oodles of bonus content for a 85% discount!","text":"","heading_size":"h2","heading_color":"accent-1","text_size":"p","column_heading_size":"h3","column_text_size":"p","image_width":"full","image_ratio":"adapt","columns_desktop":1,"column_alignment":"center","column_link_type":"button","background_style":"none","button_label":"","button_link":"","button_color":"color-scheme","color_scheme":"accent-3","width":"page-width","internal_padding":"true","columns_mobile":"1","swipe_on_mobile":false,"padding_top":36,"padding_bottom":48,"css_class":"","custom_css":".offer-box .recommended{display:none!important;}\n\nh2{color:#e28db4;\nfont-size:40px;\nline-height:1.5;}\n\n.multicolumn-list {width: 90%;max-width: 900px;\n    Background-color: white;\n    border-radius: 15px;\n    column-gap: 9px;\n    width: 50%;\n    margin: auto;\n    color: black;\ntext-align: center;\n  }\n\n  .color-background-1 {\n    background: transparent;\n  }\n\n  p {\n    padding: 10px 10px 10px 10px;\n  }","custom_css_mobile":"h2{\nfont-size:30px;\nline-height:1.3;}\n\n.multicolumn-list {width: 70%;}"}},"rich_text_H9NdFK":{"type":"rich-text","blocks":{"image_gcMQfg":{"type":"image","settings":{"image":"shopify:\/\/shop_images\/TGFD_SexualCPR_Landingpage-26.png","max_width":150,"css_class":""}},"text_x6LfXD":{"type":"text","settings":{"text":"<p>BUT, WILL IT WORK FOR ME?<\/p>","text_alignment":"center","text_size":"p","css_class":""}},"heading_fz87bc":{"type":"heading","settings":{"heading":"My Get Turned On Money Back Guarantee*","heading_size":"h2","heading_alignment":"center","heading_color":"color-scheme","css_class":"","heading_divider":false}},"text_YkRR3F":{"type":"text","settings":{"text":"<p>I am SO confident that this program and bonuses will heal your love life and help you revive your libido — that if it doesn’t work for you, I’ll refund your purchase price.<\/p><p>That’s right.  <\/p><p>If you follow this plan step-by-step for 30 days, and if your life isn’t 100% sexier, juicier, and more decadent, I’ll happily refund your investment within the first 30 days after your purchase. <\/p><p><em>&lt;h6&gt;*We offer a 30-day 100% satisfaction no questions asked guarantee on Sexual CPR. If you've been following all of Dr. Anna Cabeca's instructions you are guaranteed to see results. If within 30 days of the start of the program, you feel dissatisfied, you may be removed from the program and get fully refunded.&lt;h6&gt;<\/em><\/p>","text_alignment":"center","text_size":"p","css_class":""}}},"block_order":["image_gcMQfg","text_x6LfXD","heading_fz87bc","text_YkRR3F"],"settings":{"anchor_id":"","color_scheme":"accent-1","full_width":true,"padding_top":16,"padding_bottom":20,"css_class":"","custom_css":"h6{font-size:16px;\nfont-weight:400;}","custom_css_mobile":""}},"collapsible_content_TQmQ3a":{"type":"collapsible-content","blocks":{"collapsible_row_dGird4":{"type":"collapsible_row","settings":{"heading":"It’s been so long since my partner and I had good sex, it feels hopeless. Can your program really help me?","subheading":"","heading_color":"color-scheme","icon":"none","row_content":"<p>Absolutely. There are many reasons why sexual frequency and satisfaction diminish in long term relationships, but they aren’t mysterious. There are very specific causes and strategies for figuring out what the issues are in your relationship, and for addressing them, one step at a time. My program is designed for a woman in your position.<\/p>","page":"","button_label":"","button_link":"","button_color":"color-scheme"}},"collapsible_row_GrLrQB":{"type":"collapsible_row","settings":{"heading":"I’ve never been able to achieve orgasm easily, even when I was 20. Why would that change now?","subheading":"","heading_color":"color-scheme","icon":"none","row_content":"<p>For a small percentage of women, achieving orgasm has never been difficult and continues to be a regular occurrence during sexual interaction with a partner. For the rest of us, however, it’s a bit trickier. The thing you need to know is that teaching your body how to orgasm is a learned skill. In this course, you’ll learn specific exercises and approaches that will allow your body to naturally open to orgasm (without ever feeling pressured or forced), no matter how long it’s been since you had one, and no matter how old you are.<\/p>","page":"","button_label":"","button_link":"","button_color":"color-scheme"}},"collapsible_row_ztcmr9":{"type":"collapsible_row","settings":{"heading":"Is this material really something that can be learned online? Isn’t it more experiential?","subheading":"","heading_color":"color-scheme","icon":"none","row_content":"<p>Good point. While the material is well suited to teaching online—through webinars, teleclasses, and digital materials—we all know that information alone does not physically transform people. Your part is to take the recommended exercises and instructions and actually practice them — and have some serious fun while doing so!<\/p>","page":"","button_label":"","button_link":"","button_color":"color-scheme"}},"collapsible_row_cDRRmG":{"type":"collapsible_row","settings":{"heading":"It’s been so long since I felt intense sexual desire and all the drama that goes with it. I’m not sure I want to go back to that. Why is it so important?","subheading":"","heading_color":"color-scheme","icon":"none","row_content":"<p>First, drama is never important, so just don’t participate in it! But sex IS important for our overall health and well-being because it makes us feel connected to another human being in the most intimate and profound way. Plus, it’s like a detox and recharge all at once. I compare sexual satisfaction to being “plugged in” to a deep well of energy. When you have access to this energy, your whole life expands. You feel more positive and productive. You’re happier and are able to achieve your dreams and goals with more grace and ease.<\/p>","page":"","button_label":"","button_link":"","button_color":"color-scheme"}},"collapsible_row_hEwDWH":{"type":"collapsible_row","settings":{"heading":"I don’t have a partner right now. Should I wait to take the course until I do?","subheading":"","heading_color":"color-scheme","icon":"none","row_content":"<p>Don’t wait! Take the course NOW so you’ll be in a passionate and open place, ready for that special person to walk into your life. Imagine how thrilled they’ll be to have found such a sensual, sexually well-versed lover!<\/p>","page":"","button_label":"","button_link":"","button_color":"color-scheme"}},"collapsible_row_HHgrbF":{"type":"collapsible_row","settings":{"heading":"It’s so expensive – I can’t afford it right now.","subheading":"","heading_color":"color-scheme","icon":"none","row_content":"<p>Let me put this into perspective for you. What is it costing you NOT to address the loss of your sex drive? Think about the hours, days, weeks, or months you’ve spent in a grouchy mood, nagging at your partner, feeling disconnected. Do you think this works with or against your ability to be more productive, make more money, and have more satisfying interactions with everyone in your life – including your kids, your colleagues, your friends, and even the local grocery store clerk? If you think about how your life would change in so many ways – both tangible and intangible – by reinvigorating your sex life and reconnecting in a deep way with your partner, is it worth less than the price of an hour with a therapist?<\/p>","page":"","button_label":"","button_link":"","button_color":"color-scheme"}},"collapsible_row_Aehn8H":{"type":"collapsible_row","settings":{"heading":"I have sexual abuse and trauma in my past. Will the course address those issues and be relevant for women like me?","subheading":"","heading_color":"color-scheme","icon":"none","row_content":"<p>I can relate to this, and I know many women in the course will too. While this is not a course specifically about healing sexual trauma, we will not ignore it either and will address the topic with the utmost care and respect.<\/p>","page":"","button_label":"","button_link":"","button_color":"color-scheme"}},"collapsible_row_6ytJUx":{"type":"collapsible_row","settings":{"heading":"I was raised in an environment where it was taboo to talk about sex or dress sexy. I’m still uncomfortable with it and don’t like it when women are overtly sexual. Frankly, I’m not convinced that sex is that important. Why would someone like me want to join?","subheading":"","heading_color":"color-scheme","icon":"none","row_content":"<p>A great sex life is vital for our physical and emotional health at EVERY age! The \"love hormone\" oxytocin can help you fend off stress, enjoy better sleep, boost your immune system, and balance your hormones... and all of that will help you look and feel years younger. You don't have to dress sexy to enjoy all these great health benefits either!<\/p>","page":"","button_label":"","button_link":"","button_color":"color-scheme"}},"collapsible_row_qKtdfj":{"type":"collapsible_row","settings":{"heading":"I don’t even want to think about having sex until I’ve lost weight. Is now the right time for me to do this course?","subheading":"","heading_color":"color-scheme","icon":"none","row_content":"<p>Your body size is not the issue, because you are beautiful and worthy of sexual intimacy and pleasure, no matter your weight or size. If you are willing to see that you are a desirable, sexy woman — just as you are right now — then you can experience amazing intimacy and connection with your partner. <\/p>","page":"","button_label":"","button_link":"","button_color":"color-scheme"}},"collapsible_row_RXgqeE":{"type":"collapsible_row","settings":{"heading":"What if I feel like I don’t have time?","subheading":"","heading_color":"color-scheme","icon":"none","row_content":"<p>I know you’re busy. We all are :) But here’s the thing, this program honestly has very little time investment associated with it. Each module is concise and gets straight to the point. You can even watch or listen while you’re doing chores or walking. <\/p>","page":"","button_label":"","button_link":"","button_color":"color-scheme"}}},"block_order":["collapsible_row_dGird4","collapsible_row_GrLrQB","collapsible_row_ztcmr9","collapsible_row_cDRRmG","collapsible_row_hEwDWH","collapsible_row_HHgrbF","collapsible_row_Aehn8H","collapsible_row_6ytJUx","collapsible_row_qKtdfj","collapsible_row_RXgqeE"],"settings":{"anchor_id":"","caption":"","heading":"Got questions? I’ve got answers ","heading_size":"h2","heading_alignment":"center","heading_color":"color-scheme","layout":"none","color_scheme":"background-1","container_color_scheme":"background-1","open_first_collapsible_row":false,"image_ratio":"adapt","desktop_layout":"image_second","padding_top":60,"padding_bottom":52,"css_class":"","custom_css":"h3{font-size:28px;}","custom_css_mobile":""}}},"order":["main","1640097424c2f7eec2","image_banner_Hpj8fz","1651243183dc8c517f","video_zGjWwX","d03892e0-5daa-4af8-b52e-86251f95196f","3f4ee509-dc3e-4f95-9740-d3f98af3d412","image_with_text_ARt6wH","rich_text_zbdaAd","image_with_text_KYAnFb","multicolumn_bWj4Qq","multicolumn_hcaUJ9","rich_text_pThDXQ","166265011699cfe00e","image_with_text_9BNHmG","slideshow_3fF4kp","multicolumn_EBJCtt","94478a64-ec38-461a-886a-f14ad6d76667","3509cb98-22e2-4ac0-9036-519a9df44eff","rich_text_giVhCz","multicolumn_LArUym","multicolumn_iLG9U9","multicolumn_UVYYEK","rich_text_H9NdFK","collapsible_content_TQmQ3a"]}