{
  "layout": "theme-offer-page",
  "sections": {
    "16462238058b508f23": {
      "type": "header-offer-page",
      "blocks": {
        "2d234c6a-ad15-4b01-b895-79b7c0f04cdf": {
          "type": "custom_colors",
          "settings": {
            "colors_solid_button_labels": "",
            "colors_accent_1": "#009da2",
            "gradient_accent_1": "",
            "colors_accent_2": "#ffffff",
            "gradient_accent_2": "",
            "colors_accent_3": "rgba(0,0,0,0)",
            "colors_accent_4": "",
            "colors_text": "rgba(0,0,0,0)",
            "colors_outline_button_labels": "#ffffff",
            "colors_background_1": "",
            "gradient_background_1": "",
            "colors_background_2": "#980538",
            "gradient_background_2": ""
          }
        }
      },
      "block_order": [
        "2d234c6a-ad15-4b01-b895-79b7c0f04cdf"
      ],
      "settings": {
        "color_scheme": "background-1",
        "display_logo": true,
        "enable_logo_link": false,
        "logo_color": "gold",
        "show_line_separator": false,
        "enable_sticky_header": true,
        "margin_bottom": 0,
        "css_class": "",
        "custom_css": "@font-face {\n  font-family: 'Larsseit';\n  src: url(https:\/\/d2saw6je89goi1.cloudfront.net\/uploads\/digital_asset\/file\/962385\/Type_Dynamic_-_Larsseit_Regular.otf);\n  font-weight: normal;\n  font-style: normal;\n}\n@font-face {\n  font-family: 'Larsseit-Bold';\n  src: url(https:\/\/d2saw6je89goi1.cloudfront.net\/uploads\/digital_asset\/file\/962384\/Type_Dynamic_-_Larsseit_Bold.otf) format('truetype');\n  font-weight: var(--font-body-weight-bold);\n  font-style: normal;\n}\n@font-face {\n  font-family: 'Larsseit-Thin';\n  src: url(https:\/\/d2saw6je89goi1.cloudfront.net\/uploads\/digital_asset\/file\/962386\/Type_Dynamic_-_Larsseit_Thin.otf) format('truetype');\n  font-weight: lighter;\n  font-style: normal;\n}\n\n@font-face {\n  font-family: 'Larsseit-Light';\n  src: url(https:\/\/d2saw6je89goi1.cloudfront.net\/uploads\/digital_asset\/file\/965155\/Larsseit-Light.ttf) format('truetype');\n  font-weight: lighter;\n  font-style: normal;\n}\n\nbody {\n  font-family: 'Larsseit-Light', serif !important;\n}",
        "custom_css_mobile": ""
      }
    },
    "16611758835f2bca50": {
      "type": "multicolumn",
      "blocks": {
        "bf8af3a8-3ff5-4967-a03f-ea89df6bc4cf": {
          "type": "custom_liquid",
          "settings": {
            "custom_liquid": "<script>\n    document.addEventListener(\"DOMContentLoaded\", (event) => {\n      let q = new URLSearchParams(window.location.search);\n      let t = document.querySelector('.' + q.get('bonus'));\n      if (t) {\n        t.style.display = 'block';\n      }\n    });\n  <\/script>",
            "css_class": ""
          }
        },
        "16611758831630ea5e-0": {
          "type": "column",
          "settings": {
            "title": "",
            "heading_color": "color-scheme",
            "text": "",
            "link_label": "Click Here To Download Your Sneak Peek",
            "link": "https:\/\/d2saw6je89goi1.cloudfront.net\/uploads\/digital_asset\/file\/660896\/Keto-Green_16_sneak_peek.pdf",
            "button_color": "foreground",
            "css_class": "sneakpeek"
          }
        },
        "99aa94f8-2ea5-41c5-a393-652c5ce940d4": {
          "type": "column",
          "settings": {
            "title": "",
            "heading_color": "color-scheme",
            "text": "",
            "link_label": "Click Here To Download Your eBook",
            "link": "https:\/\/cdn.shopify.com\/s\/files\/1\/0524\/5661\/files\/Making_Keto_Work_for_Women_Over_40.pdf",
            "button_color": "foreground",
            "css_class": "over40"
          }
        },
        "3e255779-a5d8-4e20-b8bf-90be2806e692": {
          "type": "column",
          "settings": {
            "title": "",
            "heading_color": "color-scheme",
            "text": "",
            "link_label": "Click Here To Download Your Recipes",
            "link": "https:\/\/www.drannacabeca.com\/ketogreen16-recipe-ebook",
            "button_color": "foreground",
            "css_class": "recipes"
          }
        },
        "dee1963c-8640-4fc5-82e5-b0fa6e124b25": {
          "type": "column",
          "settings": {
            "title": "",
            "heading_color": "color-scheme",
            "text": "",
            "link_label": "Your Keto Macro Calculator Results Will Be Emailed To You Shortly!",
            "link": "#",
            "button_color": "foreground",
            "css_class": "ketocalc"
          }
        },
        "526bb7c9-d629-4a43-9b27-dfeadaaef279": {
          "type": "column",
          "disabled": true,
          "settings": {
            "title": "",
            "heading_color": "color-scheme",
            "text": "",
            "link_label": "Watch Masterclass",
            "link": "shopify:\/\/pages\/masterclass-diabetes-prediabetes",
            "button_color": "foreground",
            "css_class": "masterclass"
          }
        }
      },
      "block_order": [
        "bf8af3a8-3ff5-4967-a03f-ea89df6bc4cf",
        "16611758831630ea5e-0",
        "99aa94f8-2ea5-41c5-a393-652c5ce940d4",
        "3e255779-a5d8-4e20-b8bf-90be2806e692",
        "dee1963c-8640-4fc5-82e5-b0fa6e124b25",
        "526bb7c9-d629-4a43-9b27-dfeadaaef279"
      ],
      "settings": {
        "anchor_id": "",
        "title": "",
        "text": "",
        "heading_size": "h1",
        "heading_color": "color-scheme",
        "text_size": "p",
        "column_heading_size": "h3",
        "column_text_size": "p",
        "image_width": "full",
        "image_ratio": "adapt",
        "columns_desktop": 1,
        "column_alignment": "center",
        "column_link_type": "button",
        "background_style": "none",
        "button_label": "",
        "button_link": "",
        "button_color": "color-scheme",
        "color_scheme": "accent-2",
        "columns_mobile": "1",
        "swipe_on_mobile": false,
        "padding_top": 0,
        "padding_bottom": 0,
        "css_class": "",
        "custom_css": ".button {\ncolor:#63316e;\nfont-size:30px;\npadding:10px 25px;\nbackground-color: #ffffff;\n}\n.sneakpeek, .over40, .recipes, .ketocalc {\ndisplay: none;\n  }\n\n.ketocalc .button{\nfont-size:20px;}",
        "custom_css_mobile": ".button {\ncolor:#63316e;\nfont-size:16px;\npadding:10px 25px;\n}"
      }
    },
    "16461663454a306e26": {
      "type": "rich-text",
      "blocks": {
        "1646166345821458f3-0": {
          "type": "heading",
          "settings": {
            "heading": "For Women Over 40 Who Want To Feel Stronger, Build Their Immunity, And Have More Energy",
            "heading_size": "h1",
            "heading_alignment": "center",
            "heading_color": "foreground",
            "css_class": "topheading",
            "heading_divider": false
          }
        }
      },
      "block_order": [
        "1646166345821458f3-0"
      ],
      "settings": {
        "anchor_id": "",
        "color_scheme": "background-1",
        "full_width": true,
        "padding_top": 24,
        "padding_bottom": 12,
        "css_class": "",
        "custom_css": "h2 {\nfont-size: 46px;\n}",
        "custom_css_mobile": ".topheading {\nfont-size:20px;\n}"
      }
    },
    "1661182888336e42fc": {
      "type": "video-with-text",
      "blocks": {
        "e5a1f8db-c0e7-462a-b15c-e80795142424": {
          "type": "image",
          "settings": {
            "image": "shopify:\/\/shop_images\/Keto-Green16_BookImage.jpg",
            "max_width": 0
          }
        },
        "341c9a92-cac1-4a53-b8fd-942d605f21ae": {
          "type": "button",
          "settings": {
            "button_label": "Get Keto-Green 16",
            "button_link": "#optin",
            "button_color": "color-scheme"
          }
        },
        "ca9c9ef7-a571-49c7-bc4e-3f9014bda430": {
          "type": "text",
          "settings": {
            "text": "<p>Plus 7 free bonuses worth $159!<\/p>",
            "text_style": "body",
            "text_size": "p"
          }
        }
      },
      "block_order": [
        "e5a1f8db-c0e7-462a-b15c-e80795142424",
        "341c9a92-cac1-4a53-b8fd-942d605f21ae",
        "ca9c9ef7-a571-49c7-bc4e-3f9014bda430"
      ],
      "settings": {
        "anchor_id": "",
        "cover_image": "shopify:\/\/shop_images\/ketogreen16.png",
        "video_url_metafield": "",
        "video_url": "https:\/\/vimeo.com\/394491594",
        "description": "",
        "desktop_image_width": "medium",
        "layout": "video_first",
        "desktop_content_position": "middle",
        "desktop_content_alignment": "center",
        "color_scheme": "background-1",
        "padding_top": 0,
        "padding_bottom": 0,
        "css_class": "videotxt",
        "custom_css": ".button {\nmargin:0px auto;\nbackground-color:#ff8f19;\ncolor:#ffffff;\n--border-offset: none;\n}\n\np{\nmargin:0px auto;\ncolor:#ff8f19;\n}\n\n.body{\nmargin:0px auto;\n}\n\n.videotxt {\npadding: 0px 40px;\nmargin-top:0px;\n}",
        "custom_css_mobile": ""
      }
    },
    "1654342987b12a4c39": {
      "type": "multicolumn",
      "blocks": {
        "180871fa-2274-4181-b9f9-96670eaff194": {
          "type": "column",
          "settings": {
            "image": "shopify:\/\/shop_images\/davidperlmutter.png",
            "title": "",
            "heading_color": "color-scheme",
            "text": "",
            "link_label": "",
            "link": "",
            "button_color": "color-scheme",
            "css_class": "leftcolumn"
          }
        },
        "1654342987af5fde1e-0": {
          "type": "column",
          "settings": {
            "image": "shopify:\/\/shop_images\/jjvirgin.png",
            "title": "",
            "heading_color": "color-scheme",
            "text": "",
            "link_label": "",
            "link": "",
            "button_color": "color-scheme",
            "css_class": ""
          }
        },
        "1654342987af5fde1e-2": {
          "type": "column",
          "settings": {
            "image": "shopify:\/\/shop_images\/christinenorthrup.png",
            "title": "",
            "heading_color": "color-scheme",
            "text": "",
            "link_label": "",
            "link": "",
            "button_color": "color-scheme",
            "css_class": "leftcolumn"
          }
        }
      },
      "block_order": [
        "180871fa-2274-4181-b9f9-96670eaff194",
        "1654342987af5fde1e-0",
        "1654342987af5fde1e-2"
      ],
      "settings": {
        "anchor_id": "",
        "title": "Rave Reviews for Keto-Green 16",
        "text": "",
        "heading_size": "h0",
        "heading_color": "accent-4",
        "text_size": "h4",
        "column_heading_size": "h3",
        "column_text_size": "p",
        "image_width": "full",
        "image_ratio": "adapt",
        "columns_desktop": 3,
        "column_alignment": "left",
        "column_link_type": "button",
        "background_style": "none",
        "button_label": "",
        "button_link": "",
        "button_color": "color-scheme",
        "color_scheme": "background-1",
        "columns_mobile": "1",
        "swipe_on_mobile": false,
        "padding_top": 36,
        "padding_bottom": 8,
        "css_class": "",
        "custom_css": "",
        "custom_css_mobile": ""
      }
    },
    "16543413375e4fa8d4": {
      "type": "rich-text",
      "blocks": {
        "16543413373de05a04-0": {
          "type": "heading",
          "settings": {
            "heading": "New York Times Bestselling Author",
            "heading_size": "h1",
            "heading_alignment": "center",
            "heading_color": "foreground",
            "css_class": "",
            "heading_divider": false
          }
        },
        "26b1692c-06d6-4d4c-910e-91c791fb55e1": {
          "type": "image",
          "settings": {
            "image": "shopify:\/\/shop_images\/keto-green.jpg",
            "max_width": 0,
            "css_class": ""
          }
        }
      },
      "block_order": [
        "16543413373de05a04-0",
        "26b1692c-06d6-4d4c-910e-91c791fb55e1"
      ],
      "settings": {
        "anchor_id": "",
        "color_scheme": "background-1",
        "full_width": true,
        "padding_top": 40,
        "padding_bottom": 52,
        "css_class": "",
        "custom_css": "h2 {\nfont-size: 60px;\n}",
        "custom_css_mobile": "h2 {\nfont-size: 36px;\n}"
      }
    },
    "165434335589c58515": {
      "type": "rich-text",
      "blocks": {
        "165434335569444dc8-0": {
          "type": "heading",
          "settings": {
            "heading": "Keto-Green 16 Has Now Hit Shelves!",
            "heading_size": "h1",
            "heading_alignment": "center",
            "heading_color": "foreground",
            "css_class": "",
            "heading_divider": false
          }
        },
        "be6e45ae-0b20-459f-8fb6-5fded8f70c71": {
          "type": "text",
          "settings": {
            "text": "<p>Here's How You Can Order the Book and Get Started Today with 7 Instant Digital Bonuses...<\/p>",
            "text_alignment": "center",
            "text_size": "p",
            "css_class": ""
          }
        },
        "7d47ffe0-b4f9-4e3f-9c88-e54ab36e4a5f": {
          "type": "image",
          "settings": {
            "image": "shopify:\/\/shop_images\/bonuses---wide.jpg",
            "max_width": 0,
            "css_class": ""
          }
        }
      },
      "block_order": [
        "165434335569444dc8-0",
        "be6e45ae-0b20-459f-8fb6-5fded8f70c71",
        "7d47ffe0-b4f9-4e3f-9c88-e54ab36e4a5f"
      ],
      "settings": {
        "anchor_id": "",
        "color_scheme": "background-1",
        "full_width": true,
        "padding_top": 40,
        "padding_bottom": 36,
        "css_class": "",
        "custom_css": "h2 { \nfont-size: 45px; \n}\np { \nfont-size: 33px; \n}",
        "custom_css_mobile": "h2 { \nfont-size: 30px; \n}\np { \nfont-size: 25px; \n}"
      }
    },
    "16614371194e515926": {
      "type": "multicolumn",
      "blocks": {
        "7bac96dc-6c15-4881-8ab3-d4683b91edf9": {
          "type": "custom_liquid",
          "settings": {
            "custom_liquid": "<style>\na.button {\n--border-offset: none;\n    -webkit-appearance: button;\n    -moz-appearance: button;\n    appearance: button;\n  border: none;\n  background-color:#ff8f19;\n  color: white;\n  padding: 15px 32px;\n  text-align: center;\n  text-decoration: none;\n  display: inline-block;\n  font-size: 16px;\n  margin: 4px 2px;\n  cursor: pointer;\n}\n<\/style>\n<h2 style=\"text-align: center;\"><span style=\"text-decoration: underline; color: #009da2;\">STEP 1<\/span><\/h2>\n<p style=\"text-align: center;\">Purchase the Book from any of these online retailers...<\/p>\n<p style=\"text-align: center;\"><a href=\"https:\/\/drannacabeca.com\/products\/keto-green-16\" class=\"button\">The Girlfriend Doctor<\/a><\/p>\n<p style=\"text-align: center;\"><a href=\"https:\/\/www.amazon.com\/gp\/product\/059315794X\/ref=as_li_tl?ie=UTF8&tag=ketogreen-20&camp=1789&creative=9325&linkCode=as2&creativeASIN=059315794X&linkId=31e1c89ba3c5bdaf294e4deb45394f85\" class=\"button\">AMAZON<\/a><\/p>\n<p style=\"text-align: center;\"><a href=\"http:\/\/links.penguinrandomhouse.com\/type\/affiliate\/isbn\/9780593157947\/siteID\/8001\/retailerid\/2\/trackingcode\/PRH6824C94FA5\" class=\"button\">BARNES & NOBLE<\/a><\/p>\n<p style=\"text-align: center;\"><a href=\"http:\/\/links.penguinrandomhouse.com\/type\/affiliate\/isbn\/9780593157947\/siteID\/8001\/retailerid\/9\/trackingcode\/PRH6824C94FA5\" class=\"button\">POWELL's City of books<\/a><\/p>\n<p style=\"text-align: center;\"><a href=\"http:\/\/links.penguinrandomhouse.com\/type\/affiliate\/isbn\/9780593157947\/siteID\/8001\/retailerid\/5\/trackingcode\/PRH6824C94FA5\" class=\"button\">Books A Million<\/a><\/p>\n<p style=\"text-align: center;\"><a href=\"http:\/\/links.penguinrandomhouse.com\/type\/affiliate\/isbn\/9780593157947\/siteID\/8001\/retailerid\/25\/trackingcode\/PRH6824C94FA5\" class=\"button\">hudsonbooksellers.com<\/a><\/p>\n<p style=\"text-align: center;\"><a href=\"http:\/\/links.penguinrandomhouse.com\/type\/affiliate\/isbn\/9780593157947\/siteID\/8001\/retailerid\/6\/trackingcode\/penguinrandom\" class=\"button\">INDIEBOUND<\/a><\/p>\n<p style=\"text-align: center;\"><a href=\" http:\/\/links.penguinrandomhouse.com\/type\/affiliate\/isbn\/9780593157947\/siteID\/8001\/retailerid\/23\/trackingcode\/PRH6824C94FA5\" class=\"button\">Target<\/a><\/p>\n<p style=\"text-align: center;\"><a href=\" https:\/\/www.waterstones.com\/book\/keto-green-16\/anna-cabeca\/9781529410594\" class=\"button\">waterstones<\/a><\/p>\n<p style=\"text-align: center;\"><a href=\" https:\/\/www.amazon.co.uk\/dp\/1529410592\/ref=cm_sw_em_r_mt_dp_U_TJ8zEbRJH03YS\" class=\"button\">amazon.co.uk<\/a><\/p>",
            "css_class": ""
          }
        },
        "815134f8-ad30-4c9e-b219-6bfe23951a49": {
          "type": "custom_liquid",
          "settings": {
            "custom_liquid": "<h2 style=\"text-align: center;\"><span style=\"text-decoration: underline; color: #009da2;\">STEP 2<\/span><\/h2>\n<p style=\"text-align: center;\">Copy your receipt number and come back to this page<\/p>",
            "css_class": ""
          }
        },
        "978cba59-67f3-4fb2-8883-e6637d42a751": {
          "type": "custom_liquid",
          "settings": {
            "custom_liquid": "<h2 style=\"text-align: center;\"><span style=\"text-decoration: underline; color: #009da2;\">STEP 3<\/span><\/h2>\n<p style=\"text-align: center;\">Verify your book purchase to claim your instant bonuses! <\/p>\n\n<div class=\"klaviyo-form-VGzZeD\" data-name=\"KG16 - Purchased - Book\"><\/div>",
            "css_class": ""
          }
        }
      },
      "block_order": [
        "7bac96dc-6c15-4881-8ab3-d4683b91edf9",
        "815134f8-ad30-4c9e-b219-6bfe23951a49",
        "978cba59-67f3-4fb2-8883-e6637d42a751"
      ],
      "settings": {
        "anchor_id": "optin",
        "title": "",
        "text": "",
        "heading_size": "h1",
        "heading_color": "accent-4",
        "text_size": "p",
        "column_heading_size": "h3",
        "column_text_size": "p",
        "image_width": "full",
        "image_ratio": "adapt",
        "columns_desktop": 3,
        "column_alignment": "center",
        "column_link_type": "button",
        "background_style": "none",
        "button_label": "",
        "button_link": "",
        "button_color": "color-scheme",
        "color_scheme": "background-1",
        "columns_mobile": "1",
        "swipe_on_mobile": false,
        "padding_top": 36,
        "padding_bottom": 36,
        "css_class": "",
        "custom_css": "",
        "custom_css_mobile": ""
      }
    },
    "16614360339d03b034": {
      "type": "multicolumn",
      "blocks": {
        "16614360330a53bf91-0": {
          "type": "column",
          "settings": {
            "image": "shopify:\/\/shop_images\/joshaxe.png",
            "title": "",
            "heading_color": "color-scheme",
            "text": "",
            "link_label": "",
            "link": "",
            "button_color": "color-scheme",
            "css_class": ""
          }
        },
        "16614360330a53bf91-1": {
          "type": "column",
          "settings": {
            "image": "shopify:\/\/shop_images\/stevenmasley.png",
            "title": "",
            "heading_color": "color-scheme",
            "text": "",
            "link_label": "",
            "link": "",
            "button_color": "color-scheme",
            "css_class": ""
          }
        },
        "16614360330a53bf91-2": {
          "type": "column",
          "settings": {
            "image": "shopify:\/\/shop_images\/marksisson.png",
            "title": "",
            "heading_color": "color-scheme",
            "text": "",
            "link_label": "",
            "link": "",
            "button_color": "color-scheme",
            "css_class": ""
          }
        }
      },
      "block_order": [
        "16614360330a53bf91-0",
        "16614360330a53bf91-1",
        "16614360330a53bf91-2"
      ],
      "settings": {
        "anchor_id": "",
        "title": "More Rave Reviews for Keto-Green 16",
        "text": "",
        "heading_size": "h0",
        "heading_color": "accent-4",
        "text_size": "p",
        "column_heading_size": "h3",
        "column_text_size": "p",
        "image_width": "full",
        "image_ratio": "adapt",
        "columns_desktop": 3,
        "column_alignment": "left",
        "column_link_type": "button",
        "background_style": "none",
        "button_label": "",
        "button_link": "",
        "button_color": "color-scheme",
        "color_scheme": "background-1",
        "columns_mobile": "1",
        "swipe_on_mobile": false,
        "padding_top": 36,
        "padding_bottom": 36,
        "css_class": "",
        "custom_css": "",
        "custom_css_mobile": ""
      }
    },
    "166118175461227b14": {
      "type": "multicolumn",
      "blocks": {
        "166118175404049317-0": {
          "type": "column",
          "settings": {
            "image": "shopify:\/\/shop_images\/cravings.jpg",
            "title": "Crazy Cravings",
            "heading_color": "accent-2",
            "text": "",
            "link_label": "",
            "link": "",
            "button_color": "color-scheme",
            "css_class": ""
          }
        },
        "166118175404049317-1": {
          "type": "column",
          "settings": {
            "image": "shopify:\/\/shop_images\/foggybrain.jpg",
            "title": "Foggy Brain",
            "heading_color": "accent-2",
            "text": "",
            "link_label": "",
            "link": "",
            "button_color": "color-scheme",
            "css_class": ""
          }
        },
        "166118175404049317-2": {
          "type": "column",
          "settings": {
            "image": "shopify:\/\/shop_images\/stock_tired.jpg",
            "title": "Show-Stopping Fatigue",
            "heading_color": "accent-2",
            "text": "",
            "link_label": "",
            "link": "",
            "button_color": "color-scheme",
            "css_class": ""
          }
        },
        "d4bd8169-7d62-4db5-b568-f015ecc0e8be": {
          "type": "column",
          "settings": {
            "image": "shopify:\/\/shop_images\/stock_hair.jpg",
            "title": "Haywire Hormones",
            "heading_color": "accent-2",
            "text": "",
            "link_label": "",
            "link": "",
            "button_color": "color-scheme",
            "css_class": ""
          }
        },
        "e16a277e-d64d-406f-ac4d-11105e0d595f": {
          "type": "column",
          "settings": {
            "image": "shopify:\/\/shop_images\/stock_hot-flashes.jpg",
            "title": "Hot Flashes",
            "heading_color": "accent-2",
            "text": "",
            "link_label": "",
            "link": "",
            "button_color": "color-scheme",
            "css_class": ""
          }
        },
        "86fcd066-da01-4309-b9f4-9616ca3bcce1": {
          "type": "column",
          "settings": {
            "image": "shopify:\/\/shop_images\/stock_weight.jpg",
            "title": "Extra Pounds & Inches",
            "heading_color": "accent-2",
            "text": "",
            "link_label": "",
            "link": "",
            "button_color": "color-scheme",
            "css_class": ""
          }
        }
      },
      "block_order": [
        "166118175404049317-0",
        "166118175404049317-1",
        "166118175404049317-2",
        "d4bd8169-7d62-4db5-b568-f015ecc0e8be",
        "e16a277e-d64d-406f-ac4d-11105e0d595f",
        "86fcd066-da01-4309-b9f4-9616ca3bcce1"
      ],
      "settings": {
        "anchor_id": "",
        "title": "Are you sick and tired of struggling with...",
        "text": "",
        "heading_size": "h1",
        "heading_color": "accent-2",
        "text_size": "p",
        "column_heading_size": "h3",
        "column_text_size": "p",
        "image_width": "full",
        "image_ratio": "adapt",
        "columns_desktop": 3,
        "column_alignment": "center",
        "column_link_type": "button",
        "background_style": "none",
        "button_label": "",
        "button_link": "#optin",
        "button_color": "accent-2",
        "color_scheme": "background-2",
        "columns_mobile": "1",
        "swipe_on_mobile": false,
        "padding_top": 36,
        "padding_bottom": 0,
        "css_class": "",
        "custom_css": "",
        "custom_css_mobile": ""
      }
    },
    "16614326465be58f2f": {
      "type": "rich-text",
      "blocks": {
        "166143264606252614-0": {
          "type": "heading",
          "settings": {
            "heading": "Keto-Green 16 is my proven plan to tame your out-of-control brain, body and belly!",
            "heading_size": "h1",
            "heading_alignment": "center",
            "heading_color": "foreground",
            "css_class": "",
            "heading_divider": false
          }
        }
      },
      "block_order": [
        "166143264606252614-0"
      ],
      "settings": {
        "anchor_id": "",
        "color_scheme": "background-1",
        "full_width": true,
        "padding_top": 40,
        "padding_bottom": 0,
        "css_class": "dac-full-width dac-padding-side-none",
        "custom_css": "",
        "custom_css_mobile": ""
      }
    },
    "166143580145277b12": {
      "type": "image-with-text",
      "blocks": {
        "e983131a-918d-4237-aca3-235befdc7fb6": {
          "type": "custom_liquid",
          "settings": {
            "custom_liquid": "<p><img src=\"https:\/\/cdn.shopify.com\/s\/files\/1\/0524\/5661\/files\/dietplan.png\" alt=\"\" width=\"571\" height=\"211\" \/><\/p>\n<p><img src=\"https:\/\/cdn.shopify.com\/s\/files\/1\/0524\/5661\/files\/kgfoods.png\" alt=\"\" width=\"571\" height=\"211\" \/><\/p>\n<p><img src=\"https:\/\/cdn.shopify.com\/s\/files\/1\/0524\/5661\/files\/fitnessplan.png\" alt=\"\" width=\"571\" height=\"211\" \/><\/p>",
            "css_class": ""
          }
        },
        "16614358019d6e5b19-2": {
          "type": "button",
          "settings": {
            "button_label": "Get The Book + All The Bonuses!",
            "button_link": "#optin",
            "button_color": "accent-2",
            "css_class": ""
          }
        }
      },
      "block_order": [
        "e983131a-918d-4237-aca3-235befdc7fb6",
        "16614358019d6e5b19-2"
      ],
      "settings": {
        "anchor_id": "",
        "image": "shopify:\/\/shop_images\/KG16-book-cover_600_897ac59c-3659-4a99-bd6e-1bcebe58c1c7.jpg",
        "height": "adapt",
        "desktop_image_width": "medium",
        "layout": "image_first",
        "desktop_content_position": "top",
        "desktop_content_alignment": "left",
        "content_layout": "no-overlap",
        "color_scheme": "background-1",
        "mobile_content_alignment": "left",
        "padding_top": 36,
        "padding_bottom": 36,
        "css_class": "",
        "custom_css": "h2 {\nfont-size: 53px;\n}\n\n.button {\nfont-size: 24px;\npadding: 10px 40px;\n}",
        "custom_css_mobile": "h2 {\nfont-size: 25px;\n}\n\n.button {\nfont-size: 14px;\npadding: 10px 40px;\n}"
      }
    },
    "f6b1ad69-35f0-4845-b282-3dc4e14facbb": {
      "type": "multicolumn",
      "blocks": {
        "template--14389600911415__f6b1ad69-35f0-4845-b282-3dc4e14facbb-1665512064edf8394b-0": {
          "type": "column",
          "settings": {
            "image": "shopify:\/\/shop_images\/deb.jpg",
            "title": "\"Do This Now!\"",
            "heading_color": "foreground",
            "text": "<p>\"As I moved into my 50’s I struggled with menopause weight gain that I just couldn't lose!  I highly recommend this program as a solution for achieving energy, hormonal balance and weight loss. (I effortlessly released 10  pounds.) Do this now regardless of how busy you are!”<\/p><p><\/p><p><strong>- Debby T<\/strong><\/p>",
            "link_label": "",
            "link": "",
            "button_color": "color-scheme",
            "css_class": ""
          }
        },
        "template--14389600911415__f6b1ad69-35f0-4845-b282-3dc4e14facbb-1665512064edf8394b-1": {
          "type": "column",
          "settings": {
            "image": "shopify:\/\/shop_images\/Jamellette_cf.jpg",
            "title": "\"Tremendously Better!\"",
            "heading_color": "foreground",
            "text": "<p>\"I have really felt the struggle of menopause within the past decade -- from the weight gain and sluggishness, to bleeding issues, and moodiness.  Dr. Anna’s plan is the solution! Following her expert guidance I gained tremendous energy and clarity! I feel tremendously better, and even more calm.  \" <\/p><p><\/p><p><strong>- Jamelette C<\/strong><\/p>",
            "link_label": "",
            "link": "",
            "button_color": "color-scheme",
            "css_class": ""
          }
        },
        "template--14389600911415__f6b1ad69-35f0-4845-b282-3dc4e14facbb-1665512064edf8394b-2": {
          "type": "column",
          "settings": {
            "image": "shopify:\/\/shop_images\/Screenshot-2018-04-10-at-2.12.57-PM.png",
            "title": "\"I Lost 10 Pounds!\"",
            "heading_color": "foreground",
            "text": "<p>\"Before starting the program, I was too tired to do anything and just not inspired to. All that has changed for the better! My original symptom score was 48 and today I'm at 6. As an extra win, I've lost 10 pounds, and inches from my body. You'll love this program and won't want it to end!\" <\/p><p><\/p><p><strong>- Vicki O<\/strong><\/p>",
            "link_label": "",
            "link": "",
            "button_color": "color-scheme",
            "css_class": ""
          }
        }
      },
      "block_order": [
        "template--14389600911415__f6b1ad69-35f0-4845-b282-3dc4e14facbb-1665512064edf8394b-0",
        "template--14389600911415__f6b1ad69-35f0-4845-b282-3dc4e14facbb-1665512064edf8394b-1",
        "template--14389600911415__f6b1ad69-35f0-4845-b282-3dc4e14facbb-1665512064edf8394b-2"
      ],
      "settings": {
        "anchor_id": "",
        "title": "Keto-Green 16 is Changing Lives!",
        "text": "",
        "heading_size": "h0",
        "heading_color": "foreground",
        "text_size": "p",
        "column_heading_size": "h3",
        "column_text_size": "p",
        "image_width": "half",
        "image_ratio": "circle",
        "columns_desktop": 3,
        "column_alignment": "left",
        "column_link_type": "button",
        "background_style": "none",
        "button_label": "",
        "button_link": "",
        "button_color": "color-scheme",
        "color_scheme": "background-1",
        "columns_mobile": "1",
        "swipe_on_mobile": false,
        "padding_top": 36,
        "padding_bottom": 36,
        "css_class": "",
        "custom_css": "",
        "custom_css_mobile": ""
      }
    },
    "9cc420eb-053a-4d6b-813d-210afcbaf005": {
      "type": "multicolumn",
      "blocks": {
        "template--14389600911415__9cc420eb-053a-4d6b-813d-210afcbaf005-166551254187ca341c-0": {
          "type": "column",
          "settings": {
            "image": "shopify:\/\/shop_images\/garden-harvest-beef-stew-4.webp",
            "title": "Beef Stew",
            "heading_color": "foreground",
            "text": "",
            "link_label": "",
            "link": "",
            "button_color": "color-scheme",
            "css_class": ""
          }
        },
        "template--14389600911415__9cc420eb-053a-4d6b-813d-210afcbaf005-166551254187ca341c-1": {
          "type": "column",
          "settings": {
            "image": "shopify:\/\/shop_images\/golden-chicken-thai-salad-3.jpg",
            "title": "Thai Coconut Chicken",
            "heading_color": "foreground",
            "text": "",
            "link_label": "",
            "link": "",
            "button_color": "color-scheme",
            "css_class": ""
          }
        },
        "template--14389600911415__9cc420eb-053a-4d6b-813d-210afcbaf005-166551254187ca341c-2": {
          "type": "column",
          "settings": {
            "image": "shopify:\/\/shop_images\/ginger-salmon-crispy-skin-3.jpg",
            "title": "Ginger Salmon",
            "heading_color": "foreground",
            "text": "",
            "link_label": "",
            "link": "",
            "button_color": "color-scheme",
            "css_class": ""
          }
        },
        "b4f0f551-f58b-42f5-a7f2-e5ffcabde563": {
          "type": "column",
          "settings": {
            "image": "shopify:\/\/shop_images\/garlic-lime-meatballs-kimchi-fried-rice-3.webp",
            "title": "Garlic Lime Meatballs",
            "heading_color": "foreground",
            "text": "",
            "link_label": "",
            "link": "",
            "button_color": "color-scheme",
            "css_class": ""
          }
        },
        "a1c5da9c-8c4a-4095-b849-b7f993a9bb5c": {
          "type": "column",
          "settings": {
            "image": "shopify:\/\/shop_images\/chinese-cashew-chicken-lettuce-wraps-2.jpg",
            "title": "Chinese Lettuce Wraps",
            "heading_color": "foreground",
            "text": "",
            "link_label": "",
            "link": "",
            "button_color": "color-scheme",
            "css_class": ""
          }
        },
        "25532022-7875-4048-8539-e615a335ebed": {
          "type": "column",
          "settings": {
            "image": "shopify:\/\/shop_images\/garlic-roasted-cabbage-chicken-3.jpg",
            "title": "Roasted Chicken",
            "heading_color": "foreground",
            "text": "",
            "link_label": "",
            "link": "",
            "button_color": "color-scheme",
            "css_class": ""
          }
        },
        "385f54a4-6050-4487-83d4-65f5c612073b": {
          "type": "column",
          "settings": {
            "image": "shopify:\/\/shop_images\/zoodle-chicken-pad-thai-4.webp",
            "title": "Zoodle Pad Thai",
            "heading_color": "foreground",
            "text": "",
            "link_label": "",
            "link": "",
            "button_color": "color-scheme",
            "css_class": ""
          }
        },
        "6c675fc9-1f3c-4fe5-b435-89d80aa30e9f": {
          "type": "column",
          "settings": {
            "image": "shopify:\/\/shop_images\/mediterranean-burger-2.webp",
            "title": "Mediterranean Burger",
            "heading_color": "foreground",
            "text": "",
            "link_label": "",
            "link": "",
            "button_color": "color-scheme",
            "css_class": ""
          }
        },
        "e2b76c1f-5735-41f3-9d10-da0b4ed0447b": {
          "type": "column",
          "settings": {
            "image": "shopify:\/\/shop_images\/curry-skillet-chicken-1.webp",
            "title": "Curry Chicken Skillet",
            "heading_color": "foreground",
            "text": "",
            "link_label": "",
            "link": "",
            "button_color": "color-scheme",
            "css_class": ""
          }
        },
        "57016890-f0d0-4f1d-987e-6114972eb97b": {
          "type": "column",
          "settings": {
            "image": "shopify:\/\/shop_images\/almond-crusted-chicken-tenders-2.jpg",
            "title": "Chicken Tenders",
            "heading_color": "foreground",
            "text": "",
            "link_label": "",
            "link": "",
            "button_color": "color-scheme",
            "css_class": ""
          }
        },
        "c206ad84-5d7f-42ac-9bd3-af725b02f259": {
          "type": "column",
          "settings": {
            "image": "shopify:\/\/shop_images\/spiced-lime-taco-salad-3.webp",
            "title": "Spiced Lime Taco Salad",
            "heading_color": "foreground",
            "text": "",
            "link_label": "",
            "link": "",
            "button_color": "color-scheme",
            "css_class": ""
          }
        },
        "020afa28-330f-42f2-9663-94e4574da0a2": {
          "type": "column",
          "settings": {
            "image": "shopify:\/\/shop_images\/cardamom-cashew-fat-bombs-2_7b38865e-1210-4123-8053-8790194d89e8.jpg",
            "title": "Cashew Fat Bombs",
            "heading_color": "foreground",
            "text": "",
            "link_label": "",
            "link": "",
            "button_color": "color-scheme",
            "css_class": ""
          }
        }
      },
      "block_order": [
        "template--14389600911415__9cc420eb-053a-4d6b-813d-210afcbaf005-166551254187ca341c-0",
        "template--14389600911415__9cc420eb-053a-4d6b-813d-210afcbaf005-166551254187ca341c-1",
        "template--14389600911415__9cc420eb-053a-4d6b-813d-210afcbaf005-166551254187ca341c-2",
        "b4f0f551-f58b-42f5-a7f2-e5ffcabde563",
        "a1c5da9c-8c4a-4095-b849-b7f993a9bb5c",
        "25532022-7875-4048-8539-e615a335ebed",
        "385f54a4-6050-4487-83d4-65f5c612073b",
        "6c675fc9-1f3c-4fe5-b435-89d80aa30e9f",
        "e2b76c1f-5735-41f3-9d10-da0b4ed0447b",
        "57016890-f0d0-4f1d-987e-6114972eb97b",
        "c206ad84-5d7f-42ac-9bd3-af725b02f259",
        "020afa28-330f-42f2-9663-94e4574da0a2"
      ],
      "settings": {
        "anchor_id": "",
        "title": "Here's a Small Sample of the Delicious, Easy-to-Make Meals You'll Create with Just 16 Ingredient Types...",
        "text": "",
        "heading_size": "h1",
        "heading_color": "accent-4",
        "text_size": "p",
        "column_heading_size": "h3",
        "column_text_size": "p",
        "image_width": "full",
        "image_ratio": "circle",
        "columns_desktop": 3,
        "column_alignment": "center",
        "column_link_type": "button",
        "background_style": "none",
        "button_label": "",
        "button_link": "",
        "button_color": "color-scheme",
        "color_scheme": "background-1",
        "columns_mobile": "1",
        "swipe_on_mobile": false,
        "padding_top": 36,
        "padding_bottom": 36,
        "css_class": "",
        "custom_css": "",
        "custom_css_mobile": ""
      }
    },
    "1658250672dac6639f": {
      "type": "image",
      "settings": {
        "image": "shopify:\/\/shop_images\/kgcta.png",
        "max_width": 0,
        "color_scheme": "background-1",
        "link": "#optin",
        "padding_top": 36,
        "padding_bottom": 36,
        "css_class": "",
        "custom_css": "",
        "custom_css_mobile": ""
      }
    },
    "43d8cb73-3897-4c9c-b1dc-2aa2b26f83a8": {
      "type": "multicolumn",
      "blocks": {
        "template--14389600911415__43d8cb73-3897-4c9c-b1dc-2aa2b26f83a8-166551254187ca341c-0": {
          "type": "column",
          "settings": {
            "image": "shopify:\/\/shop_images\/1_2ffe4311-cd7c-431d-99b4-48f38e32d581.png",
            "title": "",
            "heading_color": "color-scheme",
            "text": "",
            "link_label": "",
            "link": "",
            "button_color": "color-scheme",
            "css_class": ""
          }
        },
        "template--14389600911415__43d8cb73-3897-4c9c-b1dc-2aa2b26f83a8-166551254187ca341c-1": {
          "type": "column",
          "settings": {
            "image": "shopify:\/\/shop_images\/2_a1c80c98-a2f0-4cee-8723-c67cd2b6f60d.png",
            "title": "",
            "heading_color": "color-scheme",
            "text": "",
            "link_label": "",
            "link": "",
            "button_color": "color-scheme",
            "css_class": ""
          }
        },
        "template--14389600911415__43d8cb73-3897-4c9c-b1dc-2aa2b26f83a8-166551254187ca341c-2": {
          "type": "column",
          "settings": {
            "image": "shopify:\/\/shop_images\/3_d1c42641-7c7c-4532-943e-2ba0ecc15aa0.png",
            "title": "",
            "heading_color": "color-scheme",
            "text": "",
            "link_label": "",
            "link": "",
            "button_color": "color-scheme",
            "css_class": ""
          }
        },
        "19c06c2b-f796-4477-8a86-81c39f0eb1f0": {
          "type": "column",
          "settings": {
            "image": "shopify:\/\/shop_images\/4_bad49c07-1cfb-4735-8a13-6d02a89d11e9.png",
            "title": "",
            "heading_color": "color-scheme",
            "text": "",
            "link_label": "",
            "link": "",
            "button_color": "color-scheme",
            "css_class": ""
          }
        },
        "5486e505-549c-45ed-ae9f-545c55a84dd9": {
          "type": "column",
          "settings": {
            "image": "shopify:\/\/shop_images\/5_08cfc853-7eb6-4056-8ced-0dac1b8b5dd0.png",
            "title": "",
            "heading_color": "color-scheme",
            "text": "",
            "link_label": "",
            "link": "",
            "button_color": "color-scheme",
            "css_class": ""
          }
        },
        "7022533a-fe49-436f-a391-9cc94c4890c2": {
          "type": "column",
          "settings": {
            "image": "shopify:\/\/shop_images\/6_cfbd2e16-74b5-4a8c-816c-361dee5c2436.png",
            "title": "",
            "heading_color": "color-scheme",
            "text": "",
            "link_label": "",
            "link": "",
            "button_color": "color-scheme",
            "css_class": ""
          }
        }
      },
      "block_order": [
        "template--14389600911415__43d8cb73-3897-4c9c-b1dc-2aa2b26f83a8-166551254187ca341c-0",
        "template--14389600911415__43d8cb73-3897-4c9c-b1dc-2aa2b26f83a8-166551254187ca341c-1",
        "template--14389600911415__43d8cb73-3897-4c9c-b1dc-2aa2b26f83a8-166551254187ca341c-2",
        "19c06c2b-f796-4477-8a86-81c39f0eb1f0",
        "5486e505-549c-45ed-ae9f-545c55a84dd9",
        "7022533a-fe49-436f-a391-9cc94c4890c2"
      ],
      "settings": {
        "anchor_id": "",
        "title": "The Praise Just Keeps Pouring In!",
        "text": "",
        "heading_size": "h0",
        "heading_color": "color-scheme",
        "text_size": "p",
        "column_heading_size": "h3",
        "column_text_size": "p",
        "image_width": "full",
        "image_ratio": "adapt",
        "columns_desktop": 3,
        "column_alignment": "center",
        "column_link_type": "button",
        "background_style": "none",
        "button_label": "",
        "button_link": "",
        "button_color": "color-scheme",
        "color_scheme": "accent-1",
        "columns_mobile": "1",
        "swipe_on_mobile": false,
        "padding_top": 36,
        "padding_bottom": 36,
        "css_class": "",
        "custom_css": "",
        "custom_css_mobile": ""
      }
    },
    "559e3b4f-69ae-4ec9-bf91-b6648551f364": {
      "type": "rich-text",
      "blocks": {
        "template--14389600911415__559e3b4f-69ae-4ec9-bf91-b6648551f364-166551401731dc3155-0": {
          "type": "heading",
          "settings": {
            "heading": "Order Now and Get 7 Instant Digital Bonuses Worth $159!",
            "heading_size": "h1",
            "heading_alignment": "center",
            "heading_color": "foreground",
            "css_class": "",
            "heading_divider": false
          }
        },
        "08ee2323-d87a-470d-a2ae-e915b76702df": {
          "type": "image",
          "settings": {
            "image": "shopify:\/\/shop_images\/b1.png",
            "max_width": 0,
            "css_class": ""
          }
        },
        "c5a56ca0-1fff-4648-bf75-f8ecce5ab22c": {
          "type": "image",
          "settings": {
            "image": "shopify:\/\/shop_images\/b2.png",
            "max_width": 0,
            "css_class": ""
          }
        },
        "626005c8-40dd-4cdf-abd0-a3e1c3969ff9": {
          "type": "image",
          "settings": {
            "image": "shopify:\/\/shop_images\/b3.png",
            "max_width": 0,
            "css_class": ""
          }
        },
        "55b72387-4cc7-4d34-b59f-5eb8d47e9c44": {
          "type": "image",
          "settings": {
            "image": "shopify:\/\/shop_images\/b4.png",
            "max_width": 0,
            "css_class": ""
          }
        },
        "debcc47c-e1c2-49b2-a9ea-990610e74bdc": {
          "type": "image",
          "settings": {
            "image": "shopify:\/\/shop_images\/b5.png",
            "max_width": 0,
            "css_class": ""
          }
        },
        "3d7ae7b5-1410-4d61-8ba4-5eb15d8f27f2": {
          "type": "image",
          "settings": {
            "image": "shopify:\/\/shop_images\/b6.png",
            "max_width": 0,
            "css_class": ""
          }
        },
        "2969a07e-3ab5-4a68-a59c-074b2884c9bd": {
          "type": "image",
          "settings": {
            "image": "shopify:\/\/shop_images\/b7.png",
            "max_width": 0,
            "css_class": ""
          }
        }
      },
      "block_order": [
        "template--14389600911415__559e3b4f-69ae-4ec9-bf91-b6648551f364-166551401731dc3155-0",
        "08ee2323-d87a-470d-a2ae-e915b76702df",
        "c5a56ca0-1fff-4648-bf75-f8ecce5ab22c",
        "626005c8-40dd-4cdf-abd0-a3e1c3969ff9",
        "55b72387-4cc7-4d34-b59f-5eb8d47e9c44",
        "debcc47c-e1c2-49b2-a9ea-990610e74bdc",
        "3d7ae7b5-1410-4d61-8ba4-5eb15d8f27f2",
        "2969a07e-3ab5-4a68-a59c-074b2884c9bd"
      ],
      "settings": {
        "anchor_id": "",
        "color_scheme": "background-1",
        "full_width": true,
        "padding_top": 40,
        "padding_bottom": 52,
        "css_class": "",
        "custom_css": "",
        "custom_css_mobile": ""
      }
    },
    "cf45498f-9d81-455a-a2ba-e8a7559b5c03": {
      "type": "image",
      "settings": {
        "image": "shopify:\/\/shop_images\/kg16cta.png",
        "max_width": 0,
        "color_scheme": "background-1",
        "link": "#optin",
        "padding_top": 36,
        "padding_bottom": 36,
        "css_class": "",
        "custom_css": "",
        "custom_css_mobile": ""
      }
    },
    "57fbef1f-8322-41d4-b8dc-a9f9243cbabd": {
      "type": "rich-text",
      "blocks": {
        "template--14389600911415__57fbef1f-8322-41d4-b8dc-a9f9243cbabd-1665678007edfab56c-0": {
          "type": "heading",
          "settings": {
            "heading": "Meet Dr. Anna Cabeca",
            "heading_size": "h0",
            "heading_alignment": "center",
            "heading_color": "foreground",
            "css_class": "",
            "heading_divider": false
          }
        }
      },
      "block_order": [
        "template--14389600911415__57fbef1f-8322-41d4-b8dc-a9f9243cbabd-1665678007edfab56c-0"
      ],
      "settings": {
        "anchor_id": "",
        "color_scheme": "background-1",
        "full_width": true,
        "padding_top": 40,
        "padding_bottom": 0,
        "css_class": "",
        "custom_css": "",
        "custom_css_mobile": ""
      }
    },
    "76e9b88a-a807-4c13-a9d4-0812856c5166": {
      "type": "media-logos",
      "settings": {
        "color_scheme": "background-1",
        "display_borders": false,
        "display_text": true,
        "svg_color": "foreground",
        "padding_top": 36,
        "padding_bottom": 36,
        "css_class": "",
        "custom_css": "",
        "custom_css_mobile": ""
      }
    },
    "main": {
      "type": "main-page",
      "disabled": true,
      "settings": {
        "display_title": true,
        "color_scheme": "background-1",
        "padding_top": 28,
        "padding_bottom": 28,
        "css_class": "",
        "custom_css": "",
        "custom_css_mobile": ""
      }
    },
    "9ea24075-d748-4f3a-951a-818ae1cd55f7": {
      "type": "rich-text",
      "blocks": {
        "template--14389600911415__9ea24075-d748-4f3a-951a-818ae1cd55f7-1665678007edfab56c-1": {
          "type": "text",
          "settings": {
            "text": "<p>Hi Gorgeous,<\/p><p>My name is Dr. Anna Cabeca and over the past 20 years I've served <strong>over 10,000 women <\/strong>in my private practice and <strong>millions more online <\/strong>through my videos, podcasts, and articles. <\/p><p>Although I currently enjoy great health and energy, it wasn't always this way. There was a time when <strong>I weighed over 240 pounds<\/strong>, I couldn't focus, and I was always exhausted.<\/p>",
            "text_alignment": "left",
            "text_size": "p",
            "css_class": ""
          }
        },
        "a73405e6-b2e2-45a1-a2a3-e75ebf0f1a7e": {
          "type": "image",
          "settings": {
            "image": "shopify:\/\/shop_images\/before-after.jpg",
            "max_width": 0,
            "css_class": ""
          }
        },
        "7dd6777e-02c5-4f59-8d9c-b29b6d1a8179": {
          "type": "text",
          "settings": {
            "text": "<p>Now <strong>I feel great and I have all the energy I need <\/strong>for my very fulfilling life with four daughters, running a busy business, operating a charitable foundation, and training other physicians about my Keto-Green™ lifetstyle. <\/p><p>I've got all this going on and yet I manage to stay healthy, happy, and fit. <\/p><p><em>How do I do it?<\/em><\/p><p>I follow the plan found inside the pages of<em>Keto-Green 16!<\/em><\/p>",
            "text_alignment": "left",
            "text_size": "p",
            "css_class": ""
          }
        },
        "96a2ba3c-7a18-438f-aa84-2d823566f501": {
          "type": "heading",
          "settings": {
            "heading": "If They Can Do It... You Can, Too!",
            "heading_size": "h0",
            "heading_alignment": "center",
            "heading_color": "foreground",
            "css_class": "",
            "heading_divider": false
          }
        }
      },
      "block_order": [
        "template--14389600911415__9ea24075-d748-4f3a-951a-818ae1cd55f7-1665678007edfab56c-1",
        "a73405e6-b2e2-45a1-a2a3-e75ebf0f1a7e",
        "7dd6777e-02c5-4f59-8d9c-b29b6d1a8179",
        "96a2ba3c-7a18-438f-aa84-2d823566f501"
      ],
      "settings": {
        "anchor_id": "",
        "color_scheme": "background-1",
        "full_width": true,
        "padding_top": 40,
        "padding_bottom": 52,
        "css_class": "",
        "custom_css": "p {\nfont-size:24px;\n}\n\nb, strong {\ncolor:#64b320 !important;\n}",
        "custom_css_mobile": "p {\nfont-size:20px;\n}"
      }
    },
    "73f893c1-9808-43b0-8eef-63543b59ff63": {
      "type": "multicolumn",
      "blocks": {
        "template--14389600911415__73f893c1-9808-43b0-8eef-63543b59ff63-1665678001c45c1ea9-0": {
          "type": "column",
          "settings": {
            "image": "shopify:\/\/shop_images\/t1.png",
            "title": "",
            "heading_color": "color-scheme",
            "text": "",
            "link_label": "",
            "link": "",
            "button_color": "color-scheme",
            "css_class": ""
          }
        },
        "template--14389600911415__73f893c1-9808-43b0-8eef-63543b59ff63-1665678001c45c1ea9-1": {
          "type": "column",
          "settings": {
            "image": "shopify:\/\/shop_images\/t2.png",
            "title": "",
            "heading_color": "color-scheme",
            "text": "",
            "link_label": "",
            "link": "",
            "button_color": "color-scheme",
            "css_class": ""
          }
        },
        "template--14389600911415__73f893c1-9808-43b0-8eef-63543b59ff63-1665678001c45c1ea9-2": {
          "type": "column",
          "settings": {
            "image": "shopify:\/\/shop_images\/t3.png",
            "title": "",
            "heading_color": "color-scheme",
            "text": "",
            "link_label": "",
            "link": "",
            "button_color": "color-scheme",
            "css_class": ""
          }
        }
      },
      "block_order": [
        "template--14389600911415__73f893c1-9808-43b0-8eef-63543b59ff63-1665678001c45c1ea9-0",
        "template--14389600911415__73f893c1-9808-43b0-8eef-63543b59ff63-1665678001c45c1ea9-1",
        "template--14389600911415__73f893c1-9808-43b0-8eef-63543b59ff63-1665678001c45c1ea9-2"
      ],
      "settings": {
        "anchor_id": "",
        "title": "",
        "text": "",
        "heading_size": "h1",
        "heading_color": "color-scheme",
        "text_size": "p",
        "column_heading_size": "h3",
        "column_text_size": "p",
        "image_width": "full",
        "image_ratio": "adapt",
        "columns_desktop": 3,
        "column_alignment": "center",
        "column_link_type": "button",
        "background_style": "none",
        "button_label": "",
        "button_link": "",
        "button_color": "color-scheme",
        "color_scheme": "background-1",
        "columns_mobile": "1",
        "swipe_on_mobile": false,
        "padding_top": 36,
        "padding_bottom": 36,
        "css_class": "",
        "custom_css": "",
        "custom_css_mobile": ""
      }
    },
    "d0223fb5-7bc3-4afd-8b8b-528bab1a1e3a": {
      "type": "image",
      "settings": {
        "image": "shopify:\/\/shop_images\/kgcta3.png",
        "max_width": 0,
        "color_scheme": "background-1",
        "link": "#optin",
        "padding_top": 36,
        "padding_bottom": 36,
        "css_class": "",
        "custom_css": "",
        "custom_css_mobile": ""
      }
    }
  },
  "order": [
    "16462238058b508f23",
    "16611758835f2bca50",
    "16461663454a306e26",
    "1661182888336e42fc",
    "1654342987b12a4c39",
    "16543413375e4fa8d4",
    "165434335589c58515",
    "16614371194e515926",
    "16614360339d03b034",
    "166118175461227b14",
    "16614326465be58f2f",
    "166143580145277b12",
    "f6b1ad69-35f0-4845-b282-3dc4e14facbb",
    "9cc420eb-053a-4d6b-813d-210afcbaf005",
    "1658250672dac6639f",
    "43d8cb73-3897-4c9c-b1dc-2aa2b26f83a8",
    "559e3b4f-69ae-4ec9-bf91-b6648551f364",
    "cf45498f-9d81-455a-a2ba-e8a7559b5c03",
    "57fbef1f-8322-41d4-b8dc-a9f9243cbabd",
    "76e9b88a-a807-4c13-a9d4-0812856c5166",
    "main",
    "9ea24075-d748-4f3a-951a-818ae1cd55f7",
    "73f893c1-9808-43b0-8eef-63543b59ff63",
    "d0223fb5-7bc3-4afd-8b8b-528bab1a1e3a"
  ]
}
