{"layout":"theme-offer-page","sections":{"16462238058b508f23":{"type":"header-offer-page","blocks":{"2d234c6a-ad15-4b01-b895-79b7c0f04cdf":{"type":"custom_colors","settings":{"colors_solid_button_labels":"","colors_accent_1":"#9e2a67","gradient_accent_1":"","colors_accent_2":"#311546","gradient_accent_2":"","colors_accent_3":"#ba9134","colors_accent_4":"#1c989a","colors_text":"","colors_outline_button_labels":"","colors_background_1":"","gradient_background_1":"","colors_background_2":"rgba(0,0,0,0)","gradient_background_2":""}},"655b26cb-f02a-4aef-95bf-c7b9d4b1b1bd":{"type":"countdown_timer","disabled":true,"settings":{"title":"Ends In:","end_date_time":"Nov 24, 2021 23:59:59 GMT-0500","first_countdown":true,"color_scheme":"background-1","padding_top":40,"padding_bottom":52,"css_class":""}}},"block_order":["2d234c6a-ad15-4b01-b895-79b7c0f04cdf","655b26cb-f02a-4aef-95bf-c7b9d4b1b1bd"],"settings":{"color_scheme":"accent-1","display_logo":true,"enable_logo_link":true,"logo_color":"white","show_line_separator":false,"enable_sticky_header":true,"margin_bottom":0,"css_class":"","custom_css":"","custom_css_mobile":""}},"main":{"type":"main-page","disabled":true,"custom_css":[],"settings":{"display_title":false,"color_scheme":"accent-1","padding_top":40,"padding_bottom":0,"css_class":"center","custom_css":"","custom_css_mobile":""}},"867839c8-6d18-4315-81f7-7d3428a16266":{"type":"rich-text","blocks":{"0a6b76d3-5f8c-4c10-8244-90a45963b505":{"type":"text","settings":{"text":"<h2><strong>Attention:<\/strong> Women Over 35<\/h2>","text_alignment":"center","text_size":"p","css_class":""}},"67abaaea-e1c3-414a-a03b-3df21fc06c7e":{"type":"text","settings":{"text":"<h4>\"Gynecologist and Sexual Health Expert Reveals How You Can Awaken Your Sleepy Sex Drive, Experience Deeper Intimacy With Your Partner, and Tap Into An Overflowing Wellspring of Passion and Energy!\"<\/h4>","text_alignment":"center","text_size":"p","css_class":""}}},"block_order":["0a6b76d3-5f8c-4c10-8244-90a45963b505","67abaaea-e1c3-414a-a03b-3df21fc06c7e"],"settings":{"anchor_id":"","color_scheme":"background-1","full_width":true,"padding_top":16,"padding_bottom":0,"css_class":"","custom_css":"strong{\nfont-size:80px;\n  font-family: \"Meritocracy-Regular\";\n  font-style: normal;\n  color: #00989b;}\nh2{color:#9f2b68;\nFont-size:50px;\nmargin-bottom:0px;}\nh4{margin-top:0px;}","custom_css_mobile":"h4{font-size:20px;}"}},"165486030388620125":{"type":"video-with-text","blocks":{"0d1d891b-0366-4055-b2e6-a7464e5e8325":{"type":"image","settings":{"image":"shopify:\/\/shop_images\/scpr2_89c6df46-74c8-4027-a432-96704c5a490f.jpg","max_width":0}},"ebb98d62-c291-4944-99c9-fb295733fda9":{"type":"button","settings":{"button_label":"Save Your Seat","button_link":"#buycpr","button_color":"accent-1"}}},"block_order":["0d1d891b-0366-4055-b2e6-a7464e5e8325","ebb98d62-c291-4944-99c9-fb295733fda9"],"custom_css":[".button {margin: 1em auto;}",".image__grid {width: 100%; margin-top: 0;}"],"settings":{"anchor_id":"","cover_image":"shopify:\/\/shop_images\/Screen_Shot_2023-10-23_at_2.49.47_PM_d4be00ab-1a93-46e4-a89b-c6ff1b28ab47.png","video_url_metafield":"","video_url":"https:\/\/player.vimeo.com\/video\/362650642\"","description":"Dr. Anna Cabeca and Mindy Lee discuss Sexual CPR in an insightful interview, providing valuable information on sexual health and intimacy.","desktop_image_width":"medium","layout":"video_first","desktop_content_position":"middle","desktop_content_alignment":"left","color_scheme":"background-1","padding_top":0,"padding_bottom":0,"css_class":"","custom_css":".video-with-text__content { padding-top: 2rem; padding-bottom: 3rem;}\n.video-with-text__media-item {\n    padding: 1em 1rem 2rem 8rem;\n}\n\n.video-with-text{padding:0px; margin:0px;}","custom_css_mobile":".video-with-text__media-item{margin:auto; padding:0px;}\n.video-with-text__content { padding: 0rem;}"}},"efd5bfb8-cff5-4b6e-a270-5b8293328d77":{"type":"media-logos","settings":{"color_scheme":"background-1","display_borders":false,"display_text":false,"svg_color":"accent-4","padding_top":0,"padding_bottom":0,"css_class":"","custom_css":"","custom_css_mobile":""}},"19b3f8cb-e3bd-463c-9896-ddcf16b5849f":{"type":"multicolumn","blocks":{"template--14629873877047__19b3f8cb-e3bd-463c-9896-ddcf16b5849f-column-1":{"type":"column","settings":{"image":"shopify:\/\/shop_images\/5-Star-Rating.png","title":"“I’m enjoying sex now. I even initiate!”","heading_color":"foreground","text":"<p>Elisea N.<\/p>","link_label":"","link":"","button_color":"color-scheme","css_class":""}},"template--14629873877047__19b3f8cb-e3bd-463c-9896-ddcf16b5849f-column-2":{"type":"column","settings":{"image":"shopify:\/\/shop_images\/5-Star-Rating_62384c58-5554-4425-bbf9-76f08ce8f988.png","title":"“We communicate on a much deeper level.”","heading_color":"foreground","text":"<p>Laura S.<\/p>","link_label":"","link":"","button_color":"color-scheme","css_class":""}},"template--14629873877047__19b3f8cb-e3bd-463c-9896-ddcf16b5849f-column-3":{"type":"column","settings":{"image":"shopify:\/\/shop_images\/5-Star-Rating_7e06e7e7-66f1-4a4c-9f88-5046c721c512.png","title":"“We both feel so revitalized”","heading_color":"foreground","text":"<p>JoAnn W.<\/p>","link_label":"","link":"","button_color":"color-scheme","css_class":""}}},"block_order":["template--14629873877047__19b3f8cb-e3bd-463c-9896-ddcf16b5849f-column-1","template--14629873877047__19b3f8cb-e3bd-463c-9896-ddcf16b5849f-column-2","template--14629873877047__19b3f8cb-e3bd-463c-9896-ddcf16b5849f-column-3"],"settings":{"anchor_id":"","title":"","text":"","heading_size":"h2","heading_color":"color-scheme","text_size":"p","column_heading_size":"h4","column_text_size":"p","image_width":"half","image_ratio":"adapt","columns_desktop":3,"column_alignment":"center","column_link_type":"button","background_style":"primary","button_label":"","button_link":"","button_color":"color-scheme","color_scheme":"background-1","columns_mobile":"1","swipe_on_mobile":false,"padding_top":28,"padding_bottom":32,"css_class":"","custom_css":"h3{font-size:25px;\npadding:auto;}\n.multicolumn.background-primary .multicolumn-card {\n    background: #FCFAF7;\n}","custom_css_mobile":"h3{font-size:18px;}\np{font-size:17px;}"}},"16543413375e4fa8d4":{"type":"rich-text","blocks":{"0aec7fa5-6bd7-48aa-b6a7-786e6bf70e17":{"type":"image","settings":{"image":"shopify:\/\/shop_images\/from-the-desk-of_1.png","max_width":0,"css_class":"sig"}},"5cbb4b54-fc58-4888-a41e-79db6dab3e17":{"type":"image","settings":{"image":"shopify:\/\/shop_images\/dr-anna-cabeca_3ac6d5e7-a686-4f91-aeb1-642841dd6cc0.jpg","max_width":0,"css_class":"head"}},"e88fbe0b-90f1-4f27-9326-f1536ab28d87":{"type":"text","settings":{"text":"<p><strong>To: <\/strong>Women experiencing low sex drive or an unsatisfying sexual relationship who want to get their \"groove\" back<\/p><p><strong>From: <\/strong>Dr. Anna Cabeca, Gynecologist, Sexual Health Expert and Women’s Health Expert<\/p><p><\/p>","text_alignment":"left","text_size":"h4","css_class":""}},"251daac9-1938-4f3a-86a9-a9518461b2d1":{"type":"text","settings":{"text":"<p>Whether you’re a woman in your late childbearing years, a woman in the midst of the “change of life,” or even well into menopause, your optimal state of being is to feel <strong>vital <\/strong>and <strong>energetic<\/strong>, <strong>passionate <\/strong>and <strong>sexy<\/strong>. When you're in this state, you feel like you can handle <span style=\"text-decoration:underline\">whatever life sends your way<\/span>.<\/p><p>The problem is, too many of us don't feel passionate or sexy at all. We're busy, stressed, and tired. We fight with our partners. We yell at our kids. There's an illness or death in the family. Our hormones are going haywire and we're trying our best to hold it all together. It's no wonder our sex lives have gone down the drain! <\/p><p>Life happens. Bad stuff happens. But will we let this get the best of us? Will we let ourselves go, disconnecting from our sensual bodies, never to feel the delicious warmth of connection, intimacy, and sexual satisfaction again?<\/p><p>If you're like me and many of the women I work with, you're not wiling to give up on this \"yummy\" part of yourself, but you're not sure where to start to re-create the life you want. You crave:<\/p>","text_alignment":"left","text_size":"h4","css_class":""}},"be24cb0c-b5aa-4b3a-8dcb-6a4c6e6b5850":{"type":"custom_liquid","settings":{"custom_liquid":"<div class=\"container\">\n<div class=\"column\">\n<img src=\"https:\/\/cdn.shopify.com\/s\/files\/1\/0524\/5661\/files\/peek_186efe3b-ba60-44c2-9a93-2ac8c1844e53.jpg\">\n<h3>More excitement<br\/> and anticipation<\/h3>\n<\/div>\n  \n<div class=\"column\">\n<img src=\"https:\/\/cdn.shopify.com\/s\/files\/1\/0524\/5661\/files\/2_124d58d1-1dd5-43a3-95bd-fd9515a0d4c0.jpg\">\n<h3>More orgasms<br\/> more often<\/h3>\n<\/div>\n  \n<div class=\"column\">\n<img src=\"https:\/\/cdn.shopify.com\/s\/files\/1\/0524\/5661\/files\/seduction_5e7fa0c2-1581-4d8e-a827-88b9261857bd.jpg\">\n<h3>More sensuality<br\/> and femininity<\/h3>\n<\/div>\n\n<div class=\"column\">\n<img src=\"https:\/\/cdn.shopify.com\/s\/files\/1\/0524\/5661\/files\/passion_f68d332f-86df-400f-a4d3-ebd26ec6b785.jpg\">\n<h3>More passion and<br\/> energy in daily life<\/h3>\n<\/div>\n  \n<div class=\"column\">\n<img src=\"https:\/\/cdn.shopify.com\/s\/files\/1\/0524\/5661\/files\/piggy-back_8dd34c7f-2313-4dab-be41-d8f5fefe8c35.jpg\">\n<h3>More connection<br\/> with your partner<\/h3>\n<\/div>\n  \n<div class=\"column\">\n<img src=\"https:\/\/cdn.shopify.com\/s\/files\/1\/0524\/5661\/files\/productivity_67636f14-745c-41c4-b0f3-13aba468a271.jpg\">\n<h3>More productivity<br\/> and performance<\/h3>\n<\/div>\n<\/div>","css_class":"image-row"}},"795517ea-e034-424b-a5b9-a2f459fa5eff":{"type":"heading","settings":{"heading":"Who Am I and Why Should You Believe What I Say?","heading_size":"h2","heading_alignment":"center","heading_color":"accent-3","css_class":"","heading_divider":false}},"a951bdcb-20c7-4cdc-978f-be139084d24c":{"type":"text","settings":{"text":"<p>My name is Anna Cabea and I’m an OBGYN, women’s health expert, and the author of the best-selling book <em>The Hormone Fix<\/em>. <\/p><p>I have credentials in the areas of functional medicine, age management, and regenerative medicine, but I don't think those are what uniquely qualifies me to speak to you about women's sexual health.<\/p>","text_alignment":"left","text_size":"h4","css_class":""}},"675f9df1-d568-4783-9dbc-1b6589de4af9":{"type":"image","settings":{"image":"shopify:\/\/shop_images\/DrAnna_headshot.jpg","max_width":0,"css_class":"anna"}},"6eba4a2f-6833-400b-a936-49ba67f579e4":{"type":"text","settings":{"text":"<p>What I really want you to know is that I've been in practice for over 20 years, and during that time, I've helped <strong>thousands of women <\/strong>to rediscover their sex drive and re-connect with their partners through my unique evalutations, cutting edge clinical therapies, and sex education tailored to the specific issues of women in their 40s, 50s, 60s...<em>and beyond!<\/em><\/p><p>The women I have helped are all wonderful, intelligent women with careers and families who are at their wits end, bewildered as to why they've lost their desire and feel so \"passionless.\"<\/p><p>They would tell me things like...<\/p>","text_alignment":"left","text_size":"h4","css_class":""}},"0361e8a3-646c-48fc-84b1-56377f270280":{"type":"custom_liquid","settings":{"custom_liquid":"<div class=\"container\">\n<div class=\"column\">\n<img src=\"https:\/\/cdn.shopify.com\/s\/files\/1\/0524\/5661\/files\/not-interested.jpg\">\n<h3>\"I'm not interested <br\/>in sex anymore\"<\/h3>\n<\/div>\n  \n<div class=\"column\">\n<img src=\"https:\/\/cdn.shopify.com\/s\/files\/1\/0524\/5661\/files\/painful.jpg?\">\n<h3>\"Sex is painful\" or<br>\"I can't orgasm\"<\/h3>\n<\/div>\n  \n<div class=\"column\">\n<img src=\"https:\/\/cdn.shopify.com\/s\/files\/1\/0524\/5661\/files\/disconnect.jpg?\">\n<h3>\"I love my husband<br>but don't want sex\"<\/h3>\n\n\n<\/div>\n<\/div>","css_class":"image-row"}},"1fa202d1-9c18-46d0-8a08-adbf48420472":{"type":"text","settings":{"text":"<p>Through many years of study, clinical practice and personal experience, I have come to understand the constellation of factors contributing to the declining sexual drive of many women in the prime of their life.<\/p>","text_alignment":"left","text_size":"h4","css_class":""}},"c10e4793-15dc-4d00-aad7-81affe0803ea":{"type":"heading","settings":{"heading":"New 8-part Online Program","heading_size":"h2","heading_alignment":"center","heading_color":"accent-3","css_class":"","heading_divider":false}},"23620aee-9833-4208-aa7b-5381adf47d44":{"type":"text","settings":{"text":"<p>If you're ready to learn the SECRETS to reigniting your sex drive, experiencing more deep, soul-satisfying sexual pleasure, and reconnecting with your partner -- so you can experience true intimacy -- then do NOT miss out on this opportunity to learn from one of the most accomplished and knowledgeable women's sexual health physicians in the country!<\/p><p><strong>It doesn't matter where you are. <\/strong>You can join us and we'll work together as a team to learn the key strategies to regaining intimacy and revitalizing our sex lives. We'll learn how to apply them, and you'll have plenty of opportunities to get your questions answered.<\/p><p>This program is an important investment in yourself that pays life-long dividends in good health, better energy, and a zestier sex life!<\/p>","text_alignment":"left","text_size":"h4","css_class":""}},"7812626b-27e6-4fae-9b14-259b828de417":{"type":"image","settings":{"image":"shopify:\/\/shop_images\/Sexual-CPR_logo.gif","max_width":0,"css_class":"sex"}},"527d1387-f9f8-463f-bf7c-f3fc7eaf9efc":{"type":"image","settings":{"image":"shopify:\/\/shop_images\/SexualCPR-program-mockup-700.jpg","max_width":0,"css_class":"ipad"}},"7ca98151-6aba-4cb4-8ea9-99a259bed755":{"type":"text","settings":{"text":"","text_alignment":"left","text_size":"p","css_class":""}},"0d2f49d1-bd9a-46cc-8aff-4ae6a837f93a":{"type":"list","settings":{"list_items":"","text_alignment":"left","text_size":"h4","css_class":""}},"4c2b06fc-64ef-4b0f-9cfe-eaf0c084ab40":{"type":"text","settings":{"text":"<p>This exciting online \"home study\" course will teach you how to...<\/p><ul><li>Get excited about sex and stay present during intercourse!<\/li><li>​Communicate your sexual needs to your man (in a way he appreciates) without hurting his fragile ego! <\/li><li>Find and fix any anatomical\/hormonal issues behind your low (or non-existent) libido!<\/li><li><strong>​<\/strong>Achieve orgasm easily (even if you've never had one!)<\/li><li>Keep your relationship sizzling hot — even after many years of marriage and many kids!<\/li><li>Use orgasms to ignite all areas of your life!<\/li><\/ul>","text_alignment":"left","text_size":"h4","css_class":""}},"6892214d-49f2-40d7-9231-3a31ccea17c1":{"type":"button","settings":{"button_label":"Get Started Now!","button_link":"#buycpr","button_style_secondary":false,"button_alignment":"center","button_color":"accent-4","css_class":""}}},"block_order":["0aec7fa5-6bd7-48aa-b6a7-786e6bf70e17","5cbb4b54-fc58-4888-a41e-79db6dab3e17","e88fbe0b-90f1-4f27-9326-f1536ab28d87","251daac9-1938-4f3a-86a9-a9518461b2d1","be24cb0c-b5aa-4b3a-8dcb-6a4c6e6b5850","795517ea-e034-424b-a5b9-a2f459fa5eff","a951bdcb-20c7-4cdc-978f-be139084d24c","675f9df1-d568-4783-9dbc-1b6589de4af9","6eba4a2f-6833-400b-a936-49ba67f579e4","0361e8a3-646c-48fc-84b1-56377f270280","1fa202d1-9c18-46d0-8a08-adbf48420472","c10e4793-15dc-4d00-aad7-81affe0803ea","23620aee-9833-4208-aa7b-5381adf47d44","7812626b-27e6-4fae-9b14-259b828de417","527d1387-f9f8-463f-bf7c-f3fc7eaf9efc","7ca98151-6aba-4cb4-8ea9-99a259bed755","0d2f49d1-bd9a-46cc-8aff-4ae6a837f93a","4c2b06fc-64ef-4b0f-9cfe-eaf0c084ab40","6892214d-49f2-40d7-9231-3a31ccea17c1"],"custom_css":[".rich-text__blocks {background-color: white; color: black; padding: 2em;}",".h4 {color: black;}",".image__media {background-color: white;}","h2 {border-top: 4px solid #00989b; border-bottom: 4px solid #00989b; padding: 1em; color: #00989b;}"],"settings":{"anchor_id":"","color_scheme":"accent-1","full_width":true,"padding_top":40,"padding_bottom":52,"css_class":"","custom_css":".head{width:20%;\nmargin:auto;\n}\n.head img{border-radius:50%;\nborder: 4px solid #00989b;}\nstrong{color:#00989b;}\n\n.anna img{width:30%;}\n.sex img{width:40%;}\n.ipad img{width:50%;}\n.button{font-size:30px;\npadding:20px 30px;}\n\n.container {\n    display: flex;\n    flex-wrap: wrap;\n    justify-content: space-evenly;\n    margin: 0 auto;\nmax-width: 1200px;\n}\n\n.column {\n    margin: 0px;\n    text-align: center;\n}\n\n.column img {\n    max-width: 100%;\n    height: auto;\n    border-radius: 8px;\n}\n\n.column h3{\ncolor:#000000;\nfont-size: 20px;\nmargin-top:0px;\n}\n.rte ul li {padding: 8px;}\n.rte ul {\n  list-style-type: none; padding-inline-start: 25px;\nposition:relative;}\n\n.rte ul li:before {\n  content: '';\n  display: inline-block;\n  height: 20px;\n  width: 20px;\n   background-size: 20px;\n  background-image: url(\"https:\/\/cdn.shopify.com\/s\/files\/1\/0524\/5661\/files\/TGFD_Checkmark.png\");\n  background-repeat: no-repeat;\nposition:absolute;\nleft:0px;}","custom_css_mobile":".rich-text__blocks {\npadding: 1em; width: 85%; }\np{font-size:20px;}\n.anna img{width:100%;}\n.button{font-size:18px;\npadding:10px;}\n.head{width:70%;\nmargin:auto;\n}\n.sex img{width:100%;}\n.ipad img{width:100%;}"}},"359f448b-b262-4895-9431-75dbd56f8af8":{"type":"rich-text","blocks":{"template--14629873877047__359f448b-b262-4895-9431-75dbd56f8af8-heading-1":{"type":"heading","settings":{"heading":"\"There is Help!\"","heading_size":"h1","heading_alignment":"center","heading_color":"accent-1","css_class":"dac-alt-font-span","heading_divider":false}},"template--14629873877047__359f448b-b262-4895-9431-75dbd56f8af8-text-1":{"type":"text","settings":{"text":"<p>\"I want to start by saying 'wow, you are amazing!' Thank you so much for making me feel good about myself. I have struggled for many years with anxiety, depression, low sex drive, fatigue, endometriosis, chronic UTIs, abdominal pain, pain during sex and the list goes on and on! Every time that I go to my regular doctor (primary and ob\/gyn), nothing is ever resolved and I feel as if I am crazy. I now know that I am not crazy and that there is help!\" <\/p><p>- Monica D<\/p>","text_alignment":"center","text_size":"p","css_class":"want"}}},"block_order":["template--14629873877047__359f448b-b262-4895-9431-75dbd56f8af8-heading-1","template--14629873877047__359f448b-b262-4895-9431-75dbd56f8af8-text-1"],"settings":{"anchor_id":"","color_scheme":"background-1","full_width":true,"padding_top":52,"padding_bottom":52,"css_class":"","custom_css":"h2{font-size:70px;\n}\np{font-size:25px;}","custom_css_mobile":"h2{font-size:50px;\n}\np{font-size:18px;}"}},"bea21192-3a32-4357-89d7-1da103d341d3":{"type":"multicolumn","blocks":{"template--14366653710391__bea21192-3a32-4357-89d7-1da103d341d3-1679069586b859b5f7-0":{"type":"column","settings":{"image":"shopify:\/\/shop_images\/class-1_9d44883f-bd12-4e2f-ae2b-691036bcc7c4.jpg","title":"C L A S S  # 1","heading_color":"foreground","text":"<h5>Call 911! My Sex Drive Has No Pulse!!<\/h5><p><\/p><ul><li>The single most important thing you can do to improve intimacy<\/li><li>How to get your man to open up and communicate with you<\/li><li>​Learn how to love your body — no matter what it looks like! <\/li><li>​What you can eat to improve your libido (and what foods to avoid) <\/li><li>​How to set the stage for increased intimacy and sensuality <\/li><li>Common conditions that can decrease your libido — and how to fix them <\/li><\/ul><p><\/p>","link_label":"","link":"","button_color":"color-scheme","css_class":"classone"}},"03a44508-872a-4747-af60-8e1e2cb4bc5c":{"type":"column","settings":{"image":"shopify:\/\/shop_images\/class-2.jpg","title":"C L A S S  # 2","heading_color":"foreground","text":"<h5>Sexual Resuscitation <\/h5><ul><li>How your delicate dance of hormones affects your sexual health  <\/li><li>The types and causes of hormone imbalances that can leave you feeling tired, grumpy, and frumpy <\/li><li>How hysterectomy (with and without ovaries) affects your sexual response <\/li><li>7 ways to balance your hormones so you feel happier and more relaxed <\/li><li>3 ways to naturally turn up the volume on your \"sexy hormones\" <\/li><\/ul><p><\/p>","link_label":"","link":"","button_color":"color-scheme","css_class":"classone"}},"c0bccea4-451a-44a0-bff0-f46a31cbdc75":{"type":"column","settings":{"image":"shopify:\/\/shop_images\/class-3.jpg","title":"C L A S S  # 3","heading_color":"foreground","text":"<h5>Anatomy of Sex<\/h5><ul><li>How we were designed for intense, toe-curling pleasure <\/li><li>How to identify the pleasure zones hiding all over your body <\/li><li>Exercises to strengthen the pelvic floor so you only pee when you want to <\/li><li>The mythic \"G\" Spot - what it is, where it is, and how to find it <\/li><li>How to recharge your body for \"ooh la la\" sex!<\/li><\/ul>","link_label":"","link":"","button_color":"color-scheme","css_class":"classone"}},"b52c7fdf-831e-4c7f-ba31-39bdaa153c53":{"type":"column","settings":{"image":"shopify:\/\/shop_images\/class-4.jpg","title":"C L A S S  # 4","heading_color":"foreground","text":"<h5>Orgasm, Oxytocin, and The Brain<\/h5><ul><li>Why an orgasm a day is more effective (than an apple) at keeping the doctor away! <\/li><li>How stress and PTSD affect your sexual interest, response, and desire, and your ability to connect <\/li><li>Top 5 ways to get your body to naturally release more of the stress-busting \"love hormone\" <\/li><li>How to achieve orgasm whenever you want! <\/li><li>How to optimize your brain for sexual response and desire<\/li><\/ul>","link_label":"","link":"","button_color":"color-scheme","css_class":"classone"}}},"block_order":["template--14366653710391__bea21192-3a32-4357-89d7-1da103d341d3-1679069586b859b5f7-0","03a44508-872a-4747-af60-8e1e2cb4bc5c","c0bccea4-451a-44a0-bff0-f46a31cbdc75","b52c7fdf-831e-4c7f-ba31-39bdaa153c53"],"custom_css":[".multicolumn-card__image-wrapper {margin: auto; width: 100%; max-width: 600px; padding: 2em 1em 1em;}",".multicolumn-card {background-color: white; color: black; border-top: 7px solid rgb(var(--color-base-accent-4)); padding-bottom: 1em;}",".bd-teal .multicolumn-card {border-color: rgb(var(--color-base-accent-4));}",".slider-mobile-gutter {max-width: 1000px; margin: 0 auto;}",".grid {row-gap: 2rem;}"],"settings":{"anchor_id":"","title":"","text":"","heading_size":"h1","heading_color":"color-scheme","text_size":"p","column_heading_size":"h3","column_text_size":"p","image_width":"full","image_ratio":"adapt","columns_desktop":1,"column_alignment":"left","column_link_type":"button","background_style":"primary","button_label":"","button_link":"","button_color":"color-scheme","color_scheme":"accent-1","columns_mobile":"1","swipe_on_mobile":false,"padding_top":88,"padding_bottom":36,"css_class":"","custom_css":"h3{color:black;\nfont-size:20px;}\nh5{color:#9f2b68;\nfont-size:30px;\nmargin-top:9px;\nmargin-bottom:20px;}\n\n\n\n.rte ul li {padding: 8px 0px;}\n.rte ul {\n  list-style-type: none; padding-inline-start: 25px;\nposition:relative;}\n\n.rte ul li:before {\n  content: '';\n  display: inline-block;\n  height: 20px;\n  width: 20px;\n   background-size: 20px;\n  background-image: url(\"https:\/\/cdn.shopify.com\/s\/files\/1\/0524\/5661\/files\/TGFD_Checkmark.png\");\n  background-repeat: no-repeat;\nposition:absolute;\nleft:0px;}","custom_css_mobile":".content-container { grid-template-columns: 1fr; }"}},"50e0fcb8-12bc-4d81-b926-633c8e817de8":{"type":"rich-text","blocks":{"27a2bbc2-3c33-41df-82ae-2cda8287d09d":{"type":"heading","settings":{"heading":"\"Enjoying My Life\"","heading_size":"h1","heading_alignment":"center","heading_color":"accent-1","css_class":"dac-alt-font-span","heading_divider":false}},"5a22d015-8d1b-4f83-8b90-b52ac73cd9ba":{"type":"text","settings":{"text":"<p>\"I was struggling with disruptive hormones, the pressures of being a busy mum, and desiring a lift in intimacy. Sexual CPR opened my eyes to things I hadn't even thought were related. It is a holistic program that has you look and adapt to your individualistic self. As with all good things in life, they take time and it's good to know that you can revisit the program whenever you need to, and I do. I now enjoy my life in all aspects...including the intimate joys of sexual pleasure.\"<\/p><p>- Rikki B.<\/p>","text_alignment":"center","text_size":"p","css_class":"want"}}},"block_order":["27a2bbc2-3c33-41df-82ae-2cda8287d09d","5a22d015-8d1b-4f83-8b90-b52ac73cd9ba"],"settings":{"anchor_id":"","color_scheme":"background-1","full_width":true,"padding_top":52,"padding_bottom":52,"css_class":"","custom_css":"h2{font-size:70px;\n}\np{font-size:25px;}","custom_css_mobile":"h2{font-size:50px;\n}\np{font-size:18px;}"}},"a434906d-13dc-4ec9-a23c-be3c093a72e3":{"type":"multicolumn","blocks":{"deacdb7d-2046-43aa-8526-80f381ba1011":{"type":"column","settings":{"image":"shopify:\/\/shop_images\/class-alva.jpg","title":"C L A S S  # 5","heading_color":"foreground","text":"<h5>Better Orgasms Now! <\/h5><p> with Michelle Alva<\/p><p>Michelle Alva is a pelvic floor physical therapist and an expert in the female body. She's been able to help women learn to have multiple, whole-body orgasms — even women who’ve never orgasmed in their entire life!<\/p><p>In this very honest interview-style class you will learn...<\/p><ul><li>How false subconscious beliefs can sabotage your orgasms <\/li><li>Simple techniques that can elevate your climaxes to a higher level <\/li><li>The #1 mistake that men make in the bedroom (it’s easy to fix!) <\/li><li>The “sacred surrender” technique that will help your man become more emotionally open <\/li><\/ul><p>The class also comes with a companion guide called The Cartography of the Clit that reveals all 9 pleasure centers found on your clitoris. (Yes, there are 9 of them in that teeny, tiny space!!)<\/p>","link_label":"","link":"","button_color":"color-scheme","css_class":"classone"}},"a6ed64a7-1ba4-4635-b7be-4d651f7d9273":{"type":"column","settings":{"image":"shopify:\/\/shop_images\/class-daily.jpg","title":"C L A S S  # 6","heading_color":"foreground","text":"<h5>Dating After 40<\/h5><p>with Lisa Daily<\/p><p>Lisa Daily is a dating coach and the author of six books including \"How to Date Like a Grown-Up.\" <\/p><p>Women of all ages flock to her popular Dream Girl Academy at and events across the US. Lisa has done more than 2000 radio and TV interviews and she appears as a real-life dating expert in the movie \"Hitch\" starring Will Smith.<\/p><p>I recently asked Lisa what women over 40 need to know about dating and this is what she told me...<\/p><ul><li>How to know when it's time to start dating again — and when it's the right time to introduce your new man to your kids<\/li><li>The #1 factor that decides if a relationship will work out <\/li><li>The red flag to watch out for that tails you he's controlling or manipulative <\/li><li>What types of dates you should go on (and what types you should avoid) <\/li><li>What women over 40 should know before they re-enter the dating scene<\/li><\/ul>","link_label":"","link":"","button_color":"color-scheme","css_class":"classone"}},"cbbc0425-b772-49b1-8a33-96ce61a7368f":{"type":"column","settings":{"image":"shopify:\/\/shop_images\/class-lyfe.jpg","title":"C L A S S  # 7","heading_color":"foreground","text":"<h5>Sexual CPR for Men<\/h5><p>with Dr. Jeff Life<\/p><p>Dr Jeff Life started his health and fitness journey at age 57 -- and now at age 80 this great -grandfather is in better health than most 30 year olds! You’ve probably seen his incredible photos and wonder if they’re Photoshopped. Well I’ve known Dr. Life for 15 years now so I can tell you… his photos are 100% real!<\/p><p>Here’s what Dr. Life reveals during our time together...<\/p><ul><li>How to help your man biohack the aging process and reverse the effects of Andropause (male menopause)<\/li><li>Why erectile dysfunction is an early warning sign of another deadly disease (the #1 cause of death and disability in men!) <\/li><li>7 tips for male sexual fitness that will help your man last longer in bed <\/li><li>Which supplements your man needs to achieve optimal health <\/li><li>The benefits (and dangers!) of testosterone replacement therapy<\/li><\/ul>","link_label":"","link":"","button_color":"color-scheme","css_class":"classone"}},"55eba509-fe7f-4136-b1f3-af95ff764a05":{"type":"column","settings":{"image":"shopify:\/\/shop_images\/class-gray.jpg","title":"C L A S S  # 8","heading_color":"foreground","text":"<h5>Mars + Venus: Starting Over<\/h5><p>with John Gray<\/p><p>John Gray is the author of the world-famous book \"Men are From Mars, Women Are From Venus\" plus 15 other books on love, sex, and relationships. I've spoken alongside John for many years now but in this interview I learned things that I've NEVER heard him say before! (He used to be a celebate monk for 9 years!) <\/p><p>In this interview we laugh, John cries (really!) and together we uncover some amazing gems like...<\/p><ul><li>Steps and tips for grieving after a breakup, divorce, or death of a spouse <\/li><li>The super inexpensive supplement that can dramatically improve your mood — you won't find it at ANY health food store! <\/li><li>A common male sex mistake that may be lowering your man's testosterone <\/li><li>A common female sex mistake that can make it harder to climax <\/li><li>Strategies for reaching the very highest levels of sexual ecstasy with the one you love<\/li><\/ul>","link_label":"","link":"","button_color":"color-scheme","css_class":"classone"}}},"block_order":["deacdb7d-2046-43aa-8526-80f381ba1011","a6ed64a7-1ba4-4635-b7be-4d651f7d9273","cbbc0425-b772-49b1-8a33-96ce61a7368f","55eba509-fe7f-4136-b1f3-af95ff764a05"],"custom_css":[".multicolumn-card__image-wrapper {margin: auto; width: 100%; max-width: 600px; padding: 2em 1em 1em;}",".multicolumn-card {background-color: white; color: black; border-top: 7px solid rgb(var(--color-base-accent-4)); padding-bottom: 1em;}",".bd-teal .multicolumn-card {border-color: rgb(var(--color-base-accent-4));}",".slider-mobile-gutter {max-width: 1000px; margin: 0 auto;}",".grid {row-gap: 2rem;}"],"settings":{"anchor_id":"","title":"","text":"","heading_size":"h1","heading_color":"color-scheme","text_size":"p","column_heading_size":"h3","column_text_size":"p","image_width":"full","image_ratio":"adapt","columns_desktop":1,"column_alignment":"left","column_link_type":"button","background_style":"primary","button_label":"","button_link":"","button_color":"color-scheme","color_scheme":"accent-1","columns_mobile":"1","swipe_on_mobile":false,"padding_top":88,"padding_bottom":36,"css_class":"","custom_css":"h3{color:black;\nfont-size:20px;}\nh5{color:#9f2b68;\nfont-size:30px;\nmargin-top:9px;\nmargin-bottom:20px;}\n\n.rte ul li {padding: 7px 0px;}\n.rte ul {\n  list-style-type: none; padding-inline-start: 0px;\n}\n\n.rte ul li:before {\n  content: '';\n  display: inline-block;\n  height: 20px;\n  width: 20px;\n   background-size: 20px;\n  background-image: url(\"https:\/\/cdn.shopify.com\/s\/files\/1\/0524\/5661\/files\/TGFD_Checkmark.png\");\n  background-repeat: no-repeat;\n  margin-right: 8px;\n}","custom_css_mobile":".content-container { grid-template-columns: 1fr; }"}},"f286d129-24e8-4c74-8734-cf3ed07da069":{"type":"rich-text","blocks":{"template--14366653710391__f286d129-24e8-4c74-8734-cf3ed07da069-1679064125784eb24a-2":{"type":"button","settings":{"button_label":"Get Started Now!","button_link":"#buycpr","button_style_secondary":false,"button_alignment":"center","button_color":"accent-1","css_class":""}}},"block_order":["template--14366653710391__f286d129-24e8-4c74-8734-cf3ed07da069-1679064125784eb24a-2"],"settings":{"anchor_id":"","color_scheme":"background-1","full_width":true,"padding_top":60,"padding_bottom":76,"css_class":"","custom_css":".button{font-size:30px;\npadding:20px 20px;\n}","custom_css_mobile":".button{font-size:20px;\npadding:10px;}"}},"b96275b3-89c5-4a21-8526-150cf7d95a13":{"type":"multicolumn","blocks":{"3a83f099-119f-44a3-b33a-c1329a7d7428":{"type":"column","settings":{"image":"shopify:\/\/shop_images\/community.jpg","title":"","heading_color":"foreground","text":"<h5>Private Online Community<\/h5><p>When you're having sexual health challenges it's easy to think that you're the only one — because this isn't something most women are open about.<\/p><p>Well I want you to know that <strong>you are NOT alone<\/strong>! <\/p><p>There are SO MANY other women out there who struggle with these issues, and in the Sexual CPR Private Online Community <strong>we support each other through our problems<\/strong>!<\/p><p>Even though we're all spread out all over the world we're still able to reach out and <strong>connect with each other online<\/strong>. <\/p><p>If you're worried about privacy (after all — this is a sensitive topic) don't worry because this community is <strong>PRIVATE and INVITE-ONLY<\/strong>... so only other Sexual CPR members can see what goes on inside the group. <\/p><p><\/p>","link_label":"","link":"","button_color":"color-scheme","css_class":"classone"}},"eff8b1ef-8f71-4eb4-95fd-16141899f423":{"type":"column","settings":{"image":"shopify:\/\/shop_images\/QnA.jpg","title":"","heading_color":"foreground","text":"<h5>Q+A Call Recording<\/h5><p>When you decide to join Sexual CPR you'll also get access to the recording of a live call I did to answer real-life questions from women just like you.<br\/><\/p><p><\/p>","link_label":"","link":"","button_color":"color-scheme","css_class":"record"}}},"block_order":["3a83f099-119f-44a3-b33a-c1329a7d7428","eff8b1ef-8f71-4eb4-95fd-16141899f423"],"custom_css":[".multicolumn-card__image-wrapper {margin: auto; width: 100%; max-width: 300px; padding: 2em 1em 1em;}",".content-container {display: grid; grid-template-columns: 1fr 2fr;}",".multicolumn-card {background-color: white; color: black; border-top: 7px solid rgb(var(--color-base-accent-4)); padding-bottom: 1em;}",".bd-teal .multicolumn-card {border-color: rgb(var(--color-base-accent-4));}",".slider-mobile-gutter {max-width: 1000px; margin: 0 auto;}",".grid {row-gap: 2rem;}"],"settings":{"anchor_id":"","title":"","text":"","heading_size":"h1","heading_color":"color-scheme","text_size":"p","column_heading_size":"h3","column_text_size":"p","image_width":"full","image_ratio":"adapt","columns_desktop":1,"column_alignment":"left","column_link_type":"button","background_style":"primary","button_label":"","button_link":"","button_color":"color-scheme","color_scheme":"accent-1","columns_mobile":"1","swipe_on_mobile":false,"padding_top":88,"padding_bottom":36,"css_class":"","custom_css":"h3{color:black;\nfont-size:20px;}\nh5{color:#9f2b68;\nfont-size:30px;\nmargin-top:9px;\nmargin-bottom:20px;}\n.record img{object-fit: scale-down;}\n\n.rte ul li {padding: 7px 0px;}\n.rte ul {\n  list-style-type: none; padding-inline-start: 0px;\n}\n\n.rte ul li:before {\n  content: '';\n  display: inline-block;\n  height: 20px;\n  width: 20px;\n   background-size: 20px;\n  background-image: url(\"https:\/\/cdn.shopify.com\/s\/files\/1\/0524\/5661\/files\/TGFD_Checkmark.png\");\n  background-repeat: no-repeat;\n  margin-right: 8px;\n}","custom_css_mobile":".content-container { grid-template-columns: 1fr; }"}},"8708621f-340f-48e2-9774-aeebfbfad7b9":{"type":"rich-text","blocks":{"e462efc0-d6ff-4bb2-9d09-fbab7919f6c4":{"type":"heading","settings":{"heading":"\"A Safe Space\"","heading_size":"h1","heading_alignment":"center","heading_color":"accent-1","css_class":"dac-alt-font-span","heading_divider":false}},"3e09c07e-c2a0-4874-bf87-8af7f8a0ca20":{"type":"text","settings":{"text":"<p>\"My sex drive was gone and I wanted help getting it back. I love my husband so much and was missing that part of our relationship. With Sexual CPR I now have a way to get support. It is comforting to know that it is a safe space and it is okay to talk about. It has also given my husband and I a resource that we can share together.\"<\/p><p>- Rhonda G.<\/p>","text_alignment":"center","text_size":"p","css_class":"want"}}},"block_order":["e462efc0-d6ff-4bb2-9d09-fbab7919f6c4","3e09c07e-c2a0-4874-bf87-8af7f8a0ca20"],"settings":{"anchor_id":"","color_scheme":"background-1","full_width":true,"padding_top":52,"padding_bottom":52,"css_class":"","custom_css":"h2{font-size:70px;\n}\np{font-size:25px;}","custom_css_mobile":"h2{font-size:50px;\n}\np{font-size:18px;}"}},"68317499-7234-45d9-bbc8-5d065bb56a2a":{"type":"multicolumn","blocks":{"97406d6c-3f63-4199-a2d8-2c65dc766b58":{"type":"column","settings":{"image":"shopify:\/\/shop_images\/TGFD_Courses-allthingsV_cba92e2f-6003-4c29-a782-556209f27465.jpg","title":"Bonus #1","heading_color":"foreground","text":"<h5>All Things V<\/h5><p>Vaginal health is a key aspect of our femininity and too many women are struggling with issues like...<\/p><ul><li>Vaginal dryness<\/li><li>​Discomfort<\/li><li>​Urinary leakage<\/li><li>Discharge and irritation <\/li><li>Lack of sensation<\/li><\/ul><p>...simply because they don't know that solutions exist! <\/p><p>So after 20+ years of being an OB\/GYN I've compiled all my knowledge about vulvar-vaginal health into a super-comprehensive 200 page ebook!<\/p><p>It's everything you need to know about your lady parts (but were never taught) and in my opinion this is required reading for every woman!<\/p>","link_label":"","link":"","button_color":"color-scheme","css_class":"classone"}},"69f32fab-878b-48ee-a833-a4c659cbe790":{"type":"column","settings":{"image":"shopify:\/\/shop_images\/class-bits.jpg","title":"Bonus #2 ","heading_color":"foreground","text":"<h5>Loving Your Lady Bits<\/h5><p>with Dr. Brianne Grogan, DPT<\/p><p>Dr. Bri is a respected voice in the field of women’s health and wellness and is loved for her down-to-earth, compassionate approach. Her own postpartum depression and pregnancy-related pelvic floor dysfunction led Dr. Bri to the work she does today.<\/p><p>In my interview with Dr. Bri here's what she reveals...<\/p><ul><li>What women really don't want to talk about - but must!<\/li><li>Why the pelvic floor is vital to feminine health and how to protect it <\/li><li>The pelvic exercise everyone is doing wrong <\/li><li>Pelvic floor therapies and exercises that can prevent the need for surgery for incontinence, prolapse, pain, and even hip replacement! <\/li><li>Dr. Brianne Grogan also gives you a link to her best workouts and the first two chapters of her book for free.<\/li><\/ul>","link_label":"","link":"","button_color":"color-scheme","css_class":"classone"}},"3d2df753-68c3-4ef5-a8fd-fe22c30fdba7":{"type":"column","settings":{"image":"shopify:\/\/shop_images\/class-ewers.jpg","title":"Bonus #3 ","heading_color":"foreground","text":"<h5>Healing Your Libido<\/h5><p>with Dr. Keesha Ewers<\/p><p>Dr. Keesha Ewers is an integrative medicine expert, doctor of sexology, psychotherapist, best-selling author and mother of four. After conducting the HURT Study in 2013 (Healing Unresolved Trauma), she developed the HURT Model for understanding how past childhood trauma impacts adult health.<\/p><p>Here's what Dr. Keesha and I discuss in this eye-opening interview...<\/p><ul><li>Why \"held onto hurts\" from childhood can weaken your libido as an adultWhy the pelvic floor is vital to feminine health and how to protect it <\/li><li>How today's triggers can reveal your childhood traumas <\/li><li>The #1 predictor of a strong libido (it's not hormones!) <\/li><li>Several methods you can use to start healing your libido today<\/li><li>​The most powerful libido healing practice on earth<\/li><\/ul>","link_label":"","link":"","button_color":"color-scheme","css_class":"classone"}},"6d67b042-1fbb-42ab-a607-1beb21549e6d":{"type":"column","settings":{"image":"shopify:\/\/shop_images\/class-diane.jpg","title":"Bonus #4","heading_color":"foreground","text":"<h5>Finding Love in 90 Days<\/h5><p>with Dr. Diana Kirschner<\/p><p>Dr. Diana Kirschner is The PBS Love Expert, a psychologist and bestselling author. Over the past 20 years she's helped tens of thousands of singles and couples to find the relationships of their dreams.<\/p><p>This is all the juicy stuff we cover during our time together...<\/p><ul><li>The \"rule of 3's\" that all single women should live by<\/li><li>How older women can become more attractive than younger women<\/li><li>How to write an online dating profile that attracts your perfect match<\/li><li>What men really want from a woman (it's not sex!) <\/li><li>​The #1 signal that your relationship is heading towards the danger zone<\/li><li>​A 10-minute exercise that can bring you back from the brink of divorce<\/li><\/ul>","link_label":"","link":"","button_color":"color-scheme","css_class":"classone"}},"64966748-c0b3-40e2-9f86-8f7b7e4d3ca9":{"type":"column","settings":{"image":"shopify:\/\/shop_images\/class-ford.jpg","title":"Bonus #5","heading_color":"foreground","text":"<h5>Keeping The Spark Alive<\/h5><p>with Arielle Ford<\/p><p>Arielle Ford's mission is to help women Find Love, Keep Love and Be Love. Arielle is the author of eleven books, including the international bestseller, The Soulmate Secret and Turn Your Mate Into Your Soulmate. She has been called “The Cupid of Consciousness” and “The Fairy Godmother of Love.”<\/p><p>You DO NOT want to miss all the goodies Arielle shares in this interview...<\/p><ul><li>The truth about online dating that nobody's talking about<\/li><li>3 things every woman should do before the 1st date<\/li><li>How to train your man to make you happy<\/li><li>What really motivates men (more than sex!)<\/li><li>​The 1 question that can save your marriage<\/li><li>​What you can do to fix marriage-ending \"irreconcilable differences\"<\/li><\/ul>","link_label":"","link":"","button_color":"color-scheme","css_class":"classone"}},"a5c745f2-24e8-4f2f-be0f-40a820a7dda2":{"type":"column","settings":{"image":"shopify:\/\/shop_images\/class-allison.jpg","title":"Bonus #6","heading_color":"foreground","text":"<h5>How to Save a Stale Marriage<\/h5><p>with Alison Armstrong<\/p><p>Alison Armstrong is passionate about Partnership and an expert on masculine\/feminine dynamics. She is a sought-after speaker in the areas of gender differences, sexuality and relationships and is the author of The Queen's Code.<\/p><p>Her interview is so good — here's what we talked about...<\/p><ul><li>The cultural fallacy that pushes men away <\/li><li>The biggest mistake women make with men<\/li><li>What every woman needs to know about her own testosterone levels<\/li><li>The real reason men look at other women<\/li><li>​Mad at your man? Here's the instant cure...<\/li><li>​The false belief that ends most marriages<\/li><li>​The courageous question that can save your marriage<\/li><\/ul>","link_label":"","link":"","button_color":"color-scheme","css_class":"classone"}}},"block_order":["97406d6c-3f63-4199-a2d8-2c65dc766b58","69f32fab-878b-48ee-a833-a4c659cbe790","3d2df753-68c3-4ef5-a8fd-fe22c30fdba7","6d67b042-1fbb-42ab-a607-1beb21549e6d","64966748-c0b3-40e2-9f86-8f7b7e4d3ca9","a5c745f2-24e8-4f2f-be0f-40a820a7dda2"],"custom_css":[".multicolumn-card__image-wrapper {margin: auto; width: 100%; max-width: 600px; padding: 2em 1em 1em;}",".multicolumn-card {background-color: white; color: black; border-top: 7px solid rgb(var(--color-base-accent-4)); padding-bottom: 1em;}",".bd-teal .multicolumn-card {border-color: rgb(var(--color-base-accent-4));}",".slider-mobile-gutter {max-width: 1000px; margin: 0 auto;}",".grid {row-gap: 2rem;}"],"settings":{"anchor_id":"","title":"Get started with Sexual CPR today and you'll also get instant access to these 6 amazing bonuses...","text":"","heading_size":"h1","heading_color":"color-scheme","text_size":"p","column_heading_size":"h3","column_text_size":"p","image_width":"full","image_ratio":"adapt","columns_desktop":1,"column_alignment":"left","column_link_type":"button","background_style":"primary","button_label":"","button_link":"","button_color":"color-scheme","color_scheme":"accent-1","columns_mobile":"1","swipe_on_mobile":false,"padding_top":88,"padding_bottom":36,"css_class":"","custom_css":"h3{color:black;\nfont-size:20px;}\nh5{color:#9f2b68;\nfont-size:30px;\nmargin-top:9px;\nmargin-bottom:20px;}\n\n.rte ul li {padding: 7px 0px;}\n.rte ul {\n  list-style-type: none; padding-inline-start: 0px;\n}\n\n.rte ul li:before {\n  content: '';\n  display: inline-block;\n  height: 20px;\n  width: 20px;\n   background-size: 20px;\n  background-image: url(\"https:\/\/cdn.shopify.com\/s\/files\/1\/0524\/5661\/files\/TGFD_Checkmark.png\");\n  background-repeat: no-repeat;\n  margin-right: 8px;\n}","custom_css_mobile":".content-container { grid-template-columns: 1fr; }\nh2{font-size:30px;}"}},"96670ef7-35c8-4b34-8af7-cc9a04488f29":{"type":"rich-text","blocks":{"7dfe4a4d-2c75-438f-8060-ff3006e38e86":{"type":"heading","settings":{"heading":"Love Letters for Sexual CPR! ","heading_size":"h1","heading_alignment":"center","heading_color":"accent-4","css_class":"","heading_divider":false}},"16cecf8e-b4a0-472c-93e2-1c6917282da2":{"type":"heading","settings":{"heading":"\"Like When We Were Dating!\"","heading_size":"h1","heading_alignment":"center","heading_color":"accent-1","css_class":"dac-alt-font-span","heading_divider":false}},"836f2bb2-baef-4100-be00-11718255a3d5":{"type":"text","settings":{"text":"<p>\"We had not been having regular sex for several months. I really had no desire for sex, and I felt horrible because I knew my husband needed it to feel close to me, but the thought of the act was not appealing because it was so painful. But even before it became painful, it was just another chore to check off my list of things to do for the day.I now experience more desire to have sex and to be with my husband. I dress the part (put on something sexy and attractive), and we also make out more like when we were dating in college. I just feel like I am more open to my husband, and allowing myself to be the woman God created me to be, instead of just going through the motions. I want to please my husband and make it an experience for him.\"<\/p><p>- Michelle F.<\/p>","text_alignment":"left","text_size":"p","css_class":"want"}},"b269028b-4e17-4ac2-a034-a510b4fb6506":{"type":"custom_liquid","settings":{"custom_liquid":"<hr><\/hr>","css_class":""}},"c660d595-cfd2-49c9-901c-dcce33baa70d":{"type":"heading","settings":{"heading":"\"A Wonderful Journey!\"","heading_size":"h1","heading_alignment":"center","heading_color":"accent-1","css_class":"dac-alt-font-span","heading_divider":false}},"f8d071e7-ca9e-4263-b2c5-b4638b4cc30b":{"type":"text","settings":{"text":"<p>\"Our kids are now seniors and so there have been many years of driving kids to school, practices, games, fixing family dinners, doing laundry, etc.<\/p><p>I work full time too, so I've been exhausted for years! Being chemically out of balance and exhausted has prevented me from having the deep, loving relationship I wanted to have with my husband. Over the years, we somehow managed to keep it together though. Now to complicate things, along comes menopause.<\/p><p>The information you’ve shared in the classes has opened my eyes to all the ways of getting back to sensual living. My husband is noticing the difference and is eager to learn also. (I can't tell whether this journey is more fulfilling for me or my husband.)<\/p><p>I am learning that being feminine and sensual creates a comfy body, a warm and confident emotional life, a clear mental purpose, and a profound spiritual maturity. I know now that I can be feminine and yet strong.<\/p><p>These days, I'm feeling wonderfully rested, sexy and grateful that I learned these things before it was too late. Thank you, Dr. Cabeca, for helping me get there. Gotta go…my husband is calling me to meet him in the hot tub. How fun is that?\"<\/p><p>- Krisann S.<\/p>","text_alignment":"left","text_size":"p","css_class":"want"}},"8f5e3ddc-1d50-4ecd-87ee-5759e47a2152":{"type":"custom_liquid","settings":{"custom_liquid":"<hr><\/hr>","css_class":""}},"282cd3d9-be8d-4c9c-8afa-454d9d72d6e5":{"type":"heading","settings":{"heading":"\"A Great Sex Life!\"","heading_size":"h1","heading_alignment":"center","heading_color":"accent-1","css_class":"dac-alt-font-span","heading_divider":false}},"a4a9e3b6-2c3b-48de-8bd1-2adc51a7f034":{"type":"text","settings":{"text":"<p>\"I had no interest in sex. I was having a lot of pain with my menstrual cycles. My original doctor recommended a hysterectomy and I was hoping it would help, but it didn't; it actually made things a lot worse. I was frustrated and so was my husband.<\/p><p>That's when I sought you out — and I'm doing really well now. I feel balanced and good. My husband has even noticed how much faster I come to orgasm too!<\/p><p>My advice to other women is do not give up. Find the right physician. There are treatments and hormones that can help you can have a great sex life at any age.\"<\/p><p>- Terri<\/p>","text_alignment":"left","text_size":"p","css_class":""}},"6751f1ea-bc52-4d44-8731-cc9929d4edce":{"type":"custom_liquid","settings":{"custom_liquid":"<hr><\/hr>","css_class":""}},"ae77f48b-c6f4-4652-b420-75be739b13db":{"type":"heading","settings":{"heading":"\"Initiating Sex Again!\"","heading_size":"h1","heading_alignment":"center","heading_color":"accent-1","css_class":"dac-alt-font-span","heading_divider":false}},"9bd1891d-8ae6-48b8-9eb9-8f77ee49c4cb":{"type":"text","settings":{"text":"<p>“I struggled with no libido for decades and it worsened after my breast cancer diagnosis. Dr. Anna gave me the tools and knowledge to reclaim passion for my life and with my husband… giving us the best years of our lives and marriage! I was even initiating sex again. Our 30th wedding anniversary was our sweetest. I love you Dr. Anna”<\/p><p>- MaryAnn<\/p>","text_alignment":"left","text_size":"p","css_class":""}},"3bc69037-1a20-4b07-ab52-68a2beda86a8":{"type":"image","settings":{"image":"shopify:\/\/shop_images\/image033.jpg","max_width":0,"css_class":""}},"c1f51cd8-7f32-4360-a812-565040fa822d":{"type":"text","settings":{"text":"<p>From MaryAnn’s husband: “After 30 years of marriage I thought it was over, but your program put the twinkle back in my bride's eyes, Doctor Anna. Thank you for giving me my baby back.\"<\/p>","text_alignment":"left","text_size":"p","css_class":""}},"2409e4ec-1073-42a8-a029-8e5df60d9c39":{"type":"button","settings":{"button_label":"Get Started Now!","button_link":"#buycpr","button_style_secondary":false,"button_alignment":"center","button_color":"accent-4","css_class":""}}},"block_order":["7dfe4a4d-2c75-438f-8060-ff3006e38e86","16cecf8e-b4a0-472c-93e2-1c6917282da2","836f2bb2-baef-4100-be00-11718255a3d5","b269028b-4e17-4ac2-a034-a510b4fb6506","c660d595-cfd2-49c9-901c-dcce33baa70d","f8d071e7-ca9e-4263-b2c5-b4638b4cc30b","8f5e3ddc-1d50-4ecd-87ee-5759e47a2152","282cd3d9-be8d-4c9c-8afa-454d9d72d6e5","a4a9e3b6-2c3b-48de-8bd1-2adc51a7f034","6751f1ea-bc52-4d44-8731-cc9929d4edce","ae77f48b-c6f4-4652-b420-75be739b13db","9bd1891d-8ae6-48b8-9eb9-8f77ee49c4cb","3bc69037-1a20-4b07-ab52-68a2beda86a8","c1f51cd8-7f32-4360-a812-565040fa822d","2409e4ec-1073-42a8-a029-8e5df60d9c39"],"settings":{"anchor_id":"","color_scheme":"background-1","full_width":true,"padding_top":52,"padding_bottom":52,"css_class":"","custom_css":"h2{font-size:70px;\n}\np{font-size:25px;}\n.button{font-size:25px;\npadding: 20px 20px;}","custom_css_mobile":"h2{font-size:50px;\n}\np{font-size:18px;}\n.button{font-size:18px;\npadding:10px;}"}},"fcde27e4-b7d4-41c7-8fd6-0673744ce7da":{"type":"rich-text","blocks":{"7f02fad7-8c46-4b29-aa34-75e03d4706c2":{"type":"heading","settings":{"heading":"You've Got Questions...","heading_size":"h1","heading_alignment":"left","heading_color":"color-scheme","css_class":"","heading_divider":false}},"0497f0a6-8c0b-46b9-bbed-6511d5cc2b35":{"type":"heading","settings":{"heading":"I've Got Answers!","heading_size":"h1","heading_alignment":"center","heading_color":"color-scheme","css_class":"dac-alt-font-span","heading_divider":false}},"dbfd1d44-a79b-43dc-9c15-d53ded72fe52":{"type":"text","settings":{"text":"<p><strong>It’s been so long since my partner and I had good sex, it feels hopeless. Can your program really help me?<\/strong><\/p>","text_alignment":"left","text_size":"h4","css_class":""}},"187c2dd1-819a-4e20-a7e0-1c7a12d302e8":{"type":"text","settings":{"text":"<p>Absolutely. There are many reasons why sexual frequency and satisfaction diminish in long term relationships, but they aren’t mysterious. There are very specific causes and strategies for figuring out what the issues are in your relationship, and for addressing them, one step at a time. My program is designed for a woman in your position.<\/p>","text_alignment":"left","text_size":"h4","css_class":""}},"73df7ce3-3625-4425-8794-192e52ae1af3":{"type":"text","settings":{"text":"<p><strong>I’ve never been able to achieve orgasm easily, even when I was 20. Why would that change now?<\/strong><\/p>","text_alignment":"left","text_size":"h4","css_class":""}},"93e1554a-9ce0-4a8d-9583-772d8715c3d6":{"type":"text","settings":{"text":"<p>For a small percentage of women, achieving orgasm has never been difficult and continues to be a regular occurrence during sexual interaction with a partner. For the rest of us, however, it’s a bit trickier. The thing you need to know is that teaching your body how to orgasm is a learned skill. In this course, you’ll learn specific exercises and approaches that will allow your body to naturally open to orgasm (without ever feeling pressured or forced), no matter how long it’s been since you had one, and no matter how old you are.<\/p>","text_alignment":"left","text_size":"h4","css_class":""}},"d5def141-d693-44a7-8527-b5606aee7e30":{"type":"text","settings":{"text":"<p><strong>Is this material really something that can be learned online? Isn’t it more experiential?<\/strong><\/p>","text_alignment":"left","text_size":"h4","css_class":""}},"f5c18f9c-bfae-4247-8217-2bb77858ee03":{"type":"text","settings":{"text":"<p>Good point. While the material is well suited to teaching online—through webinars, teleclasses, and digital materials—we all know that information alone does not physically transform people. Your part is to take the recommended exercises and instructions and actually practice them. If you are not willing to try something new, this course probably isn’t for you.<\/p>","text_alignment":"left","text_size":"h4","css_class":""}},"476f6575-caab-4620-954d-7a358d3bb5da":{"type":"text","settings":{"text":"<p><strong>It’s been so long since I felt intense sexual desire and all the drama that goes with it. I’m not sure I want to go back to that. Why is it so important?<\/strong><\/p>","text_alignment":"left","text_size":"h4","css_class":""}},"ac59b356-fefe-4e21-8f6b-577cb55d4fd6":{"type":"text","settings":{"text":"<p>First, drama is never important, so just don’t participate in it! But sex IS important for our overall health and wellbeing because it makes us feel connected to another human being in the most intimate and profound way. Plus, it’s like a detox and recharge all at once. I compare sexual satisfaction to being “plugged in” to a deep well of energy. When you have access to this energy, your whole life expands. You feel more positive and productive. You’re happier, and are able to achieve your dreams and goals with more grace and ease.<\/p>","text_alignment":"left","text_size":"h4","css_class":""}},"9536f04d-4f1a-41e6-979b-eab093dcf1ab":{"type":"text","settings":{"text":"<p><strong>I don’t have a partner right now. Should I wait to take the course until I do?<\/strong><\/p>","text_alignment":"left","text_size":"h4","css_class":""}},"0fcf2b28-4699-4c33-9e35-c46b54a6198f":{"type":"text","settings":{"text":"<p>Don’t wait! Take the course NOW so you’ll be in a passionate and open place, ready for that special person to walk into your life. Imagine how thrilled they’ll be to have found such a sensual, sexually well-versed lover!<\/p>","text_alignment":"left","text_size":"h4","css_class":""}},"95808b6d-c425-49fc-88a1-d910b5651bb6":{"type":"text","settings":{"text":"<p><strong>It’s so expensive – I can’t afford it right now.<\/strong><\/p>","text_alignment":"left","text_size":"h4","css_class":""}},"fe612be8-efcd-44f0-83db-e5964749e8e8":{"type":"text","settings":{"text":"<p>Let me put this into perspective for you. What is it costing you NOT to address the loss of your sex drive? Think about the hours, day, weeks, months you’ve spent in a grouchy mood, nagging at your partner, feeling disconnected. Do you think this works with or against your ability to be more productive, make more money, and have more satisfying interactions with everyone in your life – including your kids, your colleagues, your friends, and even the local grocery store clerk? If you think about how your life would change in so many ways – both tangible and intangible – by reinvigorating your sex life and reconnecting in a deep way with your partner, is it worth less than the price of an hour with a therapist?<\/p>","text_alignment":"left","text_size":"h4","css_class":""}},"883a84a4-61cd-4fb5-98af-a8a198333c59":{"type":"text","settings":{"text":"<p><strong>I have sexual abuse and trauma in my past. Will the course address those issues and be relevant for women like me?<\/strong><\/p>","text_alignment":"left","text_size":"h4","css_class":""}},"4be2d0b9-1b3f-4861-9d23-1caa158eb153":{"type":"text","settings":{"text":"<p>I can relate to this, and I know many women in the course will too. While this is not a course specifically about healing sexual trauma, we will not ignore it either and will address the topic with the utmost care and respect.<\/p>","text_alignment":"left","text_size":"h4","css_class":""}},"1a59f5e4-23bb-47e5-85b0-0381931cab5a":{"type":"text","settings":{"text":"<p><strong>I was raised in an environment where it was taboo to talk about sex or dress sexy. I’m still uncomfortable with it and don’t like it when women are overtly sexual. Frankly, I’m not convinced that sex is that important. Why would someone like me want to join?<\/strong><\/p>","text_alignment":"left","text_size":"h4","css_class":""}},"9a6dfccb-e5c1-4224-a070-159949116c25":{"type":"text","settings":{"text":"<p>A great sex life is vital for our physical and emotional health at EVERY age! The \"love hormone\" Oxytocin can help you fend off stress, enjoy better sleep, boost your immune system, and balance your hormones... and all of that will help you look and feel years younger. You don't have to dress sexy to enjoy all these great health benefits either — in fact I like to leave something to the imagination (if you know what I mean).<\/p>","text_alignment":"left","text_size":"h4","css_class":""}},"77e2ae3d-1297-46e7-92b9-621b75080f9d":{"type":"text","settings":{"text":"<p><strong>I am overweight and embarrassed by my body. I don’t even want to think about having sex until I’ve lost weight. Is now the right time for me to do this course?<\/strong><\/p>","text_alignment":"left","text_size":"h4","css_class":""}},"75df8a39-1d04-43b0-bd63-9e9ef4a1ffbf":{"type":"text","settings":{"text":"<p>Did you know that some of the sexiest women I’ve ever known were considerably overweight? It’s true. Your body size is not the issue. How you feel about yourself determines whether you feel sexy and are perceived as sexy by your partner. If you are willing to open to the possibility that you are a desirable, sexy woman — just as you are right now — then you can experience amazing intimacy and connection with your partner. This is 100% true, but you must be willing to take the leap to experience this for yourself. Besides, I have found that the best way to start losing weight is to start enjoying life and having fun. When you are satisfied in other areas of your life, you have less desire to overeat and tend to be more active.<\/p>","text_alignment":"left","text_size":"h4","css_class":""}},"84ddfc71-1d56-4d0b-ba21-d07ddb58984f":{"type":"button","settings":{"button_label":"Get Started Now!","button_link":"#buycpr","button_style_secondary":false,"button_alignment":"center","button_color":"accent-1","css_class":""}}},"block_order":["7f02fad7-8c46-4b29-aa34-75e03d4706c2","0497f0a6-8c0b-46b9-bbed-6511d5cc2b35","dbfd1d44-a79b-43dc-9c15-d53ded72fe52","187c2dd1-819a-4e20-a7e0-1c7a12d302e8","73df7ce3-3625-4425-8794-192e52ae1af3","93e1554a-9ce0-4a8d-9583-772d8715c3d6","d5def141-d693-44a7-8527-b5606aee7e30","f5c18f9c-bfae-4247-8217-2bb77858ee03","476f6575-caab-4620-954d-7a358d3bb5da","ac59b356-fefe-4e21-8f6b-577cb55d4fd6","9536f04d-4f1a-41e6-979b-eab093dcf1ab","0fcf2b28-4699-4c33-9e35-c46b54a6198f","95808b6d-c425-49fc-88a1-d910b5651bb6","fe612be8-efcd-44f0-83db-e5964749e8e8","883a84a4-61cd-4fb5-98af-a8a198333c59","4be2d0b9-1b3f-4861-9d23-1caa158eb153","1a59f5e4-23bb-47e5-85b0-0381931cab5a","9a6dfccb-e5c1-4224-a070-159949116c25","77e2ae3d-1297-46e7-92b9-621b75080f9d","75df8a39-1d04-43b0-bd63-9e9ef4a1ffbf","84ddfc71-1d56-4d0b-ba21-d07ddb58984f"],"custom_css":[".rich-text__blocks {background-color: white; color: black; padding: 2em;}",".h4 {color: black;}",".image__media {background-color: white;}","ul {list-style: none; position: relative; padding-left: 2em;}","i {position: absolute; left: 0.5em; color: rgb(var(--color-base-accent-4));}"],"settings":{"anchor_id":"","color_scheme":"accent-1","full_width":true,"padding_top":40,"padding_bottom":52,"css_class":"","custom_css":"strong{color:#00989b;}\n\n\nh2{color:#00989b;}\n.dac-alt-font-span{font-size:60px;color:#9f2b68;}\n\n.button{font-size:30px;\npadding:20px 20px;}","custom_css_mobile":".rich-text__blocks {\npadding: 1em; width: 85%; }\nh2{font-size:50px;\n}\np{font-size:18px;}\n.button{font-size:18px;\npadding:10px;}"}},"c2a450bc-4a44-4966-b45e-c078319be24a":{"type":"multicolumn","blocks":{"template--14366653710391__c2a450bc-4a44-4966-b45e-c078319be24a-16790609065448f6b5-0":{"type":"column","settings":{"image":"shopify:\/\/shop_images\/confident.jpg","title":"","heading_color":"color-scheme","text":"<p>Feel <em>Confident <\/em>in your body<\/p>","link_label":"","link":"","button_color":"color-scheme","css_class":""}},"026f8a45-0c9d-4ba9-873e-59325e0aad36":{"type":"column","settings":{"image":"shopify:\/\/shop_images\/sensual-living.jpg","title":"","heading_color":"color-scheme","text":"<p>Enjoy <em>sensual<\/em> living every single day<\/p>","link_label":"","link":"","button_color":"color-scheme","css_class":""}},"40d31f8e-bf27-4169-8e49-dd6725ae75c1":{"type":"column","settings":{"image":"shopify:\/\/shop_images\/love.jpg","title":"","heading_color":"color-scheme","text":"<p>Get him to <em>love<\/em> you how you like it<\/p>","link_label":"","link":"","button_color":"color-scheme","css_class":""}},"b16eb1f9-2bbb-45d3-82e2-6f913425247e":{"type":"column","settings":{"image":"shopify:\/\/shop_images\/energy.jpg","title":"","heading_color":"color-scheme","text":"<p>Tap into a source of <em>youthful <\/em>energy<\/p>","link_label":"","link":"","button_color":"color-scheme","css_class":""}},"c8367a82-c8c5-4398-8f57-174fbbb87209":{"type":"column","settings":{"image":"shopify:\/\/shop_images\/younger.jpg","title":"","heading_color":"color-scheme","text":"<p>Look and feel so much <em>younger<\/em><\/p>","link_label":"","link":"","button_color":"color-scheme","css_class":""}},"7752eb75-f594-4486-89ba-dcc07f205271":{"type":"column","settings":{"image":"shopify:\/\/shop_images\/deeper.jpg","title":"","heading_color":"color-scheme","text":"<p>Go <em>deeper<\/em> with your partner<\/p>","link_label":"","link":"","button_color":"color-scheme","css_class":""}}},"block_order":["template--14366653710391__c2a450bc-4a44-4966-b45e-c078319be24a-16790609065448f6b5-0","026f8a45-0c9d-4ba9-873e-59325e0aad36","40d31f8e-bf27-4169-8e49-dd6725ae75c1","b16eb1f9-2bbb-45d3-82e2-6f913425247e","c8367a82-c8c5-4398-8f57-174fbbb87209","7752eb75-f594-4486-89ba-dcc07f205271"],"custom_css":["strong {display: block; line-height: 1; font-size: 5em; color: rgb(var(--color-base-accent-3)); margin-bottom: 0;}","em {font-family: \"Meritocracy-Regular\"; font-style: normal; color: #00989b;}","h2 + .rte {font-size: 5em; font-family: \"Meritocracy-Regular\"; color: rgb(var(--color-base-accent-3));}",".multicolumn-card__info {padding-top: 0 !important;}",".slider-mobile-gutter {max-width: 1100px; margin: 0 auto;}","li p {margin-top: 0.5em;}"],"settings":{"anchor_id":"","title":"Imagine what life would be like if you could...","text":"","heading_size":"h2","heading_color":"foreground","text_size":"p","column_heading_size":"h3","column_text_size":"p","image_width":"full","image_ratio":"adapt","columns_desktop":3,"column_alignment":"center","column_link_type":"button","background_style":"none","button_label":"","button_link":"","button_color":"color-scheme","color_scheme":"background-1","columns_mobile":"1","swipe_on_mobile":false,"padding_top":80,"padding_bottom":36,"css_class":"","custom_css":"p{font-size: 36px;}\nh2{padding-bottom:10px;}","custom_css_mobile":"h2 + .rte {\n  font-size: 3em; }\nli p { font-size: 1.5em;  }\nstrong { font-size: 4em; }\nh2{font-size:30px;\n}\np{font-size:18px;}"}},"7d615e1d-313b-46d4-af32-c26dbbd64b5c":{"type":"rich-text","blocks":{"89415702-0602-43ef-ba25-ecb3d27f1ed0":{"type":"heading","settings":{"heading":"\"I Now Feel a Passion!\"","heading_size":"h1","heading_alignment":"center","heading_color":"accent-4","css_class":"dac-alt-font-span","heading_divider":false}},"08dfe2c3-1081-4d91-83ce-1e03cbc17b31":{"type":"text","settings":{"text":"<p>\"From the time of a young adult, I struggled with opening myself to be vulnerable to my husband which resulted in our sexual intimacy not reaching its full potential. I felt like I couldn’t cut loose if you know what I mean. What I realized after taking Sexual CPR is that I didn’t completely know my female sexual ability. Dr Anna taught me that I wasn’t the only one struggling with this and walked me through the emotional connection of true intimacy. I now feel a passion for my husband that is driven from a deep desire to not only bring pleasure to myself but to him also. \"<\/p><p>- Lori R.<\/p>","text_alignment":"center","text_size":"p","css_class":"want"}}},"block_order":["89415702-0602-43ef-ba25-ecb3d27f1ed0","08dfe2c3-1081-4d91-83ce-1e03cbc17b31"],"settings":{"anchor_id":"","color_scheme":"background-1","full_width":true,"padding_top":0,"padding_bottom":52,"css_class":"","custom_css":"h2{font-size:70px;\n}\np{font-size:25px;}","custom_css_mobile":"h2{font-size:50px;\n}\np{font-size:18px;}"}},"87339687-8492-47a6-be44-c4d8c52c9788":{"type":"rich-text","blocks":{"49646101-4adf-47b3-9331-3be37f3ffe77":{"type":"text","settings":{"text":"<h2><strong>My \"Get Turned On\" Guarantee<\/strong><\/h2>","text_alignment":"center","text_size":"p","css_class":""}},"template--14366653710391__87339687-8492-47a6-be44-c4d8c52c9788-167967231728a3ef2c-1":{"type":"text","settings":{"text":"<p>I'm so confident in my Sexual CPR program that I'm willing to offer you this guarantee...<\/p><p><strong>Follow my Sexual CPR protocol for 30 days — and if your life isn't 100% sexier, juicier, and more decadent — I'll gladly give you a 100% refund!<\/strong><\/p>","text_alignment":"left","text_size":"p","css_class":""}},"3ce6b50a-7ba6-4287-b735-75629d3276ec":{"type":"text","settings":{"text":"<h6><strong>The fine print: We offer a 30-day 100% satisfaction no questions asked guarantee on Sexual CPR. If you've been following all of Dr. Anna Cabeca's instructions you are guaranteed to see results. If within 30 days of the start of the program you feel dissatisfied, you may be removed from the program and get fully refunded.<\/strong><\/h6>","text_alignment":"center","text_size":"p","css_class":""}}},"block_order":["49646101-4adf-47b3-9331-3be37f3ffe77","template--14366653710391__87339687-8492-47a6-be44-c4d8c52c9788-167967231728a3ef2c-1","3ce6b50a-7ba6-4287-b735-75629d3276ec"],"custom_css":[".rich-text__blocks > div {background-color: #00989b; color: black; padding: 2em; margin-top: 0;}",".image__media {background-color: white;}","ul {list-style: none; position: relative; padding-left: 2em;}","i {position: absolute; left: 0.5em; color: rgb(var(--color-base-accent-4));}",".meritocracy {font-family: \"Meritocracy-Regular\"; font-size: 2em; color: rgb(var(--color-base-accent-3));}"],"settings":{"anchor_id":"","color_scheme":"background-1","full_width":true,"padding_top":80,"padding_bottom":52,"css_class":"dac-alt-font-h2","custom_css":"h2{ color:white;\nfont-size:80px;\nmargin:10px 0px;}\np{color:white;\nfont-size:26px}\nh6{color:white;\nfont-size:18px;}","custom_css_mobile":".rich-text__blocks &gt; div {padding: 1em;}\n .rich-text__blocks {width: 85%;}\nh2{font-size:50px;\nmargin:auto;\n}\np{font-size:18px;\n}"}},"1702e98a-1fc4-41ac-92c6-a4088ede808f":{"type":"multicolumn","blocks":{"db6e61ae-b3c8-404e-9750-cbecf5386814":{"type":"product_bundle","settings":{"image":"shopify:\/\/shop_images\/SexualCPR-program-mockup-700_11c13af8-b6e1-43b8-a9e2-99c470775be6.jpg","title":"Sexual CPR®","variants":"sexual-cpr, SEXUAL-CPR","offer_name":"","price_features":"total","banner":"","text":"<p>8 Sexual CPR video trainings<\/p><p>Private Sexual CPR Online Community<\/p><p>Q&A Call Recording<\/p><p>Bonus #1: \"All Things V\" eBook<\/p><p>Bonus #2 \"Loving Your Lady Bits\" interview<\/p><p>Bonus #3 \"Healing Your Libido\" interview<\/p><p>Bonus #4 \"Finding Love in 90 Days\" interview<\/p><p>Bonus #5 \"Keeping The Spark Alive\" interview<\/p><p>Bonus #6 \"How to Save a Stale Marriage\" interview<\/p>","guarantee_length":"60","offer_inventory_policy":"deny","show_inventory":false,"inventory_label":"","coupon_discounts":"","layout":"recommended\ntitle\nimage\nprice\nsnippets\ninventory\nbuy_buttons\npayment_types","css_class":"thing"}}},"block_order":["db6e61ae-b3c8-404e-9750-cbecf5386814"],"settings":{"anchor_id":"buycpr","title":"Zero-Risk Enrollment","text":"","heading_size":"h1","heading_color":"color-scheme","text_size":"p","column_heading_size":"h3","column_text_size":"p","image_width":"full","image_ratio":"adapt","columns_desktop":3,"column_alignment":"center","column_link_type":"button","background_style":"none","button_label":"","button_link":"","button_color":"color-scheme","color_scheme":"background-1","columns_mobile":"1","swipe_on_mobile":false,"padding_top":52,"padding_bottom":88,"css_class":"","custom_css":"h2{font-family: \"Meritocracy-Regular\";\n  font-style: normal;\n  color: #00989b;\nmargin:auto;\nfont-size:90px;}\n.thing{margin-top:0px;}","custom_css_mobile":"h2{font-size:50px;\n}"}},"1de743e9-1476-4485-918f-f40a1a40e3d1":{"type":"rich-text","blocks":{"e636bf00-b035-4adf-b4e8-e48fa50ec3c6":{"type":"heading","settings":{"heading":"\"So Revitalized!\"","heading_size":"h1","heading_alignment":"center","heading_color":"accent-1","css_class":"dac-alt-font-span","heading_divider":false}},"df898aa5-59d2-452e-84fd-5fd04aa3cf6e":{"type":"text","settings":{"text":"<p>“I am 70 and my spouse is 73. I never thought we could reconnect sexually at this age but we did thanks to Dr. Anna's patient, compassionate help!<\/p><p>Menopause totally tanked my libido, and that really caused relationship issues with my spouse. Sexual CPR was my last attempt to turn things around and hopefully reconnect.<\/p><p>I've learned so much from Dr Anna about hormones and my own physiology and anatomy. I shared some of this information with my spouse and it opened up a healthy dialog. We agreed to take it slowly and experiment and it brought us closer because of this intimacy. We are now having sex on a regular basis again and feel so revitalized. Thank you so much Dr Anna!\"<\/p><p>- JoAnn W.<\/p>","text_alignment":"center","text_size":"p","css_class":"want"}}},"block_order":["e636bf00-b035-4adf-b4e8-e48fa50ec3c6","df898aa5-59d2-452e-84fd-5fd04aa3cf6e"],"settings":{"anchor_id":"","color_scheme":"background-1","full_width":true,"padding_top":0,"padding_bottom":52,"css_class":"","custom_css":"h2{font-size:70px;\n}\np{font-size:25px;}","custom_css_mobile":"h2{font-size:50px;\n}\np{font-size:18px;}"}},"0cb98f28-288a-45d1-93cb-0f30142408ef":{"type":"rich-text","blocks":{"a560e9fc-0c0c-4a24-8b1b-ad59e1d7eaf9":{"type":"image","settings":{"image":"shopify:\/\/shop_images\/Screen_Shot_2023-10-25_at_1.33.46_PM.png","max_width":0,"css_class":"sig"}},"0ff9fdb1-c26f-4441-82c3-8ceaf04f6f7d":{"type":"heading","settings":{"heading":"Get ready to see the world with fresh eyes and ignite all areas of your life!","heading_size":"h2","heading_alignment":"center","heading_color":"accent-3","css_class":"","heading_divider":false}},"6524abe8-1c82-4af1-a667-ea548f983c42":{"type":"text","settings":{"text":"<p>As soon you begin applying the lessons from Sexual CPR you'll begin experiencing life in a more <strong>beautiful, sensual way<\/strong>.<\/p><p>I know this sounds a little \"over the top\" but I promise you that colors will begin to look brighter and music will even <strong>sound sweeter<\/strong>.<\/p><p>You'll find that irritating people and situations — bad drivers, slow cashiers, and even your annoying brother-in-law — aren't even able to remove the huge smile that permanently resides on your face.<\/p><p>And the mundane tasks of life — like grocery shopping, going to the bank, and washing dishes — all those boring chores <strong>will seem magical<\/strong>!<\/p><p>Here's the best part...<\/p><p>This blissed-out state of love and connection will give you <strong>all the energy you need <\/strong>to power through your daily To Do list — so you'll be <strong>getting more done<\/strong>— and you'll be <strong>enjoying yourself <\/strong>along the way.<\/p><p>In fact...<\/p><p>You'll wonder how in the world you've even been able to make it this far without this knowledge.<\/p><p>So if you're tired of trudging through life I urge you to register for Sexual CPR and <strong>let love light the way<\/strong>.<\/p><p>Wishing You a Vida Pura,<\/p><p>&lt;img width=\"40%\" src=\"https:\/\/cdn.shopify.com\/s\/files\/1\/0524\/5661\/files\/TGFD_Hearts_Hormones_dr.anna_signature.png?v=1643908894\"&gt;<\/p><p>Dr. Anna Cabeca, DO, FACOGPS <\/p><p>You were made to experience the joy that comes from exquisite sexual pleasure and connection with that special person in your life! I promise you there's a better way and I've spent my entire professional life figuring it out. Register for Sexual CPR now and you'll soon see exactly what's been missing. You can never go wrong in investing in yourself and your health. It's the best gift you can give yourself and your family.<\/p>","text_alignment":"left","text_size":"h4","css_class":""}},"0388b27a-0036-49d0-b48a-ce2530953c36":{"type":"button","settings":{"button_label":"Get Started Now!","button_link":"#buycpr","button_style_secondary":false,"button_alignment":"center","button_color":"accent-4","css_class":""}}},"block_order":["a560e9fc-0c0c-4a24-8b1b-ad59e1d7eaf9","0ff9fdb1-c26f-4441-82c3-8ceaf04f6f7d","6524abe8-1c82-4af1-a667-ea548f983c42","0388b27a-0036-49d0-b48a-ce2530953c36"],"custom_css":[".rich-text__blocks {background-color: white; color: black; padding: 2em;}",".h4 {color: black;}",".image__media {background-color: white;}","h2 {border-top: 4px solid #00989b; border-bottom: 4px solid #00989b; padding: 1em; color: #00989b;}","ul {list-style: none; position: relative; padding-left: 2em;}","i {position: absolute; left: 0.5em; color: rgb(var(--color-base-accent-4));}"],"settings":{"anchor_id":"","color_scheme":"accent-1","full_width":true,"padding_top":40,"padding_bottom":52,"css_class":"","custom_css":".head{width:20%;\nmargin:auto;\n}\n.head img{border-radius:50%;\nborder: 4px solid #00989b;}\nstrong{color:#00989b;}\n\n.anna img{width:30%;}\n.sex img{width:40%;}\n.ipad img{width:50%;}\n.button{font-size:30px;\npadding:20px 30px;}","custom_css_mobile":".rich-text__blocks {\npadding: 1em; width: 85%; }\nh2{font-size:30px;\n}\np{font-size:18px;}\n.button{font-size:18px;\npadding:10px;}"}}},"order":["16462238058b508f23","main","867839c8-6d18-4315-81f7-7d3428a16266","165486030388620125","efd5bfb8-cff5-4b6e-a270-5b8293328d77","19b3f8cb-e3bd-463c-9896-ddcf16b5849f","16543413375e4fa8d4","359f448b-b262-4895-9431-75dbd56f8af8","bea21192-3a32-4357-89d7-1da103d341d3","50e0fcb8-12bc-4d81-b926-633c8e817de8","a434906d-13dc-4ec9-a23c-be3c093a72e3","f286d129-24e8-4c74-8734-cf3ed07da069","b96275b3-89c5-4a21-8526-150cf7d95a13","8708621f-340f-48e2-9774-aeebfbfad7b9","68317499-7234-45d9-bbc8-5d065bb56a2a","96670ef7-35c8-4b34-8af7-cc9a04488f29","fcde27e4-b7d4-41c7-8fd6-0673744ce7da","c2a450bc-4a44-4966-b45e-c078319be24a","7d615e1d-313b-46d4-af32-c26dbbd64b5c","87339687-8492-47a6-be44-c4d8c52c9788","1702e98a-1fc4-41ac-92c6-a4088ede808f","1de743e9-1476-4485-918f-f40a1a40e3d1","0cb98f28-288a-45d1-93cb-0f30142408ef"]}