{"sections":{"multicolumn_XmB4iY":{"type":"multicolumn","blocks":{"custom_liquid_Ce37WC":{"type":"custom_liquid","settings":{"custom_liquid":"<script>\n    document.addEventListener(\"DOMContentLoaded\", (event) => {\n      let q = new URLSearchParams(window.location.search);\n      let t = document.querySelector('.' + q.get('result'));\n      if (t) {\n        t.style.display = 'block';\n      }\n    });\n  <\/script>","css_class":""}},"column_zTLkjK":{"type":"column","settings":{"title":"","heading_color":"color-scheme","text":"<p>Get 10% off with code <strong>HELLO10OFF<\/strong><\/p>","link_label":"","link":"","button_color":"color-scheme","css_class":"a"}}},"block_order":["custom_liquid_Ce37WC","column_zTLkjK"],"settings":{"anchor_id":"","title":"","text":"","heading_size":"h0","heading_color":"color-scheme","text_size":"p","column_heading_size":"h2","column_text_size":"p","image_width":"full","image_ratio":"adapt","columns_desktop":1,"column_alignment":"center","column_link_type":"button","background_style":"none","button_label":"","button_link":"","button_color":"color-scheme","color_scheme":"accent-1","width":"page-width","internal_padding":"true","columns_mobile":"1","swipe_on_mobile":false,"padding_top":12,"padding_bottom":0,"css_class":"","custom_css":".a {\ndisplay: none;\n  }","custom_css_mobile":""}},"image_banner_LDDiJg":{"type":"image-banner","settings":{"image":"shopify:\/\/shop_images\/TGFD_SymptomsPages-VaginalDryness-04.jpg","mobile_image":"shopify:\/\/shop_images\/TGFD_SymptomsPages-VaginalDryness-02.jpg","link":"","image_overlay_opacity":0,"image_height":"medium","adapt_height_first_image":true,"desktop_content_position":"middle-center","show_text_box":true,"desktop_content_alignment":"center","color_scheme":"background-1","mobile_content_alignment":"center","stack_images_on_mobile":true,"show_text_below":true,"css_class":"","custom_css":"","custom_css_mobile":""}},"833b4aa7-30e5-4291-bd1e-1d1533c2bebc":{"type":"image-with-text","blocks":{"template--14579283853367__833b4aa7-30e5-4291-bd1e-1d1533c2bebc-text-1":{"type":"text","settings":{"text":"<h1>What causes vaginal dryness?<\/h1><p>Vaginal dryness is extremely common. Vaginal dryness may be experienced as itching, burning, pain, soreness, or an overall thinning of the vulvovaginal tissues. Some women have a reduction or cessation of vaginal discharge. Others notice a marked increase in urinary tract infections (UTIs) or need to urinate. Vaginal dryness may also be referred to as vaginal atrophy. Vaginal dryness often results in pain during sex. <\/p><p><strong>VAGINAL DRYNESS IS CAUSED BY:<\/strong><\/p>","text_style":"body","css_class":"last"}},"list_HwPcUt":{"type":"list","settings":{"list_items":"<p>Declining hormone levels, notably estrogen<\/p><p>Decreased blood flow <\/p><p>Stress<\/p><p>Inflammation<\/p><p>Certain medications (antihistamines, chemotherapy, antidepressants)<\/p>","list_style_type":"bullets","list_color":"background-1","text_alignment":"left","css_class":"listt"}}},"block_order":["template--14579283853367__833b4aa7-30e5-4291-bd1e-1d1533c2bebc-text-1","list_HwPcUt"],"custom_css":["\/* Match Rich Text *\/@media (min-width: 750px) {.rich-text__blocks {max-width: 78rem; }}","@media (min-width: 990px) {.rich-text__blocks {max-width: 78rem; width: calc(100% - 15rem); padding: 0; }}"],"settings":{"anchor_id":"","image":"shopify:\/\/shop_images\/TGFD_SymptomsPages-VaginalDryness-05.jpg","mobile_image":"shopify:\/\/shop_images\/TGFD_SymptomsPages-VaginalDryness-10.jpg","height":"adapt","desktop_image_width":"small","layout":"image_first","desktop_content_position":"top","desktop_content_alignment":"left","content_layout":"no-overlap","color_scheme":"background-1","width":"rich-text-width","internal_padding":"true","mobile_layout":"text_top","mobile_content_alignment":"left","padding_top":48,"padding_bottom":0,"css_class":"","custom_css":"strong{\ncolor:#9F2B68;}\n\nh1 {\ncolor: #9F2B68;\nfont-size: 40px;\n}\n\nul li::marker {\n    font-size: 12px;}\n\n.listt{color: #9F2B68;}\n\nimg{max-height:850px;}\n\n.image-with-text__content{padding:0px 20px 20px 35px;}","custom_css_mobile":"h1 {\nfont-size: 32px;\n}\n\nimg{width:450px;\nobject-fit:scale-down;\npadding-bottom:20px;}\n\n.image-with-text__content{padding:0px 10px 20px 10px;}\n\n.last {padding-bottom:0px;}"}},"rich_text_UgHVRi":{"type":"rich-text","blocks":{"text_gmf8NG":{"type":"text","settings":{"text":"<p>Women with health conditions like diabetes and Sjogren's syndrome are prone to vaginal dryness. Women who have undergone hysterectomy are likely to experience vaginal dryness as well. Smoking also increases your likelihood of developing vaginal dryness.<\/p>","text_alignment":"left","text_size":"p","css_class":""}},"button_6CLk7A":{"type":"button","settings":{"button_label":"LEARN MORE ABOUT MENOPAUSE","button_link":"shopify:\/\/pages\/menopause","button_style_secondary":false,"button_alignment":"left","button_color":"accent-1","css_class":""}}},"block_order":["text_gmf8NG","button_6CLk7A"],"settings":{"anchor_id":"","color_scheme":"background-1","full_width":true,"padding_top":36,"padding_bottom":52,"css_class":"","custom_css":".button {\ncolor:#ffffff;\ntext-decoration: none;\n}\n\n.listt{color:#9F2B68;}\nul li::marker {\n    font-size: 12px;}\n\nstrong{\ncolor:#9F2B68;}","custom_css_mobile":".button{font-size:16px;\npadding:8px 6px;}\n\nh1 {\nfont-size: 32px;\n}"}},"626918f2-19cb-4bdb-a42c-7ddbea0a7523":{"type":"rich-text","blocks":{"31408c9c-6838-4a56-ae1e-43a4cb54349f":{"type":"heading","settings":{"heading":"What can I do about it?","heading_size":"h0","heading_alignment":"left","heading_color":"accent-1","css_class":"","heading_divider":false}},"template--14572363284535__626918f2-19cb-4bdb-a42c-7ddbea0a7523-text-1":{"type":"text","settings":{"text":"<p>If you’re experiencing vaginal dryness, be sure to discuss it with your doctor. They may be able to prescribe estrogen cream to help the situation. There are also medications known as selective estrogen receptor modulators (SERMs) that mimic the effects of estrogen on vaginal tissue, which could help to reduce dryness and pain during intercourse.<\/p><p>It’s important to note that while oral estrogen therapy (which is hormone replacement therapy) can be helpful for hot flashes, it really hasn't been found to help with vaginal dryness, nor is it recommended for women who've had breast cancer.<\/p><p>From my clinical experience, a holistic approach that includes an anti-inflammatory diet and locally applied DHEA is a game changer for a lot of women.<\/p>","text_alignment":"left","text_size":"p","css_class":""}},"image_YU3kkh":{"type":"image","settings":{"image":"shopify:\/\/shop_images\/TGFD_SymptomsPages-VaginalDryness-07.png","mobile_image":"shopify:\/\/shop_images\/TGFD_SymptomsPages-VaginalDryness-09.png","max_width":0,"css_class":""}}},"block_order":["31408c9c-6838-4a56-ae1e-43a4cb54349f","template--14572363284535__626918f2-19cb-4bdb-a42c-7ddbea0a7523-text-1","image_YU3kkh"],"settings":{"anchor_id":"","color_scheme":"background-2","full_width":true,"padding_top":44,"padding_bottom":48,"css_class":"","custom_css":".section-template--15592832794679__626918f2-19cb-4bdb-a42c-7ddbea0a7523-padding{background-color:#FCF3F7;}\n\nh2{\nfont-size:40px;\ntext-transform: capitalize;\n}","custom_css_mobile":"h2 {\nfont-size: 32px;\n}"}},"rich_text_YUcBdj":{"type":"rich-text","blocks":{"heading_3WUKVg":{"type":"heading","settings":{"heading":"No prescription? No problem.","heading_size":"h2","heading_alignment":"left","heading_color":"accent-1","css_class":"","heading_divider":false}},"text_J7mknU":{"type":"text","disabled":true,"settings":{"text":"<p>Thousands of menopausal women (including me!) have used these products to help get their hair back to good.<\/p>","text_alignment":"left","text_size":"p","css_class":""}}},"block_order":["heading_3WUKVg","text_J7mknU"],"disabled":true,"settings":{"anchor_id":"","color_scheme":"background-1","full_width":true,"padding_top":40,"padding_bottom":12,"css_class":"","custom_css":"","custom_css_mobile":""}},"226b22f5-bb5f-440a-830f-180e99fa2df0":{"type":"image-with-text","blocks":{"text_FrApzU":{"type":"text","settings":{"text":"<p>WHICH IS WHY I CREATED:<\/p>","text_style":"body","css_class":"Top"}},"4cdbfef5-c9fd-4485-b49f-e41f656ef878":{"type":"heading","settings":{"heading":"Julva","heading_size":"h1","heading_color":"accent-1","css_class":""}},"b7652cb5-4d7c-46ab-9d04-128052636264":{"type":"text","settings":{"text":"<p>Julva supports your libido by giving your body dehydroepiandrosterone (DHEA) directly where you need it most. Applied to your vulvar tissues, they absorb the natural moisture from the formula and use the DHEA to create more of the hormones you need to support your sex drive.<\/p><p><strong>FEATURED INGREDIENTS:<\/strong><\/p><p>&lt;img src=\"https:\/\/cdn.shopify.com\/s\/files\/1\/0524\/5661\/files\/TGFD_SymptomsPages-UrinaryIncontinence.png?v=1727106850\" alt=\"Alpine Rose Stem Cells, Vitamin E, Coconut Oil, Emu Oil, and Shea Butter.\" width=\"auto\" height=\"auto\" class=\"small\"&gt;<\/p>","text_style":"body","css_class":""}},"custom_liquid_Law6bb":{"type":"custom_liquid","settings":{"custom_liquid":"<img src=\"https:\/\/cdn.shopify.com\/s\/files\/1\/0524\/5661\/files\/TGFD_SymptomsPages-UrinaryIncontinence-10.png?v=1727107081\" alt=\"Alpine Rose Stem Cells, Vitamin E, Coconut Oil, Emu Oil, and Shea Butter.\" width=\"300px\" height=\"auto\">","css_class":"mobileimage"}},"button_cdqf6K":{"type":"button","settings":{"button_label":"Shop julva now","button_link":"shopify:\/\/products\/julva","button_color":"color-scheme","css_class":""}}},"block_order":["text_FrApzU","4cdbfef5-c9fd-4485-b49f-e41f656ef878","b7652cb5-4d7c-46ab-9d04-128052636264","custom_liquid_Law6bb","button_cdqf6K"],"disabled":true,"custom_css":[],"settings":{"anchor_id":"","image":"shopify:\/\/shop_images\/TGFD_SymptomsPages-LowLibido-06.jpg","mobile_image":"shopify:\/\/shop_images\/TGFD_SymptomsPages-LowLibidomobile-18.png","height":"adapt","desktop_image_width":"small","layout":"image_first","desktop_content_position":"middle","desktop_content_alignment":"left","content_layout":"no-overlap","color_scheme":"background-1","width":"rich-text-width","internal_padding":"true","mobile_layout":"image_top","mobile_content_alignment":"left","padding_top":24,"padding_bottom":36,"css_class":"dac-allow-media-resize","custom_css":".Top{\ncolor:#9F2B68;\nletter-spacing: 4px;\ntransform: translateY(15px);}\n\nstrong{color:#9F2B68;\nletter-spacing: 4px;}\n\n.mobileimage{display:none;}\n\n.image-with-text__content{padding:0px 20px 20px 40px;}","custom_css_mobile":".Top{\npadding-top:30px;\nfont-size:19px;\nletter-spacing:0px;\ntransform: translateY(0px);}\n\nh2{font-size:35px;}\n\n.small{display:none;}\n\n.mobileimage{\ndisplay:block;\n transform: translateX(0px)\ntranslateY(-30px);\nmargin:0 auto;\npadding-top:10px;}\n\n.button{padding:8px 6px;\nmargin-top:0px;\nmargin-bottom:10px;}\n\nimg{padding-top:20px;}\n\n.image-with-text__content{padding:0px 10px 0px 10px;}"}},"image_with_text_zxJFGz":{"type":"image-with-text","blocks":{"text_thUxYr":{"type":"text","disabled":true,"settings":{"text":"<p>WHICH IS WHY I CREATED:<\/p>","text_style":"body","css_class":"Top"}},"heading_HNgNDg":{"type":"heading","settings":{"heading":"Mighty Maca® Plus","heading_size":"h1","heading_color":"accent-1","css_class":""}},"text_L7jFB7":{"type":"text","settings":{"text":"<p>Calms and supports your adrenals so they can help your body produce more hot flash-fighting hormones with a powerful blend of nutrient-rich superfoods.<\/p><p><strong>FEATURED INGREDIENTS:<\/strong><\/p><p>&lt;img src=\"https:\/\/cdn.shopify.com\/s\/files\/1\/0524\/5661\/files\/TGFD_SymptomsPages-HotFlashes-13.png?v=1726857522\" alt=\"Peruvian Maca Root, Turmeric, Chlorella, Pomegranate, Mangosteen, and Green Tea.\" width=\"auto\" height=\"auto\" class=\"small\"&gt;<\/p>","text_style":"body","css_class":""}},"custom_liquid_DHnEF6":{"type":"custom_liquid","settings":{"custom_liquid":"<img src=\"https:\/\/cdn.shopify.com\/s\/files\/1\/0524\/5661\/files\/TGFD_SymptomsPages-HotFlashes-11.png?v=1726857612\" alt=\"Peruvian Maca Root, Turmeric, Chlorella, Pomegranate, Mangosteen, and Green Tea.\" width=\"300px\" height=\"auto\">","css_class":"mobileimage"}},"button_YrPD4g":{"type":"button","settings":{"button_label":"Shop Mighty Maca Plus now","button_link":"shopify:\/\/products\/mighty-maca","button_color":"color-scheme","css_class":""}}},"block_order":["text_thUxYr","heading_HNgNDg","text_L7jFB7","custom_liquid_DHnEF6","button_YrPD4g"],"disabled":true,"settings":{"anchor_id":"","image":"shopify:\/\/shop_images\/TGFD_SymptomsPages-HotFlashes-15.png","mobile_image":"shopify:\/\/shop_images\/TGFD_SymptomsPages-HotFlashes-08.png","height":"adapt","desktop_image_width":"small","layout":"image_first","desktop_content_position":"middle","desktop_content_alignment":"left","content_layout":"no-overlap","color_scheme":"background-1","width":"rich-text-width","internal_padding":"true","mobile_layout":"image_top","mobile_content_alignment":"left","padding_top":24,"padding_bottom":36,"css_class":"dac-allow-media-resize","custom_css":".Top{\ncolor:#9F2B68;\nletter-spacing: 4px;\ntransform: translateY(15px);}\n\nstrong{color:#9F2B68;\nletter-spacing: 4px;}\n\n.mobileimage{display:none;}\n\n.image-with-text__content{padding:0px 20px 20px 40px;}","custom_css_mobile":".Top{\nfont-size:19px;\nletter-spacing:0px;\ntransform: translateY(0px);}\n\nh2{font-size:35px;}\n\n.small{display:none;}\n\n.mobileimage{\ndisplay:block;\n transform: translateX(0px)\ntranslateY(-30px);\nmargin:0 auto;\npadding-top:10px;}\n\n.button{padding:8px 6px;\nmargin-top:0px;\nmargin-bottom:10px;}\n\nimg{padding-top:20px;}\n\n.image-with-text__content{padding:0px 10px 0px 10px;}"}},"image_with_text_6WrG8B":{"type":"image-with-text","blocks":{"text_HTFHJe":{"type":"text","disabled":true,"settings":{"text":"<p>WHICH IS WHY I CREATED:<\/p>","text_style":"body","css_class":"Top"}},"heading_Uz7GNq":{"type":"heading","settings":{"heading":"AmaZinc","heading_size":"h1","heading_color":"accent-1","css_class":""}},"text_w4rrTM":{"type":"text","settings":{"text":"<p>Zinc supports blocking the enzyme 5 alpha-reductase that initiates the conversion of testosterone to DHT, the form of testosterone that causes hair loss.<\/p>","text_style":"body","css_class":""}},"custom_liquid_yKmGEP":{"type":"custom_liquid","disabled":true,"settings":{"custom_liquid":"<img src=\"https:\/\/cdn.shopify.com\/s\/files\/1\/0524\/5661\/files\/TGFD_SymptomsPages-WeightGain-11.png?v=1726774650\" alt=\"Peruvian Maca Root, Turmeric, Chlorella, Pomegranate, Mangosteen, and Green tea.\" width=\"300px\" height=\"auto\">","css_class":"mobileimage"}},"list_LKp6UC":{"type":"list","settings":{"list_items":"<p>Support wellness from within<\/p><p>AmaZinc is zinc blended with molybdenum and B6 to help your body fully retain this vital mineral<\/p><p>Add it to your daily routine for heightened immunity, glowing skin, a healthy metabolism, and normal hearing and vision. <\/p>","list_style_type":"bullets","list_color":"background-1","text_alignment":"left","css_class":"listt"}},"button_iCpmAe":{"type":"button","settings":{"button_label":"Shop AmaZinc Now","button_link":"shopify:\/\/products\/amazinc","button_color":"color-scheme","css_class":""}}},"block_order":["text_HTFHJe","heading_Uz7GNq","text_w4rrTM","custom_liquid_yKmGEP","list_LKp6UC","button_iCpmAe"],"disabled":true,"settings":{"anchor_id":"","image":"shopify:\/\/shop_images\/TGFD_SymptomsPages-HairLoss-13.png","mobile_image":"shopify:\/\/shop_images\/TGFD_SymptomsPages-HairLoss-16.png","height":"adapt","desktop_image_width":"small","layout":"image_first","desktop_content_position":"middle","desktop_content_alignment":"left","content_layout":"no-overlap","color_scheme":"background-1","width":"rich-text-width","internal_padding":"true","mobile_layout":"image_top","mobile_content_alignment":"left","padding_top":0,"padding_bottom":36,"css_class":"dac-allow-media-resize","custom_css":".Top{\ncolor:#9F2B68;\nletter-spacing: 4px;\ntransform: translateY(15px);}\n\nstrong{color:#9F2B68;\nletter-spacing: 4px;}\n\n.image-with-text__content{padding:0px 20px 20px 40px;}\n.mobileimage{display:none;}\n\n.listt{color:#9F2B68;}","custom_css_mobile":".Top{\nfont-size:19px;\nletter-spacing:0px;\ntransform: translateY(0px);}\n\nh2{font-size:35px;}\n\n.small{display:none;}\n\n.mobileimage{\ndisplay:block;\n transform: translateX(0px)\ntranslateY(-30px);\nmargin:0 auto;\npadding-top:10px;}\n\n.button{padding:8px 6px;\nmargin-top:0px;\nmargin-bottom:10px;}\n\nimg{padding-top:20px;}\n\n.image-with-text__content{padding:0px 10px 20px 10px;}"}},"image_with_text_g9PM9p":{"type":"image-with-text","blocks":{"text_yxR3wa":{"type":"text","disabled":true,"settings":{"text":"<p>WHICH IS WHY I CREATED:<\/p>","text_style":"body","css_class":"Top"}},"heading_P6mcgw":{"type":"heading","settings":{"heading":"Zenful","heading_size":"h1","heading_color":"accent-1","css_class":""}},"text_T3rJ8F":{"type":"text","settings":{"text":"<p>The ideal hot flash fighting formula. With herbs that help promote progesterone production, deliver adrenal support, and flush out excess estrogen — this one’s a hot flash hero.<\/p>","text_style":"body","css_class":""}},"custom_liquid_3d6b4V":{"type":"custom_liquid","disabled":true,"settings":{"custom_liquid":"<img src=\"https:\/\/cdn.shopify.com\/s\/files\/1\/0524\/5661\/files\/TGFD_SymptomsPages-WeightGain-11.png?v=1726774650\" alt=\"Peruvian Maca Root, Turmeric, Chlorella, Pomegranate, Mangosteen, and Green tea.\" width=\"300px\" height=\"auto\">","css_class":"mobileimage"}},"list_pUTHWH":{"type":"list","settings":{"list_items":"<p>Supports Balance of the Female Hormone Cycle<\/p><p>May Ease Common Symptoms Associated with PMS and Menopause<\/p><p>Promotes Estrogen Detoxification<\/p><p>Provides Antioxidant Activity and Cellular Support<\/p><p>Menopause Supplement<\/p>","list_style_type":"bullets","list_color":"background-1","text_alignment":"left","css_class":"listt"}},"button_cM9Nhq":{"type":"button","settings":{"button_label":"Shop zenful Now","button_link":"shopify:\/\/products\/vida-optimal-balance","button_color":"color-scheme","css_class":""}}},"block_order":["text_yxR3wa","heading_P6mcgw","text_T3rJ8F","custom_liquid_3d6b4V","list_pUTHWH","button_cM9Nhq"],"disabled":true,"settings":{"anchor_id":"","image":"shopify:\/\/shop_images\/TGFD_SymptomsPages-HotFlashes-16.png","mobile_image":"shopify:\/\/shop_images\/TGFD_SymptomsPages-HotFlashes-09.png","height":"adapt","desktop_image_width":"small","layout":"image_first","desktop_content_position":"middle","desktop_content_alignment":"left","content_layout":"no-overlap","color_scheme":"background-1","width":"rich-text-width","internal_padding":"true","mobile_layout":"image_top","mobile_content_alignment":"left","padding_top":0,"padding_bottom":32,"css_class":"dac-allow-media-resize","custom_css":".Top{\ncolor:#9F2B68;\nletter-spacing: 4px;\ntransform: translateY(15px);}\n\nstrong{color:#9F2B68;\nletter-spacing: 4px;}\n\n.image-with-text__content{padding:0px 20px 20px 40px;}\n.mobileimage{display:none;}\n\n.listt{color:#9F2B68;}","custom_css_mobile":".Top{\nfont-size:19px;\nletter-spacing:0px;\ntransform: translateY(0px);}\n\nh2{font-size:35px;}\n\n.small{display:none;}\n\n.mobileimage{\ndisplay:block;\n transform: translateX(0px)\ntranslateY(-30px);\nmargin:0 auto;\npadding-top:10px;}\n\n.button{padding:8px 6px;\nmargin-top:0px;\nmargin-bottom:10px;}\n\nimg{padding-top:20px;}\n\n.image-with-text__content{padding:0px 10px 20px 10px;}"}},"rich_text_jadpNb":{"type":"rich-text","blocks":{"heading_YDbgJE":{"type":"heading","settings":{"heading":"Other Natural Ways To Overcome Vaginal Dryness","heading_size":"h2","heading_alignment":"center","heading_color":"color-scheme","css_class":"","heading_divider":false}},"text_TTWxF4":{"type":"text","settings":{"text":"<p>Vaginal dryness can be painful and demoralizing. But you don’t have to deal with this feeling forever. <\/p>","text_alignment":"center","text_size":"p","css_class":"mid"}},"text_fFFXN4":{"type":"text","settings":{"text":"<p>Try the following:<\/p>","text_alignment":"center","text_size":"p","css_class":"last"}}},"block_order":["heading_YDbgJE","text_TTWxF4","text_fFFXN4"],"settings":{"anchor_id":"","color_scheme":"accent-1","full_width":true,"padding_top":28,"padding_bottom":28,"css_class":"","custom_css":".mid{margin:15px;}\n.last{margin:10px;\ntext-transform:uppercase;\nfont-size:23px;\nletter-spacing:3px;}","custom_css_mobile":""}},"multicolumn_GMw84E":{"type":"multicolumn","blocks":{"column_9zDw4r":{"type":"column","settings":{"image":"shopify:\/\/shop_images\/TGFD_SymptomsPages-VaginalDryness-16.png","mobile_image":"shopify:\/\/shop_images\/TGFD_SymptomsPages-VaginalDryness-16_1.png","title":"","heading_color":"color-scheme","text":"","link_label":"","link":"","button_color":"color-scheme","css_class":""}},"column_UYKikj":{"type":"column","settings":{"title":"USE GENTLE CLEANSERS","heading_color":"accent-1","text":"<p>Your vagina is actually self-cleaning. You do not need to scrub it with specialized intimate hygiene soaps. And please, do not douche. Plain water or a gentle perfume-free soap is just fine for your vulva. <\/p><p><a href=\"https:\/\/drannacabeca.com\/blogs\/beauty\/feminine-skincare-products-dos-and-donts-how-to-avoid-toxins-in-cosmetics?_pos=1&_sid=8a568d7ac&_ss=r\"><span style=\"text-decoration:underline\">For a guide to avoiding toxins in beauty products, check this out.<\/span><\/a> <\/p>","link_label":"","link":"","button_color":"color-scheme","css_class":"one"}},"column_xmFhfz":{"type":"column","settings":{"image":"shopify:\/\/shop_images\/TGFD_SymptomsPages-VaginalDryness-13.png","mobile_image":"shopify:\/\/shop_images\/TGFD_SymptomsPages-VaginalDryness-17.png","title":"","heading_color":"color-scheme","text":"","link_label":"","link":"","button_color":"color-scheme","css_class":""}},"column_Ft6qWE":{"type":"column","settings":{"title":"HYDRATE, HYDRATE, HYDRATE","heading_color":"accent-1","text":"<p>Drinking plenty of water every day is crucial for keeping all of your mucous membranes lubricated properly, and that includes your vagina. Are you drinking enough? <\/p><p><a href=\"https:\/\/drannacabeca.com\/blogs\/wellness-longevity\/10-signs-you-dont-drink-enough-water?_pos=2&_sid=44dfcdf9b&_ss=r\"><span style=\"text-decoration:underline\">Here’s how to tell.<\/span><\/a><\/p>","link_label":"","link":"","button_color":"color-scheme","css_class":"one"}},"column_mQX9eL":{"type":"column","settings":{"image":"shopify:\/\/shop_images\/TGFD_SymptomsPages-VaginalDryness-14_2.png","mobile_image":"shopify:\/\/shop_images\/TGFD_SymptomsPages-VaginalDryness-18.png","title":"","heading_color":"color-scheme","text":"","link_label":"","link":"","button_color":"color-scheme","css_class":""}},"column_mXraHE":{"type":"column","settings":{"title":"PRACTICE KEGELS","heading_color":"accent-1","text":"<p>Pelvic floor exercises, when done properly, can help restore blood flow to the vaginal area. They can also help you increase elasticity and improve your orgasms, too. <\/p><p><a href=\"https:\/\/drannacabeca.com\/blogs\/sexual-health\/how-to-do-kegel-exercises?_pos=1&_sid=c57d1dfb8&_ss=r\"><span style=\"text-decoration:underline\">Here’s how to do them properly.<\/span><\/a>  <\/p>","link_label":"","link":"","button_color":"color-scheme","css_class":"one"}}},"block_order":["column_9zDw4r","column_UYKikj","column_xmFhfz","column_Ft6qWE","column_mQX9eL","column_mXraHE"],"settings":{"anchor_id":"","title":"","text":"","heading_size":"h1","heading_color":"color-scheme","text_size":"p","column_heading_size":"h3","column_text_size":"p","image_width":"full","image_ratio":"adapt","columns_desktop":2,"column_alignment":"center","column_link_type":"button","background_style":"none","button_label":"","button_link":"","button_color":"color-scheme","color_scheme":"background-2","width":"rich-text-width","internal_padding":"true","columns_mobile":"1","swipe_on_mobile":false,"padding_top":36,"padding_bottom":20,"css_class":"","custom_css":".grid--2-col-desktop .grid__item:nth-child(odd) { max-width: calc(25% - var(--grid-desktop-horizontal-spacing) \/ 2); \npadding-bottom:40px;}\n\n.grid--2-col-desktop .grid__item:nth-child(even) { min-width: calc(75% - var(--grid-desktop-horizontal-spacing) \/ 2); }\n\n.one{text-align:left;}\n\nh3{font-size:23px;\nletter-spacing:4px;}\n\n.multicolumn-list__item.center .media--adapt img{object-fit:scale-down; height:auto;}","custom_css_mobile":".grid--2-col-desktop .grid__item:nth-child(odd) { max-width: calc(100% - var(--grid-desktop-horizontal-spacing) \/ 2); \npadding-bottom:25px;}\n\n.grid--2-col-desktop .grid__item:nth-child(even) { min-width: calc(100% - var(--grid-desktop-horizontal-spacing) \/ 2);\npadding-bottom:15px; }\n\nimg{width:450px;\npadding-top:10px;\nmargin-top:10px}\n\n.one{text-align:left}\n\nh3{letter-spacing:1px;}\n\n.section-template--15592832794679__multicolumn_GMw84E-padding{padding:0px 0px 0px 0px;}"}},"rich_text_UV3xiF":{"type":"rich-text","blocks":{"heading_RGkBza":{"type":"heading","settings":{"heading":"Vaginal dryness ends here","heading_size":"h2","heading_alignment":"left","heading_color":"accent-1","css_class":"sec","heading_divider":false}},"text_TRwL4C":{"type":"text","settings":{"text":"<p>When you’re experiencing vaginal dryness, it seriously diminishes your quality of life. From pain with sex to pain from wearing tight pants, you don’t have to put up with these frustrations. You deserve to feel your best and love your lady parts. If left untreated, vaginal dryness can lead to infections, including bacterial vaginosis, yeast infections, and urinary tract infections (UTIs), so don’t just “deal with” the problem, seek out a viable solution.   <\/p>","text_alignment":"left","text_size":"p","css_class":"sec"}},"button_cCQdhc":{"type":"button","settings":{"button_label":"Shop NOW","button_link":"shopify:\/\/collections\/vaginal-dryness","button_style_secondary":false,"button_alignment":"center","button_color":"color-scheme","css_class":"sec"}}},"block_order":["heading_RGkBza","text_TRwL4C","button_cCQdhc"],"settings":{"anchor_id":"","color_scheme":"background-1","full_width":true,"padding_top":44,"padding_bottom":64,"css_class":"","custom_css":"","custom_css_mobile":""}},"main":{"type":"main-page","disabled":true,"custom_css":["h1 {text-transform: uppercase; font-size: 1.5em; text-align: center;}",".rte > p:first-of-type {font-size: 2em; line-height: 1.1; text-align: center;}",".rte > p:first-of-type,strong {color: var(--dac-color-awaken);}","@media screen and (min-width: 750px) {.rte > div {columns: 2; column-gap: 3em; text-align: justify; }}","p {break-inside: avoid;}","div p:first-child {margin-top: 0;}"],"settings":{"display_title":true,"color_scheme":"background-1","padding_top":56,"padding_bottom":72,"css_class":"","custom_css":"","custom_css_mobile":""}}},"order":["multicolumn_XmB4iY","image_banner_LDDiJg","833b4aa7-30e5-4291-bd1e-1d1533c2bebc","rich_text_UgHVRi","626918f2-19cb-4bdb-a42c-7ddbea0a7523","rich_text_YUcBdj","226b22f5-bb5f-440a-830f-180e99fa2df0","image_with_text_zxJFGz","image_with_text_6WrG8B","image_with_text_g9PM9p","rich_text_jadpNb","multicolumn_GMw84E","rich_text_UV3xiF","main"]}