{"sections":{"5128bc9c-603d-4fb2-aa13-2e5c81f08e2f":{"type":"image","settings":{"image":"shopify:\/\/shop_images\/TGFD_WebsiteDesign_MenopausePage-40.png","mobile_image":"shopify:\/\/shop_images\/TGFD_WebsiteDesign_MenopausePage-41.png","max_width":1600,"color_scheme":"accent-2","link":"","padding_top":0,"padding_bottom":0,"css_class":"","custom_css":"","custom_css_mobile":""}},"833b4aa7-30e5-4291-bd1e-1d1533c2bebc":{"type":"image-with-text","blocks":{"template--14579283853367__833b4aa7-30e5-4291-bd1e-1d1533c2bebc-text-1":{"type":"text","settings":{"text":"<h1>What Causes Hair Loss In Menopause?<\/h1><p>If you’ve noticed handfuls of hair in your shower drain, or an unusually high amount of hair left on your hairbrush, you may be experiencing hair loss due to menopause.<\/p><p>Yes, unfortunately, your hair is closely tied to your hormones. <\/p>","text_style":"body","css_class":""}},"a2ac8305-bb72-401b-a0fa-9a8e8d617024":{"type":"text","settings":{"text":"<p>AND IN MENOPAUSE, WHEN YOUR HORMONE LEVELS START TO CHANGE, THAT MEANS YOU MIGHT SEE:<\/p>","text_style":"body","css_class":"gold"}},"525a86f0-f13f-475a-beee-e134531f7294":{"type":"list","settings":{"list_items":"<p>A receding hairline<\/p><p>Clumps of hair falling out<\/p><p>More hair on your clothing than normal<\/p><p>Your hair looking all around thinner on your head, especially at your part<\/p>","list_style_type":"bullets","text_alignment":"left","css_class":""}},"1e2b5d29-fccc-44f0-b05b-4f963bb10d16":{"type":"text","disabled":true,"settings":{"text":"<p>What causes this frustrating situation?<\/p><p>Well, there are a few different reasons you may be losing your hair in menopause:<\/p>","text_style":"body","css_class":""}},"47840dd4-707d-4a29-9eb6-532f9b96f1c2":{"type":"list","disabled":true,"settings":{"list_items":"<p>Falling levels of estrogen and progesterone mean testosterone can rise. When testosterone gets converted to Dihydrotestosterone (DHT) in the body, it can cause your hair to fall out. Hair also becomes drier and duller as estrogen declines.<\/p><p>High cortisol can also contribute to hair loss. For one thing, while your adrenals are pumping out cortisol, they are not pumping out estrogen and progesterone which can support healthy hair growth. Cortisol also increases 5 alpha-reductase, an enzyme that helps convert testosterone to DHT…which again, causes hair loss <\/p><p>Overactive or under-active thyroid. Both conditions can push hair into a falling-out phase.<\/p>","list_style_type":"numbers","text_alignment":"left","css_class":""}}},"block_order":["template--14579283853367__833b4aa7-30e5-4291-bd1e-1d1533c2bebc-text-1","a2ac8305-bb72-401b-a0fa-9a8e8d617024","525a86f0-f13f-475a-beee-e134531f7294","1e2b5d29-fccc-44f0-b05b-4f963bb10d16","47840dd4-707d-4a29-9eb6-532f9b96f1c2"],"settings":{"image":"shopify:\/\/shop_images\/TGFD_WebsiteDesign_MenopausePage-hairloss.jpg","height":"adapt","desktop_image_width":"medium","layout":"text_first","desktop_content_position":"top","desktop_content_alignment":"left","content_layout":"no-overlap","color_scheme":"background-2","mobile_content_alignment":"left","padding_top":0,"padding_bottom":0,"css_class":"dac-allow-media-resize","custom_css":"strong {\ncolor: #9F2B68;\n}\n\nh1 {\ncolor: #321748;\nfont-size: 64px;\n}\n\n.gold {\ncolor: #BE9452;\n}\n\n.page-width { max-width: 1800px;}\n{ background-color: rgb(var(--color-base-background-2)); padding: 20px 0px;}","custom_css_mobile":".image-with-text__grid {\n  padding: 10px;\n}\n\nh1 {\nfont-size: 32px;\n}"}},"c5929b1b-a3b0-4536-81da-ac49e6b40dac":{"type":"rich-text","blocks":{"template--14579283853367__c5929b1b-a3b0-4536-81da-ac49e6b40dac-text-1":{"type":"text","settings":{"text":"<p>Well, there are a few different reasons you may be losing your hair in menopause:<\/p>","text_alignment":"center","text_size":"p","css_class":""}},"d65d0cd3-ab5c-4eb6-8b33-4f6b9368cb99":{"type":"list","settings":{"list_items":"<p>Falling levels of estrogen and progesterone mean testosterone can rise. When testosterone gets converted to Dihydrotestosterone (DHT) in the body, it can cause your hair to fall out. Hair also becomes drier and duller as estrogen declines.<\/p><p>High cortisol can also contribute to hair loss. For one thing, while your adrenals are pumping out cortisol, they are not pumping out estrogen and progesterone which can support healthy hair growth. Cortisol also increases 5 alpha-reductase, an enzyme that helps convert testosterone to DHT…which again, causes hair loss <\/p><p>Overactive or under-active thyroid. Both conditions can push hair into a falling-out phase.<\/p>","text_alignment":"left","text_size":"p","css_class":""}},"template--14579283853367__c5929b1b-a3b0-4536-81da-ac49e6b40dac-button-1":{"type":"button","settings":{"button_label":"LEARN MORE ABOUT MENOPAUSE","button_link":"shopify:\/\/pages\/menopause","button_style_secondary":false,"button_alignment":"center","button_color":"accent-1","css_class":""}}},"block_order":["template--14579283853367__c5929b1b-a3b0-4536-81da-ac49e6b40dac-text-1","d65d0cd3-ab5c-4eb6-8b33-4f6b9368cb99","template--14579283853367__c5929b1b-a3b0-4536-81da-ac49e6b40dac-button-1"],"settings":{"anchor_id":"","color_scheme":"background-2","full_width":true,"padding_top":0,"padding_bottom":72,"css_class":"","custom_css":"a {\ncolor:#000000;\ntext-decoration: underline;\n}\n\n.button {\ncolor:#ffffff;\ntext-decoration: none;\n}","custom_css_mobile":""}},"626918f2-19cb-4bdb-a42c-7ddbea0a7523":{"type":"rich-text","blocks":{"31408c9c-6838-4a56-ae1e-43a4cb54349f":{"type":"heading","settings":{"heading":"What can I do about it?","heading_size":"h0","heading_alignment":"center","heading_color":"accent-1","css_class":"","heading_divider":false}},"template--14572363284535__626918f2-19cb-4bdb-a42c-7ddbea0a7523-text-1":{"type":"text","settings":{"text":"<p>I’ve always had long, thick, shiny hair. Until I reached menopause. I experienced male pattern baldness in a big way and it left me feeling frustrated. But when I went looking for solutions, I couldn’t find clean hair care products that would also support my hormones and get to the root of the problem.<\/p><p>You see, the average shampoo has more than fifteen chemicals in it, many of which are considered endocrine disruptors. That means they disrupt your natural hormone production. <\/p><p>If you look on the back of your shampoo bottle right now, I’ll bet you find names like formaldehyde, sodium lauryl sulfate, ammonium laureth sulfate, and cocamide DEA.<\/p><p>All of these harsh chemicals dry the scalp, damage your hair, and mess with hormone production. These are things you shouldn’t be putting on your scalp and absorbing into your body, and you definitely shouldn’t be using them if your hair is becoming drier or thinner.<\/p>","text_alignment":"center","text_size":"p","css_class":""}}},"block_order":["31408c9c-6838-4a56-ae1e-43a4cb54349f","template--14572363284535__626918f2-19cb-4bdb-a42c-7ddbea0a7523-text-1"],"settings":{"anchor_id":"","color_scheme":"accent-2","full_width":true,"padding_top":72,"padding_bottom":72,"css_class":"","custom_css":"h2{color: #F498C8;\nfont-size:64px;\ntext-transform: capitalize;\n}","custom_css_mobile":"h2 {\nfont-size: 32px;\n}"}},"7c5fdcdc-2543-4f18-8b91-c8d30b33ab3c":{"type":"rich-text","blocks":{"template--14579283853367__7c5fdcdc-2543-4f18-8b91-c8d30b33ab3c-heading-1":{"type":"heading","settings":{"heading":" Which is why I created:","heading_size":"h0","heading_alignment":"center","heading_color":"color-scheme","css_class":"","heading_divider":false}}},"block_order":["template--14579283853367__7c5fdcdc-2543-4f18-8b91-c8d30b33ab3c-heading-1"],"settings":{"anchor_id":"","color_scheme":"background-1","full_width":true,"padding_top":72,"padding_bottom":28,"css_class":"","custom_css":"h2{color: #BE9452;\ntext-transform: uppercase;\nfont-size:64px;\n}","custom_css_mobile":"h2 {\nfont-size: 32px;\n}"}},"226b22f5-bb5f-440a-830f-180e99fa2df0":{"type":"image-with-text","blocks":{"4cdbfef5-c9fd-4485-b49f-e41f656ef878":{"type":"heading","settings":{"heading":"Beauty Locks","heading_size":"h1","heading_color":"accent-1","css_class":""}},"b7652cb5-4d7c-46ab-9d04-128052636264":{"type":"text","settings":{"text":"<p>Beauty Locks is my holy grail formula I created to restore my hair from thin and thirsty to radiant and shiny again.<\/p><p>And thousands of women with thinning hair due to menopause have found the all-natural ingredients in Beauty Locks to revive their dull, dry, and brittle hair, too.<\/p>","text_style":"body","css_class":""}},"9da69cf8-1bba-4848-835c-3e6780bf2c70":{"type":"text","settings":{"text":"<p>Beauty Locks is formulated to restore your luscious locks with the best hair-loving ingredients on the planet:<\/p>","text_style":"body","css_class":"goldagain"}},"5389868e-d5bf-4451-8d51-cfad9ebdfc49":{"type":"list","settings":{"list_items":"<p>Sea Buckthorn Oil<\/p><p>Argan Oil<\/p><p>Elderberry Extract<\/p><p>Meadowfoam Seed Oil<\/p><p>Juniper Fruit Extract<\/p><p>Lavender Oil<\/p>","list_style_type":"bullets","text_alignment":"left","css_class":"gold"}},"211d91a8-8fc3-452e-af94-52deb468440f":{"type":"custom_liquid","disabled":true,"settings":{"custom_liquid":"<img src=\"https:\/\/cdn.shopify.com\/s\/files\/1\/0524\/5661\/files\/Vector_a9c4bfbc-ebbc-4bc6-aa62-089e75ac0040.svg\" width=\"100%;\">","css_class":""}},"26c3fa12-d689-40df-8a23-b3d122f93b62":{"type":"text","settings":{"text":"<p>This blend of rich natural ingredients gives your hair everything it needs to start feeling thicker and fuller with regular use. <\/p><p>And, it smells heavenly.<\/p><p>You can use this product as an overnight hair mask, or let it soak for about 20 minutes and then rinse it out. <\/p>","text_style":"body","css_class":""}},"6bd2519e-c3bf-4e5f-bcea-bcc09b1868c0":{"type":"button","settings":{"button_label":"Shop Beauty Locks Now","button_link":"shopify:\/\/pages\/offers-beauty-locks","button_color":"color-scheme","css_class":""}}},"block_order":["4cdbfef5-c9fd-4485-b49f-e41f656ef878","b7652cb5-4d7c-46ab-9d04-128052636264","9da69cf8-1bba-4848-835c-3e6780bf2c70","5389868e-d5bf-4451-8d51-cfad9ebdfc49","211d91a8-8fc3-452e-af94-52deb468440f","26c3fa12-d689-40df-8a23-b3d122f93b62","6bd2519e-c3bf-4e5f-bcea-bcc09b1868c0"],"custom_css":[],"settings":{"image":"shopify:\/\/shop_images\/BeautyLocks.png","height":"adapt","desktop_image_width":"small","layout":"image_first","desktop_content_position":"middle","desktop_content_alignment":"left","content_layout":"no-overlap","color_scheme":"background-1","mobile_content_alignment":"left","padding_top":0,"padding_bottom":0,"css_class":"dac-allow-media-resize","custom_css":".goldagain{color: #BE9452;\ntext-transform: uppercase;\n}\n.page-width { max-width: 1800px;}\n\n.gold{color: #BE9452;}","custom_css_mobile":".image-with-text__grid {\n  padding: 20px;\n}"}},"79d35df0-4e31-482a-a78f-eb54cb3cc9fa":{"type":"multicolumn","blocks":{"template--14579283853367__79d35df0-4e31-482a-a78f-eb54cb3cc9fa-column-1":{"type":"column","settings":{"title":"#1: Balance your hormones","heading_color":"color-scheme","text":"<p>When your estrogen, testosterone, progesterone, and thyroid hormones become imbalanced, one of the most important things you can do to support these crucial hormones is to eat a Keto-Green™ diet – one that is high in fat (which nourishes hair roots), low in carbs, and moderate in protein (which is essential for healthy hair follicles) – plus it’s full of hair-restoring alkalinizing foods, that are high in nutrients like B6 and zinc (which can help stop testosterone from being converted to DHT). <\/p>","link_label":"","link":"","button_color":"color-scheme","css_class":""}},"template--14579283853367__79d35df0-4e31-482a-a78f-eb54cb3cc9fa-column-2":{"type":"column","settings":{"title":"#2: Stop stress","heading_color":"color-scheme","text":"<p>Stress bumps up your cortisol which means your adrenals are too busy pumping out cortisol to make your sex hormones. You want your adrenals to produce sex hormones to support your entire menopause journey, including your hair loss struggles. To stop stressing so much, try meditating. Incorporate activities you love into your daily routine. Maybe painting or sculpting relaxes you—or being in nature, reading a great book, or just kicking back and watching your favorite TV shows is your thing. Try practicing yoga or other physical activities that you enjoy.<\/p>","link_label":"","link":"","button_color":"color-scheme","css_class":""}},"f0e8d8eb-648d-4c56-bf92-8f8dd9dd12a7":{"type":"column","settings":{"title":"#3: Pump up the omega-3s","heading_color":"color-scheme","text":"<p>A lack of omega-3 fatty acids can also contribute to hair loss. Fish oils are the most common dietary source of omega-3s, but vegetarians can supplement with flaxseed oil to prevent hair from becoming dry and brittle. Eat plenty of fish high in omega-3s too, such as salmon. <\/p>","link_label":"","link":"","button_color":"color-scheme","css_class":""}},"769eb6c9-a129-44df-8530-dbe1054171e6":{"type":"column","settings":{"title":"#4: Support your thyroid","heading_color":"color-scheme","text":"<p>This begins with hair-friendly minerals such as selenium, iodine, and zinc. Eat two Brazil nuts nightly (which provide approximately 200 micrograms of selenium); oysters because they are rich in zinc; and sushi or seaweed for natural iodine. Supplement with omega-3 fatty acids and antioxidants. They boost hair density and reduce the time hair stays in its resting phase,  <\/p><p>A special note on zinc supplementation: Zinc supports your thyroid and so many other processes in your body. Many of us have suboptimal levels. Zinc supplementation at 60mg per day was really important to my hair recovery as it blocks the enzyme 5 alpha-reductase that initiates the conversion of testosterone to DHT.<\/p>","link_label":"","link":"","button_color":"color-scheme","css_class":""}},"883427c8-211c-4709-bf7e-29334a166417":{"type":"column","settings":{"title":"#5: Avoid iron deficiency","heading_color":"color-scheme","text":"<p>A very common condition, (a third of women aged 51-64 are low in iron), this can trigger hair loss, since iron binds to a protein called ferritin that protects against hair loss. Have your doctor check your iron and ferritin levels to see if you need to take an iron supplement (Get your ferritin levels optimal at approximately 50 ng\/ml).<\/p>","link_label":"","link":"","button_color":"color-scheme","css_class":""}},"8ae2961b-657f-4f05-88ca-392c3a587414":{"type":"column","settings":{"title":"#6: Try herbs before HRT","heading_color":"color-scheme","text":"<p>Although hormone replacement therapy (HRT) may help some women with hair loss, it doesn’t work for everyone. Instead, try supplementing with herbs that support hormone balance because they contain plant-based estrogens. These include black cohosh, ashwaganda, and chaste tree extract.<\/p>","link_label":"","link":"","button_color":"color-scheme","css_class":""}},"e2fc8616-8cad-463c-801b-fc0818754a2a":{"type":"column","settings":{"title":"#7: Drink green tea","heading_color":"color-scheme","text":"<p>A cup or two of green tea daily may put hair loss on the slow track. Green tea contains catechins which inhibit an enzyme involved in converting testosterone to its follicle-killing form, DHT. Green tea is loaded with antioxidants that are great for your whole body.<\/p>","link_label":"","link":"","button_color":"color-scheme","css_class":""}}},"block_order":["template--14579283853367__79d35df0-4e31-482a-a78f-eb54cb3cc9fa-column-1","template--14579283853367__79d35df0-4e31-482a-a78f-eb54cb3cc9fa-column-2","f0e8d8eb-648d-4c56-bf92-8f8dd9dd12a7","769eb6c9-a129-44df-8530-dbe1054171e6","883427c8-211c-4709-bf7e-29334a166417","8ae2961b-657f-4f05-88ca-392c3a587414","e2fc8616-8cad-463c-801b-fc0818754a2a"],"settings":{"anchor_id":"","title":"Other things you can do to help with hair loss","text":"","heading_size":"h0","heading_color":"color-scheme","text_size":"p","column_heading_size":"h3","column_text_size":"p","image_width":"full","image_ratio":"adapt","columns_desktop":2,"column_alignment":"center","column_link_type":"button","background_style":"none","button_label":"SHOP BEAUTY LOCKS NOW","button_link":"shopify:\/\/pages\/offers-beauty-locks","button_color":"color-scheme","color_scheme":"background-2","columns_mobile":"1","swipe_on_mobile":false,"padding_top":72,"padding_bottom":72,"css_class":"","custom_css":"h2{color: #321748;\nfont-size: 64px;\ntext-transform: capitalize; padding:0px 100px;}\n\n\n\na {\ncolor:#000000;\ntext-decoration: underline;\n}\n\n.button {\ncolor:#ffffff;\ntext-decoration: none;\n}\n.multicolumn-list {\npadding: 0px 5%;\nmax-width: 1800px;\nmargin-left: auto;\nmargin-right: auto;\n}","custom_css_mobile":"h2 {padding:0px;\nfont-size: 32px;\n}\n\n.multicolumn-list {padding: 0px;}"}},"main":{"type":"main-page","disabled":true,"custom_css":["h1 {text-transform: uppercase; font-size: 1.5em; text-align: center;}",".rte > p:first-of-type {font-size: 2em; line-height: 1.1; text-align: center;}",".rte > p:first-of-type,strong {color: var(--dac-color-awaken);}","@media screen and (min-width: 750px) {.rte > div {columns: 2; column-gap: 3em; text-align: justify; }}","p {break-inside: avoid;}","div p:first-child {margin-top: 0;}"],"settings":{"display_title":true,"color_scheme":"background-1","padding_top":56,"padding_bottom":72,"css_class":"","custom_css":"","custom_css_mobile":""}}},"order":["5128bc9c-603d-4fb2-aa13-2e5c81f08e2f","833b4aa7-30e5-4291-bd1e-1d1533c2bebc","c5929b1b-a3b0-4536-81da-ac49e6b40dac","626918f2-19cb-4bdb-a42c-7ddbea0a7523","7c5fdcdc-2543-4f18-8b91-c8d30b33ab3c","226b22f5-bb5f-440a-830f-180e99fa2df0","79d35df0-4e31-482a-a78f-eb54cb3cc9fa","main"]}