{"sections":{"image_banner_VyVF8K":{"type":"image-banner","blocks":{"text_KR7tDc":{"type":"text","settings":{"text":"Build Your Own","text_style":"body"}},"heading_8BNJ9p":{"type":"heading","settings":{"heading":"{{ product.title }}","heading_size":"h1"}},"custom_liquid_NMiCaG":{"type":"custom_liquid","settings":{"custom_liquid":"<style>#chat-button { bottom: 95px!important; }<\/style>","css_class":""}}},"block_order":["text_KR7tDc","heading_8BNJ9p","custom_liquid_NMiCaG"],"custom_css":["h2,span {color: white;}","div > span {text-transform: uppercase;}",".banner {max-width: 1600px; margin: 0 auto;}"],"settings":{"image":"shopify:\/\/shop_images\/MD24.jpg","mobile_image":"shopify:\/\/shop_images\/MD24-mobile.jpg","link":"","image_overlay_opacity":0,"image_height":"small","adapt_height_first_image":true,"desktop_content_position":"bottom-right","show_text_box":false,"desktop_content_alignment":"right","color_scheme":"background-1","mobile_content_alignment":"center","stack_images_on_mobile":true,"show_text_below":false,"css_class":"","custom_css":"","custom_css_mobile":"div &gt; span { background-color: rgba(0, 0, 0, 0.4); }\nh2 { background-color: rgba(0, 0, 0, 0.4); }"}},"recharge-bundles-widget":{"type":"apps","custom_css":[],"settings":{"include_margins":false,"color_scheme":"background-1","padding_top":36,"padding_bottom":36,"css_class":"page-width","custom_css":"","custom_css_mobile":""}}},"order":["image_banner_VyVF8K","recharge-bundles-widget"]}