{"sections":{"custom_liquid_DQ6QNn":{"type":"custom-liquid","name":"t:sections.custom-liquid.presets.name","settings":{"anchor_id":"","custom_liquid":"<style>div#shopify-section-announcement-bar {\n    display: none!important;\n}\n\n<\/style>","color_scheme":"background-1","padding_top":0,"padding_bottom":0,"css_class":"","custom_css":"","custom_css_mobile":""}},"countdown_timer_CYG44F":{"type":"countdown-timer","name":"DAC Countdown","settings":{"anchor_id":"","title":"Sale Ends In:","end_date_time":"May 18, 2025 03:00:00 GMT-0400","first_countdown":true,"color_scheme":"accent-1","padding_top":4,"padding_bottom":4,"css_class":"","custom_css":"{max-width: 1920px; \nmargin-inline: auto;}\n.countdown-timer p, .countdown-timer \n span { font-size: calc(var(--font-heading-scale) * 1rem);}\n\n.countdown-timer .announcement-bar__message.h5 {\nfont-size: calc(var(--font-heading-scale) * 1.25rem);\n}","custom_css_mobile":".countdown-timer p, .countdown-timer  span { font-size: calc(var(--font-heading-scale) * 1.5rem);\n}\n\n.countdown-timer .announcement-bar__message.h5 {\nfont-size: calc(var(--font-heading-scale) * 1.5rem);\n}"}},"image_banner_VyVF8K":{"type":"image-banner","blocks":{"custom_liquid_Lxq4FN":{"type":"custom_liquid","disabled":true,"settings":{"custom_liquid":"","css_class":""}},"text_KR7tDc":{"type":"text","disabled":true,"settings":{"text":"Build your bundle and save up to 25%","text_style":"body"}},"heading_8BNJ9p":{"type":"heading","disabled":true,"settings":{"heading":"This Mother's Day, Reclaim the Woman You've Always Been","heading_size":"h1"}},"custom_liquid_NMiCaG":{"type":"custom_liquid","settings":{"custom_liquid":"<style>#chat-button { bottom: 95px!important; }<\/style>","css_class":""}}},"block_order":["custom_liquid_Lxq4FN","text_KR7tDc","heading_8BNJ9p","custom_liquid_NMiCaG"],"custom_css":["h2,span {color: white;}","div > span {text-transform: uppercase;}",".banner {max-width: 1920px; margin: 0 auto;}"," \/* fix for tablet sizes *\/@media (min-width: 768px) and (max-width: 960px) {.banner__media.media.small-hide img {height: auto; object-fit: contain; } .banner {margin-bottom: -49px; }}"],"settings":{"image":"shopify:\/\/shop_images\/BalanceFlashSale-SalesPage--08.jpg","mobile_image":"shopify:\/\/shop_images\/BalanceFlashSale-SalesPage-06.jpg","link":"#recharge-bundles","image_overlay_opacity":0,"image_height":"small","adapt_height_first_image":true,"desktop_content_position":"bottom-right","show_text_box":false,"desktop_content_alignment":"right","color_scheme":"background-1","mobile_content_alignment":"center","stack_images_on_mobile":true,"show_text_below":false,"css_class":"","custom_css":"","custom_css_mobile":"div &gt; span { background-color: rgba(0, 0, 0, 0.4); }\nh2 { background-color: rgba(0, 0, 0, 0.4); }"}},"image_with_text_nMeak7":{"type":"image-with-text","blocks":{"heading_jQiain":{"type":"heading","settings":{"heading":"While You've Been Pouring From Your Cup for Everyone Else, It's Time to Refill Your Own","heading_size":"h2","heading_color":"color-scheme","css_class":""}},"text_Nd3WNn":{"type":"text","settings":{"text":"<p><strong>Your Journey to Confidence and Connection Begins With Caring for Yourself First<\/strong><\/p><p>Twenty years ago, I stood where many of you stand today. After losing my son in a tragic accident, my body collapsed alongside my heart. At 39, I was diagnosed with early menopause, <strong>struggling with<\/strong> <strong>brain fog<\/strong>, <strong>weight gain<\/strong>, and a <strong>deep disconnection<\/strong> from the vibrant woman I once was.<\/p><p>The products in this Mother's Day collection aren't just formulations—they're the result of my own journey back to wholeness. Today, I invite you to <strong>join thousands of women who've decided that motherhood doesn't mean martyrdom<\/strong>, and that caring for yourself is the foundation of caring for those you love.<\/p><p><em>&lt;span style=\"display: block;margin-top: 30px;\"&gt;- Dr. Anna, DO, FACOG&lt;\/span&gt;<\/em><\/p><p><em>&lt;span style=\"display: block;margin-top: -10px;\"&gt;Triple-Board Certified OB-GYN & Women's Health Expert&lt;\/span&gt;<\/em><br\/><br\/><\/p>","text_style":"body","css_class":""}}},"block_order":["heading_jQiain","text_Nd3WNn"],"disabled":true,"custom_css":[],"name":"t:sections.image-with-text.presets.name","settings":{"anchor_id":"hero_content","image":"shopify:\/\/shop_images\/TGFD_MightyMacaMango-LandingPage.jpg","height":"adapt","desktop_image_width":"medium","layout":"image_first","desktop_content_position":"top","desktop_content_alignment":"left","content_layout":"no-overlap","color_scheme":"background-2","width":"full-width","internal_padding":"true","mobile_layout":"text_top","mobile_content_alignment":"left","padding_top":0,"padding_bottom":0,"css_class":"small-hide medium-hide","custom_css":"","custom_css_mobile":"p {\nfont-size: calc(1.6rem + 2px);\n}"}},"rich_text_49X6kK":{"type":"rich-text","blocks":{"custom_liquid_3rDRcr":{"type":"custom_liquid","settings":{"custom_liquid":"<div class=\"bundle-rules-box\">\n  <h3 class=\"h1\">BUILD YOUR BUNDLE & SAVE<\/h3>\n  <ul>\n    <li>Select 1 product → Save 10%<\/li>\n    <li>Select 2 products → Save 15%<\/li>\n    <li>Select 3+ products → Save 25% <span class=\"bundle-best-value\">Best Value!<\/span><\/li>\n  <\/ul>\n  <p>FREE U.S. SHIPPING on all bundles $75+<\/p>\n  <p><em>Discount automatically applied at checkout<\/em><\/p>\n<\/div>","css_class":""}},"heading_DLrhrL":{"type":"heading","disabled":true,"settings":{"heading":"BUILD YOUR BUNDLE & SAVE","heading_size":"h1","heading_alignment":"center","heading_color":"color-scheme","css_class":"","heading_divider":false}},"text_MT7WDR":{"type":"text","disabled":true,"settings":{"text":"<ul><li>Select 1 product → Save 10%<\/li><li>Select 2 products → Save 15%<\/li><li>Select 3+ products → Save 25%<\/li><\/ul>","text_alignment":"center","text_size":"p","css_class":""}}},"block_order":["custom_liquid_3rDRcr","heading_DLrhrL","text_MT7WDR"],"disabled":true,"custom_css":[],"name":"t:sections.rich-text.presets.name","settings":{"anchor_id":"bundle-rules","color_scheme":"accent-2","full_width":true,"padding_top":40,"padding_bottom":52,"css_class":"","custom_css":".bundle-rules-box {\ntext-align: center;\n}\n\n.bundle-rules-box ul{\nmax-width: 500px;\ntext-align: left;\ndisplay: inline-block;\nmargin-left: -40px;\n\n}\n\n.bundle-rules-box h3.h1{\nbackground-color: rgb(190,148,92);\nmax-width: fit-content;\nmargin-inline: auto;\nfont-weight: 500;\n}\n\n.bundle-best-value{\nbackground-color: rgb(159 43 104);\nborder-radius: 5px;\npadding: 0px 10px;\nmargin-left: 10px;\nposition: absolute;\ndisplay: inline-block;\n}","custom_css_mobile":".bundle-rules-box ul li:nth-child(3){\nmargin-top: 90px;\nposition: relative;\n}\n\n.bundle-rules-box ul li:nth-child(2){\nposition: relative;\n}\n.bundle-best-value {\nbottom: 50px;\nright:calc(100% - 50vw);\n}"}},"custom_liquid_J8rjEt":{"type":"custom-liquid","disabled":true,"name":"t:sections.custom-liquid.presets.name","settings":{"anchor_id":"","custom_liquid":"<!-- HTML for the bundle select box -->\n<div class=\"bundle-selector-container\">\n  <label for=\"bundle-selector\">Select a bundle:<\/label>\n  <select id=\"bundle-selector\" class=\"bundle-select\">\n    <option value=\"\">-- Select a Bundle --<\/option>\n    <option value=\"Hormone Balance Bundle\">Hormone Balance Bundle<\/option>\n    <option value=\"Sleep & Energy Bundle\">Sleep & Energy Bundle<\/option>\n    <option value=\"Complete Renewal Bundle\">Complete Renewal Bundle<\/option>\n  <\/select>\n<\/div>\n\n<script>\n  function sleep(ms) {\n    return new Promise((resolve) => setTimeout(resolve, ms));\n  }\n  \/\/wait for page load\n  document.addEventListener(\"DOMContentLoaded\", function () {\n    const bundles = {\n      \"Hormone Balance Bundle\": [\n        \"Mighty Maca® Plus 60-Servings Original\",\n        \"Julva® 60-Day\",\n        \"Balance\",\n      ],\n      \"Sleep & Energy Bundle\": [\n        \"Mighty Maca® Plus 60-Servings Original\",\n        \"Nite-Zzz Caps\",\n        \"Balance\",\n      ],\n      \"Complete Renewal Bundle\": [\n        \"Mighty Maca® Plus 60-Servings Original\",\n        \"Keto-Green® Shake 40 Servings\",\n        \"Julva® 60-Day\",\n        \"Beauty Locks\",\n      ],\n    };\n\n    \/\/grab select box\n    const selectBox = document.querySelector(\".bundle-select\");\n\n    \/\/listen for item to be selected\n    selectBox.addEventListener(\"change\", async () => {\n      \/\/loop through all active products and reset to 0\n      const activeProducts = document.querySelectorAll(\n        \"#build-a-box button.rb-btn-qty-minus:not(.tdisabled)\"\n      );\n\n      if (activeProducts.length) {\n        for (const minusButton of activeProducts) {\n          minusButton.click();\n\n          \/\/delay to fix issue with items not being reset properly\n          await sleep(0);\n        }\n      }\n\n      \/\/select relevent products in bundle\n      const selectedValue = selectBox.value;\n      const products = bundles[selectedValue];\n\n      if (products && products.length) {\n        for (const product of products) {\n          document\n            .querySelector(`[aria-label=\"${product}\"] button.rb-btn-qty-plus`)\n            .click();\n        }\n      }\n    });\n  });\n<\/script>","color_scheme":"background-1","padding_top":40,"padding_bottom":52,"css_class":"","custom_css":"","custom_css_mobile":""}},"recharge-bundles-widget":{"type":"apps","custom_css":["div[data-rb-item-id=\"39675361689655\"],div[data-rb-item-id=\"41607456227383\"] {display: none;}"],"settings":{"include_margins":false,"color_scheme":"background-1","padding_top":36,"padding_bottom":36,"css_class":"page-width","custom_css":".rb-sticky-form {\n    display: none;\n  }\n\n.rb-items-wrapper{\njustify-content:center;\n}\n\n.tf5 { font-size: inherit; padding-top: 15px;}\n\n\/* change add to cart text *\/\nspan.tlh-title.tlh-title--font-weight.mb0.rb-notice.rb-portal-heading.tf5.tf3-l{\ncolor: transparent;\nposition: relative;\npadding-top: 0;\n}\n\nspan.tlh-title.tlh-title--font-weight.mb0.rb-notice.rb-portal-heading.tf5.tf3-l::before {\n    content: 'Claim Your Flash Sale Discount';\nposition: absolute;\ncolor:#331848;\n}\n\n.status-bar-sign-up.rb-container.rb-sticky-container.tz-3.tw-100.tfixed-s.tsticky.tbottom-0.tbottom-2-l.tleft-0.tleft-auto &gt; div &gt; div:nth-child(1) {\n    width: 300px;\n}\n\n.rb-incentives-status__container.tw-100.tmb4 &gt; div &gt; div:nth-child(3) &gt; span:nth-child(1),\nspan.incentive-tier__quantity.tmr1:nth-child(3) {\n    color: transparent;\n}\n\n.rb-incentives-status__container.tw-100.tmb4 &gt; div &gt; div:nth-child(3) &gt; span:nth-child(1):after {\n    content: \"Add 3+\";\n    position: absolute;\n    color: #321748;\n}","custom_css_mobile":".tf1 {    \nfont-size: calc(16px * 2);\ntext-align: center;\n}\n.tf5 {\nfont-size: calc(1.6rem + 2px);\n}\n\nspan.tlh-title.tlh-title--font-weight.mb0.rb-notice.rb-portal-heading.tf5.tf3-l::before {\n \nfont-size: 1.5rem;\nfont-weight: 500;\n}\n\np.rb-bundle-description.tf5.tmb0.tmt2 {\n    text-align: center;\n}\n\n.tflex.tflex-column-ns.tflex-row.titems-center.titems-stretch-ns.rb-item.tmb4 {\n    flex-direction: column;\n}\n\n.tflex.tflex-column-ns.tflex-row.titems-center.titems-stretch-ns.rb-item.tmb4 .tw-40 {\n    width:100%;\n}\n\n.rb-incentives-status__container.tw-100.tmb4 &gt; div:nth-child(3) .tflex.titems-end:nth-child(3) .tflex.titems-center:nth-child(1) &gt; span:nth-child(1) .incentive-tier__quantity {\n    color: transparent;\nposition: relative;\nmin-width: 75px;\n}\n\n.rb-incentives-status__container.tw-100.tmb4 &gt; div:nth-child(3) .tflex.titems-end:nth-child(3) .tflex.titems-center:nth-child(1) &gt; span:nth-child(1) .incentive-tier__quantity:after {\n    content: \"Add 3+,\";\n    position: absolute;\nleft:0;\n    color: #321748;\n}"}},"rich_text_axztWB":{"type":"rich-text","blocks":{"text_PVWWdM":{"type":"text","settings":{"text":"<p>FEATURED IN<\/p>","text_alignment":"center","text_size":"p","css_class":""}}},"block_order":["text_PVWWdM"],"name":"t:sections.rich-text.presets.name","settings":{"anchor_id":"","color_scheme":"background-1","full_width":true,"padding_top":40,"padding_bottom":0,"css_class":"","custom_css":"","custom_css_mobile":""}},"media_logos_Jg7ELV":{"type":"media-logos","name":"Media Logos","settings":{"color_scheme":"background-1","display_borders":false,"display_text":false,"svg_color":"foreground","padding_top":0,"padding_bottom":0,"css_class":"","custom_css":"","custom_css_mobile":""}},"image_with_text_3JVNYz":{"type":"image-with-text","blocks":{"heading_gTWatC":{"type":"heading","settings":{"heading":"While You've Been Pouring From Your Cup for Everyone Else, It's Time to Refill Your Own","heading_size":"h2","heading_color":"color-scheme","css_class":""}},"text_itMYcq":{"type":"text","settings":{"text":"<p><strong>Your Journey to Confidence and Connection Begins With Caring for Yourself First<\/strong><\/p><p>Twenty years ago, I stood where many of you stand today. After losing my son in a tragic accident, my body collapsed alongside my heart. At 39, I was diagnosed with early menopause, <strong>struggling with<\/strong> <strong>brain fog<\/strong>, <strong>weight gain<\/strong>, and a <strong>deep disconnection<\/strong> from the vibrant woman I once was.<\/p><p>The products in this Mother's Day collection aren't just formulations—they're the result of my own journey back to wholeness. Today, I invite you to <strong>join thousands of women who've decided that motherhood doesn't mean martyrdom<\/strong>, and that caring for yourself is the foundation of caring for those you love.<\/p><p><em>&lt;span style=\"display: block;margin-top: 30px;\"&gt;- Dr. Anna, DO, FACOG&lt;\/span&gt;<\/em><\/p><p><em>&lt;span style=\"display: block;margin-top: -10px;\"&gt;Triple-Board Certified OB-GYN & Women's Health Expert&lt;\/span&gt;<\/em><br\/><br\/><\/p>","text_style":"body","css_class":""}},"button_WggKBB":{"type":"button","settings":{"button_label":"Build Your Bundle","button_link":"#recharge-bundles","button_color":"color-scheme","css_class":""}}},"block_order":["heading_gTWatC","text_itMYcq","button_WggKBB"],"disabled":true,"name":"t:sections.image-with-text.presets.name","settings":{"anchor_id":"","image":"shopify:\/\/shop_images\/Dallas_Photographer-_AJK_Images-_Dallas_Photography_Studio-_Andrew_Knowles-_Dr_Anna_Cabeca_The_Girlfriend_Doctor_Dallas_Texas_Portraits-_copy.jpg","height":"adapt","desktop_image_width":"medium","layout":"image_first","desktop_content_position":"top","desktop_content_alignment":"left","content_layout":"no-overlap","color_scheme":"background-2","width":"full-width","internal_padding":"true","mobile_layout":"text_top","mobile_content_alignment":"left","padding_top":0,"padding_bottom":0,"css_class":"large-up-hide","custom_css":"","custom_css_mobile":"p {\nfont-size: calc(1.6rem + 2px);\n}\n\na.button.small-center.button--primary {\n    font-size: 1.6rem;\n    padding: 0 2rem;\n    margin-top: -20px;\n    margin-bottom: 20px;\n}"}},"17460291175b532613":{"type":"apps","blocks":{"heading_LTepgX":{"type":"heading","settings":{"heading":"Join 1000's of Happy Customers!","heading_size":"h1","heading_color":"color-scheme"}}},"block_order":["heading_LTepgX"],"settings":{"include_margins":true,"color_scheme":"background-1","padding_top":36,"padding_bottom":36,"css_class":"","custom_css":".okeReviews.okeReviews--theme {\nfont-size: calc(var(--font-heading-scale) * 1.6rem);\nwidth: 100%;\ntext-align: center;\n}","custom_css_mobile":""}},"image_with_text_3iLMzF":{"type":"image-with-text","blocks":{"text_WAiWGN":{"type":"text","settings":{"text":"<p>“I am a lot calmer, sleeping better, not so irritable! Also definitely helping with my anxiety. Absolutely love love this product and will keep using for a lifetime.”<\/p><p>— <em> Emma P<\/em><\/p>","text_style":"body","css_class":""}},"text_NWcLqh":{"type":"text","settings":{"text":"<p>Pair text with an image to focus on your chosen product, collection, or blog post. Add details on availability, style, or even provide a review.<\/p>","text_style":"body","css_class":""}},"text_W4iqfJ":{"type":"text","settings":{"text":"<p>Pair text with an image to focus on your chosen product, collection, or blog post. Add details on availability, style, or even provide a review.<\/p>","text_style":"body","css_class":""}}},"block_order":["text_WAiWGN","text_NWcLqh","text_W4iqfJ"],"disabled":true,"name":"t:sections.image-with-text.presets.name","settings":{"anchor_id":"","image":"shopify:\/\/shop_images\/MothersDay_LandingPage_compressed.jpg","height":"adapt","desktop_image_width":"medium","layout":"image_first","desktop_content_position":"top","desktop_content_alignment":"left","content_layout":"no-overlap","color_scheme":"accent-1","width":"full-width","internal_padding":"true","mobile_layout":"image_top","mobile_content_alignment":"left","padding_top":36,"padding_bottom":36,"css_class":"","custom_css":"","custom_css_mobile":"p {\nfont-size: calc(1.6rem + 2px);\n}"}},"1745593658a3d2355c":{"type":"apps","disabled":true,"settings":{"include_margins":true,"color_scheme":"background-1","padding_top":36,"padding_bottom":36,"css_class":"","custom_css":"","custom_css_mobile":""}},"image_with_text_W9cWEe":{"type":"image-with-text","blocks":{"heading_4rE33A":{"type":"heading","disabled":true,"settings":{"heading":"Join 1000's of Happy Customers!","heading_size":"h1","heading_color":"accent-3","css_class":""}},"text_zCzRrW":{"type":"text","settings":{"text":"<p>“I am a lot calmer, sleeping better, not so irritable! Also definitely helping with my anxiety. Absolutely love love this product and will keep using for a lifetime.”<\/p><p><em>— Janet C., Verified Customer<\/em><\/p><p><\/p>","text_style":"body","css_class":""}},"text_WK84cm":{"type":"text","settings":{"text":"<p>“Game changer! Since starting this cream, I feel more like my younger self. My fun-loving personality is back and I’m sleeping through the night.”<\/p><p>— <em> Beth B, <\/em>Verified Customer<\/p>","text_style":"body","css_class":""}},"text_gRfWfy":{"type":"text","settings":{"text":"<p>“I'm in my 2nd moth of using Balance and have been sleeping better at night and having less hot flashes. I'm in menopause and glad to find some relief.”<\/p><p><em>— Joy C., Verified Customer<\/em><\/p>","text_style":"body","css_class":""}}},"block_order":["heading_4rE33A","text_zCzRrW","text_WK84cm","text_gRfWfy"],"name":"t:sections.image-with-text.presets.name","settings":{"anchor_id":"","image":"shopify:\/\/shop_images\/MothersDay_LandingPage_compressed.jpg","height":"adapt","desktop_image_width":"medium","layout":"image_first","desktop_content_position":"middle","desktop_content_alignment":"left","content_layout":"no-overlap","color_scheme":"accent-1","width":"full-width","internal_padding":"true","mobile_layout":"text_top","mobile_content_alignment":"left","padding_top":0,"padding_bottom":28,"css_class":"","custom_css":"","custom_css_mobile":"p {\nfont-size: calc(1.6rem + 2px);\n}"}},"rich_text_ta3CPN":{"type":"rich-text","blocks":{"text_iLykka":{"type":"text","settings":{"text":"<p>*This product has not been evaluated by the FDA and is not intended to diagnose, treat, cure, or prevent any disease. These statements have not been evaluated by the Food and Drug Administration.<\/p>","text_alignment":"center","text_size":"p","css_class":""}}},"block_order":["text_iLykka"],"name":"t:sections.rich-text.presets.name","settings":{"anchor_id":"","color_scheme":"background-1","full_width":true,"padding_top":40,"padding_bottom":40,"css_class":"","custom_css":"","custom_css_mobile":""}},"image_with_text_UXB37y":{"type":"image-with-text","blocks":{"heading_6qL4My":{"type":"heading","disabled":true,"settings":{"heading":"Image with text","heading_size":"h1","heading_color":"color-scheme","css_class":""}},"text_4kxpGW":{"type":"text","settings":{"text":"<p>Balance was created from my heart and my journey as a doctor and a woman navigating hormonal changes. I’ve seen how overwhelming it can feel when your body is out of sync, and I wanted to offer a solution that truly supports women. Balance is for anyone looking to feel steady, vibrant, and in harmony with their body—whether you’re managing menopause, hormonal shifts, or simply seeking daily wellness. It’s more than a cream; it’s a step toward reclaiming your vitality.<\/p><p><br\/><\/p><p>With love, &lt;br \/&gt;<em>Dr. Anna, DO, FACOG<\/em><\/p><p><em>Your Girlfriend Doctor<\/em><\/p>","text_style":"subtitle","css_class":""}}},"block_order":["heading_6qL4My","text_4kxpGW"],"custom_css":["@media screen and (min-width: 750px) {#dr_anna_msg .image-with-text__content--desktop-left > * {font-size: 2rem; line-height: 1.5; }}"],"name":"t:sections.image-with-text.presets.name","settings":{"anchor_id":"dr_anna_msg","image":"shopify:\/\/shop_images\/Dallas_Photographer-_AJK_Images-_Dallas_Photography_Studio-_Andrew_Knowles-_Dr_Anna_Cabeca_The_Girlfriend_Doctor_Dallas_Texas_Portraits-_copy.jpg","height":"adapt","desktop_image_width":"medium","layout":"image_first","desktop_content_position":"middle","desktop_content_alignment":"left","content_layout":"no-overlap","color_scheme":"background-2","width":"full-width","internal_padding":"true","mobile_layout":"image_top","mobile_content_alignment":"left","padding_top":36,"padding_bottom":0,"css_class":"","custom_css":"","custom_css_mobile":""}}},"order":["custom_liquid_DQ6QNn","countdown_timer_CYG44F","image_banner_VyVF8K","image_with_text_nMeak7","rich_text_49X6kK","custom_liquid_J8rjEt","recharge-bundles-widget","rich_text_axztWB","media_logos_Jg7ELV","image_with_text_3JVNYz","17460291175b532613","image_with_text_3iLMzF","1745593658a3d2355c","image_with_text_W9cWEe","rich_text_ta3CPN","image_with_text_UXB37y"]}