{"sections":{"main":{"type":"main-product","blocks":{"image_kXFz8a":{"type":"image","disabled":true,"settings":{"image":"shopify:\/\/shop_images\/TGFD_BlackFriday_SiteImage.jpg","max_width":0,"css_class":""}},"title":{"type":"title","settings":{}},"caption":{"type":"text","settings":{"text":"{{ product.metafields.descriptors.subtitle.value }}","text_style":"subtitle"}},"price_ExJKj4":{"type":"price","settings":{}},"403598a3-9476-46df-b906-790801f0baf4":{"type":"custom_liquid","disabled":true,"settings":{"custom_liquid":"{% assign these_collections = product.collections | map: \"handle\" %}\n{%- if these_collections contains 'black-friday' -%}\n<div class=\"promo-bf color-background-1 image isolate collapse-corners\"><div class=\"page-width section-template--14554231472183__e502af18-eba2-4975-9f75-cb2614f4dbbb-padding\">\n\n  <style data-shopify=\"\">\n  \n    #Image-template--14554231472183__e502af18-eba2-4975-9f75-cb2614f4dbbb img { \n      max-width: 100%;\n      height: auto;\n    }\n  \n  <\/style>\n  \n  <div id=\"Image-template--14554231472183__e502af18-eba2-4975-9f75-cb2614f4dbbb\" class=\"image__grid grid grid--gapless grid--1-col\">\n    <div class=\"image__media-item grid__item\">\n      <div class=\"image__media gradient global-media-settings \">\n        <a href=\"\/pages\/offers-black-friday\" class=\"link link--text focus-inset\"><img srcset=\"\/\/drannacabeca.com\/cdn\/shop\/files\/Black_Friday.png?v=1700249695&amp;width=165 165w,\/\/drannacabeca.com\/cdn\/shop\/files\/Black_Friday.png?v=1700249695&amp;width=360 360w,\/\/drannacabeca.com\/cdn\/shop\/files\/Black_Friday.png?v=1700249695&amp;width=535 535w,\/\/drannacabeca.com\/cdn\/shop\/files\/Black_Friday.png?v=1700249695 660w\" src=\"\/\/drannacabeca.com\/cdn\/shop\/files\/Black_Friday.png?v=1700249695&amp;width=1500\" sizes=\"calc(100vw - 50px)\" alt=\"Black Friday Sale: Save 20% Now\" loading=\"lazy\" width=\"660\" height=\"208\"><\/a>\n        <em class=\"center caption\">Must purchase from the Black Friday page<\/em><\/div>\n    <\/div>\n  <\/div>\n  <\/div>\n  <\/div>\n  {%- endif -%}\n  {%- style -%}\n    .promo-bf .page-width { padding: 0;}\n    .promo-bf { margin: 2em 0; }\n    .promo-bf em { display: block; }\n  {%- endstyle -%}"}},"variant_picker":{"type":"variant_picker","settings":{"picker_type":"button"}},"c64b7118-64c7-4d43-9207-09e6f87a4145":{"type":"quantity_selector","disabled":true,"settings":{}},"subscription_picker_GTdTd8":{"type":"subscription_picker","settings":{}},"buy_buttons":{"type":"buy_buttons","settings":{"show_dynamic_checkout":false}},"truemed_widget_pDQagW":{"type":"truemed_widget","settings":{}},"baf26042-a269-4530-8d29-0c78343be271":{"type":"payment_types","disabled":true,"settings":{}},"ac394882-61c0-4a06-9119-fd0e6d36807c":{"type":"sold_out_form","settings":{}},"8a6e6549-fad1-4186-9a14-bb0583584e1f":{"type":"conditional_collapsible","disabled":true,"settings":{"tag":"COUNTRY_RESTRICTED_DHEA","heading":"Important Note For International Customers","icon":"none","content":"<p>Unfortunately, this product can only be shipped to US customers. Please contact us at team@drannacabeca.com for more information.<\/p>"}},"829d8de4-e392-4fc7-8194-80677aabfe24":{"type":"notices_tax_shipping","disabled":true,"settings":{}},"d6e3e13d-398a-44fc-939a-10fb812ed54d":{"type":"description","settings":{}},"7085afe5-880b-48d6-a331-3f8c60fcc6df":{"type":"cross_sell","settings":{}}},"block_order":["image_kXFz8a","title","caption","price_ExJKj4","403598a3-9476-46df-b906-790801f0baf4","variant_picker","c64b7118-64c7-4d43-9207-09e6f87a4145","subscription_picker_GTdTd8","buy_buttons","truemed_widget_pDQagW","baf26042-a269-4530-8d29-0c78343be271","ac394882-61c0-4a06-9119-fd0e6d36807c","8a6e6549-fad1-4186-9a14-bb0583584e1f","829d8de4-e392-4fc7-8194-80677aabfe24","d6e3e13d-398a-44fc-939a-10fb812ed54d","7085afe5-880b-48d6-a331-3f8c60fcc6df"],"custom_css":["product__description {margin-top: 0em;}","#shopify-block-recharge_subscriptions_subscription_widget_hrF33K {display: none;}",".cta {padding: 1em 1em 0.25em;}",".truemed-instructions-open {color: var(--dac-color-embrace);}","@media (max-width: 749px) {.image__grid {margin-top: 1em !important; } .image__grid {margin-bottom: 1em; }}"],"settings":{"enable_sticky_info":true,"gallery_layout":"thumbnail_slider","media_size":"small","mobile_thumbnails":"show","hide_variants":true,"enable_video_looping":false,"padding_top":28,"padding_bottom":12}},"product-recommendations":{"type":"product-recommendations","custom_css":["h2.product-recommendations__heading.h1 {border-top: none; color: #321748;}"],"settings":{"heading":"You May Also Love","heading_size":"h1","products_to_show":4,"columns_desktop":4,"color_scheme":"background-1","image_ratio":"square","show_secondary_image":false,"show_vendor":false,"show_rating":true,"columns_mobile":"1","padding_top":36,"padding_bottom":28}},"16499846244b86928f":{"type":"okendo-reviews-section","settings":{"heading":"Reviews","link":"","color_scheme":"background-1","padding_top":36,"padding_bottom":36,"css_class":"","custom_css":"","custom_css_mobile":""}}},"order":["main","product-recommendations","16499846244b86928f"]}